# C01 - millimetres - NON EXECUTIVE SURFACE / RESERVATION MODEL
# Not watertight manufacturing solids; not cutting/bending profiles.
mtllib assieme_C01.mtl
g shell
usemtl shell
v 826.243687 -167.500000 -81.500000
v 826.243687 -167.500000 0.000000
v -36.243687 -167.500000 0.000000
v -36.243687 -167.500000 -81.500000
f 1 2 3
f 1 3 4
g base
usemtl base
v -36.243687 -167.500000 -203.000000
v 826.243687 -167.500000 -203.000000
v 826.243687 -167.500000 -81.500000
v -36.243687 -167.500000 -81.500000
f 5 6 7
f 5 7 8
g shell
usemtl shell
v 826.243687 -167.500000 160.000000
v 826.243687 -167.500000 297.372391
v 670.305157 -167.500000 330.518149
v 119.694843 -167.500000 330.518149
v -36.243687 -167.500000 297.372391
v -36.243687 -167.500000 160.000000
f 9 10 11
f 9 11 12
f 9 12 13
f 9 13 14
g shell
usemtl shell
v 35.000000 -167.500000 160.000000
v -36.243687 -167.500000 160.000000
v -36.243687 -167.500000 0.000000
v 35.000000 -167.500000 0.000000
f 15 16 17
f 15 17 18
g shell
usemtl shell
v 826.243687 -167.500000 0.000000
v 826.243687 -167.500000 160.000000
v 755.000000 -167.500000 160.000000
v 755.000000 -167.500000 0.000000
f 19 20 21
f 19 21 22
g shell
usemtl shell
v 877.500000 432.831860 -81.500000
v 877.500000 432.831860 286.477525
v 877.500000 -116.243687 286.477525
v 877.500000 -116.243687 -81.500000
f 23 24 25
f 23 25 26
g base
usemtl base
v 877.500000 -116.243687 -203.000000
v 877.500000 432.831860 -203.000000
v 877.500000 432.831860 -81.500000
v 877.500000 -116.243687 -81.500000
f 27 28 29
f 27 29 30
g shell
usemtl shell
v 701.285841 747.500000 -81.500000
v 701.285841 747.500000 323.933001
v 877.500000 432.831860 286.477525
v 877.500000 432.831860 -81.500000
f 31 32 33
f 31 33 34
g base
usemtl base
v 877.500000 432.831860 -203.000000
v 701.285841 747.500000 -203.000000
v 701.285841 747.500000 -81.500000
v 877.500000 432.831860 -81.500000
f 35 36 37
f 35 37 38
g shell
usemtl shell
v 88.714159 747.500000 -81.500000
v 88.714159 747.500000 323.933001
v 119.694843 747.500000 330.518149
v 670.305157 747.500000 330.518149
v 701.285841 747.500000 323.933001
v 701.285841 747.500000 -81.500000
f 39 40 41
f 39 41 42
f 39 42 43
f 39 43 44
g base
usemtl base
v 701.285841 747.500000 -203.000000
v 88.714159 747.500000 -203.000000
v 88.714159 747.500000 -81.500000
v 701.285841 747.500000 -81.500000
f 45 46 47
f 45 47 48
g shell
usemtl shell
v -87.500000 432.831860 -81.500000
v -87.500000 432.831860 286.477525
v 88.714159 747.500000 323.933001
v 88.714159 747.500000 -81.500000
f 49 50 51
f 49 51 52
g base
usemtl base
v 88.714159 747.500000 -203.000000
v -87.500000 432.831860 -203.000000
v -87.500000 432.831860 -81.500000
v 88.714159 747.500000 -81.500000
f 53 54 55
f 53 55 56
g shell
usemtl shell
v -87.500000 -116.243687 -81.500000
v -87.500000 -116.243687 286.477525
v -87.500000 432.831860 286.477525
v -87.500000 432.831860 -81.500000
f 57 58 59
f 57 59 60
g base
usemtl base
v -87.500000 432.831860 -203.000000
v -87.500000 -116.243687 -203.000000
v -87.500000 -116.243687 -81.500000
v -87.500000 432.831860 -81.500000
f 61 62 63
f 61 63 64
g shell
usemtl shell
v -36.243687 -167.500000 -81.500000
v -36.243687 -167.500000 297.372391
v -87.500000 -116.243687 286.477525
v -87.500000 -116.243687 -81.500000
f 65 66 67
f 65 67 68
g base
usemtl base
v -87.500000 -116.243687 -203.000000
v -36.243687 -167.500000 -203.000000
v -36.243687 -167.500000 -81.500000
v -87.500000 -116.243687 -81.500000
f 69 70 71
f 69 71 72
g shell
usemtl shell
v 877.500000 -116.243687 -81.500000
v 877.500000 -116.243687 286.477525
v 826.243687 -167.500000 297.372391
v 826.243687 -167.500000 -81.500000
f 73 74 75
f 73 75 76
g base
usemtl base
v 826.243687 -167.500000 -203.000000
v 877.500000 -116.243687 -203.000000
v 877.500000 -116.243687 -81.500000
v 826.243687 -167.500000 -81.500000
f 77 78 79
f 77 79 80
g shell
usemtl shell
v 88.714159 747.500000 323.933001
v -87.500000 432.831860 286.477525
v -87.500000 -116.243687 286.477525
v -36.243687 -167.500000 297.372391
v 119.694843 -167.500000 330.518149
v 395.000000 -66.143994 389.036066
v 395.000000 646.143994 389.036066
v 119.694843 747.500000 330.518149
f 81 82 83
f 81 83 84
f 81 84 85
f 81 85 86
f 81 86 87
f 81 87 88
g shell
usemtl shell
v 670.305157 747.500000 330.518149
v 395.000000 646.143994 389.036066
v 395.000000 -66.143994 389.036066
v 670.305157 -167.500000 330.518149
v 826.243687 -167.500000 297.372391
v 877.500000 -116.243687 286.477525
v 877.500000 432.831860 286.477525
v 701.285841 747.500000 323.933001
f 89 90 91
f 89 91 92
f 89 92 93
f 89 93 94
f 89 94 95
f 89 95 96
g shell
usemtl shell
v 119.694843 -167.500000 330.518149
v 670.305157 -167.500000 330.518149
v 395.000000 -66.143994 389.036066
f 97 98 99
g shell
usemtl shell
v 670.305157 747.500000 330.518149
v 119.694843 747.500000 330.518149
v 395.000000 646.143994 389.036066
f 100 101 102
g base
usemtl base
v -36.243687 -167.500000 -203.000000
v -87.500000 -116.243687 -203.000000
v -87.500000 432.831860 -203.000000
v 88.714159 747.500000 -203.000000
v 701.285841 747.500000 -203.000000
v 877.500000 432.831860 -203.000000
v 877.500000 -116.243687 -203.000000
v 826.243687 -167.500000 -203.000000
f 103 104 105
f 103 105 106
f 103 106 107
f 103 107 108
f 103 108 109
f 103 109 110
g fascia
usemtl fascia
v 15.000000 -167.700000 -22.000000
v 775.000000 -167.700000 -22.000000
v 775.000000 -167.700000 0.000000
v 15.000000 -167.700000 0.000000
f 111 112 113
f 111 113 114
g fascia
usemtl fascia
v 15.000000 -167.700000 160.000000
v 775.000000 -167.700000 160.000000
v 775.000000 -167.700000 188.000000
v 15.000000 -167.700000 188.000000
f 115 116 117
f 115 117 118
g fascia
usemtl fascia
v 15.000000 -167.700000 0.000000
v 35.000000 -167.700000 0.000000
v 35.000000 -167.700000 160.000000
v 15.000000 -167.700000 160.000000
f 119 120 121
f 119 121 122
g fascia
usemtl fascia
v 755.000000 -167.700000 0.000000
v 775.000000 -167.700000 0.000000
v 775.000000 -167.700000 160.000000
v 755.000000 -167.700000 160.000000
f 123 124 125
f 123 125 126
g fascia
usemtl fascia
v 35.000000 -167.500000 0.000000
v 35.000000 -80.000000 0.000000
v 35.000000 -80.000000 160.000000
v 35.000000 -167.500000 160.000000
f 127 128 129
f 127 129 130
g fascia
usemtl fascia
v 755.000000 -167.500000 0.000000
v 755.000000 -80.000000 0.000000
v 755.000000 -80.000000 160.000000
v 755.000000 -167.500000 160.000000
f 131 132 133
f 131 133 134
g threshold
usemtl threshold
v 35.000000 -167.500000 0.000000
v 755.000000 -167.500000 0.000000
v 755.000000 0.000000 0.000000
v 35.000000 0.000000 0.000000
f 135 136 137
f 135 137 138
g floor
usemtl floor
v 0.000000 0.000000 0.000000
v 49.000000 0.000000 0.000000
v 49.000000 410.000000 0.000000
v 0.000000 410.000000 0.000000
f 139 140 141
f 139 141 142
g floor
usemtl floor
v 49.000000 0.000000 0.000000
v 49.775259 0.000000 0.000000
v 49.775259 189.219240 0.000000
v 49.000000 205.000000 0.000000
f 143 144 145
f 143 145 146
g floor
usemtl floor
v 49.000000 205.000000 0.000000
v 49.775259 220.780760 0.000000
v 49.775259 410.000000 0.000000
v 49.000000 410.000000 0.000000
f 147 148 149
f 147 149 150
g floor
usemtl floor
v 49.775259 0.000000 0.000000
v 52.093570 0.000000 0.000000
v 52.093570 173.590458 0.000000
v 49.775259 189.219240 0.000000
f 151 152 153
f 151 153 154
g floor
usemtl floor
v 49.775259 220.780760 0.000000
v 52.093570 236.409542 0.000000
v 52.093570 410.000000 0.000000
v 49.775259 410.000000 0.000000
f 155 156 157
f 155 157 158
g floor
usemtl floor
v 52.093570 0.000000 0.000000
v 55.932606 0.000000 0.000000
v 55.932606 158.264167 0.000000
v 52.093570 173.590458 0.000000
f 159 160 161
f 159 161 162
g floor
usemtl floor
v 52.093570 236.409542 0.000000
v 55.932606 251.735833 0.000000
v 55.932606 410.000000 0.000000
v 52.093570 410.000000 0.000000
f 163 164 165
f 163 165 166
g floor
usemtl floor
v 55.932606 0.000000 0.000000
v 61.255395 0.000000 0.000000
v 61.255395 143.387967 0.000000
v 55.932606 158.264167 0.000000
f 167 168 169
f 167 169 170
g floor
usemtl floor
v 55.932606 251.735833 0.000000
v 61.255395 266.612033 0.000000
v 61.255395 410.000000 0.000000
v 55.932606 410.000000 0.000000
f 171 172 173
f 171 173 174
g floor
usemtl floor
v 61.255395 0.000000 0.000000
v 68.010676 0.000000 0.000000
v 68.010676 129.105125 0.000000
v 61.255395 143.387967 0.000000
f 175 176 177
f 175 177 178
g floor
usemtl floor
v 61.255395 266.612033 0.000000
v 68.010676 280.894875 0.000000
v 68.010676 410.000000 0.000000
v 61.255395 410.000000 0.000000
f 179 180 181
f 179 181 182
g floor
usemtl floor
v 68.010676 0.000000 0.000000
v 76.133392 0.000000 0.000000
v 76.133392 115.553192 0.000000
v 68.010676 129.105125 0.000000
f 183 184 185
f 183 185 186
g floor
usemtl floor
v 68.010676 280.894875 0.000000
v 76.133392 294.446808 0.000000
v 76.133392 410.000000 0.000000
v 68.010676 410.000000 0.000000
f 187 188 189
f 187 189 190
g floor
usemtl floor
v 76.133392 0.000000 0.000000
v 85.545317 0.000000 0.000000
v 85.545317 102.862681 0.000000
v 76.133392 115.553192 0.000000
f 191 192 193
f 191 193 194
g floor
usemtl floor
v 76.133392 294.446808 0.000000
v 85.545317 307.137319 0.000000
v 85.545317 410.000000 0.000000
v 76.133392 410.000000 0.000000
f 195 196 197
f 195 197 198
g floor
usemtl floor
v 85.545317 0.000000 0.000000
v 96.155808 0.000000 0.000000
v 96.155808 91.155808 0.000000
v 85.545317 102.862681 0.000000
f 199 200 201
f 199 201 202
g floor
usemtl floor
v 85.545317 307.137319 0.000000
v 96.155808 318.844192 0.000000
v 96.155808 410.000000 0.000000
v 85.545317 410.000000 0.000000
f 203 204 205
f 203 205 206
g floor
usemtl floor
v 96.155808 0.000000 0.000000
v 107.862681 0.000000 0.000000
v 107.862681 80.545317 0.000000
v 96.155808 91.155808 0.000000
f 207 208 209
f 207 209 210
g floor
usemtl floor
v 96.155808 318.844192 0.000000
v 107.862681 329.454683 0.000000
v 107.862681 410.000000 0.000000
v 96.155808 410.000000 0.000000
f 211 212 213
f 211 213 214
g floor
usemtl floor
v 107.862681 0.000000 0.000000
v 120.553192 0.000000 0.000000
v 120.553192 71.133392 0.000000
v 107.862681 80.545317 0.000000
f 215 216 217
f 215 217 218
g floor
usemtl floor
v 107.862681 329.454683 0.000000
v 120.553192 338.866608 0.000000
v 120.553192 410.000000 0.000000
v 107.862681 410.000000 0.000000
f 219 220 221
f 219 221 222
g floor
usemtl floor
v 120.553192 0.000000 0.000000
v 134.105125 0.000000 0.000000
v 134.105125 63.010676 0.000000
v 120.553192 71.133392 0.000000
f 223 224 225
f 223 225 226
g floor
usemtl floor
v 120.553192 338.866608 0.000000
v 134.105125 346.989324 0.000000
v 134.105125 410.000000 0.000000
v 120.553192 410.000000 0.000000
f 227 228 229
f 227 229 230
g floor
usemtl floor
v 134.105125 0.000000 0.000000
v 148.387967 0.000000 0.000000
v 148.387967 56.255395 0.000000
v 134.105125 63.010676 0.000000
f 231 232 233
f 231 233 234
g floor
usemtl floor
v 134.105125 346.989324 0.000000
v 148.387967 353.744605 0.000000
v 148.387967 410.000000 0.000000
v 134.105125 410.000000 0.000000
f 235 236 237
f 235 237 238
g floor
usemtl floor
v 148.387967 0.000000 0.000000
v 163.264167 0.000000 0.000000
v 163.264167 50.932606 0.000000
v 148.387967 56.255395 0.000000
f 239 240 241
f 239 241 242
g floor
usemtl floor
v 148.387967 353.744605 0.000000
v 163.264167 359.067394 0.000000
v 163.264167 410.000000 0.000000
v 148.387967 410.000000 0.000000
f 243 244 245
f 243 245 246
g floor
usemtl floor
v 163.264167 0.000000 0.000000
v 178.590458 0.000000 0.000000
v 178.590458 47.093570 0.000000
v 163.264167 50.932606 0.000000
f 247 248 249
f 247 249 250
g floor
usemtl floor
v 163.264167 359.067394 0.000000
v 178.590458 362.906430 0.000000
v 178.590458 410.000000 0.000000
v 163.264167 410.000000 0.000000
f 251 252 253
f 251 253 254
g floor
usemtl floor
v 178.590458 0.000000 0.000000
v 194.219240 0.000000 0.000000
v 194.219240 44.775259 0.000000
v 178.590458 47.093570 0.000000
f 255 256 257
f 255 257 258
g floor
usemtl floor
v 178.590458 362.906430 0.000000
v 194.219240 365.224741 0.000000
v 194.219240 410.000000 0.000000
v 178.590458 410.000000 0.000000
f 259 260 261
f 259 261 262
g floor
usemtl floor
v 194.219240 0.000000 0.000000
v 210.000000 0.000000 0.000000
v 210.000000 44.000000 0.000000
v 194.219240 44.775259 0.000000
f 263 264 265
f 263 265 266
g floor
usemtl floor
v 194.219240 365.224741 0.000000
v 210.000000 366.000000 0.000000
v 210.000000 410.000000 0.000000
v 194.219240 410.000000 0.000000
f 267 268 269
f 267 269 270
g floor
usemtl floor
v 210.000000 0.000000 0.000000
v 225.780760 0.000000 0.000000
v 225.780760 44.775259 0.000000
v 210.000000 44.000000 0.000000
f 271 272 273
f 271 273 274
g floor
usemtl floor
v 210.000000 366.000000 0.000000
v 225.780760 365.224741 0.000000
v 225.780760 410.000000 0.000000
v 210.000000 410.000000 0.000000
f 275 276 277
f 275 277 278
g floor
usemtl floor
v 225.780760 0.000000 0.000000
v 241.409542 0.000000 0.000000
v 241.409542 47.093570 0.000000
v 225.780760 44.775259 0.000000
f 279 280 281
f 279 281 282
g floor
usemtl floor
v 225.780760 365.224741 0.000000
v 241.409542 362.906430 0.000000
v 241.409542 410.000000 0.000000
v 225.780760 410.000000 0.000000
f 283 284 285
f 283 285 286
g floor
usemtl floor
v 241.409542 0.000000 0.000000
v 256.735833 0.000000 0.000000
v 256.735833 50.932606 0.000000
v 241.409542 47.093570 0.000000
f 287 288 289
f 287 289 290
g floor
usemtl floor
v 241.409542 362.906430 0.000000
v 256.735833 359.067394 0.000000
v 256.735833 410.000000 0.000000
v 241.409542 410.000000 0.000000
f 291 292 293
f 291 293 294
g floor
usemtl floor
v 256.735833 0.000000 0.000000
v 271.612033 0.000000 0.000000
v 271.612033 56.255395 0.000000
v 256.735833 50.932606 0.000000
f 295 296 297
f 295 297 298
g floor
usemtl floor
v 256.735833 359.067394 0.000000
v 271.612033 353.744605 0.000000
v 271.612033 410.000000 0.000000
v 256.735833 410.000000 0.000000
f 299 300 301
f 299 301 302
g floor
usemtl floor
v 271.612033 0.000000 0.000000
v 285.894875 0.000000 0.000000
v 285.894875 63.010676 0.000000
v 271.612033 56.255395 0.000000
f 303 304 305
f 303 305 306
g floor
usemtl floor
v 271.612033 353.744605 0.000000
v 285.894875 346.989324 0.000000
v 285.894875 410.000000 0.000000
v 271.612033 410.000000 0.000000
f 307 308 309
f 307 309 310
g floor
usemtl floor
v 285.894875 0.000000 0.000000
v 299.446808 0.000000 0.000000
v 299.446808 71.133392 0.000000
v 285.894875 63.010676 0.000000
f 311 312 313
f 311 313 314
g floor
usemtl floor
v 285.894875 346.989324 0.000000
v 299.446808 338.866608 0.000000
v 299.446808 410.000000 0.000000
v 285.894875 410.000000 0.000000
f 315 316 317
f 315 317 318
g floor
usemtl floor
v 299.446808 0.000000 0.000000
v 312.137319 0.000000 0.000000
v 312.137319 80.545317 0.000000
v 299.446808 71.133392 0.000000
f 319 320 321
f 319 321 322
g floor
usemtl floor
v 299.446808 338.866608 0.000000
v 312.137319 329.454683 0.000000
v 312.137319 410.000000 0.000000
v 299.446808 410.000000 0.000000
f 323 324 325
f 323 325 326
g floor
usemtl floor
v 312.137319 0.000000 0.000000
v 323.844192 0.000000 0.000000
v 323.844192 91.155808 0.000000
v 312.137319 80.545317 0.000000
f 327 328 329
f 327 329 330
g floor
usemtl floor
v 312.137319 329.454683 0.000000
v 323.844192 318.844192 0.000000
v 323.844192 410.000000 0.000000
v 312.137319 410.000000 0.000000
f 331 332 333
f 331 333 334
g floor
usemtl floor
v 323.844192 0.000000 0.000000
v 334.454683 0.000000 0.000000
v 334.454683 102.862681 0.000000
v 323.844192 91.155808 0.000000
f 335 336 337
f 335 337 338
g floor
usemtl floor
v 323.844192 318.844192 0.000000
v 334.454683 307.137319 0.000000
v 334.454683 410.000000 0.000000
v 323.844192 410.000000 0.000000
f 339 340 341
f 339 341 342
g floor
usemtl floor
v 334.454683 0.000000 0.000000
v 343.866608 0.000000 0.000000
v 343.866608 115.553192 0.000000
v 334.454683 102.862681 0.000000
f 343 344 345
f 343 345 346
g floor
usemtl floor
v 334.454683 307.137319 0.000000
v 343.866608 294.446808 0.000000
v 343.866608 410.000000 0.000000
v 334.454683 410.000000 0.000000
f 347 348 349
f 347 349 350
g floor
usemtl floor
v 343.866608 0.000000 0.000000
v 351.989324 0.000000 0.000000
v 351.989324 129.105125 0.000000
v 343.866608 115.553192 0.000000
f 351 352 353
f 351 353 354
g floor
usemtl floor
v 343.866608 294.446808 0.000000
v 351.989324 280.894875 0.000000
v 351.989324 410.000000 0.000000
v 343.866608 410.000000 0.000000
f 355 356 357
f 355 357 358
g floor
usemtl floor
v 351.989324 0.000000 0.000000
v 358.744605 0.000000 0.000000
v 358.744605 143.387967 0.000000
v 351.989324 129.105125 0.000000
f 359 360 361
f 359 361 362
g floor
usemtl floor
v 351.989324 280.894875 0.000000
v 358.744605 266.612033 0.000000
v 358.744605 410.000000 0.000000
v 351.989324 410.000000 0.000000
f 363 364 365
f 363 365 366
g floor
usemtl floor
v 358.744605 0.000000 0.000000
v 364.067394 0.000000 0.000000
v 364.067394 158.264167 0.000000
v 358.744605 143.387967 0.000000
f 367 368 369
f 367 369 370
g floor
usemtl floor
v 358.744605 266.612033 0.000000
v 364.067394 251.735833 0.000000
v 364.067394 410.000000 0.000000
v 358.744605 410.000000 0.000000
f 371 372 373
f 371 373 374
g floor
usemtl floor
v 364.067394 0.000000 0.000000
v 367.906430 0.000000 0.000000
v 367.906430 173.590458 0.000000
v 364.067394 158.264167 0.000000
f 375 376 377
f 375 377 378
g floor
usemtl floor
v 364.067394 251.735833 0.000000
v 367.906430 236.409542 0.000000
v 367.906430 410.000000 0.000000
v 364.067394 410.000000 0.000000
f 379 380 381
f 379 381 382
g floor
usemtl floor
v 367.906430 0.000000 0.000000
v 370.224741 0.000000 0.000000
v 370.224741 189.219240 0.000000
v 367.906430 173.590458 0.000000
f 383 384 385
f 383 385 386
g floor
usemtl floor
v 367.906430 236.409542 0.000000
v 370.224741 220.780760 0.000000
v 370.224741 410.000000 0.000000
v 367.906430 410.000000 0.000000
f 387 388 389
f 387 389 390
g floor
usemtl floor
v 370.224741 0.000000 0.000000
v 371.000000 0.000000 0.000000
v 371.000000 205.000000 0.000000
v 370.224741 189.219240 0.000000
f 391 392 393
f 391 393 394
g floor
usemtl floor
v 370.224741 220.780760 0.000000
v 371.000000 205.000000 0.000000
v 371.000000 410.000000 0.000000
v 370.224741 410.000000 0.000000
f 395 396 397
f 395 397 398
g discs
usemtl discs
v 370.000000 205.000000 -20.000000
v 369.229556 220.682742 -20.000000
v 369.229556 220.682742 0.000000
v 370.000000 205.000000 0.000000
f 399 400 401
f 399 401 402
g discs
usemtl discs
v 369.229556 220.682742 -20.000000
v 366.925645 236.214452 -20.000000
v 366.925645 236.214452 0.000000
v 369.229556 220.682742 0.000000
f 403 404 405
f 403 405 406
g discs
usemtl discs
v 366.925645 236.214452 -20.000000
v 363.110454 251.445548 -20.000000
v 363.110454 251.445548 0.000000
v 366.925645 236.214452 0.000000
f 407 408 409
f 407 409 410
g discs
usemtl discs
v 363.110454 251.445548 -20.000000
v 357.820725 266.229349 -20.000000
v 357.820725 266.229349 0.000000
v 363.110454 251.445548 0.000000
f 411 412 413
f 411 413 414
g discs
usemtl discs
v 357.820725 266.229349 -20.000000
v 351.107402 280.423478 -20.000000
v 351.107402 280.423478 0.000000
v 357.820725 266.229349 0.000000
f 415 416 417
f 415 417 418
g discs
usemtl discs
v 351.107402 280.423478 -20.000000
v 343.035138 293.891237 -20.000000
v 343.035138 293.891237 0.000000
v 351.107402 280.423478 0.000000
f 419 420 421
f 419 421 422
g discs
usemtl discs
v 343.035138 293.891237 -20.000000
v 333.681673 306.502925 -20.000000
v 333.681673 306.502925 0.000000
v 343.035138 293.891237 0.000000
f 423 424 425
f 423 425 426
g discs
usemtl discs
v 333.681673 306.502925 -20.000000
v 323.137085 318.137085 -20.000000
v 323.137085 318.137085 0.000000
v 333.681673 306.502925 0.000000
f 427 428 429
f 427 429 430
g discs
usemtl discs
v 323.137085 318.137085 -20.000000
v 311.502925 328.681673 -20.000000
v 311.502925 328.681673 0.000000
v 323.137085 318.137085 0.000000
f 431 432 433
f 431 433 434
g discs
usemtl discs
v 311.502925 328.681673 -20.000000
v 298.891237 338.035138 -20.000000
v 298.891237 338.035138 0.000000
v 311.502925 328.681673 0.000000
f 435 436 437
f 435 437 438
g discs
usemtl discs
v 298.891237 338.035138 -20.000000
v 285.423478 346.107402 -20.000000
v 285.423478 346.107402 0.000000
v 298.891237 338.035138 0.000000
f 439 440 441
f 439 441 442
g discs
usemtl discs
v 285.423478 346.107402 -20.000000
v 271.229349 352.820725 -20.000000
v 271.229349 352.820725 0.000000
v 285.423478 346.107402 0.000000
f 443 444 445
f 443 445 446
g discs
usemtl discs
v 271.229349 352.820725 -20.000000
v 256.445548 358.110454 -20.000000
v 256.445548 358.110454 0.000000
v 271.229349 352.820725 0.000000
f 447 448 449
f 447 449 450
g discs
usemtl discs
v 256.445548 358.110454 -20.000000
v 241.214452 361.925645 -20.000000
v 241.214452 361.925645 0.000000
v 256.445548 358.110454 0.000000
f 451 452 453
f 451 453 454
g discs
usemtl discs
v 241.214452 361.925645 -20.000000
v 225.682742 364.229556 -20.000000
v 225.682742 364.229556 0.000000
v 241.214452 361.925645 0.000000
f 455 456 457
f 455 457 458
g discs
usemtl discs
v 225.682742 364.229556 -20.000000
v 210.000000 365.000000 -20.000000
v 210.000000 365.000000 0.000000
v 225.682742 364.229556 0.000000
f 459 460 461
f 459 461 462
g discs
usemtl discs
v 210.000000 365.000000 -20.000000
v 194.317258 364.229556 -20.000000
v 194.317258 364.229556 0.000000
v 210.000000 365.000000 0.000000
f 463 464 465
f 463 465 466
g discs
usemtl discs
v 194.317258 364.229556 -20.000000
v 178.785548 361.925645 -20.000000
v 178.785548 361.925645 0.000000
v 194.317258 364.229556 0.000000
f 467 468 469
f 467 469 470
g discs
usemtl discs
v 178.785548 361.925645 -20.000000
v 163.554452 358.110454 -20.000000
v 163.554452 358.110454 0.000000
v 178.785548 361.925645 0.000000
f 471 472 473
f 471 473 474
g discs
usemtl discs
v 163.554452 358.110454 -20.000000
v 148.770651 352.820725 -20.000000
v 148.770651 352.820725 0.000000
v 163.554452 358.110454 0.000000
f 475 476 477
f 475 477 478
g discs
usemtl discs
v 148.770651 352.820725 -20.000000
v 134.576522 346.107402 -20.000000
v 134.576522 346.107402 0.000000
v 148.770651 352.820725 0.000000
f 479 480 481
f 479 481 482
g discs
usemtl discs
v 134.576522 346.107402 -20.000000
v 121.108763 338.035138 -20.000000
v 121.108763 338.035138 0.000000
v 134.576522 346.107402 0.000000
f 483 484 485
f 483 485 486
g discs
usemtl discs
v 121.108763 338.035138 -20.000000
v 108.497075 328.681673 -20.000000
v 108.497075 328.681673 0.000000
v 121.108763 338.035138 0.000000
f 487 488 489
f 487 489 490
g discs
usemtl discs
v 108.497075 328.681673 -20.000000
v 96.862915 318.137085 -20.000000
v 96.862915 318.137085 0.000000
v 108.497075 328.681673 0.000000
f 491 492 493
f 491 493 494
g discs
usemtl discs
v 96.862915 318.137085 -20.000000
v 86.318327 306.502925 -20.000000
v 86.318327 306.502925 0.000000
v 96.862915 318.137085 0.000000
f 495 496 497
f 495 497 498
g discs
usemtl discs
v 86.318327 306.502925 -20.000000
v 76.964862 293.891237 -20.000000
v 76.964862 293.891237 0.000000
v 86.318327 306.502925 0.000000
f 499 500 501
f 499 501 502
g discs
usemtl discs
v 76.964862 293.891237 -20.000000
v 68.892598 280.423478 -20.000000
v 68.892598 280.423478 0.000000
v 76.964862 293.891237 0.000000
f 503 504 505
f 503 505 506
g discs
usemtl discs
v 68.892598 280.423478 -20.000000
v 62.179275 266.229349 -20.000000
v 62.179275 266.229349 0.000000
v 68.892598 280.423478 0.000000
f 507 508 509
f 507 509 510
g discs
usemtl discs
v 62.179275 266.229349 -20.000000
v 56.889546 251.445548 -20.000000
v 56.889546 251.445548 0.000000
v 62.179275 266.229349 0.000000
f 511 512 513
f 511 513 514
g discs
usemtl discs
v 56.889546 251.445548 -20.000000
v 53.074355 236.214452 -20.000000
v 53.074355 236.214452 0.000000
v 56.889546 251.445548 0.000000
f 515 516 517
f 515 517 518
g discs
usemtl discs
v 53.074355 236.214452 -20.000000
v 50.770444 220.682742 -20.000000
v 50.770444 220.682742 0.000000
v 53.074355 236.214452 0.000000
f 519 520 521
f 519 521 522
g discs
usemtl discs
v 50.770444 220.682742 -20.000000
v 50.000000 205.000000 -20.000000
v 50.000000 205.000000 0.000000
v 50.770444 220.682742 0.000000
f 523 524 525
f 523 525 526
g discs
usemtl discs
v 50.000000 205.000000 -20.000000
v 50.770444 189.317258 -20.000000
v 50.770444 189.317258 0.000000
v 50.000000 205.000000 0.000000
f 527 528 529
f 527 529 530
g discs
usemtl discs
v 50.770444 189.317258 -20.000000
v 53.074355 173.785548 -20.000000
v 53.074355 173.785548 0.000000
v 50.770444 189.317258 0.000000
f 531 532 533
f 531 533 534
g discs
usemtl discs
v 53.074355 173.785548 -20.000000
v 56.889546 158.554452 -20.000000
v 56.889546 158.554452 0.000000
v 53.074355 173.785548 0.000000
f 535 536 537
f 535 537 538
g discs
usemtl discs
v 56.889546 158.554452 -20.000000
v 62.179275 143.770651 -20.000000
v 62.179275 143.770651 0.000000
v 56.889546 158.554452 0.000000
f 539 540 541
f 539 541 542
g discs
usemtl discs
v 62.179275 143.770651 -20.000000
v 68.892598 129.576522 -20.000000
v 68.892598 129.576522 0.000000
v 62.179275 143.770651 0.000000
f 543 544 545
f 543 545 546
g discs
usemtl discs
v 68.892598 129.576522 -20.000000
v 76.964862 116.108763 -20.000000
v 76.964862 116.108763 0.000000
v 68.892598 129.576522 0.000000
f 547 548 549
f 547 549 550
g discs
usemtl discs
v 76.964862 116.108763 -20.000000
v 86.318327 103.497075 -20.000000
v 86.318327 103.497075 0.000000
v 76.964862 116.108763 0.000000
f 551 552 553
f 551 553 554
g discs
usemtl discs
v 86.318327 103.497075 -20.000000
v 96.862915 91.862915 -20.000000
v 96.862915 91.862915 0.000000
v 86.318327 103.497075 0.000000
f 555 556 557
f 555 557 558
g discs
usemtl discs
v 96.862915 91.862915 -20.000000
v 108.497075 81.318327 -20.000000
v 108.497075 81.318327 0.000000
v 96.862915 91.862915 0.000000
f 559 560 561
f 559 561 562
g discs
usemtl discs
v 108.497075 81.318327 -20.000000
v 121.108763 71.964862 -20.000000
v 121.108763 71.964862 0.000000
v 108.497075 81.318327 0.000000
f 563 564 565
f 563 565 566
g discs
usemtl discs
v 121.108763 71.964862 -20.000000
v 134.576522 63.892598 -20.000000
v 134.576522 63.892598 0.000000
v 121.108763 71.964862 0.000000
f 567 568 569
f 567 569 570
g discs
usemtl discs
v 134.576522 63.892598 -20.000000
v 148.770651 57.179275 -20.000000
v 148.770651 57.179275 0.000000
v 134.576522 63.892598 0.000000
f 571 572 573
f 571 573 574
g discs
usemtl discs
v 148.770651 57.179275 -20.000000
v 163.554452 51.889546 -20.000000
v 163.554452 51.889546 0.000000
v 148.770651 57.179275 0.000000
f 575 576 577
f 575 577 578
g discs
usemtl discs
v 163.554452 51.889546 -20.000000
v 178.785548 48.074355 -20.000000
v 178.785548 48.074355 0.000000
v 163.554452 51.889546 0.000000
f 579 580 581
f 579 581 582
g discs
usemtl discs
v 178.785548 48.074355 -20.000000
v 194.317258 45.770444 -20.000000
v 194.317258 45.770444 0.000000
v 178.785548 48.074355 0.000000
f 583 584 585
f 583 585 586
g discs
usemtl discs
v 194.317258 45.770444 -20.000000
v 210.000000 45.000000 -20.000000
v 210.000000 45.000000 0.000000
v 194.317258 45.770444 0.000000
f 587 588 589
f 587 589 590
g discs
usemtl discs
v 210.000000 45.000000 -20.000000
v 225.682742 45.770444 -20.000000
v 225.682742 45.770444 0.000000
v 210.000000 45.000000 0.000000
f 591 592 593
f 591 593 594
g discs
usemtl discs
v 225.682742 45.770444 -20.000000
v 241.214452 48.074355 -20.000000
v 241.214452 48.074355 0.000000
v 225.682742 45.770444 0.000000
f 595 596 597
f 595 597 598
g discs
usemtl discs
v 241.214452 48.074355 -20.000000
v 256.445548 51.889546 -20.000000
v 256.445548 51.889546 0.000000
v 241.214452 48.074355 0.000000
f 599 600 601
f 599 601 602
g discs
usemtl discs
v 256.445548 51.889546 -20.000000
v 271.229349 57.179275 -20.000000
v 271.229349 57.179275 0.000000
v 256.445548 51.889546 0.000000
f 603 604 605
f 603 605 606
g discs
usemtl discs
v 271.229349 57.179275 -20.000000
v 285.423478 63.892598 -20.000000
v 285.423478 63.892598 0.000000
v 271.229349 57.179275 0.000000
f 607 608 609
f 607 609 610
g discs
usemtl discs
v 285.423478 63.892598 -20.000000
v 298.891237 71.964862 -20.000000
v 298.891237 71.964862 0.000000
v 285.423478 63.892598 0.000000
f 611 612 613
f 611 613 614
g discs
usemtl discs
v 298.891237 71.964862 -20.000000
v 311.502925 81.318327 -20.000000
v 311.502925 81.318327 0.000000
v 298.891237 71.964862 0.000000
f 615 616 617
f 615 617 618
g discs
usemtl discs
v 311.502925 81.318327 -20.000000
v 323.137085 91.862915 -20.000000
v 323.137085 91.862915 0.000000
v 311.502925 81.318327 0.000000
f 619 620 621
f 619 621 622
g discs
usemtl discs
v 323.137085 91.862915 -20.000000
v 333.681673 103.497075 -20.000000
v 333.681673 103.497075 0.000000
v 323.137085 91.862915 0.000000
f 623 624 625
f 623 625 626
g discs
usemtl discs
v 333.681673 103.497075 -20.000000
v 343.035138 116.108763 -20.000000
v 343.035138 116.108763 0.000000
v 333.681673 103.497075 0.000000
f 627 628 629
f 627 629 630
g discs
usemtl discs
v 343.035138 116.108763 -20.000000
v 351.107402 129.576522 -20.000000
v 351.107402 129.576522 0.000000
v 343.035138 116.108763 0.000000
f 631 632 633
f 631 633 634
g discs
usemtl discs
v 351.107402 129.576522 -20.000000
v 357.820725 143.770651 -20.000000
v 357.820725 143.770651 0.000000
v 351.107402 129.576522 0.000000
f 635 636 637
f 635 637 638
g discs
usemtl discs
v 357.820725 143.770651 -20.000000
v 363.110454 158.554452 -20.000000
v 363.110454 158.554452 0.000000
v 357.820725 143.770651 0.000000
f 639 640 641
f 639 641 642
g discs
usemtl discs
v 363.110454 158.554452 -20.000000
v 366.925645 173.785548 -20.000000
v 366.925645 173.785548 0.000000
v 363.110454 158.554452 0.000000
f 643 644 645
f 643 645 646
g discs
usemtl discs
v 366.925645 173.785548 -20.000000
v 369.229556 189.317258 -20.000000
v 369.229556 189.317258 0.000000
v 366.925645 173.785548 0.000000
f 647 648 649
f 647 649 650
g discs
usemtl discs
v 369.229556 189.317258 -20.000000
v 370.000000 205.000000 -20.000000
v 370.000000 205.000000 0.000000
v 369.229556 189.317258 0.000000
f 651 652 653
f 651 653 654
g discs
usemtl discs
v 369.229556 189.317258 -20.000000
v 366.925645 173.785548 -20.000000
v 363.110454 158.554452 -20.000000
v 357.820725 143.770651 -20.000000
v 351.107402 129.576522 -20.000000
v 343.035138 116.108763 -20.000000
v 333.681673 103.497075 -20.000000
v 323.137085 91.862915 -20.000000
v 311.502925 81.318327 -20.000000
v 298.891237 71.964862 -20.000000
v 285.423478 63.892598 -20.000000
v 271.229349 57.179275 -20.000000
v 256.445548 51.889546 -20.000000
v 241.214452 48.074355 -20.000000
v 225.682742 45.770444 -20.000000
v 210.000000 45.000000 -20.000000
v 194.317258 45.770444 -20.000000
v 178.785548 48.074355 -20.000000
v 163.554452 51.889546 -20.000000
v 148.770651 57.179275 -20.000000
v 134.576522 63.892598 -20.000000
v 121.108763 71.964862 -20.000000
v 108.497075 81.318327 -20.000000
v 96.862915 91.862915 -20.000000
v 86.318327 103.497075 -20.000000
v 76.964862 116.108763 -20.000000
v 68.892598 129.576522 -20.000000
v 62.179275 143.770651 -20.000000
v 56.889546 158.554452 -20.000000
v 53.074355 173.785548 -20.000000
v 50.770444 189.317258 -20.000000
v 50.000000 205.000000 -20.000000
v 50.770444 220.682742 -20.000000
v 53.074355 236.214452 -20.000000
v 56.889546 251.445548 -20.000000
v 62.179275 266.229349 -20.000000
v 68.892598 280.423478 -20.000000
v 76.964862 293.891237 -20.000000
v 86.318327 306.502925 -20.000000
v 96.862915 318.137085 -20.000000
v 108.497075 328.681673 -20.000000
v 121.108763 338.035138 -20.000000
v 134.576522 346.107402 -20.000000
v 148.770651 352.820725 -20.000000
v 163.554452 358.110454 -20.000000
v 178.785548 361.925645 -20.000000
v 194.317258 364.229556 -20.000000
v 210.000000 365.000000 -20.000000
v 225.682742 364.229556 -20.000000
v 241.214452 361.925645 -20.000000
v 256.445548 358.110454 -20.000000
v 271.229349 352.820725 -20.000000
v 285.423478 346.107402 -20.000000
v 298.891237 338.035138 -20.000000
v 311.502925 328.681673 -20.000000
v 323.137085 318.137085 -20.000000
v 333.681673 306.502925 -20.000000
v 343.035138 293.891237 -20.000000
v 351.107402 280.423478 -20.000000
v 357.820725 266.229349 -20.000000
v 363.110454 251.445548 -20.000000
v 366.925645 236.214452 -20.000000
v 369.229556 220.682742 -20.000000
v 370.000000 205.000000 -20.000000
f 655 656 657
f 655 657 658
f 655 658 659
f 655 659 660
f 655 660 661
f 655 661 662
f 655 662 663
f 655 663 664
f 655 664 665
f 655 665 666
f 655 666 667
f 655 667 668
f 655 668 669
f 655 669 670
f 655 670 671
f 655 671 672
f 655 672 673
f 655 673 674
f 655 674 675
f 655 675 676
f 655 676 677
f 655 677 678
f 655 678 679
f 655 679 680
f 655 680 681
f 655 681 682
f 655 682 683
f 655 683 684
f 655 684 685
f 655 685 686
f 655 686 687
f 655 687 688
f 655 688 689
f 655 689 690
f 655 690 691
f 655 691 692
f 655 692 693
f 655 693 694
f 655 694 695
f 655 695 696
f 655 696 697
f 655 697 698
f 655 698 699
f 655 699 700
f 655 700 701
f 655 701 702
f 655 702 703
f 655 703 704
f 655 704 705
f 655 705 706
f 655 706 707
f 655 707 708
f 655 708 709
f 655 709 710
f 655 710 711
f 655 711 712
f 655 712 713
f 655 713 714
f 655 714 715
f 655 715 716
f 655 716 717
f 655 717 718
g discs
usemtl discs
v 370.000000 205.000000 0.000000
v 369.229556 220.682742 0.000000
v 366.925645 236.214452 0.000000
v 363.110454 251.445548 0.000000
v 357.820725 266.229349 0.000000
v 351.107402 280.423478 0.000000
v 343.035138 293.891237 0.000000
v 333.681673 306.502925 0.000000
v 323.137085 318.137085 0.000000
v 311.502925 328.681673 0.000000
v 298.891237 338.035138 0.000000
v 285.423478 346.107402 0.000000
v 271.229349 352.820725 0.000000
v 256.445548 358.110454 0.000000
v 241.214452 361.925645 0.000000
v 225.682742 364.229556 0.000000
v 210.000000 365.000000 0.000000
v 194.317258 364.229556 0.000000
v 178.785548 361.925645 0.000000
v 163.554452 358.110454 0.000000
v 148.770651 352.820725 0.000000
v 134.576522 346.107402 0.000000
v 121.108763 338.035138 0.000000
v 108.497075 328.681673 0.000000
v 96.862915 318.137085 0.000000
v 86.318327 306.502925 0.000000
v 76.964862 293.891237 0.000000
v 68.892598 280.423478 0.000000
v 62.179275 266.229349 0.000000
v 56.889546 251.445548 0.000000
v 53.074355 236.214452 0.000000
v 50.770444 220.682742 0.000000
v 50.000000 205.000000 0.000000
v 50.770444 189.317258 0.000000
v 53.074355 173.785548 0.000000
v 56.889546 158.554452 0.000000
v 62.179275 143.770651 0.000000
v 68.892598 129.576522 0.000000
v 76.964862 116.108763 0.000000
v 86.318327 103.497075 0.000000
v 96.862915 91.862915 0.000000
v 108.497075 81.318327 0.000000
v 121.108763 71.964862 0.000000
v 134.576522 63.892598 0.000000
v 148.770651 57.179275 0.000000
v 163.554452 51.889546 0.000000
v 178.785548 48.074355 0.000000
v 194.317258 45.770444 0.000000
v 210.000000 45.000000 0.000000
v 225.682742 45.770444 0.000000
v 241.214452 48.074355 0.000000
v 256.445548 51.889546 0.000000
v 271.229349 57.179275 0.000000
v 285.423478 63.892598 0.000000
v 298.891237 71.964862 0.000000
v 311.502925 81.318327 0.000000
v 323.137085 91.862915 0.000000
v 333.681673 103.497075 0.000000
v 343.035138 116.108763 0.000000
v 351.107402 129.576522 0.000000
v 357.820725 143.770651 0.000000
v 363.110454 158.554452 0.000000
v 366.925645 173.785548 0.000000
v 369.229556 189.317258 0.000000
f 719 720 721
f 719 721 722
f 719 722 723
f 719 723 724
f 719 724 725
f 719 725 726
f 719 726 727
f 719 727 728
f 719 728 729
f 719 729 730
f 719 730 731
f 719 731 732
f 719 732 733
f 719 733 734
f 719 734 735
f 719 735 736
f 719 736 737
f 719 737 738
f 719 738 739
f 719 739 740
f 719 740 741
f 719 741 742
f 719 742 743
f 719 743 744
f 719 744 745
f 719 745 746
f 719 746 747
f 719 747 748
f 719 748 749
f 719 749 750
f 719 750 751
f 719 751 752
f 719 752 753
f 719 753 754
f 719 754 755
f 719 755 756
f 719 756 757
f 719 757 758
f 719 758 759
f 719 759 760
f 719 760 761
f 719 761 762
f 719 762 763
f 719 763 764
f 719 764 765
f 719 765 766
f 719 766 767
f 719 767 768
f 719 768 769
f 719 769 770
f 719 770 771
f 719 771 772
f 719 772 773
f 719 773 774
f 719 774 775
f 719 775 776
f 719 776 777
f 719 777 778
f 719 778 779
f 719 779 780
f 719 780 781
f 719 781 782
g underfloor
usemtl underfloor
v 370.000000 205.000000 -70.000000
v 366.925645 236.214452 -70.000000
v 366.925645 236.214452 -20.000000
v 370.000000 205.000000 -20.000000
f 783 784 785
f 783 785 786
g underfloor
usemtl underfloor
v 366.925645 236.214452 -70.000000
v 357.820725 266.229349 -70.000000
v 357.820725 266.229349 -20.000000
v 366.925645 236.214452 -20.000000
f 787 788 789
f 787 789 790
g underfloor
usemtl underfloor
v 357.820725 266.229349 -70.000000
v 343.035138 293.891237 -70.000000
v 343.035138 293.891237 -20.000000
v 357.820725 266.229349 -20.000000
f 791 792 793
f 791 793 794
g underfloor
usemtl underfloor
v 343.035138 293.891237 -70.000000
v 323.137085 318.137085 -70.000000
v 323.137085 318.137085 -20.000000
v 343.035138 293.891237 -20.000000
f 795 796 797
f 795 797 798
g underfloor
usemtl underfloor
v 323.137085 318.137085 -70.000000
v 298.891237 338.035138 -70.000000
v 298.891237 338.035138 -20.000000
v 323.137085 318.137085 -20.000000
f 799 800 801
f 799 801 802
g underfloor
usemtl underfloor
v 298.891237 338.035138 -70.000000
v 271.229349 352.820725 -70.000000
v 271.229349 352.820725 -20.000000
v 298.891237 338.035138 -20.000000
f 803 804 805
f 803 805 806
g underfloor
usemtl underfloor
v 271.229349 352.820725 -70.000000
v 241.214452 361.925645 -70.000000
v 241.214452 361.925645 -20.000000
v 271.229349 352.820725 -20.000000
f 807 808 809
f 807 809 810
g underfloor
usemtl underfloor
v 241.214452 361.925645 -70.000000
v 210.000000 365.000000 -70.000000
v 210.000000 365.000000 -20.000000
v 241.214452 361.925645 -20.000000
f 811 812 813
f 811 813 814
g underfloor
usemtl underfloor
v 210.000000 365.000000 -70.000000
v 178.785548 361.925645 -70.000000
v 178.785548 361.925645 -20.000000
v 210.000000 365.000000 -20.000000
f 815 816 817
f 815 817 818
g underfloor
usemtl underfloor
v 178.785548 361.925645 -70.000000
v 148.770651 352.820725 -70.000000
v 148.770651 352.820725 -20.000000
v 178.785548 361.925645 -20.000000
f 819 820 821
f 819 821 822
g underfloor
usemtl underfloor
v 148.770651 352.820725 -70.000000
v 121.108763 338.035138 -70.000000
v 121.108763 338.035138 -20.000000
v 148.770651 352.820725 -20.000000
f 823 824 825
f 823 825 826
g underfloor
usemtl underfloor
v 121.108763 338.035138 -70.000000
v 96.862915 318.137085 -70.000000
v 96.862915 318.137085 -20.000000
v 121.108763 338.035138 -20.000000
f 827 828 829
f 827 829 830
g underfloor
usemtl underfloor
v 96.862915 318.137085 -70.000000
v 76.964862 293.891237 -70.000000
v 76.964862 293.891237 -20.000000
v 96.862915 318.137085 -20.000000
f 831 832 833
f 831 833 834
g underfloor
usemtl underfloor
v 76.964862 293.891237 -70.000000
v 62.179275 266.229349 -70.000000
v 62.179275 266.229349 -20.000000
v 76.964862 293.891237 -20.000000
f 835 836 837
f 835 837 838
g underfloor
usemtl underfloor
v 62.179275 266.229349 -70.000000
v 53.074355 236.214452 -70.000000
v 53.074355 236.214452 -20.000000
v 62.179275 266.229349 -20.000000
f 839 840 841
f 839 841 842
g underfloor
usemtl underfloor
v 53.074355 236.214452 -70.000000
v 50.000000 205.000000 -70.000000
v 50.000000 205.000000 -20.000000
v 53.074355 236.214452 -20.000000
f 843 844 845
f 843 845 846
g underfloor
usemtl underfloor
v 50.000000 205.000000 -70.000000
v 53.074355 173.785548 -70.000000
v 53.074355 173.785548 -20.000000
v 50.000000 205.000000 -20.000000
f 847 848 849
f 847 849 850
g underfloor
usemtl underfloor
v 53.074355 173.785548 -70.000000
v 62.179275 143.770651 -70.000000
v 62.179275 143.770651 -20.000000
v 53.074355 173.785548 -20.000000
f 851 852 853
f 851 853 854
g underfloor
usemtl underfloor
v 62.179275 143.770651 -70.000000
v 76.964862 116.108763 -70.000000
v 76.964862 116.108763 -20.000000
v 62.179275 143.770651 -20.000000
f 855 856 857
f 855 857 858
g underfloor
usemtl underfloor
v 76.964862 116.108763 -70.000000
v 96.862915 91.862915 -70.000000
v 96.862915 91.862915 -20.000000
v 76.964862 116.108763 -20.000000
f 859 860 861
f 859 861 862
g underfloor
usemtl underfloor
v 96.862915 91.862915 -70.000000
v 121.108763 71.964862 -70.000000
v 121.108763 71.964862 -20.000000
v 96.862915 91.862915 -20.000000
f 863 864 865
f 863 865 866
g underfloor
usemtl underfloor
v 121.108763 71.964862 -70.000000
v 148.770651 57.179275 -70.000000
v 148.770651 57.179275 -20.000000
v 121.108763 71.964862 -20.000000
f 867 868 869
f 867 869 870
g underfloor
usemtl underfloor
v 148.770651 57.179275 -70.000000
v 178.785548 48.074355 -70.000000
v 178.785548 48.074355 -20.000000
v 148.770651 57.179275 -20.000000
f 871 872 873
f 871 873 874
g underfloor
usemtl underfloor
v 178.785548 48.074355 -70.000000
v 210.000000 45.000000 -70.000000
v 210.000000 45.000000 -20.000000
v 178.785548 48.074355 -20.000000
f 875 876 877
f 875 877 878
g underfloor
usemtl underfloor
v 210.000000 45.000000 -70.000000
v 241.214452 48.074355 -70.000000
v 241.214452 48.074355 -20.000000
v 210.000000 45.000000 -20.000000
f 879 880 881
f 879 881 882
g underfloor
usemtl underfloor
v 241.214452 48.074355 -70.000000
v 271.229349 57.179275 -70.000000
v 271.229349 57.179275 -20.000000
v 241.214452 48.074355 -20.000000
f 883 884 885
f 883 885 886
g underfloor
usemtl underfloor
v 271.229349 57.179275 -70.000000
v 298.891237 71.964862 -70.000000
v 298.891237 71.964862 -20.000000
v 271.229349 57.179275 -20.000000
f 887 888 889
f 887 889 890
g underfloor
usemtl underfloor
v 298.891237 71.964862 -70.000000
v 323.137085 91.862915 -70.000000
v 323.137085 91.862915 -20.000000
v 298.891237 71.964862 -20.000000
f 891 892 893
f 891 893 894
g underfloor
usemtl underfloor
v 323.137085 91.862915 -70.000000
v 343.035138 116.108763 -70.000000
v 343.035138 116.108763 -20.000000
v 323.137085 91.862915 -20.000000
f 895 896 897
f 895 897 898
g underfloor
usemtl underfloor
v 343.035138 116.108763 -70.000000
v 357.820725 143.770651 -70.000000
v 357.820725 143.770651 -20.000000
v 343.035138 116.108763 -20.000000
f 899 900 901
f 899 901 902
g underfloor
usemtl underfloor
v 357.820725 143.770651 -70.000000
v 366.925645 173.785548 -70.000000
v 366.925645 173.785548 -20.000000
v 357.820725 143.770651 -20.000000
f 903 904 905
f 903 905 906
g underfloor
usemtl underfloor
v 366.925645 173.785548 -70.000000
v 370.000000 205.000000 -70.000000
v 370.000000 205.000000 -20.000000
v 366.925645 173.785548 -20.000000
f 907 908 909
f 907 909 910
g underfloor
usemtl underfloor
v 366.925645 173.785548 -70.000000
v 357.820725 143.770651 -70.000000
v 343.035138 116.108763 -70.000000
v 323.137085 91.862915 -70.000000
v 298.891237 71.964862 -70.000000
v 271.229349 57.179275 -70.000000
v 241.214452 48.074355 -70.000000
v 210.000000 45.000000 -70.000000
v 178.785548 48.074355 -70.000000
v 148.770651 57.179275 -70.000000
v 121.108763 71.964862 -70.000000
v 96.862915 91.862915 -70.000000
v 76.964862 116.108763 -70.000000
v 62.179275 143.770651 -70.000000
v 53.074355 173.785548 -70.000000
v 50.000000 205.000000 -70.000000
v 53.074355 236.214452 -70.000000
v 62.179275 266.229349 -70.000000
v 76.964862 293.891237 -70.000000
v 96.862915 318.137085 -70.000000
v 121.108763 338.035138 -70.000000
v 148.770651 352.820725 -70.000000
v 178.785548 361.925645 -70.000000
v 210.000000 365.000000 -70.000000
v 241.214452 361.925645 -70.000000
v 271.229349 352.820725 -70.000000
v 298.891237 338.035138 -70.000000
v 323.137085 318.137085 -70.000000
v 343.035138 293.891237 -70.000000
v 357.820725 266.229349 -70.000000
v 366.925645 236.214452 -70.000000
v 370.000000 205.000000 -70.000000
f 911 912 913
f 911 913 914
f 911 914 915
f 911 915 916
f 911 916 917
f 911 917 918
f 911 918 919
f 911 919 920
f 911 920 921
f 911 921 922
f 911 922 923
f 911 923 924
f 911 924 925
f 911 925 926
f 911 926 927
f 911 927 928
f 911 928 929
f 911 929 930
f 911 930 931
f 911 931 932
f 911 932 933
f 911 933 934
f 911 934 935
f 911 935 936
f 911 936 937
f 911 937 938
f 911 938 939
f 911 939 940
f 911 940 941
f 911 941 942
g underfloor
usemtl underfloor
v 370.000000 205.000000 -20.000000
v 366.925645 236.214452 -20.000000
v 357.820725 266.229349 -20.000000
v 343.035138 293.891237 -20.000000
v 323.137085 318.137085 -20.000000
v 298.891237 338.035138 -20.000000
v 271.229349 352.820725 -20.000000
v 241.214452 361.925645 -20.000000
v 210.000000 365.000000 -20.000000
v 178.785548 361.925645 -20.000000
v 148.770651 352.820725 -20.000000
v 121.108763 338.035138 -20.000000
v 96.862915 318.137085 -20.000000
v 76.964862 293.891237 -20.000000
v 62.179275 266.229349 -20.000000
v 53.074355 236.214452 -20.000000
v 50.000000 205.000000 -20.000000
v 53.074355 173.785548 -20.000000
v 62.179275 143.770651 -20.000000
v 76.964862 116.108763 -20.000000
v 96.862915 91.862915 -20.000000
v 121.108763 71.964862 -20.000000
v 148.770651 57.179275 -20.000000
v 178.785548 48.074355 -20.000000
v 210.000000 45.000000 -20.000000
v 241.214452 48.074355 -20.000000
v 271.229349 57.179275 -20.000000
v 298.891237 71.964862 -20.000000
v 323.137085 91.862915 -20.000000
v 343.035138 116.108763 -20.000000
v 357.820725 143.770651 -20.000000
v 366.925645 173.785548 -20.000000
f 943 944 945
f 943 945 946
f 943 946 947
f 943 947 948
f 943 948 949
f 943 949 950
f 943 950 951
f 943 951 952
f 943 952 953
f 943 953 954
f 943 954 955
f 943 955 956
f 943 956 957
f 943 957 958
f 943 958 959
f 943 959 960
f 943 960 961
f 943 961 962
f 943 962 963
f 943 963 964
f 943 964 965
f 943 965 966
f 943 966 967
f 943 967 968
f 943 968 969
f 943 969 970
f 943 970 971
f 943 971 972
f 943 972 973
f 943 973 974
g mechanisms
usemtl mechanisms
v 140.000000 275.000000 -191.500000
v 280.000000 275.000000 -191.500000
v 280.000000 135.000000 -191.500000
v 140.000000 135.000000 -191.500000
f 975 976 977
f 975 977 978
g mechanisms
usemtl mechanisms
v 140.000000 135.000000 -91.500000
v 280.000000 135.000000 -91.500000
v 280.000000 275.000000 -91.500000
v 140.000000 275.000000 -91.500000
f 979 980 981
f 979 981 982
g mechanisms
usemtl mechanisms
v 140.000000 135.000000 -191.500000
v 280.000000 135.000000 -191.500000
v 280.000000 135.000000 -91.500000
v 140.000000 135.000000 -91.500000
f 983 984 985
f 983 985 986
g mechanisms
usemtl mechanisms
v 280.000000 135.000000 -191.500000
v 280.000000 275.000000 -191.500000
v 280.000000 275.000000 -91.500000
v 280.000000 135.000000 -91.500000
f 987 988 989
f 987 989 990
g mechanisms
usemtl mechanisms
v 280.000000 275.000000 -191.500000
v 140.000000 275.000000 -191.500000
v 140.000000 275.000000 -91.500000
v 280.000000 275.000000 -91.500000
f 991 992 993
f 991 993 994
g mechanisms
usemtl mechanisms
v 140.000000 275.000000 -191.500000
v 140.000000 135.000000 -191.500000
v 140.000000 135.000000 -91.500000
v 140.000000 275.000000 -91.500000
f 995 996 997
f 995 997 998
g mechanisms
usemtl mechanisms
v 217.000000 205.000000 -91.500000
v 216.062178 208.500000 -91.500000
v 216.062178 208.500000 -70.000000
v 217.000000 205.000000 -70.000000
f 999 1000 1001
f 999 1001 1002
g mechanisms
usemtl mechanisms
v 216.062178 208.500000 -91.500000
v 213.500000 211.062178 -91.500000
v 213.500000 211.062178 -70.000000
v 216.062178 208.500000 -70.000000
f 1003 1004 1005
f 1003 1005 1006
g mechanisms
usemtl mechanisms
v 213.500000 211.062178 -91.500000
v 210.000000 212.000000 -91.500000
v 210.000000 212.000000 -70.000000
v 213.500000 211.062178 -70.000000
f 1007 1008 1009
f 1007 1009 1010
g mechanisms
usemtl mechanisms
v 210.000000 212.000000 -91.500000
v 206.500000 211.062178 -91.500000
v 206.500000 211.062178 -70.000000
v 210.000000 212.000000 -70.000000
f 1011 1012 1013
f 1011 1013 1014
g mechanisms
usemtl mechanisms
v 206.500000 211.062178 -91.500000
v 203.937822 208.500000 -91.500000
v 203.937822 208.500000 -70.000000
v 206.500000 211.062178 -70.000000
f 1015 1016 1017
f 1015 1017 1018
g mechanisms
usemtl mechanisms
v 203.937822 208.500000 -91.500000
v 203.000000 205.000000 -91.500000
v 203.000000 205.000000 -70.000000
v 203.937822 208.500000 -70.000000
f 1019 1020 1021
f 1019 1021 1022
g mechanisms
usemtl mechanisms
v 203.000000 205.000000 -91.500000
v 203.937822 201.500000 -91.500000
v 203.937822 201.500000 -70.000000
v 203.000000 205.000000 -70.000000
f 1023 1024 1025
f 1023 1025 1026
g mechanisms
usemtl mechanisms
v 203.937822 201.500000 -91.500000
v 206.500000 198.937822 -91.500000
v 206.500000 198.937822 -70.000000
v 203.937822 201.500000 -70.000000
f 1027 1028 1029
f 1027 1029 1030
g mechanisms
usemtl mechanisms
v 206.500000 198.937822 -91.500000
v 210.000000 198.000000 -91.500000
v 210.000000 198.000000 -70.000000
v 206.500000 198.937822 -70.000000
f 1031 1032 1033
f 1031 1033 1034
g mechanisms
usemtl mechanisms
v 210.000000 198.000000 -91.500000
v 213.500000 198.937822 -91.500000
v 213.500000 198.937822 -70.000000
v 210.000000 198.000000 -70.000000
f 1035 1036 1037
f 1035 1037 1038
g mechanisms
usemtl mechanisms
v 213.500000 198.937822 -91.500000
v 216.062178 201.500000 -91.500000
v 216.062178 201.500000 -70.000000
v 213.500000 198.937822 -70.000000
f 1039 1040 1041
f 1039 1041 1042
g mechanisms
usemtl mechanisms
v 216.062178 201.500000 -91.500000
v 217.000000 205.000000 -91.500000
v 217.000000 205.000000 -70.000000
v 216.062178 201.500000 -70.000000
f 1043 1044 1045
f 1043 1045 1046
g mechanisms
usemtl mechanisms
v 216.062178 201.500000 -91.500000
v 213.500000 198.937822 -91.500000
v 210.000000 198.000000 -91.500000
v 206.500000 198.937822 -91.500000
v 203.937822 201.500000 -91.500000
v 203.000000 205.000000 -91.500000
v 203.937822 208.500000 -91.500000
v 206.500000 211.062178 -91.500000
v 210.000000 212.000000 -91.500000
v 213.500000 211.062178 -91.500000
v 216.062178 208.500000 -91.500000
v 217.000000 205.000000 -91.500000
f 1047 1048 1049
f 1047 1049 1050
f 1047 1050 1051
f 1047 1051 1052
f 1047 1052 1053
f 1047 1053 1054
f 1047 1054 1055
f 1047 1055 1056
f 1047 1056 1057
f 1047 1057 1058
g mechanisms
usemtl mechanisms
v 217.000000 205.000000 -70.000000
v 216.062178 208.500000 -70.000000
v 213.500000 211.062178 -70.000000
v 210.000000 212.000000 -70.000000
v 206.500000 211.062178 -70.000000
v 203.937822 208.500000 -70.000000
v 203.000000 205.000000 -70.000000
v 203.937822 201.500000 -70.000000
v 206.500000 198.937822 -70.000000
v 210.000000 198.000000 -70.000000
v 213.500000 198.937822 -70.000000
v 216.062178 201.500000 -70.000000
f 1059 1060 1061
f 1059 1061 1062
f 1059 1062 1063
f 1059 1063 1064
f 1059 1064 1065
f 1059 1065 1066
f 1059 1066 1067
f 1059 1067 1068
f 1059 1068 1069
f 1059 1069 1070
g floor
usemtl floor
v 371.000000 0.000000 0.000000
v 419.000000 0.000000 0.000000
v 419.000000 410.000000 0.000000
v 371.000000 410.000000 0.000000
f 1071 1072 1073
f 1071 1073 1074
g floor
usemtl floor
v 419.000000 0.000000 0.000000
v 419.775259 0.000000 0.000000
v 419.775259 189.219240 0.000000
v 419.000000 205.000000 0.000000
f 1075 1076 1077
f 1075 1077 1078
g floor
usemtl floor
v 419.000000 205.000000 0.000000
v 419.775259 220.780760 0.000000
v 419.775259 410.000000 0.000000
v 419.000000 410.000000 0.000000
f 1079 1080 1081
f 1079 1081 1082
g floor
usemtl floor
v 419.775259 0.000000 0.000000
v 422.093570 0.000000 0.000000
v 422.093570 173.590458 0.000000
v 419.775259 189.219240 0.000000
f 1083 1084 1085
f 1083 1085 1086
g floor
usemtl floor
v 419.775259 220.780760 0.000000
v 422.093570 236.409542 0.000000
v 422.093570 410.000000 0.000000
v 419.775259 410.000000 0.000000
f 1087 1088 1089
f 1087 1089 1090
g floor
usemtl floor
v 422.093570 0.000000 0.000000
v 425.932606 0.000000 0.000000
v 425.932606 158.264167 0.000000
v 422.093570 173.590458 0.000000
f 1091 1092 1093
f 1091 1093 1094
g floor
usemtl floor
v 422.093570 236.409542 0.000000
v 425.932606 251.735833 0.000000
v 425.932606 410.000000 0.000000
v 422.093570 410.000000 0.000000
f 1095 1096 1097
f 1095 1097 1098
g floor
usemtl floor
v 425.932606 0.000000 0.000000
v 431.255395 0.000000 0.000000
v 431.255395 143.387967 0.000000
v 425.932606 158.264167 0.000000
f 1099 1100 1101
f 1099 1101 1102
g floor
usemtl floor
v 425.932606 251.735833 0.000000
v 431.255395 266.612033 0.000000
v 431.255395 410.000000 0.000000
v 425.932606 410.000000 0.000000
f 1103 1104 1105
f 1103 1105 1106
g floor
usemtl floor
v 431.255395 0.000000 0.000000
v 438.010676 0.000000 0.000000
v 438.010676 129.105125 0.000000
v 431.255395 143.387967 0.000000
f 1107 1108 1109
f 1107 1109 1110
g floor
usemtl floor
v 431.255395 266.612033 0.000000
v 438.010676 280.894875 0.000000
v 438.010676 410.000000 0.000000
v 431.255395 410.000000 0.000000
f 1111 1112 1113
f 1111 1113 1114
g floor
usemtl floor
v 438.010676 0.000000 0.000000
v 446.133392 0.000000 0.000000
v 446.133392 115.553192 0.000000
v 438.010676 129.105125 0.000000
f 1115 1116 1117
f 1115 1117 1118
g floor
usemtl floor
v 438.010676 280.894875 0.000000
v 446.133392 294.446808 0.000000
v 446.133392 410.000000 0.000000
v 438.010676 410.000000 0.000000
f 1119 1120 1121
f 1119 1121 1122
g floor
usemtl floor
v 446.133392 0.000000 0.000000
v 455.545317 0.000000 0.000000
v 455.545317 102.862681 0.000000
v 446.133392 115.553192 0.000000
f 1123 1124 1125
f 1123 1125 1126
g floor
usemtl floor
v 446.133392 294.446808 0.000000
v 455.545317 307.137319 0.000000
v 455.545317 410.000000 0.000000
v 446.133392 410.000000 0.000000
f 1127 1128 1129
f 1127 1129 1130
g floor
usemtl floor
v 455.545317 0.000000 0.000000
v 466.155808 0.000000 0.000000
v 466.155808 91.155808 0.000000
v 455.545317 102.862681 0.000000
f 1131 1132 1133
f 1131 1133 1134
g floor
usemtl floor
v 455.545317 307.137319 0.000000
v 466.155808 318.844192 0.000000
v 466.155808 410.000000 0.000000
v 455.545317 410.000000 0.000000
f 1135 1136 1137
f 1135 1137 1138
g floor
usemtl floor
v 466.155808 0.000000 0.000000
v 477.862681 0.000000 0.000000
v 477.862681 80.545317 0.000000
v 466.155808 91.155808 0.000000
f 1139 1140 1141
f 1139 1141 1142
g floor
usemtl floor
v 466.155808 318.844192 0.000000
v 477.862681 329.454683 0.000000
v 477.862681 410.000000 0.000000
v 466.155808 410.000000 0.000000
f 1143 1144 1145
f 1143 1145 1146
g floor
usemtl floor
v 477.862681 0.000000 0.000000
v 490.553192 0.000000 0.000000
v 490.553192 71.133392 0.000000
v 477.862681 80.545317 0.000000
f 1147 1148 1149
f 1147 1149 1150
g floor
usemtl floor
v 477.862681 329.454683 0.000000
v 490.553192 338.866608 0.000000
v 490.553192 410.000000 0.000000
v 477.862681 410.000000 0.000000
f 1151 1152 1153
f 1151 1153 1154
g floor
usemtl floor
v 490.553192 0.000000 0.000000
v 504.105125 0.000000 0.000000
v 504.105125 63.010676 0.000000
v 490.553192 71.133392 0.000000
f 1155 1156 1157
f 1155 1157 1158
g floor
usemtl floor
v 490.553192 338.866608 0.000000
v 504.105125 346.989324 0.000000
v 504.105125 410.000000 0.000000
v 490.553192 410.000000 0.000000
f 1159 1160 1161
f 1159 1161 1162
g floor
usemtl floor
v 504.105125 0.000000 0.000000
v 518.387967 0.000000 0.000000
v 518.387967 56.255395 0.000000
v 504.105125 63.010676 0.000000
f 1163 1164 1165
f 1163 1165 1166
g floor
usemtl floor
v 504.105125 346.989324 0.000000
v 518.387967 353.744605 0.000000
v 518.387967 410.000000 0.000000
v 504.105125 410.000000 0.000000
f 1167 1168 1169
f 1167 1169 1170
g floor
usemtl floor
v 518.387967 0.000000 0.000000
v 533.264167 0.000000 0.000000
v 533.264167 50.932606 0.000000
v 518.387967 56.255395 0.000000
f 1171 1172 1173
f 1171 1173 1174
g floor
usemtl floor
v 518.387967 353.744605 0.000000
v 533.264167 359.067394 0.000000
v 533.264167 410.000000 0.000000
v 518.387967 410.000000 0.000000
f 1175 1176 1177
f 1175 1177 1178
g floor
usemtl floor
v 533.264167 0.000000 0.000000
v 548.590458 0.000000 0.000000
v 548.590458 47.093570 0.000000
v 533.264167 50.932606 0.000000
f 1179 1180 1181
f 1179 1181 1182
g floor
usemtl floor
v 533.264167 359.067394 0.000000
v 548.590458 362.906430 0.000000
v 548.590458 410.000000 0.000000
v 533.264167 410.000000 0.000000
f 1183 1184 1185
f 1183 1185 1186
g floor
usemtl floor
v 548.590458 0.000000 0.000000
v 564.219240 0.000000 0.000000
v 564.219240 44.775259 0.000000
v 548.590458 47.093570 0.000000
f 1187 1188 1189
f 1187 1189 1190
g floor
usemtl floor
v 548.590458 362.906430 0.000000
v 564.219240 365.224741 0.000000
v 564.219240 410.000000 0.000000
v 548.590458 410.000000 0.000000
f 1191 1192 1193
f 1191 1193 1194
g floor
usemtl floor
v 564.219240 0.000000 0.000000
v 580.000000 0.000000 0.000000
v 580.000000 44.000000 0.000000
v 564.219240 44.775259 0.000000
f 1195 1196 1197
f 1195 1197 1198
g floor
usemtl floor
v 564.219240 365.224741 0.000000
v 580.000000 366.000000 0.000000
v 580.000000 410.000000 0.000000
v 564.219240 410.000000 0.000000
f 1199 1200 1201
f 1199 1201 1202
g floor
usemtl floor
v 580.000000 0.000000 0.000000
v 595.780760 0.000000 0.000000
v 595.780760 44.775259 0.000000
v 580.000000 44.000000 0.000000
f 1203 1204 1205
f 1203 1205 1206
g floor
usemtl floor
v 580.000000 366.000000 0.000000
v 595.780760 365.224741 0.000000
v 595.780760 410.000000 0.000000
v 580.000000 410.000000 0.000000
f 1207 1208 1209
f 1207 1209 1210
g floor
usemtl floor
v 595.780760 0.000000 0.000000
v 611.409542 0.000000 0.000000
v 611.409542 47.093570 0.000000
v 595.780760 44.775259 0.000000
f 1211 1212 1213
f 1211 1213 1214
g floor
usemtl floor
v 595.780760 365.224741 0.000000
v 611.409542 362.906430 0.000000
v 611.409542 410.000000 0.000000
v 595.780760 410.000000 0.000000
f 1215 1216 1217
f 1215 1217 1218
g floor
usemtl floor
v 611.409542 0.000000 0.000000
v 626.735833 0.000000 0.000000
v 626.735833 50.932606 0.000000
v 611.409542 47.093570 0.000000
f 1219 1220 1221
f 1219 1221 1222
g floor
usemtl floor
v 611.409542 362.906430 0.000000
v 626.735833 359.067394 0.000000
v 626.735833 410.000000 0.000000
v 611.409542 410.000000 0.000000
f 1223 1224 1225
f 1223 1225 1226
g floor
usemtl floor
v 626.735833 0.000000 0.000000
v 641.612033 0.000000 0.000000
v 641.612033 56.255395 0.000000
v 626.735833 50.932606 0.000000
f 1227 1228 1229
f 1227 1229 1230
g floor
usemtl floor
v 626.735833 359.067394 0.000000
v 641.612033 353.744605 0.000000
v 641.612033 410.000000 0.000000
v 626.735833 410.000000 0.000000
f 1231 1232 1233
f 1231 1233 1234
g floor
usemtl floor
v 641.612033 0.000000 0.000000
v 655.894875 0.000000 0.000000
v 655.894875 63.010676 0.000000
v 641.612033 56.255395 0.000000
f 1235 1236 1237
f 1235 1237 1238
g floor
usemtl floor
v 641.612033 353.744605 0.000000
v 655.894875 346.989324 0.000000
v 655.894875 410.000000 0.000000
v 641.612033 410.000000 0.000000
f 1239 1240 1241
f 1239 1241 1242
g floor
usemtl floor
v 655.894875 0.000000 0.000000
v 669.446808 0.000000 0.000000
v 669.446808 71.133392 0.000000
v 655.894875 63.010676 0.000000
f 1243 1244 1245
f 1243 1245 1246
g floor
usemtl floor
v 655.894875 346.989324 0.000000
v 669.446808 338.866608 0.000000
v 669.446808 410.000000 0.000000
v 655.894875 410.000000 0.000000
f 1247 1248 1249
f 1247 1249 1250
g floor
usemtl floor
v 669.446808 0.000000 0.000000
v 682.137319 0.000000 0.000000
v 682.137319 80.545317 0.000000
v 669.446808 71.133392 0.000000
f 1251 1252 1253
f 1251 1253 1254
g floor
usemtl floor
v 669.446808 338.866608 0.000000
v 682.137319 329.454683 0.000000
v 682.137319 410.000000 0.000000
v 669.446808 410.000000 0.000000
f 1255 1256 1257
f 1255 1257 1258
g floor
usemtl floor
v 682.137319 0.000000 0.000000
v 693.844192 0.000000 0.000000
v 693.844192 91.155808 0.000000
v 682.137319 80.545317 0.000000
f 1259 1260 1261
f 1259 1261 1262
g floor
usemtl floor
v 682.137319 329.454683 0.000000
v 693.844192 318.844192 0.000000
v 693.844192 410.000000 0.000000
v 682.137319 410.000000 0.000000
f 1263 1264 1265
f 1263 1265 1266
g floor
usemtl floor
v 693.844192 0.000000 0.000000
v 704.454683 0.000000 0.000000
v 704.454683 102.862681 0.000000
v 693.844192 91.155808 0.000000
f 1267 1268 1269
f 1267 1269 1270
g floor
usemtl floor
v 693.844192 318.844192 0.000000
v 704.454683 307.137319 0.000000
v 704.454683 410.000000 0.000000
v 693.844192 410.000000 0.000000
f 1271 1272 1273
f 1271 1273 1274
g floor
usemtl floor
v 704.454683 0.000000 0.000000
v 713.866608 0.000000 0.000000
v 713.866608 115.553192 0.000000
v 704.454683 102.862681 0.000000
f 1275 1276 1277
f 1275 1277 1278
g floor
usemtl floor
v 704.454683 307.137319 0.000000
v 713.866608 294.446808 0.000000
v 713.866608 410.000000 0.000000
v 704.454683 410.000000 0.000000
f 1279 1280 1281
f 1279 1281 1282
g floor
usemtl floor
v 713.866608 0.000000 0.000000
v 721.989324 0.000000 0.000000
v 721.989324 129.105125 0.000000
v 713.866608 115.553192 0.000000
f 1283 1284 1285
f 1283 1285 1286
g floor
usemtl floor
v 713.866608 294.446808 0.000000
v 721.989324 280.894875 0.000000
v 721.989324 410.000000 0.000000
v 713.866608 410.000000 0.000000
f 1287 1288 1289
f 1287 1289 1290
g floor
usemtl floor
v 721.989324 0.000000 0.000000
v 728.744605 0.000000 0.000000
v 728.744605 143.387967 0.000000
v 721.989324 129.105125 0.000000
f 1291 1292 1293
f 1291 1293 1294
g floor
usemtl floor
v 721.989324 280.894875 0.000000
v 728.744605 266.612033 0.000000
v 728.744605 410.000000 0.000000
v 721.989324 410.000000 0.000000
f 1295 1296 1297
f 1295 1297 1298
g floor
usemtl floor
v 728.744605 0.000000 0.000000
v 734.067394 0.000000 0.000000
v 734.067394 158.264167 0.000000
v 728.744605 143.387967 0.000000
f 1299 1300 1301
f 1299 1301 1302
g floor
usemtl floor
v 728.744605 266.612033 0.000000
v 734.067394 251.735833 0.000000
v 734.067394 410.000000 0.000000
v 728.744605 410.000000 0.000000
f 1303 1304 1305
f 1303 1305 1306
g floor
usemtl floor
v 734.067394 0.000000 0.000000
v 737.906430 0.000000 0.000000
v 737.906430 173.590458 0.000000
v 734.067394 158.264167 0.000000
f 1307 1308 1309
f 1307 1309 1310
g floor
usemtl floor
v 734.067394 251.735833 0.000000
v 737.906430 236.409542 0.000000
v 737.906430 410.000000 0.000000
v 734.067394 410.000000 0.000000
f 1311 1312 1313
f 1311 1313 1314
g floor
usemtl floor
v 737.906430 0.000000 0.000000
v 740.224741 0.000000 0.000000
v 740.224741 189.219240 0.000000
v 737.906430 173.590458 0.000000
f 1315 1316 1317
f 1315 1317 1318
g floor
usemtl floor
v 737.906430 236.409542 0.000000
v 740.224741 220.780760 0.000000
v 740.224741 410.000000 0.000000
v 737.906430 410.000000 0.000000
f 1319 1320 1321
f 1319 1321 1322
g floor
usemtl floor
v 740.224741 0.000000 0.000000
v 741.000000 0.000000 0.000000
v 741.000000 205.000000 0.000000
v 740.224741 189.219240 0.000000
f 1323 1324 1325
f 1323 1325 1326
g floor
usemtl floor
v 740.224741 220.780760 0.000000
v 741.000000 205.000000 0.000000
v 741.000000 410.000000 0.000000
v 740.224741 410.000000 0.000000
f 1327 1328 1329
f 1327 1329 1330
g discs
usemtl discs
v 740.000000 205.000000 -20.000000
v 739.229556 220.682742 -20.000000
v 739.229556 220.682742 0.000000
v 740.000000 205.000000 0.000000
f 1331 1332 1333
f 1331 1333 1334
g discs
usemtl discs
v 739.229556 220.682742 -20.000000
v 736.925645 236.214452 -20.000000
v 736.925645 236.214452 0.000000
v 739.229556 220.682742 0.000000
f 1335 1336 1337
f 1335 1337 1338
g discs
usemtl discs
v 736.925645 236.214452 -20.000000
v 733.110454 251.445548 -20.000000
v 733.110454 251.445548 0.000000
v 736.925645 236.214452 0.000000
f 1339 1340 1341
f 1339 1341 1342
g discs
usemtl discs
v 733.110454 251.445548 -20.000000
v 727.820725 266.229349 -20.000000
v 727.820725 266.229349 0.000000
v 733.110454 251.445548 0.000000
f 1343 1344 1345
f 1343 1345 1346
g discs
usemtl discs
v 727.820725 266.229349 -20.000000
v 721.107402 280.423478 -20.000000
v 721.107402 280.423478 0.000000
v 727.820725 266.229349 0.000000
f 1347 1348 1349
f 1347 1349 1350
g discs
usemtl discs
v 721.107402 280.423478 -20.000000
v 713.035138 293.891237 -20.000000
v 713.035138 293.891237 0.000000
v 721.107402 280.423478 0.000000
f 1351 1352 1353
f 1351 1353 1354
g discs
usemtl discs
v 713.035138 293.891237 -20.000000
v 703.681673 306.502925 -20.000000
v 703.681673 306.502925 0.000000
v 713.035138 293.891237 0.000000
f 1355 1356 1357
f 1355 1357 1358
g discs
usemtl discs
v 703.681673 306.502925 -20.000000
v 693.137085 318.137085 -20.000000
v 693.137085 318.137085 0.000000
v 703.681673 306.502925 0.000000
f 1359 1360 1361
f 1359 1361 1362
g discs
usemtl discs
v 693.137085 318.137085 -20.000000
v 681.502925 328.681673 -20.000000
v 681.502925 328.681673 0.000000
v 693.137085 318.137085 0.000000
f 1363 1364 1365
f 1363 1365 1366
g discs
usemtl discs
v 681.502925 328.681673 -20.000000
v 668.891237 338.035138 -20.000000
v 668.891237 338.035138 0.000000
v 681.502925 328.681673 0.000000
f 1367 1368 1369
f 1367 1369 1370
g discs
usemtl discs
v 668.891237 338.035138 -20.000000
v 655.423478 346.107402 -20.000000
v 655.423478 346.107402 0.000000
v 668.891237 338.035138 0.000000
f 1371 1372 1373
f 1371 1373 1374
g discs
usemtl discs
v 655.423478 346.107402 -20.000000
v 641.229349 352.820725 -20.000000
v 641.229349 352.820725 0.000000
v 655.423478 346.107402 0.000000
f 1375 1376 1377
f 1375 1377 1378
g discs
usemtl discs
v 641.229349 352.820725 -20.000000
v 626.445548 358.110454 -20.000000
v 626.445548 358.110454 0.000000
v 641.229349 352.820725 0.000000
f 1379 1380 1381
f 1379 1381 1382
g discs
usemtl discs
v 626.445548 358.110454 -20.000000
v 611.214452 361.925645 -20.000000
v 611.214452 361.925645 0.000000
v 626.445548 358.110454 0.000000
f 1383 1384 1385
f 1383 1385 1386
g discs
usemtl discs
v 611.214452 361.925645 -20.000000
v 595.682742 364.229556 -20.000000
v 595.682742 364.229556 0.000000
v 611.214452 361.925645 0.000000
f 1387 1388 1389
f 1387 1389 1390
g discs
usemtl discs
v 595.682742 364.229556 -20.000000
v 580.000000 365.000000 -20.000000
v 580.000000 365.000000 0.000000
v 595.682742 364.229556 0.000000
f 1391 1392 1393
f 1391 1393 1394
g discs
usemtl discs
v 580.000000 365.000000 -20.000000
v 564.317258 364.229556 -20.000000
v 564.317258 364.229556 0.000000
v 580.000000 365.000000 0.000000
f 1395 1396 1397
f 1395 1397 1398
g discs
usemtl discs
v 564.317258 364.229556 -20.000000
v 548.785548 361.925645 -20.000000
v 548.785548 361.925645 0.000000
v 564.317258 364.229556 0.000000
f 1399 1400 1401
f 1399 1401 1402
g discs
usemtl discs
v 548.785548 361.925645 -20.000000
v 533.554452 358.110454 -20.000000
v 533.554452 358.110454 0.000000
v 548.785548 361.925645 0.000000
f 1403 1404 1405
f 1403 1405 1406
g discs
usemtl discs
v 533.554452 358.110454 -20.000000
v 518.770651 352.820725 -20.000000
v 518.770651 352.820725 0.000000
v 533.554452 358.110454 0.000000
f 1407 1408 1409
f 1407 1409 1410
g discs
usemtl discs
v 518.770651 352.820725 -20.000000
v 504.576522 346.107402 -20.000000
v 504.576522 346.107402 0.000000
v 518.770651 352.820725 0.000000
f 1411 1412 1413
f 1411 1413 1414
g discs
usemtl discs
v 504.576522 346.107402 -20.000000
v 491.108763 338.035138 -20.000000
v 491.108763 338.035138 0.000000
v 504.576522 346.107402 0.000000
f 1415 1416 1417
f 1415 1417 1418
g discs
usemtl discs
v 491.108763 338.035138 -20.000000
v 478.497075 328.681673 -20.000000
v 478.497075 328.681673 0.000000
v 491.108763 338.035138 0.000000
f 1419 1420 1421
f 1419 1421 1422
g discs
usemtl discs
v 478.497075 328.681673 -20.000000
v 466.862915 318.137085 -20.000000
v 466.862915 318.137085 0.000000
v 478.497075 328.681673 0.000000
f 1423 1424 1425
f 1423 1425 1426
g discs
usemtl discs
v 466.862915 318.137085 -20.000000
v 456.318327 306.502925 -20.000000
v 456.318327 306.502925 0.000000
v 466.862915 318.137085 0.000000
f 1427 1428 1429
f 1427 1429 1430
g discs
usemtl discs
v 456.318327 306.502925 -20.000000
v 446.964862 293.891237 -20.000000
v 446.964862 293.891237 0.000000
v 456.318327 306.502925 0.000000
f 1431 1432 1433
f 1431 1433 1434
g discs
usemtl discs
v 446.964862 293.891237 -20.000000
v 438.892598 280.423478 -20.000000
v 438.892598 280.423478 0.000000
v 446.964862 293.891237 0.000000
f 1435 1436 1437
f 1435 1437 1438
g discs
usemtl discs
v 438.892598 280.423478 -20.000000
v 432.179275 266.229349 -20.000000
v 432.179275 266.229349 0.000000
v 438.892598 280.423478 0.000000
f 1439 1440 1441
f 1439 1441 1442
g discs
usemtl discs
v 432.179275 266.229349 -20.000000
v 426.889546 251.445548 -20.000000
v 426.889546 251.445548 0.000000
v 432.179275 266.229349 0.000000
f 1443 1444 1445
f 1443 1445 1446
g discs
usemtl discs
v 426.889546 251.445548 -20.000000
v 423.074355 236.214452 -20.000000
v 423.074355 236.214452 0.000000
v 426.889546 251.445548 0.000000
f 1447 1448 1449
f 1447 1449 1450
g discs
usemtl discs
v 423.074355 236.214452 -20.000000
v 420.770444 220.682742 -20.000000
v 420.770444 220.682742 0.000000
v 423.074355 236.214452 0.000000
f 1451 1452 1453
f 1451 1453 1454
g discs
usemtl discs
v 420.770444 220.682742 -20.000000
v 420.000000 205.000000 -20.000000
v 420.000000 205.000000 0.000000
v 420.770444 220.682742 0.000000
f 1455 1456 1457
f 1455 1457 1458
g discs
usemtl discs
v 420.000000 205.000000 -20.000000
v 420.770444 189.317258 -20.000000
v 420.770444 189.317258 0.000000
v 420.000000 205.000000 0.000000
f 1459 1460 1461
f 1459 1461 1462
g discs
usemtl discs
v 420.770444 189.317258 -20.000000
v 423.074355 173.785548 -20.000000
v 423.074355 173.785548 0.000000
v 420.770444 189.317258 0.000000
f 1463 1464 1465
f 1463 1465 1466
g discs
usemtl discs
v 423.074355 173.785548 -20.000000
v 426.889546 158.554452 -20.000000
v 426.889546 158.554452 0.000000
v 423.074355 173.785548 0.000000
f 1467 1468 1469
f 1467 1469 1470
g discs
usemtl discs
v 426.889546 158.554452 -20.000000
v 432.179275 143.770651 -20.000000
v 432.179275 143.770651 0.000000
v 426.889546 158.554452 0.000000
f 1471 1472 1473
f 1471 1473 1474
g discs
usemtl discs
v 432.179275 143.770651 -20.000000
v 438.892598 129.576522 -20.000000
v 438.892598 129.576522 0.000000
v 432.179275 143.770651 0.000000
f 1475 1476 1477
f 1475 1477 1478
g discs
usemtl discs
v 438.892598 129.576522 -20.000000
v 446.964862 116.108763 -20.000000
v 446.964862 116.108763 0.000000
v 438.892598 129.576522 0.000000
f 1479 1480 1481
f 1479 1481 1482
g discs
usemtl discs
v 446.964862 116.108763 -20.000000
v 456.318327 103.497075 -20.000000
v 456.318327 103.497075 0.000000
v 446.964862 116.108763 0.000000
f 1483 1484 1485
f 1483 1485 1486
g discs
usemtl discs
v 456.318327 103.497075 -20.000000
v 466.862915 91.862915 -20.000000
v 466.862915 91.862915 0.000000
v 456.318327 103.497075 0.000000
f 1487 1488 1489
f 1487 1489 1490
g discs
usemtl discs
v 466.862915 91.862915 -20.000000
v 478.497075 81.318327 -20.000000
v 478.497075 81.318327 0.000000
v 466.862915 91.862915 0.000000
f 1491 1492 1493
f 1491 1493 1494
g discs
usemtl discs
v 478.497075 81.318327 -20.000000
v 491.108763 71.964862 -20.000000
v 491.108763 71.964862 0.000000
v 478.497075 81.318327 0.000000
f 1495 1496 1497
f 1495 1497 1498
g discs
usemtl discs
v 491.108763 71.964862 -20.000000
v 504.576522 63.892598 -20.000000
v 504.576522 63.892598 0.000000
v 491.108763 71.964862 0.000000
f 1499 1500 1501
f 1499 1501 1502
g discs
usemtl discs
v 504.576522 63.892598 -20.000000
v 518.770651 57.179275 -20.000000
v 518.770651 57.179275 0.000000
v 504.576522 63.892598 0.000000
f 1503 1504 1505
f 1503 1505 1506
g discs
usemtl discs
v 518.770651 57.179275 -20.000000
v 533.554452 51.889546 -20.000000
v 533.554452 51.889546 0.000000
v 518.770651 57.179275 0.000000
f 1507 1508 1509
f 1507 1509 1510
g discs
usemtl discs
v 533.554452 51.889546 -20.000000
v 548.785548 48.074355 -20.000000
v 548.785548 48.074355 0.000000
v 533.554452 51.889546 0.000000
f 1511 1512 1513
f 1511 1513 1514
g discs
usemtl discs
v 548.785548 48.074355 -20.000000
v 564.317258 45.770444 -20.000000
v 564.317258 45.770444 0.000000
v 548.785548 48.074355 0.000000
f 1515 1516 1517
f 1515 1517 1518
g discs
usemtl discs
v 564.317258 45.770444 -20.000000
v 580.000000 45.000000 -20.000000
v 580.000000 45.000000 0.000000
v 564.317258 45.770444 0.000000
f 1519 1520 1521
f 1519 1521 1522
g discs
usemtl discs
v 580.000000 45.000000 -20.000000
v 595.682742 45.770444 -20.000000
v 595.682742 45.770444 0.000000
v 580.000000 45.000000 0.000000
f 1523 1524 1525
f 1523 1525 1526
g discs
usemtl discs
v 595.682742 45.770444 -20.000000
v 611.214452 48.074355 -20.000000
v 611.214452 48.074355 0.000000
v 595.682742 45.770444 0.000000
f 1527 1528 1529
f 1527 1529 1530
g discs
usemtl discs
v 611.214452 48.074355 -20.000000
v 626.445548 51.889546 -20.000000
v 626.445548 51.889546 0.000000
v 611.214452 48.074355 0.000000
f 1531 1532 1533
f 1531 1533 1534
g discs
usemtl discs
v 626.445548 51.889546 -20.000000
v 641.229349 57.179275 -20.000000
v 641.229349 57.179275 0.000000
v 626.445548 51.889546 0.000000
f 1535 1536 1537
f 1535 1537 1538
g discs
usemtl discs
v 641.229349 57.179275 -20.000000
v 655.423478 63.892598 -20.000000
v 655.423478 63.892598 0.000000
v 641.229349 57.179275 0.000000
f 1539 1540 1541
f 1539 1541 1542
g discs
usemtl discs
v 655.423478 63.892598 -20.000000
v 668.891237 71.964862 -20.000000
v 668.891237 71.964862 0.000000
v 655.423478 63.892598 0.000000
f 1543 1544 1545
f 1543 1545 1546
g discs
usemtl discs
v 668.891237 71.964862 -20.000000
v 681.502925 81.318327 -20.000000
v 681.502925 81.318327 0.000000
v 668.891237 71.964862 0.000000
f 1547 1548 1549
f 1547 1549 1550
g discs
usemtl discs
v 681.502925 81.318327 -20.000000
v 693.137085 91.862915 -20.000000
v 693.137085 91.862915 0.000000
v 681.502925 81.318327 0.000000
f 1551 1552 1553
f 1551 1553 1554
g discs
usemtl discs
v 693.137085 91.862915 -20.000000
v 703.681673 103.497075 -20.000000
v 703.681673 103.497075 0.000000
v 693.137085 91.862915 0.000000
f 1555 1556 1557
f 1555 1557 1558
g discs
usemtl discs
v 703.681673 103.497075 -20.000000
v 713.035138 116.108763 -20.000000
v 713.035138 116.108763 0.000000
v 703.681673 103.497075 0.000000
f 1559 1560 1561
f 1559 1561 1562
g discs
usemtl discs
v 713.035138 116.108763 -20.000000
v 721.107402 129.576522 -20.000000
v 721.107402 129.576522 0.000000
v 713.035138 116.108763 0.000000
f 1563 1564 1565
f 1563 1565 1566
g discs
usemtl discs
v 721.107402 129.576522 -20.000000
v 727.820725 143.770651 -20.000000
v 727.820725 143.770651 0.000000
v 721.107402 129.576522 0.000000
f 1567 1568 1569
f 1567 1569 1570
g discs
usemtl discs
v 727.820725 143.770651 -20.000000
v 733.110454 158.554452 -20.000000
v 733.110454 158.554452 0.000000
v 727.820725 143.770651 0.000000
f 1571 1572 1573
f 1571 1573 1574
g discs
usemtl discs
v 733.110454 158.554452 -20.000000
v 736.925645 173.785548 -20.000000
v 736.925645 173.785548 0.000000
v 733.110454 158.554452 0.000000
f 1575 1576 1577
f 1575 1577 1578
g discs
usemtl discs
v 736.925645 173.785548 -20.000000
v 739.229556 189.317258 -20.000000
v 739.229556 189.317258 0.000000
v 736.925645 173.785548 0.000000
f 1579 1580 1581
f 1579 1581 1582
g discs
usemtl discs
v 739.229556 189.317258 -20.000000
v 740.000000 205.000000 -20.000000
v 740.000000 205.000000 0.000000
v 739.229556 189.317258 0.000000
f 1583 1584 1585
f 1583 1585 1586
g discs
usemtl discs
v 739.229556 189.317258 -20.000000
v 736.925645 173.785548 -20.000000
v 733.110454 158.554452 -20.000000
v 727.820725 143.770651 -20.000000
v 721.107402 129.576522 -20.000000
v 713.035138 116.108763 -20.000000
v 703.681673 103.497075 -20.000000
v 693.137085 91.862915 -20.000000
v 681.502925 81.318327 -20.000000
v 668.891237 71.964862 -20.000000
v 655.423478 63.892598 -20.000000
v 641.229349 57.179275 -20.000000
v 626.445548 51.889546 -20.000000
v 611.214452 48.074355 -20.000000
v 595.682742 45.770444 -20.000000
v 580.000000 45.000000 -20.000000
v 564.317258 45.770444 -20.000000
v 548.785548 48.074355 -20.000000
v 533.554452 51.889546 -20.000000
v 518.770651 57.179275 -20.000000
v 504.576522 63.892598 -20.000000
v 491.108763 71.964862 -20.000000
v 478.497075 81.318327 -20.000000
v 466.862915 91.862915 -20.000000
v 456.318327 103.497075 -20.000000
v 446.964862 116.108763 -20.000000
v 438.892598 129.576522 -20.000000
v 432.179275 143.770651 -20.000000
v 426.889546 158.554452 -20.000000
v 423.074355 173.785548 -20.000000
v 420.770444 189.317258 -20.000000
v 420.000000 205.000000 -20.000000
v 420.770444 220.682742 -20.000000
v 423.074355 236.214452 -20.000000
v 426.889546 251.445548 -20.000000
v 432.179275 266.229349 -20.000000
v 438.892598 280.423478 -20.000000
v 446.964862 293.891237 -20.000000
v 456.318327 306.502925 -20.000000
v 466.862915 318.137085 -20.000000
v 478.497075 328.681673 -20.000000
v 491.108763 338.035138 -20.000000
v 504.576522 346.107402 -20.000000
v 518.770651 352.820725 -20.000000
v 533.554452 358.110454 -20.000000
v 548.785548 361.925645 -20.000000
v 564.317258 364.229556 -20.000000
v 580.000000 365.000000 -20.000000
v 595.682742 364.229556 -20.000000
v 611.214452 361.925645 -20.000000
v 626.445548 358.110454 -20.000000
v 641.229349 352.820725 -20.000000
v 655.423478 346.107402 -20.000000
v 668.891237 338.035138 -20.000000
v 681.502925 328.681673 -20.000000
v 693.137085 318.137085 -20.000000
v 703.681673 306.502925 -20.000000
v 713.035138 293.891237 -20.000000
v 721.107402 280.423478 -20.000000
v 727.820725 266.229349 -20.000000
v 733.110454 251.445548 -20.000000
v 736.925645 236.214452 -20.000000
v 739.229556 220.682742 -20.000000
v 740.000000 205.000000 -20.000000
f 1587 1588 1589
f 1587 1589 1590
f 1587 1590 1591
f 1587 1591 1592
f 1587 1592 1593
f 1587 1593 1594
f 1587 1594 1595
f 1587 1595 1596
f 1587 1596 1597
f 1587 1597 1598
f 1587 1598 1599
f 1587 1599 1600
f 1587 1600 1601
f 1587 1601 1602
f 1587 1602 1603
f 1587 1603 1604
f 1587 1604 1605
f 1587 1605 1606
f 1587 1606 1607
f 1587 1607 1608
f 1587 1608 1609
f 1587 1609 1610
f 1587 1610 1611
f 1587 1611 1612
f 1587 1612 1613
f 1587 1613 1614
f 1587 1614 1615
f 1587 1615 1616
f 1587 1616 1617
f 1587 1617 1618
f 1587 1618 1619
f 1587 1619 1620
f 1587 1620 1621
f 1587 1621 1622
f 1587 1622 1623
f 1587 1623 1624
f 1587 1624 1625
f 1587 1625 1626
f 1587 1626 1627
f 1587 1627 1628
f 1587 1628 1629
f 1587 1629 1630
f 1587 1630 1631
f 1587 1631 1632
f 1587 1632 1633
f 1587 1633 1634
f 1587 1634 1635
f 1587 1635 1636
f 1587 1636 1637
f 1587 1637 1638
f 1587 1638 1639
f 1587 1639 1640
f 1587 1640 1641
f 1587 1641 1642
f 1587 1642 1643
f 1587 1643 1644
f 1587 1644 1645
f 1587 1645 1646
f 1587 1646 1647
f 1587 1647 1648
f 1587 1648 1649
f 1587 1649 1650
g discs
usemtl discs
v 740.000000 205.000000 0.000000
v 739.229556 220.682742 0.000000
v 736.925645 236.214452 0.000000
v 733.110454 251.445548 0.000000
v 727.820725 266.229349 0.000000
v 721.107402 280.423478 0.000000
v 713.035138 293.891237 0.000000
v 703.681673 306.502925 0.000000
v 693.137085 318.137085 0.000000
v 681.502925 328.681673 0.000000
v 668.891237 338.035138 0.000000
v 655.423478 346.107402 0.000000
v 641.229349 352.820725 0.000000
v 626.445548 358.110454 0.000000
v 611.214452 361.925645 0.000000
v 595.682742 364.229556 0.000000
v 580.000000 365.000000 0.000000
v 564.317258 364.229556 0.000000
v 548.785548 361.925645 0.000000
v 533.554452 358.110454 0.000000
v 518.770651 352.820725 0.000000
v 504.576522 346.107402 0.000000
v 491.108763 338.035138 0.000000
v 478.497075 328.681673 0.000000
v 466.862915 318.137085 0.000000
v 456.318327 306.502925 0.000000
v 446.964862 293.891237 0.000000
v 438.892598 280.423478 0.000000
v 432.179275 266.229349 0.000000
v 426.889546 251.445548 0.000000
v 423.074355 236.214452 0.000000
v 420.770444 220.682742 0.000000
v 420.000000 205.000000 0.000000
v 420.770444 189.317258 0.000000
v 423.074355 173.785548 0.000000
v 426.889546 158.554452 0.000000
v 432.179275 143.770651 0.000000
v 438.892598 129.576522 0.000000
v 446.964862 116.108763 0.000000
v 456.318327 103.497075 0.000000
v 466.862915 91.862915 0.000000
v 478.497075 81.318327 0.000000
v 491.108763 71.964862 0.000000
v 504.576522 63.892598 0.000000
v 518.770651 57.179275 0.000000
v 533.554452 51.889546 0.000000
v 548.785548 48.074355 0.000000
v 564.317258 45.770444 0.000000
v 580.000000 45.000000 0.000000
v 595.682742 45.770444 0.000000
v 611.214452 48.074355 0.000000
v 626.445548 51.889546 0.000000
v 641.229349 57.179275 0.000000
v 655.423478 63.892598 0.000000
v 668.891237 71.964862 0.000000
v 681.502925 81.318327 0.000000
v 693.137085 91.862915 0.000000
v 703.681673 103.497075 0.000000
v 713.035138 116.108763 0.000000
v 721.107402 129.576522 0.000000
v 727.820725 143.770651 0.000000
v 733.110454 158.554452 0.000000
v 736.925645 173.785548 0.000000
v 739.229556 189.317258 0.000000
f 1651 1652 1653
f 1651 1653 1654
f 1651 1654 1655
f 1651 1655 1656
f 1651 1656 1657
f 1651 1657 1658
f 1651 1658 1659
f 1651 1659 1660
f 1651 1660 1661
f 1651 1661 1662
f 1651 1662 1663
f 1651 1663 1664
f 1651 1664 1665
f 1651 1665 1666
f 1651 1666 1667
f 1651 1667 1668
f 1651 1668 1669
f 1651 1669 1670
f 1651 1670 1671
f 1651 1671 1672
f 1651 1672 1673
f 1651 1673 1674
f 1651 1674 1675
f 1651 1675 1676
f 1651 1676 1677
f 1651 1677 1678
f 1651 1678 1679
f 1651 1679 1680
f 1651 1680 1681
f 1651 1681 1682
f 1651 1682 1683
f 1651 1683 1684
f 1651 1684 1685
f 1651 1685 1686
f 1651 1686 1687
f 1651 1687 1688
f 1651 1688 1689
f 1651 1689 1690
f 1651 1690 1691
f 1651 1691 1692
f 1651 1692 1693
f 1651 1693 1694
f 1651 1694 1695
f 1651 1695 1696
f 1651 1696 1697
f 1651 1697 1698
f 1651 1698 1699
f 1651 1699 1700
f 1651 1700 1701
f 1651 1701 1702
f 1651 1702 1703
f 1651 1703 1704
f 1651 1704 1705
f 1651 1705 1706
f 1651 1706 1707
f 1651 1707 1708
f 1651 1708 1709
f 1651 1709 1710
f 1651 1710 1711
f 1651 1711 1712
f 1651 1712 1713
f 1651 1713 1714
g underfloor
usemtl underfloor
v 740.000000 205.000000 -70.000000
v 736.925645 236.214452 -70.000000
v 736.925645 236.214452 -20.000000
v 740.000000 205.000000 -20.000000
f 1715 1716 1717
f 1715 1717 1718
g underfloor
usemtl underfloor
v 736.925645 236.214452 -70.000000
v 727.820725 266.229349 -70.000000
v 727.820725 266.229349 -20.000000
v 736.925645 236.214452 -20.000000
f 1719 1720 1721
f 1719 1721 1722
g underfloor
usemtl underfloor
v 727.820725 266.229349 -70.000000
v 713.035138 293.891237 -70.000000
v 713.035138 293.891237 -20.000000
v 727.820725 266.229349 -20.000000
f 1723 1724 1725
f 1723 1725 1726
g underfloor
usemtl underfloor
v 713.035138 293.891237 -70.000000
v 693.137085 318.137085 -70.000000
v 693.137085 318.137085 -20.000000
v 713.035138 293.891237 -20.000000
f 1727 1728 1729
f 1727 1729 1730
g underfloor
usemtl underfloor
v 693.137085 318.137085 -70.000000
v 668.891237 338.035138 -70.000000
v 668.891237 338.035138 -20.000000
v 693.137085 318.137085 -20.000000
f 1731 1732 1733
f 1731 1733 1734
g underfloor
usemtl underfloor
v 668.891237 338.035138 -70.000000
v 641.229349 352.820725 -70.000000
v 641.229349 352.820725 -20.000000
v 668.891237 338.035138 -20.000000
f 1735 1736 1737
f 1735 1737 1738
g underfloor
usemtl underfloor
v 641.229349 352.820725 -70.000000
v 611.214452 361.925645 -70.000000
v 611.214452 361.925645 -20.000000
v 641.229349 352.820725 -20.000000
f 1739 1740 1741
f 1739 1741 1742
g underfloor
usemtl underfloor
v 611.214452 361.925645 -70.000000
v 580.000000 365.000000 -70.000000
v 580.000000 365.000000 -20.000000
v 611.214452 361.925645 -20.000000
f 1743 1744 1745
f 1743 1745 1746
g underfloor
usemtl underfloor
v 580.000000 365.000000 -70.000000
v 548.785548 361.925645 -70.000000
v 548.785548 361.925645 -20.000000
v 580.000000 365.000000 -20.000000
f 1747 1748 1749
f 1747 1749 1750
g underfloor
usemtl underfloor
v 548.785548 361.925645 -70.000000
v 518.770651 352.820725 -70.000000
v 518.770651 352.820725 -20.000000
v 548.785548 361.925645 -20.000000
f 1751 1752 1753
f 1751 1753 1754
g underfloor
usemtl underfloor
v 518.770651 352.820725 -70.000000
v 491.108763 338.035138 -70.000000
v 491.108763 338.035138 -20.000000
v 518.770651 352.820725 -20.000000
f 1755 1756 1757
f 1755 1757 1758
g underfloor
usemtl underfloor
v 491.108763 338.035138 -70.000000
v 466.862915 318.137085 -70.000000
v 466.862915 318.137085 -20.000000
v 491.108763 338.035138 -20.000000
f 1759 1760 1761
f 1759 1761 1762
g underfloor
usemtl underfloor
v 466.862915 318.137085 -70.000000
v 446.964862 293.891237 -70.000000
v 446.964862 293.891237 -20.000000
v 466.862915 318.137085 -20.000000
f 1763 1764 1765
f 1763 1765 1766
g underfloor
usemtl underfloor
v 446.964862 293.891237 -70.000000
v 432.179275 266.229349 -70.000000
v 432.179275 266.229349 -20.000000
v 446.964862 293.891237 -20.000000
f 1767 1768 1769
f 1767 1769 1770
g underfloor
usemtl underfloor
v 432.179275 266.229349 -70.000000
v 423.074355 236.214452 -70.000000
v 423.074355 236.214452 -20.000000
v 432.179275 266.229349 -20.000000
f 1771 1772 1773
f 1771 1773 1774
g underfloor
usemtl underfloor
v 423.074355 236.214452 -70.000000
v 420.000000 205.000000 -70.000000
v 420.000000 205.000000 -20.000000
v 423.074355 236.214452 -20.000000
f 1775 1776 1777
f 1775 1777 1778
g underfloor
usemtl underfloor
v 420.000000 205.000000 -70.000000
v 423.074355 173.785548 -70.000000
v 423.074355 173.785548 -20.000000
v 420.000000 205.000000 -20.000000
f 1779 1780 1781
f 1779 1781 1782
g underfloor
usemtl underfloor
v 423.074355 173.785548 -70.000000
v 432.179275 143.770651 -70.000000
v 432.179275 143.770651 -20.000000
v 423.074355 173.785548 -20.000000
f 1783 1784 1785
f 1783 1785 1786
g underfloor
usemtl underfloor
v 432.179275 143.770651 -70.000000
v 446.964862 116.108763 -70.000000
v 446.964862 116.108763 -20.000000
v 432.179275 143.770651 -20.000000
f 1787 1788 1789
f 1787 1789 1790
g underfloor
usemtl underfloor
v 446.964862 116.108763 -70.000000
v 466.862915 91.862915 -70.000000
v 466.862915 91.862915 -20.000000
v 446.964862 116.108763 -20.000000
f 1791 1792 1793
f 1791 1793 1794
g underfloor
usemtl underfloor
v 466.862915 91.862915 -70.000000
v 491.108763 71.964862 -70.000000
v 491.108763 71.964862 -20.000000
v 466.862915 91.862915 -20.000000
f 1795 1796 1797
f 1795 1797 1798
g underfloor
usemtl underfloor
v 491.108763 71.964862 -70.000000
v 518.770651 57.179275 -70.000000
v 518.770651 57.179275 -20.000000
v 491.108763 71.964862 -20.000000
f 1799 1800 1801
f 1799 1801 1802
g underfloor
usemtl underfloor
v 518.770651 57.179275 -70.000000
v 548.785548 48.074355 -70.000000
v 548.785548 48.074355 -20.000000
v 518.770651 57.179275 -20.000000
f 1803 1804 1805
f 1803 1805 1806
g underfloor
usemtl underfloor
v 548.785548 48.074355 -70.000000
v 580.000000 45.000000 -70.000000
v 580.000000 45.000000 -20.000000
v 548.785548 48.074355 -20.000000
f 1807 1808 1809
f 1807 1809 1810
g underfloor
usemtl underfloor
v 580.000000 45.000000 -70.000000
v 611.214452 48.074355 -70.000000
v 611.214452 48.074355 -20.000000
v 580.000000 45.000000 -20.000000
f 1811 1812 1813
f 1811 1813 1814
g underfloor
usemtl underfloor
v 611.214452 48.074355 -70.000000
v 641.229349 57.179275 -70.000000
v 641.229349 57.179275 -20.000000
v 611.214452 48.074355 -20.000000
f 1815 1816 1817
f 1815 1817 1818
g underfloor
usemtl underfloor
v 641.229349 57.179275 -70.000000
v 668.891237 71.964862 -70.000000
v 668.891237 71.964862 -20.000000
v 641.229349 57.179275 -20.000000
f 1819 1820 1821
f 1819 1821 1822
g underfloor
usemtl underfloor
v 668.891237 71.964862 -70.000000
v 693.137085 91.862915 -70.000000
v 693.137085 91.862915 -20.000000
v 668.891237 71.964862 -20.000000
f 1823 1824 1825
f 1823 1825 1826
g underfloor
usemtl underfloor
v 693.137085 91.862915 -70.000000
v 713.035138 116.108763 -70.000000
v 713.035138 116.108763 -20.000000
v 693.137085 91.862915 -20.000000
f 1827 1828 1829
f 1827 1829 1830
g underfloor
usemtl underfloor
v 713.035138 116.108763 -70.000000
v 727.820725 143.770651 -70.000000
v 727.820725 143.770651 -20.000000
v 713.035138 116.108763 -20.000000
f 1831 1832 1833
f 1831 1833 1834
g underfloor
usemtl underfloor
v 727.820725 143.770651 -70.000000
v 736.925645 173.785548 -70.000000
v 736.925645 173.785548 -20.000000
v 727.820725 143.770651 -20.000000
f 1835 1836 1837
f 1835 1837 1838
g underfloor
usemtl underfloor
v 736.925645 173.785548 -70.000000
v 740.000000 205.000000 -70.000000
v 740.000000 205.000000 -20.000000
v 736.925645 173.785548 -20.000000
f 1839 1840 1841
f 1839 1841 1842
g underfloor
usemtl underfloor
v 736.925645 173.785548 -70.000000
v 727.820725 143.770651 -70.000000
v 713.035138 116.108763 -70.000000
v 693.137085 91.862915 -70.000000
v 668.891237 71.964862 -70.000000
v 641.229349 57.179275 -70.000000
v 611.214452 48.074355 -70.000000
v 580.000000 45.000000 -70.000000
v 548.785548 48.074355 -70.000000
v 518.770651 57.179275 -70.000000
v 491.108763 71.964862 -70.000000
v 466.862915 91.862915 -70.000000
v 446.964862 116.108763 -70.000000
v 432.179275 143.770651 -70.000000
v 423.074355 173.785548 -70.000000
v 420.000000 205.000000 -70.000000
v 423.074355 236.214452 -70.000000
v 432.179275 266.229349 -70.000000
v 446.964862 293.891237 -70.000000
v 466.862915 318.137085 -70.000000
v 491.108763 338.035138 -70.000000
v 518.770651 352.820725 -70.000000
v 548.785548 361.925645 -70.000000
v 580.000000 365.000000 -70.000000
v 611.214452 361.925645 -70.000000
v 641.229349 352.820725 -70.000000
v 668.891237 338.035138 -70.000000
v 693.137085 318.137085 -70.000000
v 713.035138 293.891237 -70.000000
v 727.820725 266.229349 -70.000000
v 736.925645 236.214452 -70.000000
v 740.000000 205.000000 -70.000000
f 1843 1844 1845
f 1843 1845 1846
f 1843 1846 1847
f 1843 1847 1848
f 1843 1848 1849
f 1843 1849 1850
f 1843 1850 1851
f 1843 1851 1852
f 1843 1852 1853
f 1843 1853 1854
f 1843 1854 1855
f 1843 1855 1856
f 1843 1856 1857
f 1843 1857 1858
f 1843 1858 1859
f 1843 1859 1860
f 1843 1860 1861
f 1843 1861 1862
f 1843 1862 1863
f 1843 1863 1864
f 1843 1864 1865
f 1843 1865 1866
f 1843 1866 1867
f 1843 1867 1868
f 1843 1868 1869
f 1843 1869 1870
f 1843 1870 1871
f 1843 1871 1872
f 1843 1872 1873
f 1843 1873 1874
g underfloor
usemtl underfloor
v 740.000000 205.000000 -20.000000
v 736.925645 236.214452 -20.000000
v 727.820725 266.229349 -20.000000
v 713.035138 293.891237 -20.000000
v 693.137085 318.137085 -20.000000
v 668.891237 338.035138 -20.000000
v 641.229349 352.820725 -20.000000
v 611.214452 361.925645 -20.000000
v 580.000000 365.000000 -20.000000
v 548.785548 361.925645 -20.000000
v 518.770651 352.820725 -20.000000
v 491.108763 338.035138 -20.000000
v 466.862915 318.137085 -20.000000
v 446.964862 293.891237 -20.000000
v 432.179275 266.229349 -20.000000
v 423.074355 236.214452 -20.000000
v 420.000000 205.000000 -20.000000
v 423.074355 173.785548 -20.000000
v 432.179275 143.770651 -20.000000
v 446.964862 116.108763 -20.000000
v 466.862915 91.862915 -20.000000
v 491.108763 71.964862 -20.000000
v 518.770651 57.179275 -20.000000
v 548.785548 48.074355 -20.000000
v 580.000000 45.000000 -20.000000
v 611.214452 48.074355 -20.000000
v 641.229349 57.179275 -20.000000
v 668.891237 71.964862 -20.000000
v 693.137085 91.862915 -20.000000
v 713.035138 116.108763 -20.000000
v 727.820725 143.770651 -20.000000
v 736.925645 173.785548 -20.000000
f 1875 1876 1877
f 1875 1877 1878
f 1875 1878 1879
f 1875 1879 1880
f 1875 1880 1881
f 1875 1881 1882
f 1875 1882 1883
f 1875 1883 1884
f 1875 1884 1885
f 1875 1885 1886
f 1875 1886 1887
f 1875 1887 1888
f 1875 1888 1889
f 1875 1889 1890
f 1875 1890 1891
f 1875 1891 1892
f 1875 1892 1893
f 1875 1893 1894
f 1875 1894 1895
f 1875 1895 1896
f 1875 1896 1897
f 1875 1897 1898
f 1875 1898 1899
f 1875 1899 1900
f 1875 1900 1901
f 1875 1901 1902
f 1875 1902 1903
f 1875 1903 1904
f 1875 1904 1905
f 1875 1905 1906
g mechanisms
usemtl mechanisms
v 510.000000 275.000000 -191.500000
v 650.000000 275.000000 -191.500000
v 650.000000 135.000000 -191.500000
v 510.000000 135.000000 -191.500000
f 1907 1908 1909
f 1907 1909 1910
g mechanisms
usemtl mechanisms
v 510.000000 135.000000 -91.500000
v 650.000000 135.000000 -91.500000
v 650.000000 275.000000 -91.500000
v 510.000000 275.000000 -91.500000
f 1911 1912 1913
f 1911 1913 1914
g mechanisms
usemtl mechanisms
v 510.000000 135.000000 -191.500000
v 650.000000 135.000000 -191.500000
v 650.000000 135.000000 -91.500000
v 510.000000 135.000000 -91.500000
f 1915 1916 1917
f 1915 1917 1918
g mechanisms
usemtl mechanisms
v 650.000000 135.000000 -191.500000
v 650.000000 275.000000 -191.500000
v 650.000000 275.000000 -91.500000
v 650.000000 135.000000 -91.500000
f 1919 1920 1921
f 1919 1921 1922
g mechanisms
usemtl mechanisms
v 650.000000 275.000000 -191.500000
v 510.000000 275.000000 -191.500000
v 510.000000 275.000000 -91.500000
v 650.000000 275.000000 -91.500000
f 1923 1924 1925
f 1923 1925 1926
g mechanisms
usemtl mechanisms
v 510.000000 275.000000 -191.500000
v 510.000000 135.000000 -191.500000
v 510.000000 135.000000 -91.500000
v 510.000000 275.000000 -91.500000
f 1927 1928 1929
f 1927 1929 1930
g mechanisms
usemtl mechanisms
v 587.000000 205.000000 -91.500000
v 586.062178 208.500000 -91.500000
v 586.062178 208.500000 -70.000000
v 587.000000 205.000000 -70.000000
f 1931 1932 1933
f 1931 1933 1934
g mechanisms
usemtl mechanisms
v 586.062178 208.500000 -91.500000
v 583.500000 211.062178 -91.500000
v 583.500000 211.062178 -70.000000
v 586.062178 208.500000 -70.000000
f 1935 1936 1937
f 1935 1937 1938
g mechanisms
usemtl mechanisms
v 583.500000 211.062178 -91.500000
v 580.000000 212.000000 -91.500000
v 580.000000 212.000000 -70.000000
v 583.500000 211.062178 -70.000000
f 1939 1940 1941
f 1939 1941 1942
g mechanisms
usemtl mechanisms
v 580.000000 212.000000 -91.500000
v 576.500000 211.062178 -91.500000
v 576.500000 211.062178 -70.000000
v 580.000000 212.000000 -70.000000
f 1943 1944 1945
f 1943 1945 1946
g mechanisms
usemtl mechanisms
v 576.500000 211.062178 -91.500000
v 573.937822 208.500000 -91.500000
v 573.937822 208.500000 -70.000000
v 576.500000 211.062178 -70.000000
f 1947 1948 1949
f 1947 1949 1950
g mechanisms
usemtl mechanisms
v 573.937822 208.500000 -91.500000
v 573.000000 205.000000 -91.500000
v 573.000000 205.000000 -70.000000
v 573.937822 208.500000 -70.000000
f 1951 1952 1953
f 1951 1953 1954
g mechanisms
usemtl mechanisms
v 573.000000 205.000000 -91.500000
v 573.937822 201.500000 -91.500000
v 573.937822 201.500000 -70.000000
v 573.000000 205.000000 -70.000000
f 1955 1956 1957
f 1955 1957 1958
g mechanisms
usemtl mechanisms
v 573.937822 201.500000 -91.500000
v 576.500000 198.937822 -91.500000
v 576.500000 198.937822 -70.000000
v 573.937822 201.500000 -70.000000
f 1959 1960 1961
f 1959 1961 1962
g mechanisms
usemtl mechanisms
v 576.500000 198.937822 -91.500000
v 580.000000 198.000000 -91.500000
v 580.000000 198.000000 -70.000000
v 576.500000 198.937822 -70.000000
f 1963 1964 1965
f 1963 1965 1966
g mechanisms
usemtl mechanisms
v 580.000000 198.000000 -91.500000
v 583.500000 198.937822 -91.500000
v 583.500000 198.937822 -70.000000
v 580.000000 198.000000 -70.000000
f 1967 1968 1969
f 1967 1969 1970
g mechanisms
usemtl mechanisms
v 583.500000 198.937822 -91.500000
v 586.062178 201.500000 -91.500000
v 586.062178 201.500000 -70.000000
v 583.500000 198.937822 -70.000000
f 1971 1972 1973
f 1971 1973 1974
g mechanisms
usemtl mechanisms
v 586.062178 201.500000 -91.500000
v 587.000000 205.000000 -91.500000
v 587.000000 205.000000 -70.000000
v 586.062178 201.500000 -70.000000
f 1975 1976 1977
f 1975 1977 1978
g mechanisms
usemtl mechanisms
v 586.062178 201.500000 -91.500000
v 583.500000 198.937822 -91.500000
v 580.000000 198.000000 -91.500000
v 576.500000 198.937822 -91.500000
v 573.937822 201.500000 -91.500000
v 573.000000 205.000000 -91.500000
v 573.937822 208.500000 -91.500000
v 576.500000 211.062178 -91.500000
v 580.000000 212.000000 -91.500000
v 583.500000 211.062178 -91.500000
v 586.062178 208.500000 -91.500000
v 587.000000 205.000000 -91.500000
f 1979 1980 1981
f 1979 1981 1982
f 1979 1982 1983
f 1979 1983 1984
f 1979 1984 1985
f 1979 1985 1986
f 1979 1986 1987
f 1979 1987 1988
f 1979 1988 1989
f 1979 1989 1990
g mechanisms
usemtl mechanisms
v 587.000000 205.000000 -70.000000
v 586.062178 208.500000 -70.000000
v 583.500000 211.062178 -70.000000
v 580.000000 212.000000 -70.000000
v 576.500000 211.062178 -70.000000
v 573.937822 208.500000 -70.000000
v 573.000000 205.000000 -70.000000
v 573.937822 201.500000 -70.000000
v 576.500000 198.937822 -70.000000
v 580.000000 198.000000 -70.000000
v 583.500000 198.937822 -70.000000
v 586.062178 201.500000 -70.000000
f 1991 1992 1993
f 1991 1993 1994
f 1991 1994 1995
f 1991 1995 1996
f 1991 1996 1997
f 1991 1997 1998
f 1991 1998 1999
f 1991 1999 2000
f 1991 2000 2001
f 1991 2001 2002
g floor
usemtl floor
v 741.000000 0.000000 0.000000
v 790.000000 0.000000 0.000000
v 790.000000 410.000000 0.000000
v 741.000000 410.000000 0.000000
f 2003 2004 2005
f 2003 2005 2006
g hearth
usemtl hearth
v 0.000000 410.000000 0.000000
v 790.000000 410.000000 0.000000
v 650.000000 660.000000 0.000000
v 140.000000 660.000000 0.000000
f 2007 2008 2009
f 2007 2009 2010
g hot_walls
usemtl hot_walls
v 790.000000 -80.000000 0.000000
v 790.000000 410.000000 0.000000
v 790.000000 410.000000 190.000000
v 790.000000 -80.000000 190.000000
f 2011 2012 2013
f 2011 2013 2014
g hot_walls
usemtl hot_walls
v 790.000000 410.000000 0.000000
v 650.000000 660.000000 0.000000
v 650.000000 660.000000 190.000000
v 790.000000 410.000000 190.000000
f 2015 2016 2017
f 2015 2017 2018
g hot_walls
usemtl hot_walls
v 650.000000 660.000000 0.000000
v 140.000000 660.000000 0.000000
v 140.000000 660.000000 190.000000
v 650.000000 660.000000 190.000000
f 2019 2020 2021
f 2019 2021 2022
g hot_walls
usemtl hot_walls
v 140.000000 660.000000 0.000000
v 0.000000 410.000000 0.000000
v 0.000000 410.000000 190.000000
v 140.000000 660.000000 190.000000
f 2023 2024 2025
f 2023 2025 2026
g hot_walls
usemtl hot_walls
v 0.000000 410.000000 0.000000
v 0.000000 -80.000000 0.000000
v 0.000000 -80.000000 190.000000
v 0.000000 410.000000 190.000000
f 2027 2028 2029
f 2027 2029 2030
g hot_roof
usemtl hot_roof
v 0.000000 -80.000000 190.000000
v 19.750000 -80.000000 198.775000
v 19.750000 0.000000 198.775000
v 0.000000 0.000000 190.000000
f 2031 2032 2033
f 2031 2033 2034
g hot_roof
usemtl hot_roof
v 19.750000 -80.000000 198.775000
v 39.500000 -80.000000 207.100000
v 39.500000 0.000000 207.100000
v 19.750000 0.000000 198.775000
f 2035 2036 2037
f 2035 2037 2038
g hot_roof
usemtl hot_roof
v 39.500000 -80.000000 207.100000
v 59.250000 -80.000000 214.975000
v 59.250000 0.000000 214.975000
v 39.500000 0.000000 207.100000
f 2039 2040 2041
f 2039 2041 2042
g hot_roof
usemtl hot_roof
v 59.250000 -80.000000 214.975000
v 79.000000 -80.000000 222.400000
v 79.000000 0.000000 222.400000
v 59.250000 0.000000 214.975000
f 2043 2044 2045
f 2043 2045 2046
g hot_roof
usemtl hot_roof
v 79.000000 -80.000000 222.400000
v 98.750000 -80.000000 229.375000
v 98.750000 0.000000 229.375000
v 79.000000 0.000000 222.400000
f 2047 2048 2049
f 2047 2049 2050
g hot_roof
usemtl hot_roof
v 98.750000 -80.000000 229.375000
v 118.500000 -80.000000 235.900000
v 118.500000 0.000000 235.900000
v 98.750000 0.000000 229.375000
f 2051 2052 2053
f 2051 2053 2054
g hot_roof
usemtl hot_roof
v 118.500000 -80.000000 235.900000
v 138.250000 -80.000000 241.975000
v 138.250000 0.000000 241.975000
v 118.500000 0.000000 235.900000
f 2055 2056 2057
f 2055 2057 2058
g hot_roof
usemtl hot_roof
v 138.250000 -80.000000 241.975000
v 158.000000 -80.000000 247.600000
v 158.000000 0.000000 247.600000
v 138.250000 0.000000 241.975000
f 2059 2060 2061
f 2059 2061 2062
g hot_roof
usemtl hot_roof
v 158.000000 -80.000000 247.600000
v 177.750000 -80.000000 252.775000
v 177.750000 0.000000 252.775000
v 158.000000 0.000000 247.600000
f 2063 2064 2065
f 2063 2065 2066
g hot_roof
usemtl hot_roof
v 177.750000 -80.000000 252.775000
v 197.500000 -80.000000 257.500000
v 197.500000 0.000000 257.500000
v 177.750000 0.000000 252.775000
f 2067 2068 2069
f 2067 2069 2070
g hot_roof
usemtl hot_roof
v 197.500000 -80.000000 257.500000
v 217.250000 -80.000000 261.775000
v 217.250000 0.000000 261.775000
v 197.500000 0.000000 257.500000
f 2071 2072 2073
f 2071 2073 2074
g hot_roof
usemtl hot_roof
v 217.250000 -80.000000 261.775000
v 237.000000 -80.000000 265.600000
v 237.000000 0.000000 265.600000
v 217.250000 0.000000 261.775000
f 2075 2076 2077
f 2075 2077 2078
g hot_roof
usemtl hot_roof
v 237.000000 -80.000000 265.600000
v 256.750000 -80.000000 268.975000
v 256.750000 0.000000 268.975000
v 237.000000 0.000000 265.600000
f 2079 2080 2081
f 2079 2081 2082
g hot_roof
usemtl hot_roof
v 256.750000 -80.000000 268.975000
v 276.500000 -80.000000 271.900000
v 276.500000 0.000000 271.900000
v 256.750000 0.000000 268.975000
f 2083 2084 2085
f 2083 2085 2086
g hot_roof
usemtl hot_roof
v 276.500000 -80.000000 271.900000
v 296.250000 -80.000000 274.375000
v 296.250000 0.000000 274.375000
v 276.500000 0.000000 271.900000
f 2087 2088 2089
f 2087 2089 2090
g hot_roof
usemtl hot_roof
v 296.250000 -80.000000 274.375000
v 316.000000 -80.000000 276.400000
v 316.000000 0.000000 276.400000
v 296.250000 0.000000 274.375000
f 2091 2092 2093
f 2091 2093 2094
g hot_roof
usemtl hot_roof
v 316.000000 -80.000000 276.400000
v 335.750000 -80.000000 277.975000
v 335.750000 0.000000 277.975000
v 316.000000 0.000000 276.400000
f 2095 2096 2097
f 2095 2097 2098
g hot_roof
usemtl hot_roof
v 335.750000 -80.000000 277.975000
v 355.500000 -80.000000 279.100000
v 355.500000 0.000000 279.100000
v 335.750000 0.000000 277.975000
f 2099 2100 2101
f 2099 2101 2102
g hot_roof
usemtl hot_roof
v 355.500000 -80.000000 279.100000
v 375.250000 -80.000000 279.775000
v 375.250000 0.000000 279.775000
v 355.500000 0.000000 279.100000
f 2103 2104 2105
f 2103 2105 2106
g hot_roof
usemtl hot_roof
v 375.250000 -80.000000 279.775000
v 395.000000 -80.000000 280.000000
v 395.000000 0.000000 280.000000
v 375.250000 0.000000 279.775000
f 2107 2108 2109
f 2107 2109 2110
g hot_roof
usemtl hot_roof
v 395.000000 -80.000000 280.000000
v 414.750000 -80.000000 279.775000
v 414.750000 0.000000 279.775000
v 395.000000 0.000000 280.000000
f 2111 2112 2113
f 2111 2113 2114
g hot_roof
usemtl hot_roof
v 414.750000 -80.000000 279.775000
v 434.500000 -80.000000 279.100000
v 434.500000 0.000000 279.100000
v 414.750000 0.000000 279.775000
f 2115 2116 2117
f 2115 2117 2118
g hot_roof
usemtl hot_roof
v 434.500000 -80.000000 279.100000
v 454.250000 -80.000000 277.975000
v 454.250000 0.000000 277.975000
v 434.500000 0.000000 279.100000
f 2119 2120 2121
f 2119 2121 2122
g hot_roof
usemtl hot_roof
v 454.250000 -80.000000 277.975000
v 474.000000 -80.000000 276.400000
v 474.000000 0.000000 276.400000
v 454.250000 0.000000 277.975000
f 2123 2124 2125
f 2123 2125 2126
g hot_roof
usemtl hot_roof
v 474.000000 -80.000000 276.400000
v 493.750000 -80.000000 274.375000
v 493.750000 0.000000 274.375000
v 474.000000 0.000000 276.400000
f 2127 2128 2129
f 2127 2129 2130
g hot_roof
usemtl hot_roof
v 493.750000 -80.000000 274.375000
v 513.500000 -80.000000 271.900000
v 513.500000 0.000000 271.900000
v 493.750000 0.000000 274.375000
f 2131 2132 2133
f 2131 2133 2134
g hot_roof
usemtl hot_roof
v 513.500000 -80.000000 271.900000
v 533.250000 -80.000000 268.975000
v 533.250000 0.000000 268.975000
v 513.500000 0.000000 271.900000
f 2135 2136 2137
f 2135 2137 2138
g hot_roof
usemtl hot_roof
v 533.250000 -80.000000 268.975000
v 553.000000 -80.000000 265.600000
v 553.000000 0.000000 265.600000
v 533.250000 0.000000 268.975000
f 2139 2140 2141
f 2139 2141 2142
g hot_roof
usemtl hot_roof
v 553.000000 -80.000000 265.600000
v 572.750000 -80.000000 261.775000
v 572.750000 0.000000 261.775000
v 553.000000 0.000000 265.600000
f 2143 2144 2145
f 2143 2145 2146
g hot_roof
usemtl hot_roof
v 572.750000 -80.000000 261.775000
v 592.500000 -80.000000 257.500000
v 592.500000 0.000000 257.500000
v 572.750000 0.000000 261.775000
f 2147 2148 2149
f 2147 2149 2150
g hot_roof
usemtl hot_roof
v 592.500000 -80.000000 257.500000
v 612.250000 -80.000000 252.775000
v 612.250000 0.000000 252.775000
v 592.500000 0.000000 257.500000
f 2151 2152 2153
f 2151 2153 2154
g hot_roof
usemtl hot_roof
v 612.250000 -80.000000 252.775000
v 632.000000 -80.000000 247.600000
v 632.000000 0.000000 247.600000
v 612.250000 0.000000 252.775000
f 2155 2156 2157
f 2155 2157 2158
g hot_roof
usemtl hot_roof
v 632.000000 -80.000000 247.600000
v 651.750000 -80.000000 241.975000
v 651.750000 0.000000 241.975000
v 632.000000 0.000000 247.600000
f 2159 2160 2161
f 2159 2161 2162
g hot_roof
usemtl hot_roof
v 651.750000 -80.000000 241.975000
v 671.500000 -80.000000 235.900000
v 671.500000 0.000000 235.900000
v 651.750000 0.000000 241.975000
f 2163 2164 2165
f 2163 2165 2166
g hot_roof
usemtl hot_roof
v 671.500000 -80.000000 235.900000
v 691.250000 -80.000000 229.375000
v 691.250000 0.000000 229.375000
v 671.500000 0.000000 235.900000
f 2167 2168 2169
f 2167 2169 2170
g hot_roof
usemtl hot_roof
v 691.250000 -80.000000 229.375000
v 711.000000 -80.000000 222.400000
v 711.000000 0.000000 222.400000
v 691.250000 0.000000 229.375000
f 2171 2172 2173
f 2171 2173 2174
g hot_roof
usemtl hot_roof
v 711.000000 -80.000000 222.400000
v 730.750000 -80.000000 214.975000
v 730.750000 0.000000 214.975000
v 711.000000 0.000000 222.400000
f 2175 2176 2177
f 2175 2177 2178
g hot_roof
usemtl hot_roof
v 730.750000 -80.000000 214.975000
v 750.500000 -80.000000 207.100000
v 750.500000 0.000000 207.100000
v 730.750000 0.000000 214.975000
f 2179 2180 2181
f 2179 2181 2182
g hot_roof
usemtl hot_roof
v 750.500000 -80.000000 207.100000
v 770.250000 -80.000000 198.775000
v 770.250000 0.000000 198.775000
v 750.500000 0.000000 207.100000
f 2183 2184 2185
f 2183 2185 2186
g hot_roof
usemtl hot_roof
v 770.250000 -80.000000 198.775000
v 790.000000 -80.000000 190.000000
v 790.000000 0.000000 190.000000
v 770.250000 0.000000 198.775000
f 2187 2188 2189
f 2187 2189 2190
g hot_roof
usemtl hot_roof
v 0.000000 0.000000 190.000000
v 19.750000 0.000000 198.775000
v 19.750000 410.000000 198.775000
v 0.000000 410.000000 190.000000
f 2191 2192 2193
f 2191 2193 2194
g hot_roof
usemtl hot_roof
v 19.750000 0.000000 198.775000
v 39.500000 0.000000 207.100000
v 39.500000 410.000000 207.100000
v 19.750000 410.000000 198.775000
f 2195 2196 2197
f 2195 2197 2198
g hot_roof
usemtl hot_roof
v 39.500000 0.000000 207.100000
v 59.250000 0.000000 214.975000
v 59.250000 410.000000 214.975000
v 39.500000 410.000000 207.100000
f 2199 2200 2201
f 2199 2201 2202
g hot_roof
usemtl hot_roof
v 59.250000 0.000000 214.975000
v 79.000000 0.000000 222.400000
v 79.000000 410.000000 222.400000
v 59.250000 410.000000 214.975000
f 2203 2204 2205
f 2203 2205 2206
g hot_roof
usemtl hot_roof
v 79.000000 0.000000 222.400000
v 98.750000 0.000000 229.375000
v 98.750000 410.000000 229.375000
v 79.000000 410.000000 222.400000
f 2207 2208 2209
f 2207 2209 2210
g hot_roof
usemtl hot_roof
v 98.750000 0.000000 229.375000
v 118.500000 0.000000 235.900000
v 118.500000 410.000000 235.900000
v 98.750000 410.000000 229.375000
f 2211 2212 2213
f 2211 2213 2214
g hot_roof
usemtl hot_roof
v 118.500000 0.000000 235.900000
v 138.250000 0.000000 241.975000
v 138.250000 410.000000 241.975000
v 118.500000 410.000000 235.900000
f 2215 2216 2217
f 2215 2217 2218
g hot_roof
usemtl hot_roof
v 138.250000 0.000000 241.975000
v 158.000000 0.000000 247.600000
v 158.000000 410.000000 247.600000
v 138.250000 410.000000 241.975000
f 2219 2220 2221
f 2219 2221 2222
g hot_roof
usemtl hot_roof
v 158.000000 0.000000 247.600000
v 177.750000 0.000000 252.775000
v 177.750000 410.000000 252.775000
v 158.000000 410.000000 247.600000
f 2223 2224 2225
f 2223 2225 2226
g hot_roof
usemtl hot_roof
v 177.750000 0.000000 252.775000
v 197.500000 0.000000 257.500000
v 197.500000 410.000000 257.500000
v 177.750000 410.000000 252.775000
f 2227 2228 2229
f 2227 2229 2230
g hot_roof
usemtl hot_roof
v 197.500000 0.000000 257.500000
v 217.250000 0.000000 261.775000
v 217.250000 410.000000 261.775000
v 197.500000 410.000000 257.500000
f 2231 2232 2233
f 2231 2233 2234
g hot_roof
usemtl hot_roof
v 217.250000 0.000000 261.775000
v 237.000000 0.000000 265.600000
v 237.000000 410.000000 265.600000
v 217.250000 410.000000 261.775000
f 2235 2236 2237
f 2235 2237 2238
g hot_roof
usemtl hot_roof
v 237.000000 0.000000 265.600000
v 256.750000 0.000000 268.975000
v 256.750000 410.000000 268.975000
v 237.000000 410.000000 265.600000
f 2239 2240 2241
f 2239 2241 2242
g hot_roof
usemtl hot_roof
v 256.750000 0.000000 268.975000
v 276.500000 0.000000 271.900000
v 276.500000 410.000000 271.900000
v 256.750000 410.000000 268.975000
f 2243 2244 2245
f 2243 2245 2246
g hot_roof
usemtl hot_roof
v 276.500000 0.000000 271.900000
v 296.250000 0.000000 274.375000
v 296.250000 410.000000 274.375000
v 276.500000 410.000000 271.900000
f 2247 2248 2249
f 2247 2249 2250
g hot_roof
usemtl hot_roof
v 296.250000 0.000000 274.375000
v 316.000000 0.000000 276.400000
v 316.000000 410.000000 276.400000
v 296.250000 410.000000 274.375000
f 2251 2252 2253
f 2251 2253 2254
g hot_roof
usemtl hot_roof
v 316.000000 0.000000 276.400000
v 335.750000 0.000000 277.975000
v 335.750000 410.000000 277.975000
v 316.000000 410.000000 276.400000
f 2255 2256 2257
f 2255 2257 2258
g hot_roof
usemtl hot_roof
v 335.750000 0.000000 277.975000
v 355.500000 0.000000 279.100000
v 355.500000 410.000000 279.100000
v 335.750000 410.000000 277.975000
f 2259 2260 2261
f 2259 2261 2262
g hot_roof
usemtl hot_roof
v 355.500000 0.000000 279.100000
v 375.250000 0.000000 279.775000
v 375.250000 410.000000 279.775000
v 355.500000 410.000000 279.100000
f 2263 2264 2265
f 2263 2265 2266
g hot_roof
usemtl hot_roof
v 375.250000 0.000000 279.775000
v 395.000000 0.000000 280.000000
v 395.000000 410.000000 280.000000
v 375.250000 410.000000 279.775000
f 2267 2268 2269
f 2267 2269 2270
g hot_roof
usemtl hot_roof
v 395.000000 0.000000 280.000000
v 414.750000 0.000000 279.775000
v 414.750000 410.000000 279.775000
v 395.000000 410.000000 280.000000
f 2271 2272 2273
f 2271 2273 2274
g hot_roof
usemtl hot_roof
v 414.750000 0.000000 279.775000
v 434.500000 0.000000 279.100000
v 434.500000 410.000000 279.100000
v 414.750000 410.000000 279.775000
f 2275 2276 2277
f 2275 2277 2278
g hot_roof
usemtl hot_roof
v 434.500000 0.000000 279.100000
v 454.250000 0.000000 277.975000
v 454.250000 410.000000 277.975000
v 434.500000 410.000000 279.100000
f 2279 2280 2281
f 2279 2281 2282
g hot_roof
usemtl hot_roof
v 454.250000 0.000000 277.975000
v 474.000000 0.000000 276.400000
v 474.000000 410.000000 276.400000
v 454.250000 410.000000 277.975000
f 2283 2284 2285
f 2283 2285 2286
g hot_roof
usemtl hot_roof
v 474.000000 0.000000 276.400000
v 493.750000 0.000000 274.375000
v 493.750000 410.000000 274.375000
v 474.000000 410.000000 276.400000
f 2287 2288 2289
f 2287 2289 2290
g hot_roof
usemtl hot_roof
v 493.750000 0.000000 274.375000
v 513.500000 0.000000 271.900000
v 513.500000 410.000000 271.900000
v 493.750000 410.000000 274.375000
f 2291 2292 2293
f 2291 2293 2294
g hot_roof
usemtl hot_roof
v 513.500000 0.000000 271.900000
v 533.250000 0.000000 268.975000
v 533.250000 410.000000 268.975000
v 513.500000 410.000000 271.900000
f 2295 2296 2297
f 2295 2297 2298
g hot_roof
usemtl hot_roof
v 533.250000 0.000000 268.975000
v 553.000000 0.000000 265.600000
v 553.000000 410.000000 265.600000
v 533.250000 410.000000 268.975000
f 2299 2300 2301
f 2299 2301 2302
g hot_roof
usemtl hot_roof
v 553.000000 0.000000 265.600000
v 572.750000 0.000000 261.775000
v 572.750000 410.000000 261.775000
v 553.000000 410.000000 265.600000
f 2303 2304 2305
f 2303 2305 2306
g hot_roof
usemtl hot_roof
v 572.750000 0.000000 261.775000
v 592.500000 0.000000 257.500000
v 592.500000 410.000000 257.500000
v 572.750000 410.000000 261.775000
f 2307 2308 2309
f 2307 2309 2310
g hot_roof
usemtl hot_roof
v 592.500000 0.000000 257.500000
v 612.250000 0.000000 252.775000
v 612.250000 410.000000 252.775000
v 592.500000 410.000000 257.500000
f 2311 2312 2313
f 2311 2313 2314
g hot_roof
usemtl hot_roof
v 612.250000 0.000000 252.775000
v 632.000000 0.000000 247.600000
v 632.000000 410.000000 247.600000
v 612.250000 410.000000 252.775000
f 2315 2316 2317
f 2315 2317 2318
g hot_roof
usemtl hot_roof
v 632.000000 0.000000 247.600000
v 651.750000 0.000000 241.975000
v 651.750000 410.000000 241.975000
v 632.000000 410.000000 247.600000
f 2319 2320 2321
f 2319 2321 2322
g hot_roof
usemtl hot_roof
v 651.750000 0.000000 241.975000
v 671.500000 0.000000 235.900000
v 671.500000 410.000000 235.900000
v 651.750000 410.000000 241.975000
f 2323 2324 2325
f 2323 2325 2326
g hot_roof
usemtl hot_roof
v 671.500000 0.000000 235.900000
v 691.250000 0.000000 229.375000
v 691.250000 410.000000 229.375000
v 671.500000 410.000000 235.900000
f 2327 2328 2329
f 2327 2329 2330
g hot_roof
usemtl hot_roof
v 691.250000 0.000000 229.375000
v 711.000000 0.000000 222.400000
v 711.000000 410.000000 222.400000
v 691.250000 410.000000 229.375000
f 2331 2332 2333
f 2331 2333 2334
g hot_roof
usemtl hot_roof
v 711.000000 0.000000 222.400000
v 730.750000 0.000000 214.975000
v 730.750000 410.000000 214.975000
v 711.000000 410.000000 222.400000
f 2335 2336 2337
f 2335 2337 2338
g hot_roof
usemtl hot_roof
v 730.750000 0.000000 214.975000
v 750.500000 0.000000 207.100000
v 750.500000 410.000000 207.100000
v 730.750000 410.000000 214.975000
f 2339 2340 2341
f 2339 2341 2342
g hot_roof
usemtl hot_roof
v 750.500000 0.000000 207.100000
v 770.250000 0.000000 198.775000
v 770.250000 410.000000 198.775000
v 750.500000 410.000000 207.100000
f 2343 2344 2345
f 2343 2345 2346
g hot_roof
usemtl hot_roof
v 770.250000 0.000000 198.775000
v 790.000000 0.000000 190.000000
v 790.000000 410.000000 190.000000
v 770.250000 410.000000 198.775000
f 2347 2348 2349
f 2347 2349 2350
g hot_roof
usemtl hot_roof
v 0.000000 410.000000 190.000000
v 19.750000 410.000000 198.775000
v 152.750000 660.000000 198.775000
v 140.000000 660.000000 190.000000
f 2351 2352 2353
f 2351 2353 2354
g hot_roof
usemtl hot_roof
v 19.750000 410.000000 198.775000
v 39.500000 410.000000 207.100000
v 165.500000 660.000000 207.100000
v 152.750000 660.000000 198.775000
f 2355 2356 2357
f 2355 2357 2358
g hot_roof
usemtl hot_roof
v 39.500000 410.000000 207.100000
v 59.250000 410.000000 214.975000
v 178.250000 660.000000 214.975000
v 165.500000 660.000000 207.100000
f 2359 2360 2361
f 2359 2361 2362
g hot_roof
usemtl hot_roof
v 59.250000 410.000000 214.975000
v 79.000000 410.000000 222.400000
v 191.000000 660.000000 222.400000
v 178.250000 660.000000 214.975000
f 2363 2364 2365
f 2363 2365 2366
g hot_roof
usemtl hot_roof
v 79.000000 410.000000 222.400000
v 98.750000 410.000000 229.375000
v 203.750000 660.000000 229.375000
v 191.000000 660.000000 222.400000
f 2367 2368 2369
f 2367 2369 2370
g hot_roof
usemtl hot_roof
v 98.750000 410.000000 229.375000
v 118.500000 410.000000 235.900000
v 216.500000 660.000000 235.900000
v 203.750000 660.000000 229.375000
f 2371 2372 2373
f 2371 2373 2374
g hot_roof
usemtl hot_roof
v 118.500000 410.000000 235.900000
v 138.250000 410.000000 241.975000
v 229.250000 660.000000 241.975000
v 216.500000 660.000000 235.900000
f 2375 2376 2377
f 2375 2377 2378
g hot_roof
usemtl hot_roof
v 138.250000 410.000000 241.975000
v 158.000000 410.000000 247.600000
v 242.000000 660.000000 247.600000
v 229.250000 660.000000 241.975000
f 2379 2380 2381
f 2379 2381 2382
g hot_roof
usemtl hot_roof
v 158.000000 410.000000 247.600000
v 177.750000 410.000000 252.775000
v 254.750000 660.000000 252.775000
v 242.000000 660.000000 247.600000
f 2383 2384 2385
f 2383 2385 2386
g hot_roof
usemtl hot_roof
v 177.750000 410.000000 252.775000
v 197.500000 410.000000 257.500000
v 267.500000 660.000000 257.500000
v 254.750000 660.000000 252.775000
f 2387 2388 2389
f 2387 2389 2390
g hot_roof
usemtl hot_roof
v 197.500000 410.000000 257.500000
v 217.250000 410.000000 261.775000
v 280.250000 660.000000 261.775000
v 267.500000 660.000000 257.500000
f 2391 2392 2393
f 2391 2393 2394
g hot_roof
usemtl hot_roof
v 217.250000 410.000000 261.775000
v 237.000000 410.000000 265.600000
v 293.000000 660.000000 265.600000
v 280.250000 660.000000 261.775000
f 2395 2396 2397
f 2395 2397 2398
g hot_roof
usemtl hot_roof
v 237.000000 410.000000 265.600000
v 256.750000 410.000000 268.975000
v 305.750000 660.000000 268.975000
v 293.000000 660.000000 265.600000
f 2399 2400 2401
f 2399 2401 2402
g hot_roof
usemtl hot_roof
v 256.750000 410.000000 268.975000
v 276.500000 410.000000 271.900000
v 318.500000 660.000000 271.900000
v 305.750000 660.000000 268.975000
f 2403 2404 2405
f 2403 2405 2406
g hot_roof
usemtl hot_roof
v 276.500000 410.000000 271.900000
v 296.250000 410.000000 274.375000
v 331.250000 660.000000 274.375000
v 318.500000 660.000000 271.900000
f 2407 2408 2409
f 2407 2409 2410
g hot_roof
usemtl hot_roof
v 296.250000 410.000000 274.375000
v 316.000000 410.000000 276.400000
v 344.000000 660.000000 276.400000
v 331.250000 660.000000 274.375000
f 2411 2412 2413
f 2411 2413 2414
g hot_roof
usemtl hot_roof
v 316.000000 410.000000 276.400000
v 335.750000 410.000000 277.975000
v 356.750000 660.000000 277.975000
v 344.000000 660.000000 276.400000
f 2415 2416 2417
f 2415 2417 2418
g hot_roof
usemtl hot_roof
v 335.750000 410.000000 277.975000
v 355.500000 410.000000 279.100000
v 369.500000 660.000000 279.100000
v 356.750000 660.000000 277.975000
f 2419 2420 2421
f 2419 2421 2422
g hot_roof
usemtl hot_roof
v 355.500000 410.000000 279.100000
v 375.250000 410.000000 279.775000
v 382.250000 660.000000 279.775000
v 369.500000 660.000000 279.100000
f 2423 2424 2425
f 2423 2425 2426
g hot_roof
usemtl hot_roof
v 375.250000 410.000000 279.775000
v 395.000000 410.000000 280.000000
v 395.000000 660.000000 280.000000
v 382.250000 660.000000 279.775000
f 2427 2428 2429
f 2427 2429 2430
g hot_roof
usemtl hot_roof
v 395.000000 410.000000 280.000000
v 414.750000 410.000000 279.775000
v 407.750000 660.000000 279.775000
v 395.000000 660.000000 280.000000
f 2431 2432 2433
f 2431 2433 2434
g hot_roof
usemtl hot_roof
v 414.750000 410.000000 279.775000
v 434.500000 410.000000 279.100000
v 420.500000 660.000000 279.100000
v 407.750000 660.000000 279.775000
f 2435 2436 2437
f 2435 2437 2438
g hot_roof
usemtl hot_roof
v 434.500000 410.000000 279.100000
v 454.250000 410.000000 277.975000
v 433.250000 660.000000 277.975000
v 420.500000 660.000000 279.100000
f 2439 2440 2441
f 2439 2441 2442
g hot_roof
usemtl hot_roof
v 454.250000 410.000000 277.975000
v 474.000000 410.000000 276.400000
v 446.000000 660.000000 276.400000
v 433.250000 660.000000 277.975000
f 2443 2444 2445
f 2443 2445 2446
g hot_roof
usemtl hot_roof
v 474.000000 410.000000 276.400000
v 493.750000 410.000000 274.375000
v 458.750000 660.000000 274.375000
v 446.000000 660.000000 276.400000
f 2447 2448 2449
f 2447 2449 2450
g hot_roof
usemtl hot_roof
v 493.750000 410.000000 274.375000
v 513.500000 410.000000 271.900000
v 471.500000 660.000000 271.900000
v 458.750000 660.000000 274.375000
f 2451 2452 2453
f 2451 2453 2454
g hot_roof
usemtl hot_roof
v 513.500000 410.000000 271.900000
v 533.250000 410.000000 268.975000
v 484.250000 660.000000 268.975000
v 471.500000 660.000000 271.900000
f 2455 2456 2457
f 2455 2457 2458
g hot_roof
usemtl hot_roof
v 533.250000 410.000000 268.975000
v 553.000000 410.000000 265.600000
v 497.000000 660.000000 265.600000
v 484.250000 660.000000 268.975000
f 2459 2460 2461
f 2459 2461 2462
g hot_roof
usemtl hot_roof
v 553.000000 410.000000 265.600000
v 572.750000 410.000000 261.775000
v 509.750000 660.000000 261.775000
v 497.000000 660.000000 265.600000
f 2463 2464 2465
f 2463 2465 2466
g hot_roof
usemtl hot_roof
v 572.750000 410.000000 261.775000
v 592.500000 410.000000 257.500000
v 522.500000 660.000000 257.500000
v 509.750000 660.000000 261.775000
f 2467 2468 2469
f 2467 2469 2470
g hot_roof
usemtl hot_roof
v 592.500000 410.000000 257.500000
v 612.250000 410.000000 252.775000
v 535.250000 660.000000 252.775000
v 522.500000 660.000000 257.500000
f 2471 2472 2473
f 2471 2473 2474
g hot_roof
usemtl hot_roof
v 612.250000 410.000000 252.775000
v 632.000000 410.000000 247.600000
v 548.000000 660.000000 247.600000
v 535.250000 660.000000 252.775000
f 2475 2476 2477
f 2475 2477 2478
g hot_roof
usemtl hot_roof
v 632.000000 410.000000 247.600000
v 651.750000 410.000000 241.975000
v 560.750000 660.000000 241.975000
v 548.000000 660.000000 247.600000
f 2479 2480 2481
f 2479 2481 2482
g hot_roof
usemtl hot_roof
v 651.750000 410.000000 241.975000
v 671.500000 410.000000 235.900000
v 573.500000 660.000000 235.900000
v 560.750000 660.000000 241.975000
f 2483 2484 2485
f 2483 2485 2486
g hot_roof
usemtl hot_roof
v 671.500000 410.000000 235.900000
v 691.250000 410.000000 229.375000
v 586.250000 660.000000 229.375000
v 573.500000 660.000000 235.900000
f 2487 2488 2489
f 2487 2489 2490
g hot_roof
usemtl hot_roof
v 691.250000 410.000000 229.375000
v 711.000000 410.000000 222.400000
v 599.000000 660.000000 222.400000
v 586.250000 660.000000 229.375000
f 2491 2492 2493
f 2491 2493 2494
g hot_roof
usemtl hot_roof
v 711.000000 410.000000 222.400000
v 730.750000 410.000000 214.975000
v 611.750000 660.000000 214.975000
v 599.000000 660.000000 222.400000
f 2495 2496 2497
f 2495 2497 2498
g hot_roof
usemtl hot_roof
v 730.750000 410.000000 214.975000
v 750.500000 410.000000 207.100000
v 624.500000 660.000000 207.100000
v 611.750000 660.000000 214.975000
f 2499 2500 2501
f 2499 2501 2502
g hot_roof
usemtl hot_roof
v 750.500000 410.000000 207.100000
v 770.250000 410.000000 198.775000
v 637.250000 660.000000 198.775000
v 624.500000 660.000000 207.100000
f 2503 2504 2505
f 2503 2505 2506
g hot_roof
usemtl hot_roof
v 770.250000 410.000000 198.775000
v 790.000000 410.000000 190.000000
v 650.000000 660.000000 190.000000
v 637.250000 660.000000 198.775000
f 2507 2508 2509
f 2507 2509 2510
g collector
usemtl collector
v 70.000000 120.000000 180.000000
v 720.000000 120.000000 180.000000
v 720.000000 -60.000000 180.000000
v 70.000000 -60.000000 180.000000
f 2511 2512 2513
f 2511 2513 2514
g collector
usemtl collector
v 70.000000 -60.000000 215.000000
v 720.000000 -60.000000 215.000000
v 720.000000 120.000000 215.000000
v 70.000000 120.000000 215.000000
f 2515 2516 2517
f 2515 2517 2518
g collector
usemtl collector
v 70.000000 -60.000000 180.000000
v 720.000000 -60.000000 180.000000
v 720.000000 -60.000000 215.000000
v 70.000000 -60.000000 215.000000
f 2519 2520 2521
f 2519 2521 2522
g collector
usemtl collector
v 720.000000 -60.000000 180.000000
v 720.000000 120.000000 180.000000
v 720.000000 120.000000 215.000000
v 720.000000 -60.000000 215.000000
f 2523 2524 2525
f 2523 2525 2526
g collector
usemtl collector
v 720.000000 120.000000 180.000000
v 70.000000 120.000000 180.000000
v 70.000000 120.000000 215.000000
v 720.000000 120.000000 215.000000
f 2527 2528 2529
f 2527 2529 2530
g collector
usemtl collector
v 70.000000 120.000000 180.000000
v 70.000000 -60.000000 180.000000
v 70.000000 -60.000000 215.000000
v 70.000000 120.000000 215.000000
f 2531 2532 2533
f 2531 2533 2534
g shell
usemtl shell
v 245.000000 747.700000 30.000000
v 545.000000 747.700000 30.000000
v 545.000000 747.700000 170.000000
v 245.000000 747.700000 170.000000
f 2535 2536 2537
f 2535 2537 2538
g feet
usemtl feet
v 35.000000 -15.000000 -228.000000
v 85.000000 -15.000000 -228.000000
v 85.000000 -65.000000 -228.000000
v 35.000000 -65.000000 -228.000000
f 2539 2540 2541
f 2539 2541 2542
g feet
usemtl feet
v 35.000000 -65.000000 -203.000000
v 85.000000 -65.000000 -203.000000
v 85.000000 -15.000000 -203.000000
v 35.000000 -15.000000 -203.000000
f 2543 2544 2545
f 2543 2545 2546
g feet
usemtl feet
v 35.000000 -65.000000 -228.000000
v 85.000000 -65.000000 -228.000000
v 85.000000 -65.000000 -203.000000
v 35.000000 -65.000000 -203.000000
f 2547 2548 2549
f 2547 2549 2550
g feet
usemtl feet
v 85.000000 -65.000000 -228.000000
v 85.000000 -15.000000 -228.000000
v 85.000000 -15.000000 -203.000000
v 85.000000 -65.000000 -203.000000
f 2551 2552 2553
f 2551 2553 2554
g feet
usemtl feet
v 85.000000 -15.000000 -228.000000
v 35.000000 -15.000000 -228.000000
v 35.000000 -15.000000 -203.000000
v 85.000000 -15.000000 -203.000000
f 2555 2556 2557
f 2555 2557 2558
g feet
usemtl feet
v 35.000000 -15.000000 -228.000000
v 35.000000 -65.000000 -228.000000
v 35.000000 -65.000000 -203.000000
v 35.000000 -15.000000 -203.000000
f 2559 2560 2561
f 2559 2561 2562
g feet
usemtl feet
v 705.000000 -15.000000 -228.000000
v 755.000000 -15.000000 -228.000000
v 755.000000 -65.000000 -228.000000
v 705.000000 -65.000000 -228.000000
f 2563 2564 2565
f 2563 2565 2566
g feet
usemtl feet
v 705.000000 -65.000000 -203.000000
v 755.000000 -65.000000 -203.000000
v 755.000000 -15.000000 -203.000000
v 705.000000 -15.000000 -203.000000
f 2567 2568 2569
f 2567 2569 2570
g feet
usemtl feet
v 705.000000 -65.000000 -228.000000
v 755.000000 -65.000000 -228.000000
v 755.000000 -65.000000 -203.000000
v 705.000000 -65.000000 -203.000000
f 2571 2572 2573
f 2571 2573 2574
g feet
usemtl feet
v 755.000000 -65.000000 -228.000000
v 755.000000 -15.000000 -228.000000
v 755.000000 -15.000000 -203.000000
v 755.000000 -65.000000 -203.000000
f 2575 2576 2577
f 2575 2577 2578
g feet
usemtl feet
v 755.000000 -15.000000 -228.000000
v 705.000000 -15.000000 -228.000000
v 705.000000 -15.000000 -203.000000
v 755.000000 -15.000000 -203.000000
f 2579 2580 2581
f 2579 2581 2582
g feet
usemtl feet
v 705.000000 -15.000000 -228.000000
v 705.000000 -65.000000 -228.000000
v 705.000000 -65.000000 -203.000000
v 705.000000 -15.000000 -203.000000
f 2583 2584 2585
f 2583 2585 2586
g feet
usemtl feet
v 145.000000 625.000000 -228.000000
v 195.000000 625.000000 -228.000000
v 195.000000 575.000000 -228.000000
v 145.000000 575.000000 -228.000000
f 2587 2588 2589
f 2587 2589 2590
g feet
usemtl feet
v 145.000000 575.000000 -203.000000
v 195.000000 575.000000 -203.000000
v 195.000000 625.000000 -203.000000
v 145.000000 625.000000 -203.000000
f 2591 2592 2593
f 2591 2593 2594
g feet
usemtl feet
v 145.000000 575.000000 -228.000000
v 195.000000 575.000000 -228.000000
v 195.000000 575.000000 -203.000000
v 145.000000 575.000000 -203.000000
f 2595 2596 2597
f 2595 2597 2598
g feet
usemtl feet
v 195.000000 575.000000 -228.000000
v 195.000000 625.000000 -228.000000
v 195.000000 625.000000 -203.000000
v 195.000000 575.000000 -203.000000
f 2599 2600 2601
f 2599 2601 2602
g feet
usemtl feet
v 195.000000 625.000000 -228.000000
v 145.000000 625.000000 -228.000000
v 145.000000 625.000000 -203.000000
v 195.000000 625.000000 -203.000000
f 2603 2604 2605
f 2603 2605 2606
g feet
usemtl feet
v 145.000000 625.000000 -228.000000
v 145.000000 575.000000 -228.000000
v 145.000000 575.000000 -203.000000
v 145.000000 625.000000 -203.000000
f 2607 2608 2609
f 2607 2609 2610
g feet
usemtl feet
v 595.000000 625.000000 -228.000000
v 645.000000 625.000000 -228.000000
v 645.000000 575.000000 -228.000000
v 595.000000 575.000000 -228.000000
f 2611 2612 2613
f 2611 2613 2614
g feet
usemtl feet
v 595.000000 575.000000 -203.000000
v 645.000000 575.000000 -203.000000
v 645.000000 625.000000 -203.000000
v 595.000000 625.000000 -203.000000
f 2615 2616 2617
f 2615 2617 2618
g feet
usemtl feet
v 595.000000 575.000000 -228.000000
v 645.000000 575.000000 -228.000000
v 645.000000 575.000000 -203.000000
v 595.000000 575.000000 -203.000000
f 2619 2620 2621
f 2619 2621 2622
g feet
usemtl feet
v 645.000000 575.000000 -228.000000
v 645.000000 625.000000 -228.000000
v 645.000000 625.000000 -203.000000
v 645.000000 575.000000 -203.000000
f 2623 2624 2625
f 2623 2625 2626
g feet
usemtl feet
v 645.000000 625.000000 -228.000000
v 595.000000 625.000000 -228.000000
v 595.000000 625.000000 -203.000000
v 645.000000 625.000000 -203.000000
f 2627 2628 2629
f 2627 2629 2630
g feet
usemtl feet
v 595.000000 625.000000 -228.000000
v 595.000000 575.000000 -228.000000
v 595.000000 575.000000 -203.000000
v 595.000000 625.000000 -203.000000
f 2631 2632 2633
f 2631 2633 2634
g collar
usemtl collar
v 490.000000 45.000000 368.843193
v 462.175144 112.175144 374.757548
v 448.740115 98.740115 489.036066
v 471.000000 45.000000 489.036066
f 2635 2636 2637
f 2635 2637 2638
g collar
usemtl collar
v 462.175144 112.175144 374.757548
v 395.000000 140.000000 389.036066
v 395.000000 121.000000 489.036066
v 448.740115 98.740115 489.036066
f 2639 2640 2641
f 2639 2641 2642
g collar
usemtl collar
v 395.000000 140.000000 389.036066
v 327.824856 112.175144 374.757548
v 341.259885 98.740115 489.036066
v 395.000000 121.000000 489.036066
f 2643 2644 2645
f 2643 2645 2646
g collar
usemtl collar
v 327.824856 112.175144 374.757548
v 300.000000 45.000000 368.843193
v 319.000000 45.000000 489.036066
v 341.259885 98.740115 489.036066
f 2647 2648 2649
f 2647 2649 2650
g collar
usemtl collar
v 300.000000 45.000000 368.843193
v 327.824856 -22.175144 374.757548
v 341.259885 -8.740115 489.036066
v 319.000000 45.000000 489.036066
f 2651 2652 2653
f 2651 2653 2654
g collar
usemtl collar
v 327.824856 -22.175144 374.757548
v 395.000000 -50.000000 389.036066
v 395.000000 -31.000000 489.036066
v 341.259885 -8.740115 489.036066
f 2655 2656 2657
f 2655 2657 2658
g collar
usemtl collar
v 395.000000 -50.000000 389.036066
v 462.175144 -22.175144 374.757548
v 448.740115 -8.740115 489.036066
v 395.000000 -31.000000 489.036066
f 2659 2660 2661
f 2659 2661 2662
g collar
usemtl collar
v 462.175144 -22.175144 374.757548
v 490.000000 45.000000 368.843193
v 471.000000 45.000000 489.036066
v 448.740115 -8.740115 489.036066
f 2663 2664 2665
f 2663 2665 2666
g flue
usemtl flue
v 461.000000 45.000000 489.036066
v 459.731829 57.875961 489.036066
v 459.731829 57.875961 1489.036066
v 461.000000 45.000000 1489.036066
f 2667 2668 2669
f 2667 2669 2670
g flue
usemtl flue
v 459.731829 57.875961 489.036066
v 455.976049 70.257107 489.036066
v 455.976049 70.257107 1489.036066
v 459.731829 57.875961 1489.036066
f 2671 2672 2673
f 2671 2673 2674
g flue
usemtl flue
v 455.976049 70.257107 489.036066
v 449.876994 81.667635 489.036066
v 449.876994 81.667635 1489.036066
v 455.976049 70.257107 1489.036066
f 2675 2676 2677
f 2675 2677 2678
g flue
usemtl flue
v 449.876994 81.667635 489.036066
v 441.669048 91.669048 489.036066
v 441.669048 91.669048 1489.036066
v 449.876994 81.667635 1489.036066
f 2679 2680 2681
f 2679 2681 2682
g flue
usemtl flue
v 441.669048 91.669048 489.036066
v 431.667635 99.876994 489.036066
v 431.667635 99.876994 1489.036066
v 441.669048 91.669048 1489.036066
f 2683 2684 2685
f 2683 2685 2686
g flue
usemtl flue
v 431.667635 99.876994 489.036066
v 420.257107 105.976049 489.036066
v 420.257107 105.976049 1489.036066
v 431.667635 99.876994 1489.036066
f 2687 2688 2689
f 2687 2689 2690
g flue
usemtl flue
v 420.257107 105.976049 489.036066
v 407.875961 109.731829 489.036066
v 407.875961 109.731829 1489.036066
v 420.257107 105.976049 1489.036066
f 2691 2692 2693
f 2691 2693 2694
g flue
usemtl flue
v 407.875961 109.731829 489.036066
v 395.000000 111.000000 489.036066
v 395.000000 111.000000 1489.036066
v 407.875961 109.731829 1489.036066
f 2695 2696 2697
f 2695 2697 2698
g flue
usemtl flue
v 395.000000 111.000000 489.036066
v 382.124039 109.731829 489.036066
v 382.124039 109.731829 1489.036066
v 395.000000 111.000000 1489.036066
f 2699 2700 2701
f 2699 2701 2702
g flue
usemtl flue
v 382.124039 109.731829 489.036066
v 369.742893 105.976049 489.036066
v 369.742893 105.976049 1489.036066
v 382.124039 109.731829 1489.036066
f 2703 2704 2705
f 2703 2705 2706
g flue
usemtl flue
v 369.742893 105.976049 489.036066
v 358.332365 99.876994 489.036066
v 358.332365 99.876994 1489.036066
v 369.742893 105.976049 1489.036066
f 2707 2708 2709
f 2707 2709 2710
g flue
usemtl flue
v 358.332365 99.876994 489.036066
v 348.330952 91.669048 489.036066
v 348.330952 91.669048 1489.036066
v 358.332365 99.876994 1489.036066
f 2711 2712 2713
f 2711 2713 2714
g flue
usemtl flue
v 348.330952 91.669048 489.036066
v 340.123006 81.667635 489.036066
v 340.123006 81.667635 1489.036066
v 348.330952 91.669048 1489.036066
f 2715 2716 2717
f 2715 2717 2718
g flue
usemtl flue
v 340.123006 81.667635 489.036066
v 334.023951 70.257107 489.036066
v 334.023951 70.257107 1489.036066
v 340.123006 81.667635 1489.036066
f 2719 2720 2721
f 2719 2721 2722
g flue
usemtl flue
v 334.023951 70.257107 489.036066
v 330.268171 57.875961 489.036066
v 330.268171 57.875961 1489.036066
v 334.023951 70.257107 1489.036066
f 2723 2724 2725
f 2723 2725 2726
g flue
usemtl flue
v 330.268171 57.875961 489.036066
v 329.000000 45.000000 489.036066
v 329.000000 45.000000 1489.036066
v 330.268171 57.875961 1489.036066
f 2727 2728 2729
f 2727 2729 2730
g flue
usemtl flue
v 329.000000 45.000000 489.036066
v 330.268171 32.124039 489.036066
v 330.268171 32.124039 1489.036066
v 329.000000 45.000000 1489.036066
f 2731 2732 2733
f 2731 2733 2734
g flue
usemtl flue
v 330.268171 32.124039 489.036066
v 334.023951 19.742893 489.036066
v 334.023951 19.742893 1489.036066
v 330.268171 32.124039 1489.036066
f 2735 2736 2737
f 2735 2737 2738
g flue
usemtl flue
v 334.023951 19.742893 489.036066
v 340.123006 8.332365 489.036066
v 340.123006 8.332365 1489.036066
v 334.023951 19.742893 1489.036066
f 2739 2740 2741
f 2739 2741 2742
g flue
usemtl flue
v 340.123006 8.332365 489.036066
v 348.330952 -1.669048 489.036066
v 348.330952 -1.669048 1489.036066
v 340.123006 8.332365 1489.036066
f 2743 2744 2745
f 2743 2745 2746
g flue
usemtl flue
v 348.330952 -1.669048 489.036066
v 358.332365 -9.876994 489.036066
v 358.332365 -9.876994 1489.036066
v 348.330952 -1.669048 1489.036066
f 2747 2748 2749
f 2747 2749 2750
g flue
usemtl flue
v 358.332365 -9.876994 489.036066
v 369.742893 -15.976049 489.036066
v 369.742893 -15.976049 1489.036066
v 358.332365 -9.876994 1489.036066
f 2751 2752 2753
f 2751 2753 2754
g flue
usemtl flue
v 369.742893 -15.976049 489.036066
v 382.124039 -19.731829 489.036066
v 382.124039 -19.731829 1489.036066
v 369.742893 -15.976049 1489.036066
f 2755 2756 2757
f 2755 2757 2758
g flue
usemtl flue
v 382.124039 -19.731829 489.036066
v 395.000000 -21.000000 489.036066
v 395.000000 -21.000000 1489.036066
v 382.124039 -19.731829 1489.036066
f 2759 2760 2761
f 2759 2761 2762
g flue
usemtl flue
v 395.000000 -21.000000 489.036066
v 407.875961 -19.731829 489.036066
v 407.875961 -19.731829 1489.036066
v 395.000000 -21.000000 1489.036066
f 2763 2764 2765
f 2763 2765 2766
g flue
usemtl flue
v 407.875961 -19.731829 489.036066
v 420.257107 -15.976049 489.036066
v 420.257107 -15.976049 1489.036066
v 407.875961 -19.731829 1489.036066
f 2767 2768 2769
f 2767 2769 2770
g flue
usemtl flue
v 420.257107 -15.976049 489.036066
v 431.667635 -9.876994 489.036066
v 431.667635 -9.876994 1489.036066
v 420.257107 -15.976049 1489.036066
f 2771 2772 2773
f 2771 2773 2774
g flue
usemtl flue
v 431.667635 -9.876994 489.036066
v 441.669048 -1.669048 489.036066
v 441.669048 -1.669048 1489.036066
v 431.667635 -9.876994 1489.036066
f 2775 2776 2777
f 2775 2777 2778
g flue
usemtl flue
v 441.669048 -1.669048 489.036066
v 449.876994 8.332365 489.036066
v 449.876994 8.332365 1489.036066
v 441.669048 -1.669048 1489.036066
f 2779 2780 2781
f 2779 2781 2782
g flue
usemtl flue
v 449.876994 8.332365 489.036066
v 455.976049 19.742893 489.036066
v 455.976049 19.742893 1489.036066
v 449.876994 8.332365 1489.036066
f 2783 2784 2785
f 2783 2785 2786
g flue
usemtl flue
v 455.976049 19.742893 489.036066
v 459.731829 32.124039 489.036066
v 459.731829 32.124039 1489.036066
v 455.976049 19.742893 1489.036066
f 2787 2788 2789
f 2787 2789 2790
g flue
usemtl flue
v 459.731829 32.124039 489.036066
v 461.000000 45.000000 489.036066
v 461.000000 45.000000 1489.036066
v 459.731829 32.124039 1489.036066
f 2791 2792 2793
f 2791 2793 2794
g flue
usemtl flue
v 460.000000 45.000000 489.036066
v 458.751043 57.680871 489.036066
v 458.751043 57.680871 1489.036066
v 460.000000 45.000000 1489.036066
f 2795 2796 2797
f 2795 2797 2798
g flue
usemtl flue
v 458.751043 57.680871 489.036066
v 455.052170 69.874423 489.036066
v 455.052170 69.874423 1489.036066
v 458.751043 57.680871 1489.036066
f 2799 2800 2801
f 2799 2801 2802
g flue
usemtl flue
v 455.052170 69.874423 489.036066
v 449.045525 81.112065 489.036066
v 449.045525 81.112065 1489.036066
v 455.052170 69.874423 1489.036066
f 2803 2804 2805
f 2803 2805 2806
g flue
usemtl flue
v 449.045525 81.112065 489.036066
v 440.961941 90.961941 489.036066
v 440.961941 90.961941 1489.036066
v 449.045525 81.112065 1489.036066
f 2807 2808 2809
f 2807 2809 2810
g flue
usemtl flue
v 440.961941 90.961941 489.036066
v 431.112065 99.045525 489.036066
v 431.112065 99.045525 1489.036066
v 440.961941 90.961941 1489.036066
f 2811 2812 2813
f 2811 2813 2814
g flue
usemtl flue
v 431.112065 99.045525 489.036066
v 419.874423 105.052170 489.036066
v 419.874423 105.052170 1489.036066
v 431.112065 99.045525 1489.036066
f 2815 2816 2817
f 2815 2817 2818
g flue
usemtl flue
v 419.874423 105.052170 489.036066
v 407.680871 108.751043 489.036066
v 407.680871 108.751043 1489.036066
v 419.874423 105.052170 1489.036066
f 2819 2820 2821
f 2819 2821 2822
g flue
usemtl flue
v 407.680871 108.751043 489.036066
v 395.000000 110.000000 489.036066
v 395.000000 110.000000 1489.036066
v 407.680871 108.751043 1489.036066
f 2823 2824 2825
f 2823 2825 2826
g flue
usemtl flue
v 395.000000 110.000000 489.036066
v 382.319129 108.751043 489.036066
v 382.319129 108.751043 1489.036066
v 395.000000 110.000000 1489.036066
f 2827 2828 2829
f 2827 2829 2830
g flue
usemtl flue
v 382.319129 108.751043 489.036066
v 370.125577 105.052170 489.036066
v 370.125577 105.052170 1489.036066
v 382.319129 108.751043 1489.036066
f 2831 2832 2833
f 2831 2833 2834
g flue
usemtl flue
v 370.125577 105.052170 489.036066
v 358.887935 99.045525 489.036066
v 358.887935 99.045525 1489.036066
v 370.125577 105.052170 1489.036066
f 2835 2836 2837
f 2835 2837 2838
g flue
usemtl flue
v 358.887935 99.045525 489.036066
v 349.038059 90.961941 489.036066
v 349.038059 90.961941 1489.036066
v 358.887935 99.045525 1489.036066
f 2839 2840 2841
f 2839 2841 2842
g flue
usemtl flue
v 349.038059 90.961941 489.036066
v 340.954475 81.112065 489.036066
v 340.954475 81.112065 1489.036066
v 349.038059 90.961941 1489.036066
f 2843 2844 2845
f 2843 2845 2846
g flue
usemtl flue
v 340.954475 81.112065 489.036066
v 334.947830 69.874423 489.036066
v 334.947830 69.874423 1489.036066
v 340.954475 81.112065 1489.036066
f 2847 2848 2849
f 2847 2849 2850
g flue
usemtl flue
v 334.947830 69.874423 489.036066
v 331.248957 57.680871 489.036066
v 331.248957 57.680871 1489.036066
v 334.947830 69.874423 1489.036066
f 2851 2852 2853
f 2851 2853 2854
g flue
usemtl flue
v 331.248957 57.680871 489.036066
v 330.000000 45.000000 489.036066
v 330.000000 45.000000 1489.036066
v 331.248957 57.680871 1489.036066
f 2855 2856 2857
f 2855 2857 2858
g flue
usemtl flue
v 330.000000 45.000000 489.036066
v 331.248957 32.319129 489.036066
v 331.248957 32.319129 1489.036066
v 330.000000 45.000000 1489.036066
f 2859 2860 2861
f 2859 2861 2862
g flue
usemtl flue
v 331.248957 32.319129 489.036066
v 334.947830 20.125577 489.036066
v 334.947830 20.125577 1489.036066
v 331.248957 32.319129 1489.036066
f 2863 2864 2865
f 2863 2865 2866
g flue
usemtl flue
v 334.947830 20.125577 489.036066
v 340.954475 8.887935 489.036066
v 340.954475 8.887935 1489.036066
v 334.947830 20.125577 1489.036066
f 2867 2868 2869
f 2867 2869 2870
g flue
usemtl flue
v 340.954475 8.887935 489.036066
v 349.038059 -0.961941 489.036066
v 349.038059 -0.961941 1489.036066
v 340.954475 8.887935 1489.036066
f 2871 2872 2873
f 2871 2873 2874
g flue
usemtl flue
v 349.038059 -0.961941 489.036066
v 358.887935 -9.045525 489.036066
v 358.887935 -9.045525 1489.036066
v 349.038059 -0.961941 1489.036066
f 2875 2876 2877
f 2875 2877 2878
g flue
usemtl flue
v 358.887935 -9.045525 489.036066
v 370.125577 -15.052170 489.036066
v 370.125577 -15.052170 1489.036066
v 358.887935 -9.045525 1489.036066
f 2879 2880 2881
f 2879 2881 2882
g flue
usemtl flue
v 370.125577 -15.052170 489.036066
v 382.319129 -18.751043 489.036066
v 382.319129 -18.751043 1489.036066
v 370.125577 -15.052170 1489.036066
f 2883 2884 2885
f 2883 2885 2886
g flue
usemtl flue
v 382.319129 -18.751043 489.036066
v 395.000000 -20.000000 489.036066
v 395.000000 -20.000000 1489.036066
v 382.319129 -18.751043 1489.036066
f 2887 2888 2889
f 2887 2889 2890
g flue
usemtl flue
v 395.000000 -20.000000 489.036066
v 407.680871 -18.751043 489.036066
v 407.680871 -18.751043 1489.036066
v 395.000000 -20.000000 1489.036066
f 2891 2892 2893
f 2891 2893 2894
g flue
usemtl flue
v 407.680871 -18.751043 489.036066
v 419.874423 -15.052170 489.036066
v 419.874423 -15.052170 1489.036066
v 407.680871 -18.751043 1489.036066
f 2895 2896 2897
f 2895 2897 2898
g flue
usemtl flue
v 419.874423 -15.052170 489.036066
v 431.112065 -9.045525 489.036066
v 431.112065 -9.045525 1489.036066
v 419.874423 -15.052170 1489.036066
f 2899 2900 2901
f 2899 2901 2902
g flue
usemtl flue
v 431.112065 -9.045525 489.036066
v 440.961941 -0.961941 489.036066
v 440.961941 -0.961941 1489.036066
v 431.112065 -9.045525 1489.036066
f 2903 2904 2905
f 2903 2905 2906
g flue
usemtl flue
v 440.961941 -0.961941 489.036066
v 449.045525 8.887935 489.036066
v 449.045525 8.887935 1489.036066
v 440.961941 -0.961941 1489.036066
f 2907 2908 2909
f 2907 2909 2910
g flue
usemtl flue
v 449.045525 8.887935 489.036066
v 455.052170 20.125577 489.036066
v 455.052170 20.125577 1489.036066
v 449.045525 8.887935 1489.036066
f 2911 2912 2913
f 2911 2913 2914
g flue
usemtl flue
v 455.052170 20.125577 489.036066
v 458.751043 32.319129 489.036066
v 458.751043 32.319129 1489.036066
v 455.052170 20.125577 1489.036066
f 2915 2916 2917
f 2915 2917 2918
g flue
usemtl flue
v 458.751043 32.319129 489.036066
v 460.000000 45.000000 489.036066
v 460.000000 45.000000 1489.036066
v 458.751043 32.319129 1489.036066
f 2919 2920 2921
f 2919 2921 2922
g flue
usemtl flue
v 461.000000 45.000000 1489.036066
v 459.731829 57.875961 1489.036066
v 458.751043 57.680871 1489.036066
v 460.000000 45.000000 1489.036066
f 2923 2924 2925
f 2923 2925 2926
g flue
usemtl flue
v 459.731829 57.875961 1489.036066
v 455.976049 70.257107 1489.036066
v 455.052170 69.874423 1489.036066
v 458.751043 57.680871 1489.036066
f 2927 2928 2929
f 2927 2929 2930
g flue
usemtl flue
v 455.976049 70.257107 1489.036066
v 449.876994 81.667635 1489.036066
v 449.045525 81.112065 1489.036066
v 455.052170 69.874423 1489.036066
f 2931 2932 2933
f 2931 2933 2934
g flue
usemtl flue
v 449.876994 81.667635 1489.036066
v 441.669048 91.669048 1489.036066
v 440.961941 90.961941 1489.036066
v 449.045525 81.112065 1489.036066
f 2935 2936 2937
f 2935 2937 2938
g flue
usemtl flue
v 441.669048 91.669048 1489.036066
v 431.667635 99.876994 1489.036066
v 431.112065 99.045525 1489.036066
v 440.961941 90.961941 1489.036066
f 2939 2940 2941
f 2939 2941 2942
g flue
usemtl flue
v 431.667635 99.876994 1489.036066
v 420.257107 105.976049 1489.036066
v 419.874423 105.052170 1489.036066
v 431.112065 99.045525 1489.036066
f 2943 2944 2945
f 2943 2945 2946
g flue
usemtl flue
v 420.257107 105.976049 1489.036066
v 407.875961 109.731829 1489.036066
v 407.680871 108.751043 1489.036066
v 419.874423 105.052170 1489.036066
f 2947 2948 2949
f 2947 2949 2950
g flue
usemtl flue
v 407.875961 109.731829 1489.036066
v 395.000000 111.000000 1489.036066
v 395.000000 110.000000 1489.036066
v 407.680871 108.751043 1489.036066
f 2951 2952 2953
f 2951 2953 2954
g flue
usemtl flue
v 395.000000 111.000000 1489.036066
v 382.124039 109.731829 1489.036066
v 382.319129 108.751043 1489.036066
v 395.000000 110.000000 1489.036066
f 2955 2956 2957
f 2955 2957 2958
g flue
usemtl flue
v 382.124039 109.731829 1489.036066
v 369.742893 105.976049 1489.036066
v 370.125577 105.052170 1489.036066
v 382.319129 108.751043 1489.036066
f 2959 2960 2961
f 2959 2961 2962
g flue
usemtl flue
v 369.742893 105.976049 1489.036066
v 358.332365 99.876994 1489.036066
v 358.887935 99.045525 1489.036066
v 370.125577 105.052170 1489.036066
f 2963 2964 2965
f 2963 2965 2966
g flue
usemtl flue
v 358.332365 99.876994 1489.036066
v 348.330952 91.669048 1489.036066
v 349.038059 90.961941 1489.036066
v 358.887935 99.045525 1489.036066
f 2967 2968 2969
f 2967 2969 2970
g flue
usemtl flue
v 348.330952 91.669048 1489.036066
v 340.123006 81.667635 1489.036066
v 340.954475 81.112065 1489.036066
v 349.038059 90.961941 1489.036066
f 2971 2972 2973
f 2971 2973 2974
g flue
usemtl flue
v 340.123006 81.667635 1489.036066
v 334.023951 70.257107 1489.036066
v 334.947830 69.874423 1489.036066
v 340.954475 81.112065 1489.036066
f 2975 2976 2977
f 2975 2977 2978
g flue
usemtl flue
v 334.023951 70.257107 1489.036066
v 330.268171 57.875961 1489.036066
v 331.248957 57.680871 1489.036066
v 334.947830 69.874423 1489.036066
f 2979 2980 2981
f 2979 2981 2982
g flue
usemtl flue
v 330.268171 57.875961 1489.036066
v 329.000000 45.000000 1489.036066
v 330.000000 45.000000 1489.036066
v 331.248957 57.680871 1489.036066
f 2983 2984 2985
f 2983 2985 2986
g flue
usemtl flue
v 329.000000 45.000000 1489.036066
v 330.268171 32.124039 1489.036066
v 331.248957 32.319129 1489.036066
v 330.000000 45.000000 1489.036066
f 2987 2988 2989
f 2987 2989 2990
g flue
usemtl flue
v 330.268171 32.124039 1489.036066
v 334.023951 19.742893 1489.036066
v 334.947830 20.125577 1489.036066
v 331.248957 32.319129 1489.036066
f 2991 2992 2993
f 2991 2993 2994
g flue
usemtl flue
v 334.023951 19.742893 1489.036066
v 340.123006 8.332365 1489.036066
v 340.954475 8.887935 1489.036066
v 334.947830 20.125577 1489.036066
f 2995 2996 2997
f 2995 2997 2998
g flue
usemtl flue
v 340.123006 8.332365 1489.036066
v 348.330952 -1.669048 1489.036066
v 349.038059 -0.961941 1489.036066
v 340.954475 8.887935 1489.036066
f 2999 3000 3001
f 2999 3001 3002
g flue
usemtl flue
v 348.330952 -1.669048 1489.036066
v 358.332365 -9.876994 1489.036066
v 358.887935 -9.045525 1489.036066
v 349.038059 -0.961941 1489.036066
f 3003 3004 3005
f 3003 3005 3006
g flue
usemtl flue
v 358.332365 -9.876994 1489.036066
v 369.742893 -15.976049 1489.036066
v 370.125577 -15.052170 1489.036066
v 358.887935 -9.045525 1489.036066
f 3007 3008 3009
f 3007 3009 3010
g flue
usemtl flue
v 369.742893 -15.976049 1489.036066
v 382.124039 -19.731829 1489.036066
v 382.319129 -18.751043 1489.036066
v 370.125577 -15.052170 1489.036066
f 3011 3012 3013
f 3011 3013 3014
g flue
usemtl flue
v 382.124039 -19.731829 1489.036066
v 395.000000 -21.000000 1489.036066
v 395.000000 -20.000000 1489.036066
v 382.319129 -18.751043 1489.036066
f 3015 3016 3017
f 3015 3017 3018
g flue
usemtl flue
v 395.000000 -21.000000 1489.036066
v 407.875961 -19.731829 1489.036066
v 407.680871 -18.751043 1489.036066
v 395.000000 -20.000000 1489.036066
f 3019 3020 3021
f 3019 3021 3022
g flue
usemtl flue
v 407.875961 -19.731829 1489.036066
v 420.257107 -15.976049 1489.036066
v 419.874423 -15.052170 1489.036066
v 407.680871 -18.751043 1489.036066
f 3023 3024 3025
f 3023 3025 3026
g flue
usemtl flue
v 420.257107 -15.976049 1489.036066
v 431.667635 -9.876994 1489.036066
v 431.112065 -9.045525 1489.036066
v 419.874423 -15.052170 1489.036066
f 3027 3028 3029
f 3027 3029 3030
g flue
usemtl flue
v 431.667635 -9.876994 1489.036066
v 441.669048 -1.669048 1489.036066
v 440.961941 -0.961941 1489.036066
v 431.112065 -9.045525 1489.036066
f 3031 3032 3033
f 3031 3033 3034
g flue
usemtl flue
v 441.669048 -1.669048 1489.036066
v 449.876994 8.332365 1489.036066
v 449.045525 8.887935 1489.036066
v 440.961941 -0.961941 1489.036066
f 3035 3036 3037
f 3035 3037 3038
g flue
usemtl flue
v 449.876994 8.332365 1489.036066
v 455.976049 19.742893 1489.036066
v 455.052170 20.125577 1489.036066
v 449.045525 8.887935 1489.036066
f 3039 3040 3041
f 3039 3041 3042
g flue
usemtl flue
v 455.976049 19.742893 1489.036066
v 459.731829 32.124039 1489.036066
v 458.751043 32.319129 1489.036066
v 455.052170 20.125577 1489.036066
f 3043 3044 3045
f 3043 3045 3046
g flue
usemtl flue
v 459.731829 32.124039 1489.036066
v 461.000000 45.000000 1489.036066
v 460.000000 45.000000 1489.036066
v 458.751043 32.319129 1489.036066
f 3047 3048 3049
f 3047 3049 3050
