
 Fire Dynamics Simulator

 Current Date     : September 24, 2026  08:53:43
 Revision         : FDS-6.11.1-0-gff928db-release
 Revision Date    : Thu Jul 9 17:24:07 2026 -0400
 Compiler         : Intel(R) Fortran Compiler for applications running on Intel(R) 64, Version 2025.2.0 Build 20250605
 Compilation Date : Fri-07/10/2026-01:19-PM

 Number of MPI Processes:  1
 Number of OpenMP Threads: 12

 MPI version: 4.1
 MPI library version: Intel(R) MPI Library 2021.16 for Windows* OS

 Hypre library version: v3.0.0
 Sundials library version: v7.5.0

 Job TITLE        : V4 bake hot-start
 Job ID string    : v4_bake


 Grid Dimensions, Mesh     1

   Cells in the X Direction            48
   Cells in the Y Direction            46
   Cells in the Z Direction            15
   Number of Grid Cells             33120


 Physical Dimensions, Mesh     1

   Length (m)                       1.200
   Width  (m)                       1.150
   Height (m)                       0.375

 Grid Dimensions, Mesh     2

   Cells in the X Direction            12
   Cells in the Y Direction            12
   Cells in the Z Direction            44
   Number of Grid Cells              6336


 Physical Dimensions, Mesh     2

   Length (m)                       0.300
   Width  (m)                       0.300
   Height (m)                       1.100

 Miscellaneous Parameters

   Total Number of Grid Cells       39456
   Maximum Cell Aspect Ratio        1.000
   Initial Time Step (s)            0.033
   CFL Velocity Norm                    2
   Simulation Start Time (s)          0.0
   Simulation End Time (s)          120.0
   Background Pressure (Pa)     101325.00
   Ambient Temperature (C)          25.00

   3D Cartesian
   VLES Calculation
   Eddy Viscosity Model:  Deardorff (C_DEARDORFF = 0.10)
   Surface INERT Eddy Viscosity Model:  WALE (C_WALE = 0.60)
   Surface COLD_OUTER Eddy Viscosity Model:  WALE (C_WALE = 0.60)
   Surface BURNER Eddy Viscosity Model:  WALE (C_WALE = 0.60)
   Surface FLOOR_L Eddy Viscosity Model:  WALE (C_WALE = 0.60)
   Surface FLOOR_R Eddy Viscosity Model:  WALE (C_WALE = 0.60)
   Surface HEARTH Eddy Viscosity Model:  WALE (C_WALE = 0.60)
   Surface VAULT Eddy Viscosity Model:  WALE (C_WALE = 0.60)
   Surface FLUE Eddy Viscosity Model:  WALE (C_WALE = 0.60)
   Surface PIZZA_1 Eddy Viscosity Model:  WALE (C_WALE = 0.60)
   Surface PIZZA_2 Eddy Viscosity Model:  WALE (C_WALE = 0.60)
   Turbulent Prandtl Number:         0.50
   Turbulent Schmidt Number:         0.50


 Pressure solver information

   Solver:                            FFT
   Velocity tolerance (m/s):    1.250E-02
   Press eqn res tol (1/s^2):   3.200E+04
   Max pressure iterations:            10


 Background Stratification

      Z (m)     P_0 (Pa)    TMP_0 (C)
   ------------------------------------
        0.34    101321.11     25.00
        0.31    101321.40     25.00
        0.29    101321.69     25.00
        0.26    101321.97     25.00
        0.24    101322.26     25.00
        0.21    101322.55     25.00
        0.19    101322.84     25.00
        0.16    101323.12     25.00
        0.14    101323.41     25.00
        0.11    101323.70     25.00
        0.09    101323.99     25.00
        0.06    101324.28     25.00
        0.04    101324.56     25.00
        0.01    101324.85     25.00
       -0.01    101325.14     25.00


 Mass Fraction Transformation Matrix to Convert Species Mixtures (Columns) to Primitive Species (Rows)

                         AIR       WOOD      PRODUCTS
   NITROGEN              0.760861  0.000000  0.647716
   OXYGEN                0.230510  0.000000  0.000000
   CARBON DIOXIDE        0.000590  0.000000  0.247844
   WATER VAPOR           0.008039  0.000000  0.102210
   CARBON MONOXIDE       0.000000  0.000000  0.000000
   SOOT                  0.000000  0.000000  0.002231
   HYDROGEN              0.000000  0.000000  0.000000
   HYDROGEN CYANIDE      0.000000  0.000000  0.000000
   WOOD                  0.000000  1.000000  0.000000


 Primitive Species Information

   NITROGEN
   Gas Species
   Molecular Weight (g/mol)                28.01340
   Ambient Density (kg/m^3)                1.145
           Enthalpy of Formation (J/kg)  0.000E+00

   OXYGEN
   Gas Species
   Molecular Weight (g/mol)                31.99880
   Ambient Density (kg/m^3)                1.308
           Enthalpy of Formation (J/kg)  0.000E+00

   CARBON DIOXIDE
   Gas Species
   Molecular Weight (g/mol)                44.00950
   Ambient Density (kg/m^3)                1.799
           Enthalpy of Formation (J/kg) -8.941E+06

   WATER VAPOR
   Gas Species
   Molecular Weight (g/mol)                18.01528
   Ambient Density (kg/m^3)                0.736
           Enthalpy of Formation (J/kg) -1.342E+07

   CARBON MONOXIDE
   Gas Species
   Molecular Weight (g/mol)                28.01010
   Ambient Density (kg/m^3)                1.145
           Enthalpy of Formation (J/kg) -3.946E+06

   SOOT
   Gas Species
   Molecular Weight (g/mol)                12.01070
   Ambient Density (kg/m^3)                0.491
           Enthalpy of Formation (J/kg)  0.000E+00

   HYDROGEN
   Gas Species
   Molecular Weight (g/mol)                 2.01588
   Ambient Density (kg/m^3)                0.082
           Enthalpy of Formation (J/kg)  0.000E+00

   HYDROGEN CYANIDE
   Gas Species
   Molecular Weight (g/mol)                27.02534
   Ambient Density (kg/m^3)                1.105
           Enthalpy of Formation (J/kg)  4.924E+06

   WOOD
   Gas Species
   Molecular Weight (g/mol)                87.08411
   Ambient Density (kg/m^3)                3.559
   Assumed Enthalpy of Formation (J/kg) -8.481E+06


 Tracked (Lumped) Species Information

   AIR
   Molecular Weight (g/mol)            28.71586
   Ambient Density (kg/m^3)            1.174
   Initial Mass Fraction               1.000
   Enthalpy of Formation (J/kg)     -1.132E+05

   Sub Species                    Mass Fraction     Mole Fraction
   NITROGEN                       7.608605E-01      7.799397E-01
   OXYGEN                         2.305098E-01      2.068605E-01
   CARBON DIOXIDE                 5.902165E-04      3.851117E-04
   WATER VAPOR                    8.039473E-03      1.281470E-02
 
     Viscosity (kg/m/s) Ambient,  298 K:  1.816E-05
                                  500 K:  2.610E-05
                                 1000 K:  4.124E-05
                                 1500 K:  5.371E-05
                                 2000 K:  6.476E-05
   Therm. Cond. (W/m/K) Ambient,  298 K:  2.587E-02
                                  500 K:  3.813E-02
                                 1000 K:  6.690E-02
                                 1500 K:  9.261E-02
                                 2000 K:  1.155E-01
        Enthalpy (J/kg) Ambient,  298 K: -1.132E+05
                                  500 K:  9.439E+04
                                 1000 K:  6.454E+05
                                 1500 K:  1.245E+06
                                 2000 K:  1.872E+06
    Spec. Heat (J/kg/K) Ambient,  298 K:  1.018E+03
                                  500 K:  1.044E+03
                                 1000 K:  1.158E+03
                                 1500 K:  1.232E+03
                                 2000 K:  1.273E+03
   Diff. Coeff. (m^2/s) Ambient,  298 K:  2.050E-05
                                  500 K:  4.964E-05
                                 1000 K:  1.582E-04
                                 1500 K:  3.098E-04
                                 2000 K:  4.989E-04
     Gibbs Energy Amb. (kJ/mol),  298 K: -6.020E+01
                                  500 K: -1.012E+02
                                 1000 K: -2.122E+02
                                 1500 K: -3.317E+02
                                 2000 K: -4.573E+02

   WOOD
   Molecular Weight (g/mol)            87.08411
   Ambient Density (kg/m^3)            3.559
   Initial Mass Fraction               0.000
   Enthalpy of Formation (J/kg)     -8.481E+06

   Sub Species                    Mass Fraction     Mole Fraction
   WOOD                           1.000000E+00      1.000000E+00
 
     Viscosity (kg/m/s) Ambient,  298 K:  3.105E-05
                                  500 K:  4.428E-05
                                 1000 K:  6.961E-05
                                 1500 K:  9.056E-05
                                 2000 K:  1.091E-04
   Therm. Cond. (W/m/K) Ambient,  298 K:  1.461E-02
                                  500 K:  2.084E-02
                                 1000 K:  3.276E-02
                                 1500 K:  4.262E-02
                                 2000 K:  5.137E-02
        Enthalpy (J/kg) Ambient,  298 K: -8.481E+06
                                  500 K: -8.413E+06
                                 1000 K: -8.246E+06
                                 1500 K: -8.079E+06
                                 2000 K: -7.912E+06
    Spec. Heat (J/kg/K) Ambient,  298 K:  3.342E+02
                                  500 K:  3.342E+02
                                 1000 K:  3.342E+02
                                 1500 K:  3.342E+02
                                 2000 K:  3.342E+02
   Diff. Coeff. (m^2/s) Ambient,  298 K:  1.662E-05
                                  500 K:  4.011E-05
                                 1000 K:  1.275E-04
                                 1500 K:  2.496E-04
                                 2000 K:  4.019E-04

   PRODUCTS
   Molecular Weight (g/mol)            28.89133
   Ambient Density (kg/m^3)            1.181
   Initial Mass Fraction               0.000
   Enthalpy of Formation (J/kg)     -3.588E+06

   Sub Species                    Mass Fraction     Mole Fraction
   NITROGEN                       6.477158E-01      6.680148E-01
   CARBON DIOXIDE                 2.478438E-01      1.627043E-01
   WATER VAPOR                    1.022099E-01      1.639152E-01
   CARBON MONOXIDE                0.000000E+00      0.000000E+00
   SOOT                           2.230595E-03      5.365619E-03
   HYDROGEN CYANIDE               0.000000E+00      0.000000E+00
 
     Viscosity (kg/m/s) Ambient,  298 K:  1.618E-05
                                  500 K:  2.378E-05
                                 1000 K:  3.889E-05
                                 1500 K:  5.140E-05
                                 2000 K:  6.241E-05
   Therm. Cond. (W/m/K) Ambient,  298 K:  2.319E-02
                                  500 K:  3.583E-02
                                 1000 K:  6.707E-02
                                 1500 K:  9.630E-02
                                 2000 K:  1.225E-01
        Enthalpy (J/kg) Ambient,  298 K: -3.588E+06
                                  500 K: -3.365E+06
                                 1000 K: -2.754E+06
                                 1500 K: -2.075E+06
                                 2000 K: -1.354E+06
    Spec. Heat (J/kg/K) Ambient,  298 K:  1.075E+03
                                  500 K:  1.138E+03
                                 1000 K:  1.300E+03
                                 1500 K:  1.407E+03
                                 2000 K:  1.470E+03
   Diff. Coeff. (m^2/s) Ambient,  298 K:  1.990E-05
                                  500 K:  4.909E-05
                                 1000 K:  1.587E-04
                                 1500 K:  3.121E-04
                                 2000 K:  5.035E-04
     Gibbs Energy Amb. (kJ/mol),  298 K: -1.808E+02
                                  500 K: -2.223E+02
                                 1000 K: -3.358E+02
                                 1500 K: -4.593E+02
                                 2000 K: -5.899E+02


 Gas Phase Reaction Information

   Solver Details:  

      ODE Solver:  EXPLICIT EULER

      Fuel                                           Heat of Combustion (kJ/kg)
      WOOD                                                           15000.0000
      EPUMO2:                                                        11367.1561

      Primitive Species Stoich. Coeff.
      Species ID                                                          Molar
      OXYGEN                                                          -3.591242
      CARBON DIOXIDE                                                   3.291242
      WATER VAPOR                                                      3.100000
      SOOT                                                             0.108758
      WOOD                                                            -1.000000

      Tracked (Lumped) Species Stoich. Coeff.
      Species ID                                             Molar         Mass
      AIR                                               -17.360696    -5.724664
      WOOD                                               -1.000000    -1.000000
      PRODUCTS                                           20.269454     6.724664

      Reaction Kinetics

      Fast chemistry

      Extinction Model:  EXTINCTION 1
      Auto-Ignition Temperature (C):            -273.1
      Critical Flame Temperature (C):           1427.0

      Prescribed Radiative Fraction:             0.350


 Material Information

   1 STEEL
     Emissivity:                                  0.900
     Density (kg/m3):                            7900.0
     Specific Heat (kJ/kg/K) Ambient,  298 K:  5.000E-01
                                       350 K:  5.000E-01
                                       500 K:  5.000E-01
                                       800 K:  5.000E-01
     Therm. Cond. (W/m/K) Ambient,     298 K:  1.600E+01
                                       350 K:  1.600E+01
                                       500 K:  1.600E+01
                                       800 K:  1.600E+01
     Enthalpy (kJ/kg) Ambient,         298 K:  1.490E+02
                                       350 K:  1.750E+02
                                       500 K:  2.500E+02
                                       800 K:  4.000E+02

   2 INSULATION
     Emissivity:                                  0.900
     Density (kg/m3):                             128.0
     Specific Heat (kJ/kg/K) Ambient,  298 K:  1.000E+00
                                       350 K:  1.000E+00
                                       500 K:  1.000E+00
                                       800 K:  1.000E+00
     Therm. Cond. (W/m/K) Ambient,     298 K:  1.200E-01
                                       350 K:  1.200E-01
                                       500 K:  1.200E-01
                                       800 K:  1.200E-01
     Enthalpy (kJ/kg) Ambient,         298 K:  2.980E+02
                                       350 K:  3.500E+02
                                       500 K:  5.000E+02
                                       800 K:  8.000E+02

   3 CORDIERITE
     Emissivity:                                  0.900
     Density (kg/m3):                            2600.0
     Specific Heat (kJ/kg/K) Ambient,  298 K:  9.000E-01
                                       350 K:  9.000E-01
                                       500 K:  9.000E-01
                                       800 K:  9.000E-01
     Therm. Cond. (W/m/K) Ambient,     298 K:  2.500E+00
                                       350 K:  2.500E+00
                                       500 K:  2.500E+00
                                       800 K:  2.500E+00
     Enthalpy (kJ/kg) Ambient,         298 K:  2.682E+02
                                       350 K:  3.150E+02
                                       500 K:  4.500E+02
                                       800 K:  7.200E+02

   4 BOARD
     Emissivity:                                  0.900
     Density (kg/m3):                             250.0
     Specific Heat (kJ/kg/K) Ambient,  298 K:  1.000E+00
                                       350 K:  1.000E+00
                                       500 K:  1.000E+00
                                       800 K:  1.000E+00
     Therm. Cond. (W/m/K) Ambient,     298 K:  9.000E-02
                                       350 K:  9.000E-02
                                       500 K:  9.000E-02
                                       800 K:  9.000E-02
     Enthalpy (kJ/kg) Ambient,         298 K:  2.980E+02
                                       350 K:  3.500E+02
                                       500 K:  5.000E+02
                                       800 K:  8.000E+02

   5 FOOD
     Emissivity:                                  0.900
     Density (kg/m3):                             650.0
     Specific Heat (kJ/kg/K) Ambient,  298 K:  3.000E+00
                                       350 K:  3.000E+00
                                       500 K:  3.000E+00
                                       800 K:  3.000E+00
     Therm. Cond. (W/m/K) Ambient,     298 K:  4.000E-01
                                       350 K:  4.000E-01
                                       500 K:  4.000E-01
                                       800 K:  4.000E-01
     Enthalpy (kJ/kg) Ambient,         298 K:  8.940E+02
                                       350 K:  1.050E+03
                                       500 K:  2.630E+03
                                       800 K:  3.530E+03


 Surface Conditions

   0 INERT (DEFAULT)

   1 COLD_OUTER
     Wall or Vent Temperature (C)    25.0

   2 BURNER
     HRR Per Unit Area (kW/m2)        454.5
     WOOD Mass Flux (kg/s/m2)   3.030E-02

   3 FLOOR_L
     Material List
          1  CORDIERITE
          2  BOARD
     Layer  1
        Thickness   (m):  0.03000
        Density (kg/m3):  2600.00
        CORDIERITE, Mass fraction:    1.00
     Layer  2
        Thickness   (m):  0.05000
        Density (kg/m3):   250.00
        BOARD, Mass fraction:    1.00
     Reaction products considered from the first -1.00 layers.
     Total surface density    90.500 kg/m2
     Solid Phase Node, Layer, Coordinates(m):
                    0      1       0.0000000
                    1      1       0.0010000
                    2      1       0.0030000
                    3      1       0.0070000
                    4      1       0.0150000
                    5      1       0.0230000
                    6      1       0.0270000
                    7      1       0.0290000
                    8      1       0.0300000
                    9      2       0.0305319
                   10      2       0.0315957
                   11      2       0.0337234
                   12      2       0.0379787
                   13      2       0.0464894
                   14      2       0.0635106
                   15      2       0.0720213
                   16      2       0.0762766
                   17      2       0.0784043
                   18      2       0.0794681
                   19      2       0.0800000
     Backing to void

   4 FLOOR_R
     Material List
          1  CORDIERITE
          2  BOARD
     Layer  1
        Thickness   (m):  0.03000
        Density (kg/m3):  2600.00
        CORDIERITE, Mass fraction:    1.00
     Layer  2
        Thickness   (m):  0.05000
        Density (kg/m3):   250.00
        BOARD, Mass fraction:    1.00
     Reaction products considered from the first -1.00 layers.
     Total surface density    90.500 kg/m2
     Solid Phase Node, Layer, Coordinates(m):
                    0      1       0.0000000
                    1      1       0.0010000
                    2      1       0.0030000
                    3      1       0.0070000
                    4      1       0.0150000
                    5      1       0.0230000
                    6      1       0.0270000
                    7      1       0.0290000
                    8      1       0.0300000
                    9      2       0.0305319
                   10      2       0.0315957
                   11      2       0.0337234
                   12      2       0.0379787
                   13      2       0.0464894
                   14      2       0.0635106
                   15      2       0.0720213
                   16      2       0.0762766
                   17      2       0.0784043
                   18      2       0.0794681
                   19      2       0.0800000
     Backing to void

   5 HEARTH
     Material List
          1  CORDIERITE
          2  BOARD
     Layer  1
        Thickness   (m):  0.03000
        Density (kg/m3):  2600.00
        CORDIERITE, Mass fraction:    1.00
     Layer  2
        Thickness   (m):  0.05000
        Density (kg/m3):   250.00
        BOARD, Mass fraction:    1.00
     Reaction products considered from the first -1.00 layers.
     Total surface density    90.500 kg/m2
     Solid Phase Node, Layer, Coordinates(m):
                    0      1       0.0000000
                    1      1       0.0010000
                    2      1       0.0030000
                    3      1       0.0070000
                    4      1       0.0150000
                    5      1       0.0230000
                    6      1       0.0270000
                    7      1       0.0290000
                    8      1       0.0300000
                    9      2       0.0305319
                   10      2       0.0315957
                   11      2       0.0337234
                   12      2       0.0379787
                   13      2       0.0464894
                   14      2       0.0635106
                   15      2       0.0720213
                   16      2       0.0762766
                   17      2       0.0784043
                   18      2       0.0794681
                   19      2       0.0800000
     Backing to void

   6 VAULT
     Material List
          1  STEEL
          2  INSULATION
     Layer  1
        Thickness   (m):  0.00150
        Density (kg/m3):  7900.00
        STEEL, Mass fraction:    1.00
     Layer  2
        Thickness   (m):  0.05000
        Density (kg/m3):   128.00
        INSULATION, Mass fraction:    1.00
     Layer  3
        Thickness   (m):  0.00100
        Density (kg/m3):  7900.00
        STEEL, Mass fraction:    1.00
     Reaction products considered from the first -1.00 layers.
     Total surface density    26.150 kg/m2
     Solid Phase Node, Layer, Coordinates(m):
                    0      1       0.0000000
                    1      1       0.0015000
                    2      2       0.0023065
                    3      2       0.0039194
                    4      2       0.0071452
                    5      2       0.0135968
                    6      2       0.0265000
                    7      2       0.0394032
                    8      2       0.0458548
                    9      2       0.0490806
                   10      2       0.0506935
                   11      2       0.0515000
                   12      3       0.0525000
     Backing to void

   7 FLUE
     Material List
          1  STEEL
     Layer  1
        Thickness   (m):  0.00100
        Density (kg/m3):  7900.00
        STEEL, Mass fraction:    1.00
     Reaction products considered from the first -1.00 layers.
     Total surface density     7.900 kg/m2
     Solid Phase Node, Layer, Coordinates(m):
                    0      1       0.0000000
                    1      1       0.0010000
     Backing to void

   8 PIZZA_1
     Material List
          1  CORDIERITE
          2  BOARD
          3  FOOD
     Layer  1
        Thickness   (m):  0.00600
        Density (kg/m3):   650.00
        FOOD, Mass fraction:    1.00
     Layer  2
        Thickness   (m):  0.03000
        Density (kg/m3):  2600.00
        CORDIERITE, Mass fraction:    1.00
     Layer  3
        Thickness   (m):  0.05000
        Density (kg/m3):   250.00
        BOARD, Mass fraction:    1.00
     Reaction products considered from the first -1.00 layers.
     Total surface density    94.400 kg/m2
     Solid Phase Node, Layer, Coordinates(m):
                    0      1       0.0000000
                    1      1       0.0004286
                    2      1       0.0012857
                    3      1       0.0030000
                    4      1       0.0047143
                    5      1       0.0055714
                    6      1       0.0060000
                    7      2       0.0070000
                    8      2       0.0090000
                    9      2       0.0130000
                   10      2       0.0210000
                   11      2       0.0290000
                   12      2       0.0330000
                   13      2       0.0350000
                   14      2       0.0360000
                   15      3       0.0365319
                   16      3       0.0375957
                   17      3       0.0397234
                   18      3       0.0439787
                   19      3       0.0524894
                   20      3       0.0695106
                   21      3       0.0780213
                   22      3       0.0822766
                   23      3       0.0844043
                   24      3       0.0854681
                   25      3       0.0860000
     Backing to void

   9 PIZZA_2
     Material List
          1  CORDIERITE
          2  BOARD
          3  FOOD
     Layer  1
        Thickness   (m):  0.00600
        Density (kg/m3):   650.00
        FOOD, Mass fraction:    1.00
     Layer  2
        Thickness   (m):  0.03000
        Density (kg/m3):  2600.00
        CORDIERITE, Mass fraction:    1.00
     Layer  3
        Thickness   (m):  0.05000
        Density (kg/m3):   250.00
        BOARD, Mass fraction:    1.00
     Reaction products considered from the first -1.00 layers.
     Total surface density    94.400 kg/m2
     Solid Phase Node, Layer, Coordinates(m):
                    0      1       0.0000000
                    1      1       0.0004286
                    2      1       0.0012857
                    3      1       0.0030000
                    4      1       0.0047143
                    5      1       0.0055714
                    6      1       0.0060000
                    7      2       0.0070000
                    8      2       0.0090000
                    9      2       0.0130000
                   10      2       0.0210000
                   11      2       0.0290000
                   12      2       0.0330000
                   13      2       0.0350000
                   14      2       0.0360000
                   15      3       0.0365319
                   16      3       0.0375957
                   17      3       0.0397234
                   18      3       0.0439787
                   19      3       0.0524894
                   20      3       0.0695106
                   21      3       0.0780213
                   22      3       0.0822766
                   23      3       0.0844043
                   24      3       0.0854681
                   25      3       0.0860000
     Backing to void

  10 OPEN
     Passive Vent to Atmosphere

  11 MIRROR
     Symmetry Plane

  12 INTERPOLATED

  13 PERIODIC

  14 HVAC

  15 MASSLESS TRACER

  16 DROPLET

  17 MASSLESS TARGET

  18 PERIODIC FLOW ONLY


 Lagrangian Particle Classes


 Cut-off Density and Temperature

    Minimum Temperature:  -259.1 C
    Maximum Temperature:  2726.8 C
    Minimum Density:  1.000E-02 kg/m3
    Maximum Density:  1.000E+02 kg/m3


 Device Information

   1 ID: mouth_net_y
     QUANTITY: MASS FLUX Y
     Coordinates (X,Y,Z):    3.950000E-01   -8.000000E-02    8.000000E-02
     SPATIAL STATISTIC: AREA INTEGRAL
     TEMPORAL STATISTIC: TIME AVERAGE
   2 ID: mouth_outward_y_negative
     QUANTITY: MASS FLUX Y
     Coordinates (X,Y,Z):    3.950000E-01   -8.000000E-02    8.000000E-02
     SPATIAL STATISTIC: AREA INTEGRAL
     TEMPORAL STATISTIC: TIME AVERAGE
   3 ID: mouth_inward_y_positive
     QUANTITY: MASS FLUX Y
     Coordinates (X,Y,Z):    3.950000E-01   -8.000000E-02    8.000000E-02
     SPATIAL STATISTIC: AREA INTEGRAL
     TEMPORAL STATISTIC: TIME AVERAGE
   4 ID: mouth_soot_outward_negative
     QUANTITY: MASS FLUX Y
     Species ID: SOOT
     Coordinates (X,Y,Z):    3.950000E-01   -8.000000E-02    8.000000E-02
     SPATIAL STATISTIC: AREA INTEGRAL
     TEMPORAL STATISTIC: TIME AVERAGE
   5 ID: flue_net_z
     QUANTITY: MASS FLUX Z
     Coordinates (X,Y,Z):    3.950000E-01    4.500000E-02    1.255000E+00
     SPATIAL STATISTIC: AREA INTEGRAL
     TEMPORAL STATISTIC: TIME AVERAGE
   6 ID: flue_outward_z_positive
     QUANTITY: MASS FLUX Z
     Coordinates (X,Y,Z):    3.950000E-01    4.500000E-02    1.255000E+00
     SPATIAL STATISTIC: AREA INTEGRAL
     TEMPORAL STATISTIC: TIME AVERAGE
   7 ID: flue_soot_outward_positive
     QUANTITY: MASS FLUX Z
     Species ID: SOOT
     Coordinates (X,Y,Z):    3.950000E-01    4.500000E-02    1.255000E+00
     SPATIAL STATISTIC: AREA INTEGRAL
     TEMPORAL STATISTIC: TIME AVERAGE
   8 ID: pizza_1_gas_temp
     QUANTITY: TEMPERATURE
     Coordinates (X,Y,Z):    2.100000E-01    2.050000E-01    1.000000E-01
     TEMPORAL STATISTIC: TIME AVERAGE
   9 ID: pizza_2_gas_temp
     QUANTITY: TEMPERATURE
     Coordinates (X,Y,Z):    5.800000E-01    2.050000E-01    1.000000E-01
     TEMPORAL STATISTIC: TIME AVERAGE
  10 ID: gas_L
     QUANTITY: TEMPERATURE
     Coordinates (X,Y,Z):    2.100000E-01    2.050000E-01    1.200000E-01
     TEMPORAL STATISTIC: TIME AVERAGE
  11 ID: gas_R
     QUANTITY: TEMPERATURE
     Coordinates (X,Y,Z):    5.800000E-01    2.050000E-01    1.200000E-01
     TEMPORAL STATISTIC: TIME AVERAGE
  12 ID: gas_REAR
     QUANTITY: TEMPERATURE
     Coordinates (X,Y,Z):    3.950000E-01    5.500000E-01    1.200000E-01
     TEMPORAL STATISTIC: TIME AVERAGE
  13 ID: gas_FLUE
     QUANTITY: TEMPERATURE
     Coordinates (X,Y,Z):    3.950000E-01    4.500000E-02    8.000000E-01
     TEMPORAL STATISTIC: TIME AVERAGE
  14 ID: pizza_1_C_surface
     QUANTITY: WALL TEMPERATURE
     Coordinates (X,Y,Z):    2.100000E-01    2.050000E-01    2.500000E-02
     TEMPORAL STATISTIC: TIME AVERAGE
  15 ID: pizza_1_C_rad
     QUANTITY: RADIATIVE HEAT FLUX
     Coordinates (X,Y,Z):    2.100000E-01    2.050000E-01    2.500000E-02
     TEMPORAL STATISTIC: TIME AVERAGE
  16 ID: pizza_1_C_conv
     QUANTITY: CONVECTIVE HEAT FLUX
     Coordinates (X,Y,Z):    2.100000E-01    2.050000E-01    2.500000E-02
     TEMPORAL STATISTIC: TIME AVERAGE
  17 ID: pizza_1_C_net
     QUANTITY: TOTAL HEAT FLUX
     Coordinates (X,Y,Z):    2.100000E-01    2.050000E-01    2.500000E-02
     TEMPORAL STATISTIC: TIME AVERAGE
  18 ID: pizza_1_C_core
     QUANTITY: INSIDE WALL TEMPERATURE
     Coordinates (X,Y,Z):    2.100000E-01    2.050000E-01    2.500000E-02
     TEMPORAL STATISTIC: TIME AVERAGE
  19 ID: pizza_1_C_bottom
     QUANTITY: INSIDE WALL TEMPERATURE
     Coordinates (X,Y,Z):    2.100000E-01    2.050000E-01    2.500000E-02
     TEMPORAL STATISTIC: TIME AVERAGE
  20 ID: pizza_1_C_gas
     QUANTITY: TEMPERATURE
     Coordinates (X,Y,Z):    2.100000E-01    2.050000E-01    1.000000E-01
     TEMPORAL STATISTIC: TIME AVERAGE
  21 ID: pizza_1_L_surface
     QUANTITY: WALL TEMPERATURE
     Coordinates (X,Y,Z):    1.200000E-01    2.050000E-01    2.500000E-02
     TEMPORAL STATISTIC: TIME AVERAGE
  22 ID: pizza_1_L_rad
     QUANTITY: RADIATIVE HEAT FLUX
     Coordinates (X,Y,Z):    1.200000E-01    2.050000E-01    2.500000E-02
     TEMPORAL STATISTIC: TIME AVERAGE
  23 ID: pizza_1_L_conv
     QUANTITY: CONVECTIVE HEAT FLUX
     Coordinates (X,Y,Z):    1.200000E-01    2.050000E-01    2.500000E-02
     TEMPORAL STATISTIC: TIME AVERAGE
  24 ID: pizza_1_L_net
     QUANTITY: TOTAL HEAT FLUX
     Coordinates (X,Y,Z):    1.200000E-01    2.050000E-01    2.500000E-02
     TEMPORAL STATISTIC: TIME AVERAGE
  25 ID: pizza_1_L_core
     QUANTITY: INSIDE WALL TEMPERATURE
     Coordinates (X,Y,Z):    1.200000E-01    2.050000E-01    2.500000E-02
     TEMPORAL STATISTIC: TIME AVERAGE
  26 ID: pizza_1_L_bottom
     QUANTITY: INSIDE WALL TEMPERATURE
     Coordinates (X,Y,Z):    1.200000E-01    2.050000E-01    2.500000E-02
     TEMPORAL STATISTIC: TIME AVERAGE
  27 ID: pizza_1_L_gas
     QUANTITY: TEMPERATURE
     Coordinates (X,Y,Z):    1.200000E-01    2.050000E-01    1.000000E-01
     TEMPORAL STATISTIC: TIME AVERAGE
  28 ID: pizza_1_R_surface
     QUANTITY: WALL TEMPERATURE
     Coordinates (X,Y,Z):    3.000000E-01    2.050000E-01    2.500000E-02
     TEMPORAL STATISTIC: TIME AVERAGE
  29 ID: pizza_1_R_rad
     QUANTITY: RADIATIVE HEAT FLUX
     Coordinates (X,Y,Z):    3.000000E-01    2.050000E-01    2.500000E-02
     TEMPORAL STATISTIC: TIME AVERAGE
  30 ID: pizza_1_R_conv
     QUANTITY: CONVECTIVE HEAT FLUX
     Coordinates (X,Y,Z):    3.000000E-01    2.050000E-01    2.500000E-02
     TEMPORAL STATISTIC: TIME AVERAGE
  31 ID: pizza_1_R_net
     QUANTITY: TOTAL HEAT FLUX
     Coordinates (X,Y,Z):    3.000000E-01    2.050000E-01    2.500000E-02
     TEMPORAL STATISTIC: TIME AVERAGE
  32 ID: pizza_1_R_core
     QUANTITY: INSIDE WALL TEMPERATURE
     Coordinates (X,Y,Z):    3.000000E-01    2.050000E-01    2.500000E-02
     TEMPORAL STATISTIC: TIME AVERAGE
  33 ID: pizza_1_R_bottom
     QUANTITY: INSIDE WALL TEMPERATURE
     Coordinates (X,Y,Z):    3.000000E-01    2.050000E-01    2.500000E-02
     TEMPORAL STATISTIC: TIME AVERAGE
  34 ID: pizza_1_R_gas
     QUANTITY: TEMPERATURE
     Coordinates (X,Y,Z):    3.000000E-01    2.050000E-01    1.000000E-01
     TEMPORAL STATISTIC: TIME AVERAGE
  35 ID: pizza_1_F_surface
     QUANTITY: WALL TEMPERATURE
     Coordinates (X,Y,Z):    2.100000E-01    1.150000E-01    2.500000E-02
     TEMPORAL STATISTIC: TIME AVERAGE
  36 ID: pizza_1_F_rad
     QUANTITY: RADIATIVE HEAT FLUX
     Coordinates (X,Y,Z):    2.100000E-01    1.150000E-01    2.500000E-02
     TEMPORAL STATISTIC: TIME AVERAGE
  37 ID: pizza_1_F_conv
     QUANTITY: CONVECTIVE HEAT FLUX
     Coordinates (X,Y,Z):    2.100000E-01    1.150000E-01    2.500000E-02
     TEMPORAL STATISTIC: TIME AVERAGE
  38 ID: pizza_1_F_net
     QUANTITY: TOTAL HEAT FLUX
     Coordinates (X,Y,Z):    2.100000E-01    1.150000E-01    2.500000E-02
     TEMPORAL STATISTIC: TIME AVERAGE
  39 ID: pizza_1_F_core
     QUANTITY: INSIDE WALL TEMPERATURE
     Coordinates (X,Y,Z):    2.100000E-01    1.150000E-01    2.500000E-02
     TEMPORAL STATISTIC: TIME AVERAGE
  40 ID: pizza_1_F_bottom
     QUANTITY: INSIDE WALL TEMPERATURE
     Coordinates (X,Y,Z):    2.100000E-01    1.150000E-01    2.500000E-02
     TEMPORAL STATISTIC: TIME AVERAGE
  41 ID: pizza_1_F_gas
     QUANTITY: TEMPERATURE
     Coordinates (X,Y,Z):    2.100000E-01    1.150000E-01    1.000000E-01
     TEMPORAL STATISTIC: TIME AVERAGE
  42 ID: pizza_1_B_surface
     QUANTITY: WALL TEMPERATURE
     Coordinates (X,Y,Z):    2.100000E-01    2.950000E-01    2.500000E-02
     TEMPORAL STATISTIC: TIME AVERAGE
  43 ID: pizza_1_B_rad
     QUANTITY: RADIATIVE HEAT FLUX
     Coordinates (X,Y,Z):    2.100000E-01    2.950000E-01    2.500000E-02
     TEMPORAL STATISTIC: TIME AVERAGE
  44 ID: pizza_1_B_conv
     QUANTITY: CONVECTIVE HEAT FLUX
     Coordinates (X,Y,Z):    2.100000E-01    2.950000E-01    2.500000E-02
     TEMPORAL STATISTIC: TIME AVERAGE
  45 ID: pizza_1_B_net
     QUANTITY: TOTAL HEAT FLUX
     Coordinates (X,Y,Z):    2.100000E-01    2.950000E-01    2.500000E-02
     TEMPORAL STATISTIC: TIME AVERAGE
  46 ID: pizza_1_B_core
     QUANTITY: INSIDE WALL TEMPERATURE
     Coordinates (X,Y,Z):    2.100000E-01    2.950000E-01    2.500000E-02
     TEMPORAL STATISTIC: TIME AVERAGE
  47 ID: pizza_1_B_bottom
     QUANTITY: INSIDE WALL TEMPERATURE
     Coordinates (X,Y,Z):    2.100000E-01    2.950000E-01    2.500000E-02
     TEMPORAL STATISTIC: TIME AVERAGE
  48 ID: pizza_1_B_gas
     QUANTITY: TEMPERATURE
     Coordinates (X,Y,Z):    2.100000E-01    2.950000E-01    1.000000E-01
     TEMPORAL STATISTIC: TIME AVERAGE
  49 ID: pizza_1_surface
     QUANTITY: WALL TEMPERATURE
     Coordinates (X,Y,Z):    2.100000E-01    2.050000E-01    2.500000E-02
     TEMPORAL STATISTIC: TIME AVERAGE
  50 ID: pizza_2_C_surface
     QUANTITY: WALL TEMPERATURE
     Coordinates (X,Y,Z):    5.800000E-01    2.050000E-01    2.500000E-02
     TEMPORAL STATISTIC: TIME AVERAGE
  51 ID: pizza_2_C_rad
     QUANTITY: RADIATIVE HEAT FLUX
     Coordinates (X,Y,Z):    5.800000E-01    2.050000E-01    2.500000E-02
     TEMPORAL STATISTIC: TIME AVERAGE
  52 ID: pizza_2_C_conv
     QUANTITY: CONVECTIVE HEAT FLUX
     Coordinates (X,Y,Z):    5.800000E-01    2.050000E-01    2.500000E-02
     TEMPORAL STATISTIC: TIME AVERAGE
  53 ID: pizza_2_C_net
     QUANTITY: TOTAL HEAT FLUX
     Coordinates (X,Y,Z):    5.800000E-01    2.050000E-01    2.500000E-02
     TEMPORAL STATISTIC: TIME AVERAGE
  54 ID: pizza_2_C_core
     QUANTITY: INSIDE WALL TEMPERATURE
     Coordinates (X,Y,Z):    5.800000E-01    2.050000E-01    2.500000E-02
     TEMPORAL STATISTIC: TIME AVERAGE
  55 ID: pizza_2_C_bottom
     QUANTITY: INSIDE WALL TEMPERATURE
     Coordinates (X,Y,Z):    5.800000E-01    2.050000E-01    2.500000E-02
     TEMPORAL STATISTIC: TIME AVERAGE
  56 ID: pizza_2_C_gas
     QUANTITY: TEMPERATURE
     Coordinates (X,Y,Z):    5.800000E-01    2.050000E-01    1.000000E-01
     TEMPORAL STATISTIC: TIME AVERAGE
  57 ID: pizza_2_L_surface
     QUANTITY: WALL TEMPERATURE
     Coordinates (X,Y,Z):    4.900000E-01    2.050000E-01    2.500000E-02
     TEMPORAL STATISTIC: TIME AVERAGE
  58 ID: pizza_2_L_rad
     QUANTITY: RADIATIVE HEAT FLUX
     Coordinates (X,Y,Z):    4.900000E-01    2.050000E-01    2.500000E-02
     TEMPORAL STATISTIC: TIME AVERAGE
  59 ID: pizza_2_L_conv
     QUANTITY: CONVECTIVE HEAT FLUX
     Coordinates (X,Y,Z):    4.900000E-01    2.050000E-01    2.500000E-02
     TEMPORAL STATISTIC: TIME AVERAGE
  60 ID: pizza_2_L_net
     QUANTITY: TOTAL HEAT FLUX
     Coordinates (X,Y,Z):    4.900000E-01    2.050000E-01    2.500000E-02
     TEMPORAL STATISTIC: TIME AVERAGE
  61 ID: pizza_2_L_core
     QUANTITY: INSIDE WALL TEMPERATURE
     Coordinates (X,Y,Z):    4.900000E-01    2.050000E-01    2.500000E-02
     TEMPORAL STATISTIC: TIME AVERAGE
  62 ID: pizza_2_L_bottom
     QUANTITY: INSIDE WALL TEMPERATURE
     Coordinates (X,Y,Z):    4.900000E-01    2.050000E-01    2.500000E-02
     TEMPORAL STATISTIC: TIME AVERAGE
  63 ID: pizza_2_L_gas
     QUANTITY: TEMPERATURE
     Coordinates (X,Y,Z):    4.900000E-01    2.050000E-01    1.000000E-01
     TEMPORAL STATISTIC: TIME AVERAGE
  64 ID: pizza_2_R_surface
     QUANTITY: WALL TEMPERATURE
     Coordinates (X,Y,Z):    6.700000E-01    2.050000E-01    2.500000E-02
     TEMPORAL STATISTIC: TIME AVERAGE
  65 ID: pizza_2_R_rad
     QUANTITY: RADIATIVE HEAT FLUX
     Coordinates (X,Y,Z):    6.700000E-01    2.050000E-01    2.500000E-02
     TEMPORAL STATISTIC: TIME AVERAGE
  66 ID: pizza_2_R_conv
     QUANTITY: CONVECTIVE HEAT FLUX
     Coordinates (X,Y,Z):    6.700000E-01    2.050000E-01    2.500000E-02
     TEMPORAL STATISTIC: TIME AVERAGE
  67 ID: pizza_2_R_net
     QUANTITY: TOTAL HEAT FLUX
     Coordinates (X,Y,Z):    6.700000E-01    2.050000E-01    2.500000E-02
     TEMPORAL STATISTIC: TIME AVERAGE
  68 ID: pizza_2_R_core
     QUANTITY: INSIDE WALL TEMPERATURE
     Coordinates (X,Y,Z):    6.700000E-01    2.050000E-01    2.500000E-02
     TEMPORAL STATISTIC: TIME AVERAGE
  69 ID: pizza_2_R_bottom
     QUANTITY: INSIDE WALL TEMPERATURE
     Coordinates (X,Y,Z):    6.700000E-01    2.050000E-01    2.500000E-02
     TEMPORAL STATISTIC: TIME AVERAGE
  70 ID: pizza_2_R_gas
     QUANTITY: TEMPERATURE
     Coordinates (X,Y,Z):    6.700000E-01    2.050000E-01    1.000000E-01
     TEMPORAL STATISTIC: TIME AVERAGE
  71 ID: pizza_2_F_surface
     QUANTITY: WALL TEMPERATURE
     Coordinates (X,Y,Z):    5.800000E-01    1.150000E-01    2.500000E-02
     TEMPORAL STATISTIC: TIME AVERAGE
  72 ID: pizza_2_F_rad
     QUANTITY: RADIATIVE HEAT FLUX
     Coordinates (X,Y,Z):    5.800000E-01    1.150000E-01    2.500000E-02
     TEMPORAL STATISTIC: TIME AVERAGE
  73 ID: pizza_2_F_conv
     QUANTITY: CONVECTIVE HEAT FLUX
     Coordinates (X,Y,Z):    5.800000E-01    1.150000E-01    2.500000E-02
     TEMPORAL STATISTIC: TIME AVERAGE
  74 ID: pizza_2_F_net
     QUANTITY: TOTAL HEAT FLUX
     Coordinates (X,Y,Z):    5.800000E-01    1.150000E-01    2.500000E-02
     TEMPORAL STATISTIC: TIME AVERAGE
  75 ID: pizza_2_F_core
     QUANTITY: INSIDE WALL TEMPERATURE
     Coordinates (X,Y,Z):    5.800000E-01    1.150000E-01    2.500000E-02
     TEMPORAL STATISTIC: TIME AVERAGE
  76 ID: pizza_2_F_bottom
     QUANTITY: INSIDE WALL TEMPERATURE
     Coordinates (X,Y,Z):    5.800000E-01    1.150000E-01    2.500000E-02
     TEMPORAL STATISTIC: TIME AVERAGE
  77 ID: pizza_2_F_gas
     QUANTITY: TEMPERATURE
     Coordinates (X,Y,Z):    5.800000E-01    1.150000E-01    1.000000E-01
     TEMPORAL STATISTIC: TIME AVERAGE
  78 ID: pizza_2_B_surface
     QUANTITY: WALL TEMPERATURE
     Coordinates (X,Y,Z):    5.800000E-01    2.950000E-01    2.500000E-02
     TEMPORAL STATISTIC: TIME AVERAGE
  79 ID: pizza_2_B_rad
     QUANTITY: RADIATIVE HEAT FLUX
     Coordinates (X,Y,Z):    5.800000E-01    2.950000E-01    2.500000E-02
     TEMPORAL STATISTIC: TIME AVERAGE
  80 ID: pizza_2_B_conv
     QUANTITY: CONVECTIVE HEAT FLUX
     Coordinates (X,Y,Z):    5.800000E-01    2.950000E-01    2.500000E-02
     TEMPORAL STATISTIC: TIME AVERAGE
  81 ID: pizza_2_B_net
     QUANTITY: TOTAL HEAT FLUX
     Coordinates (X,Y,Z):    5.800000E-01    2.950000E-01    2.500000E-02
     TEMPORAL STATISTIC: TIME AVERAGE
  82 ID: pizza_2_B_core
     QUANTITY: INSIDE WALL TEMPERATURE
     Coordinates (X,Y,Z):    5.800000E-01    2.950000E-01    2.500000E-02
     TEMPORAL STATISTIC: TIME AVERAGE
  83 ID: pizza_2_B_bottom
     QUANTITY: INSIDE WALL TEMPERATURE
     Coordinates (X,Y,Z):    5.800000E-01    2.950000E-01    2.500000E-02
     TEMPORAL STATISTIC: TIME AVERAGE
  84 ID: pizza_2_B_gas
     QUANTITY: TEMPERATURE
     Coordinates (X,Y,Z):    5.800000E-01    2.950000E-01    1.000000E-01
     TEMPORAL STATISTIC: TIME AVERAGE
  85 ID: pizza_2_surface
     QUANTITY: WALL TEMPERATURE
     Coordinates (X,Y,Z):    5.800000E-01    2.050000E-01    2.500000E-02
     TEMPORAL STATISTIC: TIME AVERAGE
  86 ID: floor_surface
     QUANTITY: WALL TEMPERATURE
     Coordinates (X,Y,Z):    3.950000E-01    2.000000E-01    0.000000E+00
     TEMPORAL STATISTIC: TIME AVERAGE


 Slice File Information, Mesh     1

   1 Nodes:   0  48   0  46   5   5, Quantity: TEMPERATURE
   2 Nodes:   0  48   0  46   5   5, Quantity: VELOCITY
   3 Nodes:   0  48   0  46   5   5, Quantity: U-VELOCITY
   4 Nodes:   0  48   0  46   5   5, Quantity: V-VELOCITY
   5 Nodes:   0  48   0  46   5   5, Quantity: W-VELOCITY
   6 Nodes:  23  23   0  46   0  15, Quantity: TEMPERATURE
   7 Nodes:  23  23   0  46   0  15, Quantity: VELOCITY
   8 Nodes:  23  23   0  46   0  15, Quantity: U-VELOCITY
   9 Nodes:  23  23   0  46   0  15, Quantity: V-VELOCITY
  10 Nodes:  23  23   0  46   0  15, Quantity: W-VELOCITY
  11 Nodes:   0  48  25  25   0  15, Quantity: TEMPERATURE


 Slice File Information, Mesh     2

   1 Nodes:   5   5   0  12   0  44, Quantity: TEMPERATURE
   2 Nodes:   5   5   0  12   0  44, Quantity: VELOCITY
   3 Nodes:   5   5   0  12   0  44, Quantity: U-VELOCITY
   4 Nodes:   5   5   0  12   0  44, Quantity: V-VELOCITY
   5 Nodes:   5   5   0  12   0  44, Quantity: W-VELOCITY


 Boundary File Information

   1 Quantity: WALL TEMPERATURE
   2 Quantity: RADIATIVE HEAT FLUX
   3 Quantity: CONVECTIVE HEAT FLUX
   4 Quantity: TOTAL HEAT FLUX


 Radiation Model Information

   Number of control angles  104
   Time step increment         3
   Angle increment             5
   Theta band N_phi   Solid angle
     1:        4     0.120
     2:       12     0.114
     3:       16     0.127
     4:       20     0.120
     5:       20     0.120
     6:       16     0.127
     7:       12     0.114
     8:        4     0.120
   Using gray gas absorption.
   Mean beam length  1.000E-01 m
 
 

 Run Time Diagnostics

       Time Step        1   September 24, 2026  08:53:44
       Step Size:  0.329E-01 s, Total Time:    0.03287 s
       Pressure Iterations: 10
       Maximum Velocity Error:  0.32E-01 on Mesh 1 at (13,38,2)
       Maximum Pressure Error:  0.26E+04 on Mesh 1 at (37,34,2)
       Maximum CFL Number    :  0.75E+00 on Mesh 2 at (7,5,11)
       Maximum VN Number     :  0.82E-01 on Mesh 2 at (8,7,7)
       ---------------------------------------------------------------
       Mesh    1
       Max CFL number:  0.75E+00 at (26,16,12)
       Max divergence:  0.39E+01 at (26,14,13)
       Min divergence: -0.11E+01 at (26,14,12)
       Max VN number :  0.75E-01 at (30,35,2)
       Mesh    2
       Max CFL number:  0.75E+00 at (7,5,11)
       Max divergence:  0.94E+00 at (6,5,38)
       Min divergence: -0.10E+01 at (6,5,37)
       Max VN number :  0.82E-01 at (8,7,7)
 
       Time Step        2   September 24, 2026  08:53:44
       Step Size:  0.190E-01 s, Total Time:    0.05188 s
       Pressure Iterations: 10
       Maximum Velocity Error:  0.33E-01 on Mesh 1 at (24,38,1)
       Maximum Pressure Error:  0.30E+04 on Mesh 1 at (24,38,2)
       Maximum CFL Number    :  0.75E+00 on Mesh 1 at (26,16,12)
       Maximum VN Number     :  0.48E+00 on Mesh 1 at (22,15,13)
       ---------------------------------------------------------------
       Mesh    1
       Max CFL number:  0.75E+00 at (26,16,12)
       Max divergence:  0.12E+02 at (27,37,2)
       Min divergence: -0.16E+01 at (26,16,12)
       Max VN number :  0.48E+00 at (22,15,13)
       Mesh    2
       Max CFL number:  0.65E+00 at (5,6,15)
       Max divergence:  0.12E+01 at (7,5,38)
       Min divergence: -0.11E+01 at (6,5,37)
       Max VN number :  0.20E+00 at (6,8,39)
 
       Time Step        3   September 24, 2026  08:53:44
       Step Size:  0.135E-01 s, Total Time:    0.06539 s
       Pressure Iterations: 10
       Maximum Velocity Error:  0.29E-01 on Mesh 1 at (14,38,2)
       Maximum Pressure Error:  0.85E+03 on Mesh 1 at (24,37,2)
       Maximum CFL Number    :  0.71E+00 on Mesh 1 at (26,16,12)
       Maximum VN Number     :  0.80E+00 on Mesh 1 at (26,16,13)
       ---------------------------------------------------------------
       Mesh    1
       Max CFL number:  0.71E+00 at (26,16,12)
       Max divergence:  0.14E+02 at (20,33,2)
       Min divergence: -0.16E+01 at (23,16,12)
       Max VN number :  0.80E+00 at (26,16,13)
       Mesh    2
       Max CFL number:  0.56E+00 at (6,6,1)
       Max divergence:  0.95E+00 at (7,4,36)
       Min divergence: -0.98E+00 at (6,5,37)
       Max VN number :  0.22E+00 at (8,6,39)
 
       Time Step        4   September 24, 2026  08:53:45
       Step Size:  0.999E-02 s, Total Time:    0.07538 s
       Pressure Iterations: 10
       Maximum Velocity Error:  0.20E-01 on Mesh 1 at (35,38,2)
       Maximum Pressure Error:  0.71E+03 on Mesh 1 at (24,34,2)
       Maximum CFL Number    :  0.70E+00 on Mesh 1 at (23,15,12)
       Maximum VN Number     :  0.87E+00 on Mesh 1 at (23,16,13)
       ---------------------------------------------------------------
       Mesh    1
       Max CFL number:  0.70E+00 at (23,15,12)
       Max divergence:  0.14E+02 at (28,33,2)
       Min divergence: -0.14E+01 at (23,16,12)
       Max VN number :  0.87E+00 at (23,16,13)
       Mesh    2
       Max CFL number:  0.49E+00 at (6,6,1)
       Max divergence:  0.92E+00 at (7,4,36)
       Min divergence: -0.85E+00 at (6,5,37)
       Max VN number :  0.18E+00 at (8,6,39)
 
       Time Step        5   September 24, 2026  08:53:45
       Step Size:  0.811E-02 s, Total Time:    0.08350 s
       Pressure Iterations: 10
       Maximum Velocity Error:  0.21E-01 on Mesh 1 at (22,15,15)
       Maximum Pressure Error:  0.59E+03 on Mesh 1 at (24,34,2)
       Maximum CFL Number    :  0.70E+00 on Mesh 1 at (23,15,12)
       Maximum VN Number     :  0.89E+00 on Mesh 1 at (23,16,13)
       ---------------------------------------------------------------
       Mesh    1
       Max CFL number:  0.70E+00 at (23,15,12)
       Max divergence:  0.12E+02 at (28,33,2)
       Min divergence: -0.11E+01 at (23,16,12)
       Max VN number :  0.89E+00 at (23,16,13)
       Mesh    2
       Max CFL number:  0.45E+00 at (6,6,1)
       Max divergence:  0.95E+00 at (7,4,35)
       Min divergence: -0.88E+00 at (8,8,39)
       Max VN number :  0.14E+00 at (8,6,39)
 
       Time Step        6   September 24, 2026  08:53:45
       Step Size:  0.698E-02 s, Total Time:    0.09048 s
       Pressure Iterations: 10
       Maximum Velocity Error:  0.16E-01 on Mesh 1 at (22,15,15)
       Maximum Pressure Error:  0.45E+03 on Mesh 1 at (22,16,14)
       Maximum CFL Number    :  0.69E+00 on Mesh 1 at (23,15,12)
       Maximum VN Number     :  0.89E+00 on Mesh 1 at (23,16,13)
       ---------------------------------------------------------------
       Mesh    1
       Max CFL number:  0.69E+00 at (23,15,12)
       Max divergence:  0.10E+02 at (27,32,2)
       Min divergence: -0.78E+00 at (38,13,6)
       Max VN number :  0.89E+00 at (23,16,13)
       Mesh    2
       Max CFL number:  0.42E+00 at (6,6,1)
       Max divergence:  0.95E+00 at (7,4,35)
       Min divergence: -0.13E+01 at (8,8,39)
       Max VN number :  0.14E+00 at (8,8,40)
 
       Time Step        7   September 24, 2026  08:53:45
       Step Size:  0.698E-02 s, Total Time:    0.09746 s
       Pressure Iterations: 3
       Maximum Velocity Error:  0.12E-01 on Mesh 1 at (24,38,2)
       Maximum Pressure Error:  0.10E+04 on Mesh 1 at (24,37,2)
       Maximum CFL Number    :  0.76E+00 on Mesh 1 at (23,15,12)
       Maximum VN Number     :  0.97E+00 on Mesh 1 at (23,16,13)
       ---------------------------------------------------------------
       Mesh    1
       Max CFL number:  0.76E+00 at (23,15,12)
       Max divergence:  0.80E+01 at (27,32,2)
       Min divergence: -0.75E+00 at (38,13,6)
       Max VN number :  0.97E+00 at (23,16,13)
       Mesh    2
       Max CFL number:  0.45E+00 at (6,6,1)
       Max divergence:  0.11E+01 at (4,8,40)
       Min divergence: -0.17E+01 at (8,8,40)
       Max VN number :  0.17E+00 at (8,8,40)
 
       Time Step        8   September 24, 2026  08:53:45
       Step Size:  0.618E-02 s, Total Time:    0.10365 s
       Pressure Iterations: 10
       Maximum Velocity Error:  0.21E-01 on Mesh 1 at (24,38,2)
       Maximum Pressure Error:  0.39E+04 on Mesh 1 at (24,32,2)
       Maximum CFL Number    :  0.72E+00 on Mesh 1 at (25,15,12)
       Maximum VN Number     :  0.90E+00 on Mesh 1 at (23,16,13)
       ---------------------------------------------------------------
       Mesh    1
       Max CFL number:  0.72E+00 at (25,15,12)
       Max divergence:  0.45E+01 at (19,37,2)
       Min divergence: -0.71E+00 at (10,13,5)
       Max VN number :  0.90E+00 at (23,16,13)
       Mesh    2
       Max CFL number:  0.42E+00 at (6,6,1)
       Max divergence:  0.17E+01 at (4,8,40)
       Min divergence: -0.33E+01 at (8,8,40)
       Max VN number :  0.17E+00 at (6,9,40)
 
       Time Step        9   September 24, 2026  08:53:45
       Step Size:  0.618E-02 s, Total Time:    0.10983 s
       Pressure Iterations: 10
       Maximum Velocity Error:  0.23E-01 on Mesh 1 at (24,16,15)
       Maximum Pressure Error:  0.26E+04 on Mesh 1 at (19,37,2)
       Maximum CFL Number    :  0.75E+00 on Mesh 1 at (25,15,12)
       Maximum VN Number     :  0.94E+00 on Mesh 1 at (24,16,13)
       ---------------------------------------------------------------
       Mesh    1
       Max CFL number:  0.75E+00 at (25,15,12)
       Max divergence:  0.34E+01 at (25,32,3)
       Min divergence: -0.68E+00 at (10,13,5)
       Max VN number :  0.94E+00 at (24,16,13)
       Mesh    2
       Max CFL number:  0.45E+00 at (6,6,1)
       Max divergence:  0.23E+01 at (4,8,40)
       Min divergence: -0.48E+01 at (8,8,40)
       Max VN number :  0.20E+00 at (6,9,40)
 
       Time Step       10   September 24, 2026  08:53:46
       Step Size:  0.618E-02 s, Total Time:    0.11602 s
       Pressure Iterations: 10
       Maximum Velocity Error:  0.32E-01 on Mesh 1 at (22,15,15)
       Maximum Pressure Error:  0.17E+04 on Mesh 1 at (19,32,2)
       Maximum CFL Number    :  0.77E+00 on Mesh 1 at (25,15,12)
       Maximum VN Number     :  0.96E+00 on Mesh 1 at (24,16,13)
       ---------------------------------------------------------------
       Mesh    1
       Max CFL number:  0.77E+00 at (25,15,12)
       Max divergence:  0.28E+01 at (21,32,3)
       Min divergence: -0.73E+00 at (25,13,12)
       Max VN number :  0.96E+00 at (24,16,13)
       Mesh    2
       Max CFL number:  0.48E+00 at (8,8,40)
       Max divergence:  0.26E+01 at (4,8,40)
       Min divergence: -0.49E+01 at (8,5,40)
       Max VN number :  0.21E+00 at (6,9,40)
 
       Time Step       20   September 24, 2026  08:53:47
       Step Size:  0.524E-02 s, Total Time:    0.17692 s
       Pressure Iterations: 10
       Maximum Velocity Error:  0.17E-01 on Mesh 1 at (24,15,15)
       Maximum Pressure Error:  0.19E+04 on Mesh 1 at (29,32,2)
       Maximum CFL Number    :  0.82E+00 on Mesh 1 at (23,15,12)
       Maximum VN Number     :  0.90E+00 on Mesh 1 at (24,16,13)
       ---------------------------------------------------------------
       Mesh    1
       Max CFL number:  0.82E+00 at (23,15,12)
       Max divergence:  0.43E+01 at (29,32,2)
       Min divergence: -0.50E+00 at (25,13,10)
       Max VN number :  0.90E+00 at (24,16,13)
       Mesh    2
       Max CFL number:  0.72E+00 at (6,5,2)
       Max divergence:  0.55E+01 at (5,7,43)
       Min divergence: -0.36E+01 at (5,8,43)
       Max VN number :  0.19E+00 at (8,8,43)
 
       Time Step       30   September 24, 2026  08:53:49
       Step Size:  0.469E-02 s, Total Time:    0.22493 s
       Pressure Iterations: 7
       Maximum Velocity Error:  0.12E-01 on Mesh 2 at (4,7,0)
       Maximum Pressure Error:  0.13E+04 on Mesh 1 at (29,32,2)
       Maximum CFL Number    :  0.80E+00 on Mesh 2 at (7,6,43)
       Maximum VN Number     :  0.88E+00 on Mesh 1 at (24,16,13)
       ---------------------------------------------------------------
       Mesh    1
       Max CFL number:  0.79E+00 at (23,15,12)
       Max divergence:  0.70E+01 at (29,32,2)
       Min divergence: -0.53E+00 at (27,33,2)
       Max VN number :  0.88E+00 at (24,16,13)
       Mesh    2
       Max CFL number:  0.80E+00 at (7,6,43)
       Max divergence:  0.26E+01 at (5,5,42)
       Min divergence: -0.34E+01 at (8,8,41)
       Max VN number :  0.21E+00 at (6,5,2)
 
       Time Step       40   September 24, 2026  08:53:50
       Step Size:  0.469E-02 s, Total Time:    0.27184 s
       Pressure Iterations: 6
       Maximum Velocity Error:  0.12E-01 on Mesh 1 at (25,14,15)
       Maximum Pressure Error:  0.10E+04 on Mesh 1 at (29,32,2)
       Maximum CFL Number    :  0.82E+00 on Mesh 1 at (23,15,12)
       Maximum VN Number     :  0.88E+00 on Mesh 1 at (22,14,13)
       ---------------------------------------------------------------
       Mesh    1
       Max CFL number:  0.82E+00 at (23,15,12)
       Max divergence:  0.12E+02 at (23,32,2)
       Min divergence: -0.10E+01 at (27,33,2)
       Max VN number :  0.88E+00 at (22,14,13)
       Mesh    2
       Max CFL number:  0.78E+00 at (6,5,6)
       Max divergence:  0.39E+01 at (4,8,41)
       Min divergence: -0.37E+01 at (8,8,43)
       Max VN number :  0.23E+00 at (7,5,5)
 
       Time Step       50   September 24, 2026  08:53:52
       Step Size:  0.420E-02 s, Total Time:    0.31827 s
       Pressure Iterations: 4
       Maximum Velocity Error:  0.58E-02 on Mesh 1 at (24,14,15)
       Maximum Pressure Error:  0.42E+03 on Mesh 2 at (8,8,22)
       Maximum CFL Number    :  0.77E+00 on Mesh 1 at (23,15,12)
       Maximum VN Number     :  0.90E+00 on Mesh 1 at (22,14,13)
       ---------------------------------------------------------------
       Mesh    1
       Max CFL number:  0.77E+00 at (23,15,12)
       Max divergence:  0.10E+02 at (19,32,2)
       Min divergence: -0.60E+00 at (27,35,3)
       Max VN number :  0.90E+00 at (22,14,13)
       Mesh    2
       Max CFL number:  0.72E+00 at (7,5,3)
       Max divergence:  0.36E+01 at (8,4,41)
       Min divergence: -0.38E+01 at (8,8,40)
       Max VN number :  0.20E+00 at (6,5,6)
 
       Time Step       60   September 24, 2026  08:53:53
       Step Size:  0.420E-02 s, Total Time:    0.36028 s
       Pressure Iterations: 4
       Maximum Velocity Error:  0.12E-01 on Mesh 2 at (6,5,0)
       Maximum Pressure Error:  0.50E+03 on Mesh 1 at (22,13,14)
       Maximum CFL Number    :  0.76E+00 on Mesh 1 at (25,15,12)
       Maximum VN Number     :  0.87E+00 on Mesh 1 at (22,14,13)
       ---------------------------------------------------------------
       Mesh    1
       Max CFL number:  0.76E+00 at (25,15,12)
       Max divergence:  0.12E+02 at (19,33,2)
       Min divergence: -0.83E+00 at (27,34,2)
       Max VN number :  0.87E+00 at (22,14,13)
       Mesh    2
       Max CFL number:  0.71E+00 at (6,5,5)
       Max divergence:  0.41E+01 at (4,8,41)
       Min divergence: -0.60E+01 at (8,8,41)
       Max VN number :  0.16E+00 at (6,5,5)
 
       Time Step       70   September 24, 2026  08:53:54
       Step Size:  0.420E-02 s, Total Time:    0.40229 s
       Pressure Iterations: 5
       Maximum Velocity Error:  0.11E-01 on Mesh 1 at (24,15,15)
       Maximum Pressure Error:  0.41E+03 on Mesh 1 at (24,33,2)
       Maximum CFL Number    :  0.82E+00 on Mesh 1 at (25,15,12)
       Maximum VN Number     :  0.92E+00 on Mesh 1 at (26,14,13)
       ---------------------------------------------------------------
       Mesh    1
       Max CFL number:  0.82E+00 at (25,15,12)
       Max divergence:  0.15E+02 at (26,33,2)
       Min divergence: -0.10E+01 at (27,34,3)
       Max VN number :  0.92E+00 at (26,14,13)
       Mesh    2
       Max CFL number:  0.78E+00 at (6,5,4)
       Max divergence:  0.40E+01 at (4,8,41)
       Min divergence: -0.41E+01 at (8,8,41)
       Max VN number :  0.18E+00 at (6,5,13)
 
       Time Step       80   September 24, 2026  08:53:56
       Step Size:  0.462E-02 s, Total Time:    0.44556 s
       Pressure Iterations: 5
       Maximum Velocity Error:  0.85E-02 on Mesh 1 at (24,13,15)
       Maximum Pressure Error:  0.59E+03 on Mesh 2 at (8,4,3)
       Maximum CFL Number    :  0.89E+00 on Mesh 1 at (25,15,12)
       Maximum VN Number     :  0.10E+01 on Mesh 1 at (26,14,13)
       ---------------------------------------------------------------
       Mesh    1
       Max CFL number:  0.89E+00 at (25,15,12)
       Max divergence:  0.14E+02 at (25,33,2)
       Min divergence: -0.73E+00 at (19,37,6)
       Max VN number :  0.10E+01 at (26,14,13)
       Mesh    2
       Max CFL number:  0.87E+00 at (6,5,3)
       Max divergence:  0.36E+01 at (4,8,41)
       Min divergence: -0.46E+01 at (8,8,41)
       Max VN number :  0.18E+00 at (6,5,3)
 
       Time Step       90   September 24, 2026  08:53:57
       Step Size:  0.443E-02 s, Total Time:    0.48704 s
       Pressure Iterations: 4
       Maximum Velocity Error:  0.67E-02 on Mesh 2 at (6,5,0)
       Maximum Pressure Error:  0.58E+03 on Mesh 2 at (8,5,5)
       Maximum CFL Number    :  0.87E+00 on Mesh 1 at (25,15,12)
       Maximum VN Number     :  0.95E+00 on Mesh 1 at (26,14,13)
       ---------------------------------------------------------------
       Mesh    1
       Max CFL number:  0.87E+00 at (25,15,12)
       Max divergence:  0.14E+02 at (19,33,2)
       Min divergence: -0.12E+01 at (23,31,6)
       Max VN number :  0.95E+00 at (26,14,13)
       Mesh    2
       Max CFL number:  0.81E+00 at (6,4,7)
       Max divergence:  0.37E+01 at (4,8,41)
       Min divergence: -0.51E+01 at (8,8,41)
       Max VN number :  0.20E+00 at (7,5,15)
 
       Time Step      100   September 24, 2026  08:53:58
       Step Size:  0.394E-02 s, Total Time:    0.52643 s
       Pressure Iterations: 5
       Maximum Velocity Error:  0.11E-01 on Mesh 1 at (25,12,15)
       Maximum Pressure Error:  0.92E+03 on Mesh 1 at (24,38,2)
       Maximum CFL Number    :  0.76E+00 on Mesh 1 at (25,15,12)
       Maximum VN Number     :  0.81E+00 on Mesh 1 at (24,16,13)
       ---------------------------------------------------------------
       Mesh    1
       Max CFL number:  0.76E+00 at (25,15,12)
       Max divergence:  0.14E+02 at (28,33,2)
       Min divergence: -0.15E+01 at (27,31,7)
       Max VN number :  0.81E+00 at (24,16,13)
       Mesh    2
       Max CFL number:  0.72E+00 at (7,5,3)
       Max divergence:  0.22E+01 at (8,4,42)
       Min divergence: -0.34E+01 at (8,8,41)
       Max VN number :  0.35E+00 at (7,8,15)
 
       Time Step      200   September 24, 2026  08:54:11
       Step Size:  0.378E-02 s, Total Time:    0.92200 s
       Pressure Iterations: 5
       Maximum Velocity Error:  0.93E-02 on Mesh 1 at (23,13,15)
       Maximum Pressure Error:  0.74E+03 on Mesh 2 at (7,4,14)
       Maximum CFL Number    :  0.85E+00 on Mesh 1 at (23,15,12)
       Maximum VN Number     :  0.86E+00 on Mesh 1 at (22,14,13)
       ---------------------------------------------------------------
       Mesh    1
       Max CFL number:  0.85E+00 at (23,15,12)
       Max divergence:  0.24E+02 at (25,35,2)
       Min divergence: -0.41E+01 at (23,15,12)
       Max VN number :  0.86E+00 at (22,14,13)
       Mesh    2
       Max CFL number:  0.74E+00 at (6,5,1)
       Max divergence:  0.23E+01 at (4,8,41)
       Min divergence: -0.30E+01 at (4,7,41)
       Max VN number :  0.18E+00 at (6,7,3)
 
       Time Step      300   September 24, 2026  08:54:22
       Step Size:  0.296E-02 s, Total Time:    1.27150 s
       Pressure Iterations: 4
       Maximum Velocity Error:  0.11E-01 on Mesh 1 at (25,13,15)
       Maximum Pressure Error:  0.14E+04 on Mesh 2 at (6,8,21)
       Maximum CFL Number    :  0.83E+00 on Mesh 1 at (23,14,12)
       Maximum VN Number     :  0.70E+00 on Mesh 1 at (24,16,13)
       ---------------------------------------------------------------
       Mesh    1
       Max CFL number:  0.83E+00 at (23,14,12)
       Max divergence:  0.20E+02 at (26,34,2)
       Min divergence: -0.62E+01 at (26,16,12)
       Max VN number :  0.70E+00 at (24,16,13)
       Mesh    2
       Max CFL number:  0.79E+00 at (6,6,1)
       Max divergence:  0.35E+01 at (6,9,41)
       Min divergence: -0.51E+01 at (6,4,41)
       Max VN number :  0.19E+00 at (6,7,7)
 
       Time Step      400   September 24, 2026  08:54:34
       Step Size:  0.248E-02 s, Total Time:    1.54417 s
       Pressure Iterations: 5
       Maximum Velocity Error:  0.10E-01 on Mesh 1 at (25,14,15)
       Maximum Pressure Error:  0.13E+04 on Mesh 2 at (9,6,24)
       Maximum CFL Number    :  0.80E+00 on Mesh 1 at (26,15,12)
       Maximum VN Number     :  0.87E+00 on Mesh 1 at (25,16,13)
       ---------------------------------------------------------------
       Mesh    1
       Max CFL number:  0.80E+00 at (26,15,12)
       Max divergence:  0.17E+02 at (22,33,2)
       Min divergence: -0.48E+01 at (26,14,13)
       Max VN number :  0.87E+00 at (25,16,13)
       Mesh    2
       Max CFL number:  0.77E+00 at (6,6,1)
       Max divergence:  0.64E+01 at (8,4,41)
       Min divergence: -0.58E+01 at (8,8,41)
       Max VN number :  0.19E+00 at (7,7,7)
 
       Time Step      500   September 24, 2026  08:54:46
       Step Size:  0.256E-02 s, Total Time:    1.79876 s
       Pressure Iterations: 4
       Maximum Velocity Error:  0.11E-01 on Mesh 2 at (8,5,0)
       Maximum Pressure Error:  0.31E+04 on Mesh 2 at (6,4,9)
       Maximum CFL Number    :  0.83E+00 on Mesh 1 at (26,15,12)
       Maximum VN Number     :  0.80E+00 on Mesh 1 at (26,13,13)
       ---------------------------------------------------------------
       Mesh    1
       Max CFL number:  0.83E+00 at (26,15,12)
       Max divergence:  0.16E+02 at (26,33,2)
       Min divergence: -0.73E+01 at (25,16,13)
       Max VN number :  0.80E+00 at (26,13,13)
       Mesh    2
       Max CFL number:  0.78E+00 at (6,5,1)
       Max divergence:  0.74E+01 at (4,8,41)
       Min divergence: -0.76E+01 at (8,8,41)
       Max VN number :  0.22E+00 at (8,7,6)
 
       Time Step      600   September 24, 2026  08:54:59
       Step Size:  0.256E-02 s, Total Time:    2.05430 s
       Pressure Iterations: 5
       Maximum Velocity Error:  0.11E-01 on Mesh 1 at (23,13,15)
       Maximum Pressure Error:  0.25E+04 on Mesh 2 at (6,4,26)
       Maximum CFL Number    :  0.85E+00 on Mesh 1 at (26,15,12)
       Maximum VN Number     :  0.94E+00 on Mesh 1 at (25,16,13)
       ---------------------------------------------------------------
       Mesh    1
       Max CFL number:  0.85E+00 at (26,15,12)
       Max divergence:  0.19E+02 at (21,33,2)
       Min divergence: -0.74E+01 at (25,17,11)
       Max VN number :  0.94E+00 at (25,16,13)
       Mesh    2
       Max CFL number:  0.76E+00 at (6,5,2)
       Max divergence:  0.60E+01 at (4,8,43)
       Min divergence: -0.65E+01 at (5,5,41)
       Max VN number :  0.19E+00 at (6,8,24)
 
       Time Step      700   September 24, 2026  08:55:10
       Step Size:  0.276E-02 s, Total Time:    2.30668 s
       Pressure Iterations: 4
       Maximum Velocity Error:  0.59E-02 on Mesh 1 at (24,14,15)
       Maximum Pressure Error:  0.33E+04 on Mesh 2 at (7,4,5)
       Maximum CFL Number    :  0.84E+00 on Mesh 1 at (23,14,12)
       Maximum VN Number     :  0.78E+00 on Mesh 1 at (25,16,13)
       ---------------------------------------------------------------
       Mesh    1
       Max CFL number:  0.84E+00 at (23,14,12)
       Max divergence:  0.19E+02 at (28,33,2)
       Min divergence: -0.64E+01 at (26,16,12)
       Max VN number :  0.78E+00 at (25,16,13)
       Mesh    2
       Max CFL number:  0.77E+00 at (6,5,4)
       Max divergence:  0.75E+01 at (5,5,43)
       Min divergence: -0.61E+01 at (8,7,41)
       Max VN number :  0.21E+00 at (5,5,43)
 
       Time Step      800   September 24, 2026  08:55:22
       Step Size:  0.298E-02 s, Total Time:    2.57987 s
       Pressure Iterations: 3
       Maximum Velocity Error:  0.12E-01 on Mesh 2 at (8,4,16)
       Maximum Pressure Error:  0.31E+04 on Mesh 2 at (8,5,16)
       Maximum CFL Number    :  0.88E+00 on Mesh 1 at (25,15,12)
       Maximum VN Number     :  0.91E+00 on Mesh 1 at (26,13,13)
       ---------------------------------------------------------------
       Mesh    1
       Max CFL number:  0.88E+00 at (25,15,12)
       Max divergence:  0.17E+02 at (24,33,2)
       Min divergence: -0.42E+01 at (26,13,10)
       Max VN number :  0.91E+00 at (26,13,13)
       Mesh    2
       Max CFL number:  0.86E+00 at (6,5,4)
       Max divergence:  0.64E+01 at (5,5,40)
       Min divergence: -0.61E+01 at (7,4,41)
       Max VN number :  0.20E+00 at (5,6,24)
 
       Time Step      900   September 24, 2026  08:55:34
       Step Size:  0.289E-02 s, Total Time:    2.87088 s
       Pressure Iterations: 5
       Maximum Velocity Error:  0.11E-01 on Mesh 2 at (6,4,0)
       Maximum Pressure Error:  0.19E+04 on Mesh 2 at (6,4,3)
       Maximum CFL Number    :  0.86E+00 on Mesh 1 at (23,15,12)
       Maximum VN Number     :  0.89E+00 on Mesh 1 at (23,16,13)
       ---------------------------------------------------------------
       Mesh    1
       Max CFL number:  0.86E+00 at (23,15,12)
       Max divergence:  0.19E+02 at (20,37,2)
       Min divergence: -0.87E+01 at (26,15,13)
       Max VN number :  0.89E+00 at (23,16,13)
       Mesh    2
       Max CFL number:  0.80E+00 at (6,6,1)
       Max divergence:  0.80E+01 at (5,5,41)
       Min divergence: -0.79E+01 at (6,4,41)
       Max VN number :  0.23E+00 at (5,7,4)
 
       Time Step     1000   September 24, 2026  08:55:45
       Step Size:  0.273E-02 s, Total Time:    3.14190 s
       Pressure Iterations: 3
       Maximum Velocity Error:  0.92E-02 on Mesh 1 at (25,13,15)
       Maximum Pressure Error:  0.14E+04 on Mesh 2 at (5,4,27)
       Maximum CFL Number    :  0.85E+00 on Mesh 1 at (25,15,12)
       Maximum VN Number     :  0.81E+00 on Mesh 1 at (24,16,13)
       ---------------------------------------------------------------
       Mesh    1
       Max CFL number:  0.85E+00 at (25,15,12)
       Max divergence:  0.19E+02 at (29,37,2)
       Min divergence: -0.62E+01 at (26,16,12)
       Max VN number :  0.81E+00 at (24,16,13)
       Mesh    2
       Max CFL number:  0.76E+00 at (6,5,3)
       Max divergence:  0.68E+01 at (5,5,42)
       Min divergence: -0.64E+01 at (4,6,42)
       Max VN number :  0.27E+00 at (8,7,6)
 
       Time Step     1100   September 24, 2026  08:55:56
       Step Size:  0.287E-02 s, Total Time:    3.40862 s
       Pressure Iterations: 4
       Maximum Velocity Error:  0.12E-01 on Mesh 2 at (7,6,0)
       Maximum Pressure Error:  0.20E+04 on Mesh 2 at (6,4,5)
       Maximum CFL Number    :  0.87E+00 on Mesh 1 at (25,15,12)
       Maximum VN Number     :  0.74E+00 on Mesh 1 at (26,14,13)
       ---------------------------------------------------------------
       Mesh    1
       Max CFL number:  0.87E+00 at (25,15,12)
       Max divergence:  0.19E+02 at (20,37,2)
       Min divergence: -0.35E+01 at (23,17,10)
       Max VN number :  0.74E+00 at (26,14,13)
       Mesh    2
       Max CFL number:  0.79E+00 at (6,6,2)
       Max divergence:  0.45E+01 at (5,5,41)
       Min divergence: -0.71E+01 at (5,8,41)
       Max VN number :  0.18E+00 at (6,7,5)
 
       Time Step     1200   September 24, 2026  08:56:08
       Step Size:  0.254E-02 s, Total Time:    3.69320 s
       Pressure Iterations: 3
       Maximum Velocity Error:  0.12E-01 on Mesh 2 at (6,5,0)
       Maximum Pressure Error:  0.21E+04 on Mesh 2 at (6,8,30)
       Maximum CFL Number    :  0.77E+00 on Mesh 1 at (23,14,12)
       Maximum VN Number     :  0.97E+00 on Mesh 1 at (25,16,13)
       ---------------------------------------------------------------
       Mesh    1
       Max CFL number:  0.77E+00 at (23,14,12)
       Max divergence:  0.18E+02 at (21,33,2)
       Min divergence: -0.54E+01 at (26,16,12)
       Max VN number :  0.97E+00 at (25,16,13)
       Mesh    2
       Max CFL number:  0.71E+00 at (6,5,4)
       Max divergence:  0.52E+01 at (4,8,41)
       Min divergence: -0.78E+01 at (5,5,41)
       Max VN number :  0.17E+00 at (7,7,5)
 
       Time Step     1300   September 24, 2026  08:56:20
       Step Size:  0.271E-02 s, Total Time:    3.96376 s
       Pressure Iterations: 5
       Maximum Velocity Error:  0.11E-01 on Mesh 1 at (24,14,15)
       Maximum Pressure Error:  0.15E+04 on Mesh 2 at (8,5,3)
       Maximum CFL Number    :  0.86E+00 on Mesh 1 at (23,14,12)
       Maximum VN Number     :  0.81E+00 on Mesh 1 at (26,13,13)
       ---------------------------------------------------------------
       Mesh    1
       Max CFL number:  0.86E+00 at (23,14,12)
       Max divergence:  0.17E+02 at (20,33,2)
       Min divergence: -0.52E+01 at (25,16,12)
       Max VN number :  0.81E+00 at (26,13,13)
       Mesh    2
       Max CFL number:  0.80E+00 at (6,6,1)
       Max divergence:  0.48E+01 at (8,4,41)
       Min divergence: -0.72E+01 at (7,4,41)
       Max VN number :  0.17E+00 at (5,7,8)
 
       Time Step     1400   September 24, 2026  08:56:31
       Step Size:  0.235E-02 s, Total Time:    4.22800 s
       Pressure Iterations: 4
       Maximum Velocity Error:  0.11E-01 on Mesh 2 at (6,5,0)
       Maximum Pressure Error:  0.15E+04 on Mesh 1 at (22,13,13)
       Maximum CFL Number    :  0.75E+00 on Mesh 1 at (23,14,12)
       Maximum VN Number     :  0.93E+00 on Mesh 1 at (25,16,13)
       ---------------------------------------------------------------
       Mesh    1
       Max CFL number:  0.75E+00 at (23,14,12)
       Max divergence:  0.18E+02 at (19,37,2)
       Min divergence: -0.47E+01 at (23,14,13)
       Max VN number :  0.93E+00 at (25,16,13)
       Mesh    2
       Max CFL number:  0.71E+00 at (6,5,1)
       Max divergence:  0.52E+01 at (8,4,41)
       Min divergence: -0.62E+01 at (8,5,41)
       Max VN number :  0.17E+00 at (7,7,6)
 
       Time Step     1500   September 24, 2026  08:56:44
       Step Size:  0.261E-02 s, Total Time:    4.48855 s
       Pressure Iterations: 4
       Maximum Velocity Error:  0.91E-02 on Mesh 1 at (25,14,15)
       Maximum Pressure Error:  0.21E+04 on Mesh 2 at (6,4,7)
       Maximum CFL Number    :  0.84E+00 on Mesh 1 at (26,15,12)
       Maximum VN Number     :  0.88E+00 on Mesh 1 at (25,16,13)
       ---------------------------------------------------------------
       Mesh    1
       Max CFL number:  0.84E+00 at (26,15,12)
       Max divergence:  0.17E+02 at (28,33,2)
       Min divergence: -0.57E+01 at (26,15,12)
       Max VN number :  0.88E+00 at (25,16,13)
       Mesh    2
       Max CFL number:  0.75E+00 at (6,5,3)
       Max divergence:  0.55E+01 at (4,5,41)
       Min divergence: -0.56E+01 at (6,4,41)
       Max VN number :  0.18E+00 at (7,8,13)
 
       Time Step     1600   September 24, 2026  08:56:56
       Step Size:  0.271E-02 s, Total Time:    4.75509 s
       Pressure Iterations: 3
       Maximum Velocity Error:  0.11E-01 on Mesh 1 at (25,14,15)
       Maximum Pressure Error:  0.24E+04 on Mesh 2 at (6,8,27)
       Maximum CFL Number    :  0.85E+00 on Mesh 1 at (23,14,12)
       Maximum VN Number     :  0.96E+00 on Mesh 1 at (25,16,13)
       ---------------------------------------------------------------
       Mesh    1
       Max CFL number:  0.85E+00 at (23,14,12)
       Max divergence:  0.20E+02 at (29,33,2)
       Min divergence: -0.61E+01 at (26,16,12)
       Max VN number :  0.96E+00 at (25,16,13)
       Mesh    2
       Max CFL number:  0.74E+00 at (6,8,25)
       Max divergence:  0.53E+01 at (8,4,41)
       Min divergence: -0.72E+01 at (8,5,41)
       Max VN number :  0.16E+00 at (5,7,10)
 
       Time Step     1700   September 24, 2026  08:57:08
       Step Size:  0.294E-02 s, Total Time:    5.04353 s
       Pressure Iterations: 5
       Maximum Velocity Error:  0.96E-02 on Mesh 1 at (24,12,15)
       Maximum Pressure Error:  0.21E+04 on Mesh 2 at (7,4,2)
       Maximum CFL Number    :  0.90E+00 on Mesh 1 at (23,14,12)
       Maximum VN Number     :  0.79E+00 on Mesh 1 at (26,13,13)
       ---------------------------------------------------------------
       Mesh    1
       Max CFL number:  0.90E+00 at (23,14,12)
       Max divergence:  0.17E+02 at (24,33,2)
       Min divergence: -0.60E+01 at (23,14,13)
       Max VN number :  0.79E+00 at (26,13,13)
       Mesh    2
       Max CFL number:  0.84E+00 at (6,6,2)
       Max divergence:  0.46E+01 at (5,4,40)
       Min divergence: -0.73E+01 at (8,8,41)
       Max VN number :  0.30E+00 at (8,7,11)
 
       Time Step     1800   September 24, 2026  08:57:21
       Step Size:  0.289E-02 s, Total Time:    5.32675 s
       Pressure Iterations: 5
       Maximum Velocity Error:  0.62E-02 on Mesh 1 at (24,13,15)
       Maximum Pressure Error:  0.20E+04 on Mesh 2 at (6,9,15)
       Maximum CFL Number    :  0.89E+00 on Mesh 1 at (23,14,12)
       Maximum VN Number     :  0.96E+00 on Mesh 1 at (26,14,13)
       ---------------------------------------------------------------
       Mesh    1
       Max CFL number:  0.89E+00 at (23,14,12)
       Max divergence:  0.18E+02 at (21,33,2)
       Min divergence: -0.71E+01 at (26,16,12)
       Max VN number :  0.96E+00 at (26,14,13)
       Mesh    2
       Max CFL number:  0.78E+00 at (6,5,3)
       Max divergence:  0.41E+01 at (7,9,41)
       Min divergence: -0.63E+01 at (5,5,41)
       Max VN number :  0.16E+00 at (5,5,41)
 
       Time Step     1900   September 24, 2026  08:57:34
       Step Size:  0.294E-02 s, Total Time:    5.60302 s
       Pressure Iterations: 4
       Maximum Velocity Error:  0.11E-01 on Mesh 1 at (25,14,15)
       Maximum Pressure Error:  0.23E+04 on Mesh 2 at (6,4,5)
       Maximum CFL Number    :  0.86E+00 on Mesh 1 at (23,14,12)
       Maximum VN Number     :  0.87E+00 on Mesh 1 at (26,13,13)
       ---------------------------------------------------------------
       Mesh    1
       Max CFL number:  0.86E+00 at (23,14,12)
       Max divergence:  0.17E+02 at (20,36,3)
       Min divergence: -0.34E+01 at (25,16,13)
       Max VN number :  0.87E+00 at (26,13,13)
       Mesh    2
       Max CFL number:  0.82E+00 at (6,5,4)
       Max divergence:  0.51E+01 at (5,4,41)
       Min divergence: -0.64E+01 at (7,4,41)
       Max VN number :  0.19E+00 at (8,7,1)
 
       Time Step     2000   September 24, 2026  08:57:45
       Step Size:  0.251E-02 s, Total Time:    5.87851 s
       Pressure Iterations: 3
       Maximum Velocity Error:  0.99E-02 on Mesh 1 at (25,16,15)
       Maximum Pressure Error:  0.15E+04 on Mesh 2 at (8,5,20)
       Maximum CFL Number    :  0.75E+00 on Mesh 1 at (23,15,12)
       Maximum VN Number     :  0.96E+00 on Mesh 1 at (25,16,13)
       ---------------------------------------------------------------
       Mesh    1
       Max CFL number:  0.75E+00 at (23,15,12)
       Max divergence:  0.17E+02 at (19,33,2)
       Min divergence: -0.61E+01 at (26,16,12)
       Max VN number :  0.96E+00 at (25,16,13)
       Mesh    2
       Max CFL number:  0.69E+00 at (6,5,1)
       Max divergence:  0.73E+01 at (5,5,42)
       Min divergence: -0.59E+01 at (4,7,41)
       Max VN number :  0.18E+00 at (7,7,6)
 
       Time Step     2100   September 24, 2026  08:57:57
       Step Size:  0.284E-02 s, Total Time:    6.15649 s
       Pressure Iterations: 4
       Maximum Velocity Error:  0.11E-01 on Mesh 1 at (24,15,15)
       Maximum Pressure Error:  0.17E+04 on Mesh 2 at (6,4,3)
       Maximum CFL Number    :  0.85E+00 on Mesh 1 at (23,14,12)
       Maximum VN Number     :  0.84E+00 on Mesh 1 at (23,16,13)
       ---------------------------------------------------------------
       Mesh    1
       Max CFL number:  0.85E+00 at (23,14,12)
       Max divergence:  0.16E+02 at (23,33,2)
       Min divergence: -0.46E+01 at (26,13,10)
       Max VN number :  0.84E+00 at (23,16,13)
       Mesh    2
       Max CFL number:  0.79E+00 at (6,5,4)
       Max divergence:  0.43E+01 at (8,4,41)
       Min divergence: -0.85E+01 at (7,4,41)
       Max VN number :  0.17E+00 at (7,7,8)
 
       Time Step     2200   September 24, 2026  08:58:10
       Step Size:  0.279E-02 s, Total Time:    6.43606 s
       Pressure Iterations: 4
       Maximum Velocity Error:  0.89E-02 on Mesh 1 at (25,14,15)
       Maximum Pressure Error:  0.16E+04 on Mesh 2 at (6,4,2)
       Maximum CFL Number    :  0.94E+00 on Mesh 1 at (25,15,12)
       Maximum VN Number     :  0.80E+00 on Mesh 1 at (24,16,13)
       ---------------------------------------------------------------
       Mesh    1
       Max CFL number:  0.94E+00 at (25,15,12)
       Max divergence:  0.18E+02 at (19,35,2)
       Min divergence: -0.63E+01 at (26,15,13)
       Max VN number :  0.80E+00 at (24,16,13)
       Mesh    2
       Max CFL number:  0.78E+00 at (6,5,1)
       Max divergence:  0.43E+01 at (5,4,41)
       Min divergence: -0.58E+01 at (7,4,41)
       Max VN number :  0.24E+00 at (8,7,5)
 
       Time Step     2300   September 24, 2026  08:58:22
       Step Size:  0.267E-02 s, Total Time:    6.70181 s
       Pressure Iterations: 5
       Maximum Velocity Error:  0.88E-02 on Mesh 1 at (24,12,15)
       Maximum Pressure Error:  0.24E+04 on Mesh 1 at (23,13,13)
       Maximum CFL Number    :  0.79E+00 on Mesh 1 at (23,14,12)
       Maximum VN Number     :  0.76E+00 on Mesh 1 at (26,14,13)
       ---------------------------------------------------------------
       Mesh    1
       Max CFL number:  0.79E+00 at (23,14,12)
       Max divergence:  0.17E+02 at (20,36,2)
       Min divergence: -0.35E+01 at (29,35,8)
       Max VN number :  0.76E+00 at (26,14,13)
       Mesh    2
       Max CFL number:  0.73E+00 at (7,5,2)
       Max divergence:  0.55E+01 at (5,4,41)
       Min divergence: -0.58E+01 at (8,8,41)
       Max VN number :  0.18E+00 at (7,7,7)
 
       Time Step     2400   September 24, 2026  08:58:34
       Step Size:  0.281E-02 s, Total Time:    6.97682 s
       Pressure Iterations: 5
       Maximum Velocity Error:  0.85E-02 on Mesh 1 at (24,13,15)
       Maximum Pressure Error:  0.25E+04 on Mesh 2 at (8,5,3)
       Maximum CFL Number    :  0.79E+00 on Mesh 2 at (6,5,2)
       Maximum VN Number     :  0.87E+00 on Mesh 1 at (26,14,13)
       ---------------------------------------------------------------
       Mesh    1
       Max CFL number:  0.79E+00 at (25,14,12)
       Max divergence:  0.16E+02 at (28,33,2)
       Min divergence: -0.39E+01 at (26,14,12)
       Max VN number :  0.87E+00 at (26,14,13)
       Mesh    2
       Max CFL number:  0.79E+00 at (6,5,2)
       Max divergence:  0.62E+01 at (8,4,41)
       Min divergence: -0.76E+01 at (8,5,41)
       Max VN number :  0.20E+00 at (7,7,4)
 
       Time Step     2500   September 24, 2026  08:58:47
       Step Size:  0.272E-02 s, Total Time:    7.24077 s
       Pressure Iterations: 5
       Maximum Velocity Error:  0.67E-02 on Mesh 1 at (25,14,15)
       Maximum Pressure Error:  0.25E+04 on Mesh 2 at (6,4,6)
       Maximum CFL Number    :  0.86E+00 on Mesh 1 at (25,15,12)
       Maximum VN Number     :  0.87E+00 on Mesh 1 at (25,16,13)
       ---------------------------------------------------------------
       Mesh    1
       Max CFL number:  0.86E+00 at (25,15,12)
       Max divergence:  0.19E+02 at (25,33,2)
       Min divergence: -0.57E+01 at (25,16,13)
       Max VN number :  0.87E+00 at (25,16,13)
       Mesh    2
       Max CFL number:  0.76E+00 at (6,6,1)
       Max divergence:  0.61E+01 at (8,4,41)
       Min divergence: -0.64E+01 at (5,5,41)
       Max VN number :  0.22E+00 at (8,7,4)
 
       Time Step     2600   September 24, 2026  08:58:58
       Step Size:  0.280E-02 s, Total Time:    7.51858 s
       Pressure Iterations: 4
       Maximum Velocity Error:  0.12E-01 on Mesh 1 at (25,14,15)
       Maximum Pressure Error:  0.15E+04 on Mesh 2 at (8,5,26)
       Maximum CFL Number    :  0.80E+00 on Mesh 1 at (25,15,12)
       Maximum VN Number     :  0.86E+00 on Mesh 1 at (25,16,13)
       ---------------------------------------------------------------
       Mesh    1
       Max CFL number:  0.80E+00 at (25,15,12)
       Max divergence:  0.17E+02 at (28,33,2)
       Min divergence: -0.72E+01 at (26,16,12)
       Max VN number :  0.86E+00 at (25,16,13)
       Mesh    2
       Max CFL number:  0.77E+00 at (6,6,1)
       Max divergence:  0.60E+01 at (8,4,41)
       Min divergence: -0.84E+01 at (6,4,41)
       Max VN number :  0.16E+00 at (5,7,9)
 
       Time Step     2700   September 24, 2026  08:59:10
       Step Size:  0.270E-02 s, Total Time:    7.78762 s
       Pressure Iterations: 5
       Maximum Velocity Error:  0.55E-02 on Mesh 1 at (25,14,15)
       Maximum Pressure Error:  0.27E+04 on Mesh 2 at (6,4,5)
       Maximum CFL Number    :  0.86E+00 on Mesh 1 at (26,15,12)
       Maximum VN Number     :  0.74E+00 on Mesh 1 at (26,13,10)
       ---------------------------------------------------------------
       Mesh    1
       Max CFL number:  0.86E+00 at (26,15,12)
       Max divergence:  0.17E+02 at (22,33,2)
       Min divergence: -0.57E+01 at (26,16,13)
       Max VN number :  0.74E+00 at (26,13,10)
       Mesh    2
       Max CFL number:  0.77E+00 at (6,5,4)
       Max divergence:  0.52E+01 at (4,5,41)
       Min divergence: -0.72E+01 at (8,5,41)
       Max VN number :  0.18E+00 at (8,7,2)
 
       Time Step     2800   September 24, 2026  08:59:22
       Step Size:  0.247E-02 s, Total Time:    8.06148 s
       Pressure Iterations: 4
       Maximum Velocity Error:  0.95E-02 on Mesh 1 at (24,14,15)
       Maximum Pressure Error:  0.16E+04 on Mesh 2 at (8,5,23)
       Maximum CFL Number    :  0.75E+00 on Mesh 1 at (26,15,12)
       Maximum VN Number     :  0.94E+00 on Mesh 1 at (25,16,13)
       ---------------------------------------------------------------
       Mesh    1
       Max CFL number:  0.75E+00 at (26,15,12)
       Max divergence:  0.22E+02 at (29,36,2)
       Min divergence: -0.36E+01 at (26,16,13)
       Max VN number :  0.94E+00 at (25,16,13)
       Mesh    2
       Max CFL number:  0.71E+00 at (6,5,3)
       Max divergence:  0.52E+01 at (4,5,41)
       Min divergence: -0.76E+01 at (8,8,41)
       Max VN number :  0.26E+00 at (8,8,2)
 
       Time Step     2900   September 24, 2026  08:59:33
       Step Size:  0.259E-02 s, Total Time:    8.34417 s
       Pressure Iterations: 4
       Maximum Velocity Error:  0.54E-02 on Mesh 1 at (25,14,15)
       Maximum Pressure Error:  0.18E+04 on Mesh 2 at (6,4,37)
       Maximum CFL Number    :  0.78E+00 on Mesh 1 at (23,14,12)
       Maximum VN Number     :  0.94E+00 on Mesh 1 at (25,16,13)
       ---------------------------------------------------------------
       Mesh    1
       Max CFL number:  0.78E+00 at (23,14,12)
       Max divergence:  0.16E+02 at (19,32,2)
       Min divergence: -0.72E+01 at (23,14,13)
       Max VN number :  0.94E+00 at (25,16,13)
       Mesh    2
       Max CFL number:  0.73E+00 at (7,5,10)
       Max divergence:  0.55E+01 at (4,8,41)
       Min divergence: -0.94E+01 at (6,4,41)
       Max VN number :  0.17E+00 at (5,7,11)
 
       Time Step     3000   September 24, 2026  08:59:45
       Step Size:  0.282E-02 s, Total Time:    8.62622 s
       Pressure Iterations: 5
       Maximum Velocity Error:  0.94E-02 on Mesh 1 at (25,12,15)
       Maximum Pressure Error:  0.29E+04 on Mesh 2 at (7,4,7)
       Maximum CFL Number    :  0.88E+00 on Mesh 1 at (23,15,12)
       Maximum VN Number     :  0.71E+00 on Mesh 1 at (24,16,13)
       ---------------------------------------------------------------
       Mesh    1
       Max CFL number:  0.88E+00 at (23,15,12)
       Max divergence:  0.17E+02 at (22,33,2)
       Min divergence: -0.54E+01 at (26,16,12)
       Max VN number :  0.71E+00 at (24,16,13)
       Mesh    2
       Max CFL number:  0.82E+00 at (6,6,1)
       Max divergence:  0.53E+01 at (4,8,42)
       Min divergence: -0.81E+01 at (8,8,41)
       Max VN number :  0.17E+00 at (8,8,5)
 
       Time Step     3100   September 24, 2026  08:59:57
       Step Size:  0.307E-02 s, Total Time:    8.90501 s
       Pressure Iterations: 5
       Maximum Velocity Error:  0.92E-02 on Mesh 2 at (6,6,0)
       Maximum Pressure Error:  0.16E+04 on Mesh 2 at (6,4,5)
       Maximum CFL Number    :  0.90E+00 on Mesh 1 at (23,14,12)
       Maximum VN Number     :  0.97E+00 on Mesh 1 at (26,15,13)
       ---------------------------------------------------------------
       Mesh    1
       Max CFL number:  0.90E+00 at (23,14,12)
       Max divergence:  0.17E+02 at (27,33,2)
       Min divergence: -0.44E+01 at (23,14,13)
       Max VN number :  0.97E+00 at (26,15,13)
       Mesh    2
       Max CFL number:  0.85E+00 at (6,6,1)
       Max divergence:  0.47E+01 at (5,4,40)
       Min divergence: -0.65E+01 at (8,8,41)
       Max VN number :  0.22E+00 at (8,7,9)
 
       Time Step     3200   September 24, 2026  09:00:09
       Step Size:  0.260E-02 s, Total Time:    9.17799 s
       Pressure Iterations: 5
       Maximum Velocity Error:  0.10E-01 on Mesh 1 at (25,14,15)
       Maximum Pressure Error:  0.14E+04 on Mesh 1 at (23,13,13)
       Maximum CFL Number    :  0.84E+00 on Mesh 1 at (26,15,12)
       Maximum VN Number     :  0.96E+00 on Mesh 1 at (25,16,13)
       ---------------------------------------------------------------
       Mesh    1
       Max CFL number:  0.84E+00 at (26,15,12)
       Max divergence:  0.18E+02 at (24,36,3)
       Min divergence: -0.84E+01 at (26,15,12)
       Max VN number :  0.96E+00 at (25,16,13)
       Mesh    2
       Max CFL number:  0.78E+00 at (6,5,2)
       Max divergence:  0.52E+01 at (5,4,41)
       Min divergence: -0.63E+01 at (8,5,41)
       Max VN number :  0.16E+00 at (6,5,1)
 
       Time Step     3300   September 24, 2026  09:00:21
       Step Size:  0.247E-02 s, Total Time:    9.43885 s
       Pressure Iterations: 4
       Maximum Velocity Error:  0.70E-02 on Mesh 1 at (24,14,15)
       Maximum Pressure Error:  0.22E+04 on Mesh 2 at (6,4,7)
       Maximum CFL Number    :  0.73E+00 on Mesh 1 at (26,15,12)
       Maximum VN Number     :  0.85E+00 on Mesh 1 at (25,16,13)
       ---------------------------------------------------------------
       Mesh    1
       Max CFL number:  0.73E+00 at (26,15,12)
       Max divergence:  0.16E+02 at (28,33,2)
       Min divergence: -0.77E+01 at (26,16,12)
       Max VN number :  0.85E+00 at (25,16,13)
       Mesh    2
       Max CFL number:  0.71E+00 at (6,6,1)
       Max divergence:  0.61E+01 at (4,8,41)
       Min divergence: -0.57E+01 at (4,6,42)
       Max VN number :  0.20E+00 at (8,7,15)
 
       Time Step     3400   September 24, 2026  09:00:33
       Step Size:  0.251E-02 s, Total Time:    9.71763 s
       Pressure Iterations: 4
       Maximum Velocity Error:  0.63E-02 on Mesh 2 at (6,5,0)
       Maximum Pressure Error:  0.13E+04 on Mesh 2 at (8,5,26)
       Maximum CFL Number    :  0.77E+00 on Mesh 1 at (25,15,12)
       Maximum VN Number     :  0.90E+00 on Mesh 1 at (25,16,13)
       ---------------------------------------------------------------
       Mesh    1
       Max CFL number:  0.77E+00 at (25,15,12)
       Max divergence:  0.20E+02 at (28,33,2)
       Min divergence: -0.66E+01 at (26,16,12)
       Max VN number :  0.90E+00 at (25,16,13)
       Mesh    2
       Max CFL number:  0.69E+00 at (6,6,3)
       Max divergence:  0.67E+01 at (5,4,41)
       Min divergence: -0.54E+01 at (7,4,41)
       Max VN number :  0.15E+00 at (5,7,11)
 
       Time Step     3500   September 24, 2026  09:00:45
       Step Size:  0.276E-02 s, Total Time:    9.99135 s
       Pressure Iterations: 5
       Maximum Velocity Error:  0.11E-01 on Mesh 1 at (25,14,15)
       Maximum Pressure Error:  0.20E+04 on Mesh 2 at (6,4,14)
       Maximum CFL Number    :  0.82E+00 on Mesh 1 at (23,14,12)
       Maximum VN Number     :  0.74E+00 on Mesh 1 at (22,15,13)
       ---------------------------------------------------------------
       Mesh    1
       Max CFL number:  0.82E+00 at (23,14,12)
       Max divergence:  0.19E+02 at (26,34,2)
       Min divergence: -0.58E+01 at (26,15,13)
       Max VN number :  0.74E+00 at (22,15,13)
       Mesh    2
       Max CFL number:  0.76E+00 at (6,5,6)
       Max divergence:  0.42E+01 at (5,5,40)
       Min divergence: -0.67E+01 at (6,4,41)
       Max VN number :  0.17E+00 at (5,7,27)
 
       Time Step     3600   September 24, 2026  09:00:56
       Step Size:  0.291E-02 s, Total Time:   10.27088 s
       Pressure Iterations: 5
       Maximum Velocity Error:  0.11E-01 on Mesh 1 at (25,12,15)
       Maximum Pressure Error:  0.31E+04 on Mesh 2 at (6,4,11)
       Maximum CFL Number    :  0.86E+00 on Mesh 1 at (25,15,12)
       Maximum VN Number     :  0.85E+00 on Mesh 1 at (23,13,13)
       ---------------------------------------------------------------
       Mesh    1
       Max CFL number:  0.86E+00 at (25,15,12)
       Max divergence:  0.16E+02 at (27,33,2)
       Min divergence: -0.64E+01 at (25,16,13)
       Max VN number :  0.85E+00 at (23,13,13)
       Mesh    2
       Max CFL number:  0.80E+00 at (6,5,1)
       Max divergence:  0.58E+01 at (6,4,43)
       Min divergence: -0.69E+01 at (8,5,41)
       Max VN number :  0.19E+00 at (9,6,41)
 
       Time Step     3700   September 24, 2026  09:01:08
       Step Size:  0.300E-02 s, Total Time:   10.55821 s
       Pressure Iterations: 5
       Maximum Velocity Error:  0.79E-02 on Mesh 2 at (6,4,0)
       Maximum Pressure Error:  0.21E+04 on Mesh 2 at (6,4,11)
       Maximum CFL Number    :  0.91E+00 on Mesh 1 at (23,14,12)
       Maximum VN Number     :  0.95E+00 on Mesh 1 at (23,16,13)
       ---------------------------------------------------------------
       Mesh    1
       Max CFL number:  0.91E+00 at (23,14,12)
       Max divergence:  0.17E+02 at (21,33,2)
       Min divergence: -0.40E+01 at (23,14,12)
       Max VN number :  0.95E+00 at (23,16,13)
       Mesh    2
       Max CFL number:  0.82E+00 at (6,6,1)
       Max divergence:  0.74E+01 at (5,5,43)
       Min divergence: -0.53E+01 at (6,4,40)
       Max VN number :  0.22E+00 at (5,5,43)
 
       Time Step     3800   September 24, 2026  09:01:20
       Step Size:  0.290E-02 s, Total Time:   10.85030 s
       Pressure Iterations: 5
       Maximum Velocity Error:  0.99E-02 on Mesh 1 at (25,14,15)
       Maximum Pressure Error:  0.20E+04 on Mesh 2 at (6,8,14)
       Maximum CFL Number    :  0.91E+00 on Mesh 1 at (23,14,12)
       Maximum VN Number     :  0.94E+00 on Mesh 1 at (25,16,13)
       ---------------------------------------------------------------
       Mesh    1
       Max CFL number:  0.91E+00 at (23,14,12)
       Max divergence:  0.17E+02 at (28,37,2)
       Min divergence: -0.47E+01 at (26,16,12)
       Max VN number :  0.94E+00 at (25,16,13)
       Mesh    2
       Max CFL number:  0.81E+00 at (6,5,4)
       Max divergence:  0.57E+01 at (5,5,41)
       Min divergence: -0.71E+01 at (6,4,41)
       Max VN number :  0.20E+00 at (6,4,41)
 
       Time Step     3900   September 24, 2026  09:01:32
       Step Size:  0.275E-02 s, Total Time:   11.11570 s
       Pressure Iterations: 4
       Maximum Velocity Error:  0.11E-01 on Mesh 1 at (24,15,15)
       Maximum Pressure Error:  0.19E+04 on Mesh 2 at (8,5,18)
       Maximum CFL Number    :  0.86E+00 on Mesh 1 at (23,14,12)
       Maximum VN Number     :  0.70E+00 on Mesh 1 at (23,16,13)
       ---------------------------------------------------------------
       Mesh    1
       Max CFL number:  0.86E+00 at (23,14,12)
       Max divergence:  0.17E+02 at (21,33,2)
       Min divergence: -0.56E+01 at (23,14,12)
       Max VN number :  0.70E+00 at (23,16,13)
       Mesh    2
       Max CFL number:  0.78E+00 at (6,5,2)
       Max divergence:  0.64E+01 at (4,8,41)
       Min divergence: -0.61E+01 at (8,8,41)
       Max VN number :  0.18E+00 at (5,7,4)
 
       Time Step     4000   September 24, 2026  09:01:45
       Step Size:  0.241E-02 s, Total Time:   11.38369 s
       Pressure Iterations: 4
       Maximum Velocity Error:  0.77E-02 on Mesh 1 at (23,13,15)
       Maximum Pressure Error:  0.23E+04 on Mesh 2 at (6,4,7)
       Maximum CFL Number    :  0.73E+00 on Mesh 1 at (26,15,12)
       Maximum VN Number     :  0.93E+00 on Mesh 1 at (25,16,13)
       ---------------------------------------------------------------
       Mesh    1
       Max CFL number:  0.73E+00 at (26,15,12)
       Max divergence:  0.17E+02 at (29,34,2)
       Min divergence: -0.67E+01 at (26,16,13)
       Max VN number :  0.93E+00 at (25,16,13)
       Mesh    2
       Max CFL number:  0.68E+00 at (6,5,4)
       Max divergence:  0.59E+01 at (4,8,43)
       Min divergence: -0.62E+01 at (5,5,41)
       Max VN number :  0.20E+00 at (7,8,9)
 
       Time Step     4100   September 24, 2026  09:01:57
       Step Size:  0.288E-02 s, Total Time:   11.66513 s
       Pressure Iterations: 5
       Maximum Velocity Error:  0.11E-01 on Mesh 1 at (25,14,15)
       Maximum Pressure Error:  0.20E+04 on Mesh 2 at (8,5,24)
       Maximum CFL Number    :  0.84E+00 on Mesh 2 at (6,5,2)
       Maximum VN Number     :  0.80E+00 on Mesh 1 at (26,13,13)
       ---------------------------------------------------------------
       Mesh    1
       Max CFL number:  0.84E+00 at (24,13,15)
       Max divergence:  0.16E+02 at (21,33,2)
       Min divergence: -0.51E+01 at (26,16,12)
       Max VN number :  0.80E+00 at (26,13,13)
       Mesh    2
       Max CFL number:  0.84E+00 at (6,5,2)
       Max divergence:  0.67E+01 at (4,8,41)
       Min divergence: -0.69E+01 at (4,7,41)
       Max VN number :  0.20E+00 at (7,7,7)
 
       Time Step     4200   September 24, 2026  09:02:10
       Step Size:  0.299E-02 s, Total Time:   11.94870 s
       Pressure Iterations: 6
       Maximum Velocity Error:  0.76E-02 on Mesh 1 at (24,14,15)
       Maximum Pressure Error:  0.21E+04 on Mesh 2 at (6,4,10)
       Maximum CFL Number    :  0.90E+00 on Mesh 1 at (24,14,15)
       Maximum VN Number     :  0.85E+00 on Mesh 1 at (26,14,13)
       ---------------------------------------------------------------
       Mesh    1
       Max CFL number:  0.90E+00 at (24,14,15)
       Max divergence:  0.17E+02 at (19,34,2)
       Min divergence: -0.46E+01 at (23,13,10)
       Max VN number :  0.85E+00 at (26,14,13)
       Mesh    2
       Max CFL number:  0.89E+00 at (6,6,1)
       Max divergence:  0.36E+01 at (5,4,41)
       Min divergence: -0.62E+01 at (8,5,41)
       Max VN number :  0.21E+00 at (5,7,5)
 
       Time Step     4300   September 24, 2026  09:02:22
       Step Size:  0.266E-02 s, Total Time:   12.21928 s
       Pressure Iterations: 6
       Maximum Velocity Error:  0.69E-02 on Mesh 1 at (24,13,15)
       Maximum Pressure Error:  0.23E+04 on Mesh 2 at (6,4,8)
       Maximum CFL Number    :  0.83E+00 on Mesh 1 at (23,14,12)
       Maximum VN Number     :  0.80E+00 on Mesh 1 at (26,15,13)
       ---------------------------------------------------------------
       Mesh    1
       Max CFL number:  0.83E+00 at (23,14,12)
       Max divergence:  0.18E+02 at (20,37,2)
       Min divergence: -0.30E+01 at (26,14,12)
       Max VN number :  0.80E+00 at (26,15,13)
       Mesh    2
       Max CFL number:  0.75E+00 at (6,5,1)
       Max divergence:  0.44E+01 at (4,8,41)
       Min divergence: -0.63E+01 at (8,8,41)
       Max VN number :  0.18E+00 at (6,7,12)
 
       Time Step     4400   September 24, 2026  09:02:35
       Step Size:  0.275E-02 s, Total Time:   12.49566 s
       Pressure Iterations: 5
       Maximum Velocity Error:  0.12E-01 on Mesh 1 at (23,14,15)
       Maximum Pressure Error:  0.26E+04 on Mesh 1 at (23,12,14)
       Maximum CFL Number    :  0.90E+00 on Mesh 1 at (25,15,12)
       Maximum VN Number     :  0.80E+00 on Mesh 1 at (24,16,13)
       ---------------------------------------------------------------
       Mesh    1
       Max CFL number:  0.90E+00 at (25,15,12)
       Max divergence:  0.17E+02 at (24,33,2)
       Min divergence: -0.50E+01 at (25,16,13)
       Max VN number :  0.80E+00 at (24,16,13)
       Mesh    2
       Max CFL number:  0.76E+00 at (7,5,2)
       Max divergence:  0.49E+01 at (8,4,41)
       Min divergence: -0.74E+01 at (8,8,41)
       Max VN number :  0.19E+00 at (5,7,2)
 
       Time Step     4500   September 24, 2026  09:02:47
       Step Size:  0.290E-02 s, Total Time:   12.76091 s
       Pressure Iterations: 6
       Maximum Velocity Error:  0.85E-02 on Mesh 1 at (24,14,15)
       Maximum Pressure Error:  0.19E+04 on Mesh 1 at (23,13,13)
       Maximum CFL Number    :  0.92E+00 on Mesh 1 at (23,14,12)
       Maximum VN Number     :  0.87E+00 on Mesh 1 at (26,15,13)
       ---------------------------------------------------------------
       Mesh    1
       Max CFL number:  0.92E+00 at (23,14,12)
       Max divergence:  0.21E+02 at (20,37,2)
       Min divergence: -0.39E+01 at (23,17,10)
       Max VN number :  0.87E+00 at (26,15,13)
       Mesh    2
       Max CFL number:  0.79E+00 at (6,6,1)
       Max divergence:  0.47E+01 at (4,8,41)
       Min divergence: -0.62E+01 at (8,5,41)
       Max VN number :  0.20E+00 at (7,7,5)
 
       Time Step     4600   September 24, 2026  09:02:59
       Step Size:  0.276E-02 s, Total Time:   13.03395 s
       Pressure Iterations: 6
       Maximum Velocity Error:  0.88E-02 on Mesh 2 at (7,7,0)
       Maximum Pressure Error:  0.23E+04 on Mesh 2 at (8,6,14)
       Maximum CFL Number    :  0.85E+00 on Mesh 1 at (25,15,12)
       Maximum VN Number     :  0.87E+00 on Mesh 1 at (24,16,13)
       ---------------------------------------------------------------
       Mesh    1
       Max CFL number:  0.85E+00 at (25,15,12)
       Max divergence:  0.18E+02 at (20,32,2)
       Min divergence: -0.68E+01 at (23,14,13)
       Max VN number :  0.87E+00 at (24,16,13)
       Mesh    2
       Max CFL number:  0.77E+00 at (6,6,1)
       Max divergence:  0.52E+01 at (5,5,43)
       Min divergence: -0.64E+01 at (5,5,41)
       Max VN number :  0.18E+00 at (5,7,1)
 
       Time Step     4700   September 24, 2026  09:03:11
       Step Size:  0.260E-02 s, Total Time:   13.30650 s
       Pressure Iterations: 5
       Maximum Velocity Error:  0.96E-02 on Mesh 2 at (7,6,0)
       Maximum Pressure Error:  0.17E+04 on Mesh 2 at (8,6,11)
       Maximum CFL Number    :  0.76E+00 on Mesh 1 at (25,14,12)
       Maximum VN Number     :  0.90E+00 on Mesh 1 at (26,14,13)
       ---------------------------------------------------------------
       Mesh    1
       Max CFL number:  0.76E+00 at (25,14,12)
       Max divergence:  0.18E+02 at (20,37,2)
       Min divergence: -0.63E+01 at (25,16,12)
       Max VN number :  0.90E+00 at (26,14,13)
       Mesh    2
       Max CFL number:  0.73E+00 at (6,5,2)
       Max divergence:  0.46E+01 at (6,4,42)
       Min divergence: -0.68E+01 at (7,4,41)
       Max VN number :  0.19E+00 at (8,7,12)
 
       Time Step     4800   September 24, 2026  09:03:22
       Step Size:  0.267E-02 s, Total Time:   13.57112 s
       Pressure Iterations: 5
       Maximum Velocity Error:  0.12E-01 on Mesh 1 at (25,14,15)
       Maximum Pressure Error:  0.23E+04 on Mesh 2 at (6,4,3)
       Maximum CFL Number    :  0.82E+00 on Mesh 1 at (23,14,12)
       Maximum VN Number     :  0.83E+00 on Mesh 1 at (26,13,13)
       ---------------------------------------------------------------
       Mesh    1
       Max CFL number:  0.82E+00 at (23,14,12)
       Max divergence:  0.18E+02 at (23,37,9)
       Min divergence: -0.40E+01 at (26,16,12)
       Max VN number :  0.83E+00 at (26,13,13)
       Mesh    2
       Max CFL number:  0.75E+00 at (6,5,5)
       Max divergence:  0.41E+01 at (9,6,41)
       Min divergence: -0.62E+01 at (4,6,41)
       Max VN number :  0.19E+00 at (7,7,6)
 
       Time Step     4900   September 24, 2026  09:03:34
       Step Size:  0.255E-02 s, Total Time:   13.84477 s
       Pressure Iterations: 4
       Maximum Velocity Error:  0.87E-02 on Mesh 1 at (24,13,15)
       Maximum Pressure Error:  0.19E+04 on Mesh 2 at (6,4,7)
       Maximum CFL Number    :  0.74E+00 on Mesh 1 at (25,15,12)
       Maximum VN Number     :  0.78E+00 on Mesh 1 at (26,13,13)
       ---------------------------------------------------------------
       Mesh    1
       Max CFL number:  0.74E+00 at (25,15,12)
       Max divergence:  0.16E+02 at (20,33,2)
       Min divergence: -0.50E+01 at (26,13,10)
       Max VN number :  0.78E+00 at (26,13,13)
       Mesh    2
       Max CFL number:  0.71E+00 at (6,5,4)
       Max divergence:  0.71E+01 at (8,4,41)
       Min divergence: -0.61E+01 at (8,5,41)
       Max VN number :  0.15E+00 at (9,6,41)
 
       Time Step     5000   September 24, 2026  09:03:46
       Step Size:  0.304E-02 s, Total Time:   14.12409 s
       Pressure Iterations: 5
       Maximum Velocity Error:  0.11E-01 on Mesh 1 at (24,13,15)
       Maximum Pressure Error:  0.18E+04 on Mesh 2 at (8,5,35)
       Maximum CFL Number    :  0.89E+00 on Mesh 1 at (26,15,12)
       Maximum VN Number     :  0.77E+00 on Mesh 1 at (26,14,13)
       ---------------------------------------------------------------
       Mesh    1
       Max CFL number:  0.89E+00 at (26,15,12)
       Max divergence:  0.16E+02 at (22,33,2)
       Min divergence: -0.44E+01 at (26,15,12)
       Max VN number :  0.77E+00 at (26,14,13)
       Mesh    2
       Max CFL number:  0.87E+00 at (6,6,1)
       Max divergence:  0.59E+01 at (8,4,41)
       Min divergence: -0.71E+01 at (8,5,41)
       Max VN number :  0.22E+00 at (8,8,1)
 
       Time Step     5100   September 24, 2026  09:03:57
       Step Size:  0.274E-02 s, Total Time:   14.39401 s
       Pressure Iterations: 5
       Maximum Velocity Error:  0.69E-02 on Mesh 1 at (24,13,15)
       Maximum Pressure Error:  0.17E+04 on Mesh 2 at (6,4,33)
       Maximum CFL Number    :  0.81E+00 on Mesh 1 at (23,14,12)
       Maximum VN Number     :  0.87E+00 on Mesh 1 at (23,13,13)
       ---------------------------------------------------------------
       Mesh    1
       Max CFL number:  0.81E+00 at (23,14,12)
       Max divergence:  0.17E+02 at (19,34,2)
       Min divergence: -0.57E+01 at (25,16,13)
       Max VN number :  0.87E+00 at (23,13,13)
       Mesh    2
       Max CFL number:  0.79E+00 at (6,5,3)
       Max divergence:  0.61E+01 at (8,4,41)
       Min divergence: -0.78E+01 at (8,8,41)
       Max VN number :  0.17E+00 at (6,5,2)
 
       Time Step     5200   September 24, 2026  09:04:08
       Step Size:  0.248E-02 s, Total Time:   14.66326 s
       Pressure Iterations: 4
       Maximum Velocity Error:  0.65E-02 on Mesh 1 at (24,13,15)
       Maximum Pressure Error:  0.24E+04 on Mesh 2 at (6,4,22)
       Maximum CFL Number    :  0.75E+00 on Mesh 1 at (25,15,12)
       Maximum VN Number     :  0.82E+00 on Mesh 1 at (25,16,13)
       ---------------------------------------------------------------
       Mesh    1
       Max CFL number:  0.75E+00 at (25,15,12)
       Max divergence:  0.16E+02 at (25,33,2)
       Min divergence: -0.71E+01 at (26,16,12)
       Max VN number :  0.82E+00 at (25,16,13)
       Mesh    2
       Max CFL number:  0.70E+00 at (6,5,2)
       Max divergence:  0.53E+01 at (5,4,41)
       Min divergence: -0.66E+01 at (6,4,41)
       Max VN number :  0.21E+00 at (8,7,6)
 
       Time Step     5300   September 24, 2026  09:04:19
       Step Size:  0.273E-02 s, Total Time:   14.93536 s
       Pressure Iterations: 4
       Maximum Velocity Error:  0.89E-02 on Mesh 2 at (8,6,0)
       Maximum Pressure Error:  0.18E+04 on Mesh 2 at (8,5,32)
       Maximum CFL Number    :  0.84E+00 on Mesh 1 at (25,15,12)
       Maximum VN Number     :  0.81E+00 on Mesh 1 at (26,13,13)
       ---------------------------------------------------------------
       Mesh    1
       Max CFL number:  0.84E+00 at (25,15,12)
       Max divergence:  0.16E+02 at (20,37,2)
       Min divergence: -0.56E+01 at (26,16,13)
       Max VN number :  0.81E+00 at (26,13,13)
       Mesh    2
       Max CFL number:  0.80E+00 at (6,5,4)
       Max divergence:  0.53E+01 at (8,4,41)
       Min divergence: -0.74E+01 at (6,4,41)
       Max VN number :  0.21E+00 at (8,8,2)
 
       Time Step     5400   September 24, 2026  09:04:30
       Step Size:  0.287E-02 s, Total Time:   15.21254 s
       Pressure Iterations: 4
       Maximum Velocity Error:  0.74E-02 on Mesh 1 at (24,14,15)
       Maximum Pressure Error:  0.24E+04 on Mesh 2 at (6,4,10)
       Maximum CFL Number    :  0.83E+00 on Mesh 1 at (23,14,12)
       Maximum VN Number     :  0.96E+00 on Mesh 1 at (26,15,13)
       ---------------------------------------------------------------
       Mesh    1
       Max CFL number:  0.83E+00 at (23,14,12)
       Max divergence:  0.16E+02 at (26,33,2)
       Min divergence: -0.65E+01 at (23,14,13)
       Max VN number :  0.96E+00 at (26,15,13)
       Mesh    2
       Max CFL number:  0.81E+00 at (6,5,4)
       Max divergence:  0.52E+01 at (8,4,41)
       Min divergence: -0.78E+01 at (8,5,41)
       Max VN number :  0.18E+00 at (6,9,41)
 
       Time Step     5500   September 24, 2026  09:04:42
       Step Size:  0.270E-02 s, Total Time:   15.48020 s
       Pressure Iterations: 4
       Maximum Velocity Error:  0.11E-01 on Mesh 1 at (24,13,15)
       Maximum Pressure Error:  0.13E+04 on Mesh 2 at (5,5,20)
       Maximum CFL Number    :  0.83E+00 on Mesh 1 at (26,15,12)
       Maximum VN Number     :  0.75E+00 on Mesh 1 at (24,16,13)
       ---------------------------------------------------------------
       Mesh    1
       Max CFL number:  0.83E+00 at (26,15,12)
       Max divergence:  0.17E+02 at (23,33,2)
       Min divergence: -0.46E+01 at (26,16,13)
       Max VN number :  0.75E+00 at (24,16,13)
       Mesh    2
       Max CFL number:  0.76E+00 at (6,5,2)
       Max divergence:  0.56E+01 at (5,5,42)
       Min divergence: -0.55E+01 at (7,4,41)
       Max VN number :  0.20E+00 at (4,6,4)
 
       Time Step     5600   September 24, 2026  09:04:54
       Step Size:  0.278E-02 s, Total Time:   15.75343 s
       Pressure Iterations: 5
       Maximum Velocity Error:  0.78E-02 on Mesh 2 at (5,6,0)
       Maximum Pressure Error:  0.19E+04 on Mesh 2 at (8,6,13)
       Maximum CFL Number    :  0.85E+00 on Mesh 1 at (25,15,12)
       Maximum VN Number     :  0.73E+00 on Mesh 1 at (23,13,12)
       ---------------------------------------------------------------
       Mesh    1
       Max CFL number:  0.85E+00 at (25,15,12)
       Max divergence:  0.22E+02 at (20,36,2)
       Min divergence: -0.54E+01 at (25,16,12)
       Max VN number :  0.73E+00 at (23,13,12)
       Mesh    2
       Max CFL number:  0.77E+00 at (6,5,9)
       Max divergence:  0.58E+01 at (4,8,41)
       Min divergence: -0.69E+01 at (6,4,41)
       Max VN number :  0.17E+00 at (6,5,8)
 
       Time Step     5700   September 24, 2026  09:05:05
       Step Size:  0.277E-02 s, Total Time:   16.01820 s
       Pressure Iterations: 4
       Maximum Velocity Error:  0.75E-02 on Mesh 2 at (6,4,0)
       Maximum Pressure Error:  0.17E+04 on Mesh 2 at (6,4,5)
       Maximum CFL Number    :  0.80E+00 on Mesh 1 at (23,14,12)
       Maximum VN Number     :  0.86E+00 on Mesh 1 at (26,13,13)
       ---------------------------------------------------------------
       Mesh    1
       Max CFL number:  0.80E+00 at (23,14,12)
       Max divergence:  0.16E+02 at (26,33,2)
       Min divergence: -0.71E+01 at (26,15,13)
       Max VN number :  0.86E+00 at (26,13,13)
       Mesh    2
       Max CFL number:  0.78E+00 at (6,5,3)
       Max divergence:  0.76E+01 at (6,8,44)
       Min divergence: -0.57E+01 at (6,4,41)
       Max VN number :  0.17E+00 at (6,5,4)
 
       Time Step     5800   September 24, 2026  09:05:17
       Step Size:  0.272E-02 s, Total Time:   16.29256 s
       Pressure Iterations: 4
       Maximum Velocity Error:  0.82E-02 on Mesh 2 at (6,5,0)
       Maximum Pressure Error:  0.16E+04 on Mesh 2 at (8,5,16)
       Maximum CFL Number    :  0.82E+00 on Mesh 1 at (26,15,12)
       Maximum VN Number     :  0.76E+00 on Mesh 1 at (25,16,13)
       ---------------------------------------------------------------
       Mesh    1
       Max CFL number:  0.82E+00 at (26,15,12)
       Max divergence:  0.16E+02 at (21,33,2)
       Min divergence: -0.71E+01 at (25,16,13)
       Max VN number :  0.76E+00 at (25,16,13)
       Mesh    2
       Max CFL number:  0.77E+00 at (6,5,2)
       Max divergence:  0.59E+01 at (4,5,41)
       Min divergence: -0.78E+01 at (5,5,41)
       Max VN number :  0.17E+00 at (6,7,6)
 
       Time Step     5900   September 24, 2026  09:05:29
       Step Size:  0.280E-02 s, Total Time:   16.56850 s
       Pressure Iterations: 4
       Maximum Velocity Error:  0.10E-01 on Mesh 1 at (25,14,15)
       Maximum Pressure Error:  0.17E+04 on Mesh 2 at (5,4,20)
       Maximum CFL Number    :  0.82E+00 on Mesh 1 at (26,15,12)
       Maximum VN Number     :  0.82E+00 on Mesh 1 at (25,16,13)
       ---------------------------------------------------------------
       Mesh    1
       Max CFL number:  0.82E+00 at (26,15,12)
       Max divergence:  0.19E+02 at (19,34,2)
       Min divergence: -0.72E+01 at (26,16,12)
       Max VN number :  0.82E+00 at (25,16,13)
       Mesh    2
       Max CFL number:  0.77E+00 at (6,6,1)
       Max divergence:  0.51E+01 at (4,8,41)
       Min divergence: -0.63E+01 at (7,4,41)
       Max VN number :  0.17E+00 at (6,9,41)
 
       Time Step     6000   September 24, 2026  09:05:41
       Step Size:  0.265E-02 s, Total Time:   16.82629 s
       Pressure Iterations: 5
       Maximum Velocity Error:  0.76E-02 on Mesh 1 at (24,14,15)
       Maximum Pressure Error:  0.14E+04 on Mesh 2 at (6,4,2)
       Maximum CFL Number    :  0.86E+00 on Mesh 1 at (25,15,12)
       Maximum VN Number     :  0.76E+00 on Mesh 1 at (23,13,13)
       ---------------------------------------------------------------
       Mesh    1
       Max CFL number:  0.86E+00 at (25,15,12)
       Max divergence:  0.17E+02 at (29,34,2)
       Min divergence: -0.53E+01 at (26,16,12)
       Max VN number :  0.76E+00 at (23,13,13)
       Mesh    2
       Max CFL number:  0.82E+00 at (6,6,1)
       Max divergence:  0.70E+01 at (5,5,42)
       Min divergence: -0.76E+01 at (8,8,41)
       Max VN number :  0.18E+00 at (6,9,41)
 
       Time Step     6100   September 24, 2026  09:05:53
       Step Size:  0.278E-02 s, Total Time:   17.09348 s
       Pressure Iterations: 5
       Maximum Velocity Error:  0.78E-02 on Mesh 1 at (25,14,15)
       Maximum Pressure Error:  0.21E+04 on Mesh 2 at (6,4,8)
       Maximum CFL Number    :  0.85E+00 on Mesh 1 at (23,14,12)
       Maximum VN Number     :  0.68E+00 on Mesh 1 at (26,14,13)
       ---------------------------------------------------------------
       Mesh    1
       Max CFL number:  0.85E+00 at (23,14,12)
       Max divergence:  0.16E+02 at (22,33,2)
       Min divergence: -0.67E+01 at (26,15,12)
       Max VN number :  0.68E+00 at (26,14,13)
       Mesh    2
       Max CFL number:  0.78E+00 at (6,5,8)
       Max divergence:  0.57E+01 at (4,8,41)
       Min divergence: -0.66E+01 at (5,5,42)
       Max VN number :  0.19E+00 at (9,6,41)
 
       Time Step     6200   September 24, 2026  09:06:04
       Step Size:  0.278E-02 s, Total Time:   17.37160 s
       Pressure Iterations: 5
       Maximum Velocity Error:  0.88E-02 on Mesh 1 at (25,14,15)
       Maximum Pressure Error:  0.18E+04 on Mesh 2 at (9,6,10)
       Maximum CFL Number    :  0.86E+00 on Mesh 1 at (23,14,12)
       Maximum VN Number     :  0.83E+00 on Mesh 1 at (25,16,13)
       ---------------------------------------------------------------
       Mesh    1
       Max CFL number:  0.86E+00 at (23,14,12)
       Max divergence:  0.16E+02 at (26,33,2)
       Min divergence: -0.64E+01 at (26,15,13)
       Max VN number :  0.83E+00 at (25,16,13)
       Mesh    2
       Max CFL number:  0.73E+00 at (6,6,1)
       Max divergence:  0.46E+01 at (8,4,41)
       Min divergence: -0.73E+01 at (8,5,41)
       Max VN number :  0.24E+00 at (7,8,8)
 
       Time Step     6300   September 24, 2026  09:06:14
       Step Size:  0.276E-02 s, Total Time:   17.64460 s
       Pressure Iterations: 6
       Maximum Velocity Error:  0.58E-02 on Mesh 1 at (24,13,15)
       Maximum Pressure Error:  0.22E+04 on Mesh 1 at (23,12,14)
       Maximum CFL Number    :  0.84E+00 on Mesh 1 at (25,15,12)
       Maximum VN Number     :  0.78E+00 on Mesh 1 at (23,16,13)
       ---------------------------------------------------------------
       Mesh    1
       Max CFL number:  0.84E+00 at (25,15,12)
       Max divergence:  0.17E+02 at (20,37,2)
       Min divergence: -0.97E+01 at (26,15,13)
       Max VN number :  0.78E+00 at (23,16,13)
       Mesh    2
       Max CFL number:  0.78E+00 at (6,5,1)
       Max divergence:  0.49E+01 at (8,4,41)
       Min divergence: -0.54E+01 at (5,5,42)
       Max VN number :  0.19E+00 at (7,7,7)
 
       Time Step     6400   September 24, 2026  09:06:26
       Step Size:  0.285E-02 s, Total Time:   17.91793 s
       Pressure Iterations: 5
       Maximum Velocity Error:  0.12E-01 on Mesh 1 at (25,12,15)
       Maximum Pressure Error:  0.22E+04 on Mesh 2 at (6,4,7)
       Maximum CFL Number    :  0.84E+00 on Mesh 1 at (23,15,12)
       Maximum VN Number     :  0.84E+00 on Mesh 1 at (26,13,13)
       ---------------------------------------------------------------
       Mesh    1
       Max CFL number:  0.84E+00 at (23,15,12)
       Max divergence:  0.17E+02 at (19,34,2)
       Min divergence: -0.43E+01 at (26,13,10)
       Max VN number :  0.84E+00 at (26,13,13)
       Mesh    2
       Max CFL number:  0.82E+00 at (6,5,1)
       Max divergence:  0.47E+01 at (4,8,41)
       Min divergence: -0.96E+01 at (8,8,41)
       Max VN number :  0.17E+00 at (8,8,41)
 
       Time Step     6500   September 24, 2026  09:06:37
       Step Size:  0.277E-02 s, Total Time:   18.19499 s
       Pressure Iterations: 4
       Maximum Velocity Error:  0.11E-01 on Mesh 1 at (23,13,15)
       Maximum Pressure Error:  0.16E+04 on Mesh 2 at (8,5,24)
       Maximum CFL Number    :  0.86E+00 on Mesh 1 at (25,15,12)
       Maximum VN Number     :  0.71E+00 on Mesh 1 at (26,13,13)
       ---------------------------------------------------------------
       Mesh    1
       Max CFL number:  0.86E+00 at (25,15,12)
       Max divergence:  0.23E+02 at (22,33,2)
       Min divergence: -0.65E+01 at (26,16,12)
       Max VN number :  0.71E+00 at (26,13,13)
       Mesh    2
       Max CFL number:  0.79E+00 at (6,5,1)
       Max divergence:  0.49E+01 at (5,5,43)
       Min divergence: -0.85E+01 at (8,8,41)
       Max VN number :  0.21E+00 at (8,8,2)
 
       Time Step     6600   September 24, 2026  09:06:49
       Step Size:  0.288E-02 s, Total Time:   18.46497 s
       Pressure Iterations: 4
       Maximum Velocity Error:  0.11E-01 on Mesh 1 at (24,12,15)
       Maximum Pressure Error:  0.27E+04 on Mesh 2 at (6,4,7)
       Maximum CFL Number    :  0.84E+00 on Mesh 1 at (23,14,12)
       Maximum VN Number     :  0.89E+00 on Mesh 1 at (23,13,13)
       ---------------------------------------------------------------
       Mesh    1
       Max CFL number:  0.84E+00 at (23,14,12)
       Max divergence:  0.17E+02 at (19,34,2)
       Min divergence: -0.73E+01 at (26,16,12)
       Max VN number :  0.89E+00 at (23,13,13)
       Mesh    2
       Max CFL number:  0.81E+00 at (6,5,3)
       Max divergence:  0.53E+01 at (8,4,41)
       Min divergence: -0.86E+01 at (7,4,41)
       Max VN number :  0.18E+00 at (6,5,3)
 
       Time Step     6700   September 24, 2026  09:06:58
       Step Size:  0.258E-02 s, Total Time:   18.73184 s
       Pressure Iterations: 4
       Maximum Velocity Error:  0.64E-02 on Mesh 1 at (25,12,15)
       Maximum Pressure Error:  0.20E+04 on Mesh 2 at (6,8,15)
       Maximum CFL Number    :  0.82E+00 on Mesh 1 at (25,15,12)
       Maximum VN Number     :  0.86E+00 on Mesh 1 at (24,16,13)
       ---------------------------------------------------------------
       Mesh    1
       Max CFL number:  0.82E+00 at (25,15,12)
       Max divergence:  0.17E+02 at (29,37,2)
       Min divergence: -0.61E+01 at (25,16,12)
       Max VN number :  0.86E+00 at (24,16,13)
       Mesh    2
       Max CFL number:  0.69E+00 at (6,6,1)
       Max divergence:  0.50E+01 at (9,6,41)
       Min divergence: -0.53E+01 at (4,6,41)
       Max VN number :  0.16E+00 at (9,6,41)
 
       Time Step     6800   September 24, 2026  09:07:10
       Step Size:  0.240E-02 s, Total Time:   19.00828 s
       Pressure Iterations: 4
       Maximum Velocity Error:  0.96E-02 on Mesh 1 at (24,14,15)
       Maximum Pressure Error:  0.16E+04 on Mesh 2 at (6,8,15)
       Maximum CFL Number    :  0.76E+00 on Mesh 1 at (23,14,12)
       Maximum VN Number     :  0.90E+00 on Mesh 1 at (25,16,13)
       ---------------------------------------------------------------
       Mesh    1
       Max CFL number:  0.76E+00 at (23,14,12)
       Max divergence:  0.18E+02 at (20,33,2)
       Min divergence: -0.55E+01 at (26,16,13)
       Max VN number :  0.90E+00 at (25,16,13)
       Mesh    2
       Max CFL number:  0.67E+00 at (6,5,4)
       Max divergence:  0.59E+01 at (8,4,42)
       Min divergence: -0.69E+01 at (8,5,41)
       Max VN number :  0.15E+00 at (6,7,7)
 
       Time Step     6900   September 24, 2026  09:07:22
       Step Size:  0.282E-02 s, Total Time:   19.27900 s
       Pressure Iterations: 4
       Maximum Velocity Error:  0.10E-01 on Mesh 1 at (25,14,15)
       Maximum Pressure Error:  0.17E+04 on Mesh 2 at (6,9,17)
       Maximum CFL Number    :  0.91E+00 on Mesh 1 at (23,14,12)
       Maximum VN Number     :  0.79E+00 on Mesh 1 at (26,13,10)
       ---------------------------------------------------------------
       Mesh    1
       Max CFL number:  0.91E+00 at (23,14,12)
       Max divergence:  0.21E+02 at (19,36,2)
       Min divergence: -0.85E+01 at (26,15,13)
       Max VN number :  0.79E+00 at (26,13,10)
       Mesh    2
       Max CFL number:  0.78E+00 at (6,6,2)
       Max divergence:  0.55E+01 at (5,5,40)
       Min divergence: -0.51E+01 at (8,6,41)
       Max VN number :  0.25E+00 at (8,8,6)
 
       Time Step     7000   September 24, 2026  09:07:34
       Step Size:  0.301E-02 s, Total Time:   19.55105 s
       Pressure Iterations: 4
       Maximum Velocity Error:  0.54E-02 on Mesh 2 at (5,4,21)
       Maximum Pressure Error:  0.19E+04 on Mesh 2 at (6,4,5)
       Maximum CFL Number    :  0.88E+00 on Mesh 1 at (23,14,12)
       Maximum VN Number     :  0.84E+00 on Mesh 1 at (26,15,13)
       ---------------------------------------------------------------
       Mesh    1
       Max CFL number:  0.88E+00 at (23,14,12)
       Max divergence:  0.16E+02 at (25,33,2)
       Min divergence: -0.10E+02 at (26,15,13)
       Max VN number :  0.84E+00 at (26,15,13)
       Mesh    2
       Max CFL number:  0.86E+00 at (6,5,3)
       Max divergence:  0.52E+01 at (8,4,41)
       Min divergence: -0.81E+01 at (7,4,41)
       Max VN number :  0.23E+00 at (5,6,15)
 
       Time Step     7100   September 24, 2026  09:07:46
       Step Size:  0.255E-02 s, Total Time:   19.82991 s
       Pressure Iterations: 4
       Maximum Velocity Error:  0.83E-02 on Mesh 2 at (7,6,0)
       Maximum Pressure Error:  0.24E+04 on Mesh 2 at (6,4,25)
       Maximum CFL Number    :  0.80E+00 on Mesh 1 at (25,15,12)
       Maximum VN Number     :  0.86E+00 on Mesh 1 at (25,16,13)
       ---------------------------------------------------------------
       Mesh    1
       Max CFL number:  0.80E+00 at (25,15,12)
       Max divergence:  0.16E+02 at (25,33,2)
       Min divergence: -0.50E+01 at (26,15,13)
       Max VN number :  0.86E+00 at (25,16,13)
       Mesh    2
       Max CFL number:  0.70E+00 at (6,6,1)
       Max divergence:  0.47E+01 at (4,8,42)
       Min divergence: -0.90E+01 at (6,4,41)
       Max VN number :  0.18E+00 at (6,4,41)
 
       Time Step     7200   September 24, 2026  09:07:58
       Step Size:  0.298E-02 s, Total Time:   20.10397 s
       Pressure Iterations: 4
       Maximum Velocity Error:  0.62E-02 on Mesh 2 at (4,5,23)
       Maximum Pressure Error:  0.19E+04 on Mesh 2 at (5,4,20)
       Maximum CFL Number    :  0.88E+00 on Mesh 1 at (23,14,12)
       Maximum VN Number     :  0.82E+00 on Mesh 1 at (23,13,13)
       ---------------------------------------------------------------
       Mesh    1
       Max CFL number:  0.88E+00 at (23,14,12)
       Max divergence:  0.16E+02 at (25,33,2)
       Min divergence: -0.68E+01 at (26,15,13)
       Max VN number :  0.82E+00 at (23,13,13)
       Mesh    2
       Max CFL number:  0.86E+00 at (5,5,21)
       Max divergence:  0.49E+01 at (5,4,41)
       Min divergence: -0.57E+01 at (5,5,41)
       Max VN number :  0.18E+00 at (7,7,19)
 
       Time Step     7300   September 24, 2026  09:08:10
       Step Size:  0.275E-02 s, Total Time:   20.37884 s
       Pressure Iterations: 5
       Maximum Velocity Error:  0.11E-01 on Mesh 1 at (25,14,15)
       Maximum Pressure Error:  0.18E+04 on Mesh 2 at (5,4,2)
       Maximum CFL Number    :  0.84E+00 on Mesh 2 at (6,5,2)
       Maximum VN Number     :  0.83E+00 on Mesh 1 at (23,13,13)
       ---------------------------------------------------------------
       Mesh    1
       Max CFL number:  0.79E+00 at (24,14,15)
       Max divergence:  0.16E+02 at (22,33,2)
       Min divergence: -0.35E+01 at (26,14,12)
       Max VN number :  0.83E+00 at (23,13,13)
       Mesh    2
       Max CFL number:  0.84E+00 at (6,5,2)
       Max divergence:  0.50E+01 at (5,5,44)
       Min divergence: -0.58E+01 at (5,5,41)
       Max VN number :  0.19E+00 at (7,7,5)
 
       Time Step     7400   September 24, 2026  09:08:21
       Step Size:  0.281E-02 s, Total Time:   20.65899 s
       Pressure Iterations: 6
       Maximum Velocity Error:  0.48E-02 on Mesh 2 at (6,5,0)
       Maximum Pressure Error:  0.32E+04 on Mesh 2 at (7,4,5)
       Maximum CFL Number    :  0.81E+00 on Mesh 1 at (23,15,12)
       Maximum VN Number     :  0.81E+00 on Mesh 1 at (22,14,13)
       ---------------------------------------------------------------
       Mesh    1
       Max CFL number:  0.81E+00 at (23,15,12)
       Max divergence:  0.17E+02 at (22,33,2)
       Min divergence: -0.65E+01 at (26,16,12)
       Max VN number :  0.81E+00 at (22,14,13)
       Mesh    2
       Max CFL number:  0.79E+00 at (6,5,1)
       Max divergence:  0.48E+01 at (8,4,41)
       Min divergence: -0.59E+01 at (4,7,41)
       Max VN number :  0.24E+00 at (8,6,29)
 
       Time Step     7500   September 24, 2026  09:08:34
       Step Size:  0.290E-02 s, Total Time:   20.94672 s
       Pressure Iterations: 6
       Maximum Velocity Error:  0.53E-02 on Mesh 2 at (7,6,0)
       Maximum Pressure Error:  0.25E+04 on Mesh 2 at (7,4,1)
       Maximum CFL Number    :  0.91E+00 on Mesh 1 at (25,15,12)
       Maximum VN Number     :  0.84E+00 on Mesh 1 at (26,13,13)
       ---------------------------------------------------------------
       Mesh    1
       Max CFL number:  0.91E+00 at (25,15,12)
       Max divergence:  0.22E+02 at (19,35,2)
       Min divergence: -0.41E+01 at (26,15,13)
       Max VN number :  0.84E+00 at (26,13,13)
       Mesh    2
       Max CFL number:  0.83E+00 at (6,5,5)
       Max divergence:  0.60E+01 at (5,5,40)
       Min divergence: -0.55E+01 at (4,6,41)
       Max VN number :  0.36E+00 at (8,7,6)
 
       Time Step     7600   September 24, 2026  09:08:45
       Step Size:  0.274E-02 s, Total Time:   21.22907 s
       Pressure Iterations: 4
       Maximum Velocity Error:  0.85E-02 on Mesh 1 at (25,14,15)
       Maximum Pressure Error:  0.24E+04 on Mesh 2 at (6,4,31)
       Maximum CFL Number    :  0.83E+00 on Mesh 1 at (23,14,12)
       Maximum VN Number     :  0.86E+00 on Mesh 1 at (26,15,13)
       ---------------------------------------------------------------
       Mesh    1
       Max CFL number:  0.83E+00 at (23,14,12)
       Max divergence:  0.18E+02 at (19,36,2)
       Min divergence: -0.80E+01 at (26,15,13)
       Max VN number :  0.86E+00 at (26,15,13)
       Mesh    2
       Max CFL number:  0.79E+00 at (6,5,6)
       Max divergence:  0.50E+01 at (5,5,42)
       Min divergence: -0.54E+01 at (8,8,41)
       Max VN number :  0.21E+00 at (8,6,13)
 
       Time Step     7700   September 24, 2026  09:08:57
       Step Size:  0.275E-02 s, Total Time:   21.49701 s
       Pressure Iterations: 4
       Maximum Velocity Error:  0.74E-02 on Mesh 1 at (24,14,15)
       Maximum Pressure Error:  0.16E+04 on Mesh 2 at (6,4,11)
       Maximum CFL Number    :  0.81E+00 on Mesh 1 at (23,14,12)
       Maximum VN Number     :  0.85E+00 on Mesh 1 at (22,15,13)
       ---------------------------------------------------------------
       Mesh    1
       Max CFL number:  0.81E+00 at (23,14,12)
       Max divergence:  0.17E+02 at (26,33,2)
       Min divergence: -0.58E+01 at (26,16,12)
       Max VN number :  0.85E+00 at (22,15,13)
       Mesh    2
       Max CFL number:  0.78E+00 at (6,5,3)
       Max divergence:  0.57E+01 at (4,8,41)
       Min divergence: -0.64E+01 at (5,5,41)
       Max VN number :  0.31E+00 at (7,8,14)
 
       Time Step     7800   September 24, 2026  09:09:10
       Step Size:  0.270E-02 s, Total Time:   21.76545 s
       Pressure Iterations: 5
       Maximum Velocity Error:  0.53E-02 on Mesh 1 at (25,15,15)
       Maximum Pressure Error:  0.27E+04 on Mesh 2 at (6,4,5)
       Maximum CFL Number    :  0.87E+00 on Mesh 1 at (26,15,12)
       Maximum VN Number     :  0.84E+00 on Mesh 1 at (25,16,13)
       ---------------------------------------------------------------
       Mesh    1
       Max CFL number:  0.87E+00 at (26,15,12)
       Max divergence:  0.19E+02 at (19,35,2)
       Min divergence: -0.59E+01 at (26,15,12)
       Max VN number :  0.84E+00 at (25,16,13)
       Mesh    2
       Max CFL number:  0.75E+00 at (6,5,1)
       Max divergence:  0.54E+01 at (8,4,41)
       Min divergence: -0.82E+01 at (7,4,41)
       Max VN number :  0.19E+00 at (7,7,7)
 
       Time Step     7900   September 24, 2026  09:09:21
       Step Size:  0.288E-02 s, Total Time:   22.04059 s
       Pressure Iterations: 5
       Maximum Velocity Error:  0.11E-01 on Mesh 1 at (24,13,15)
       Maximum Pressure Error:  0.16E+04 on Mesh 2 at (8,5,18)
       Maximum CFL Number    :  0.87E+00 on Mesh 2 at (6,5,3)
       Maximum VN Number     :  0.85E+00 on Mesh 1 at (26,15,13)
       ---------------------------------------------------------------
       Mesh    1
       Max CFL number:  0.84E+00 at (23,15,12)
       Max divergence:  0.18E+02 at (20,34,3)
       Min divergence: -0.41E+01 at (26,16,13)
       Max VN number :  0.85E+00 at (26,15,13)
       Mesh    2
       Max CFL number:  0.87E+00 at (6,5,3)
       Max divergence:  0.77E+01 at (5,5,41)
       Min divergence: -0.73E+01 at (7,4,41)
       Max VN number :  0.22E+00 at (8,7,4)
 
       Time Step     8000   September 24, 2026  09:09:33
       Step Size:  0.273E-02 s, Total Time:   22.31296 s
       Pressure Iterations: 4
       Maximum Velocity Error:  0.88E-02 on Mesh 1 at (23,13,15)
       Maximum Pressure Error:  0.19E+04 on Mesh 2 at (8,5,22)
       Maximum CFL Number    :  0.86E+00 on Mesh 1 at (23,14,12)
       Maximum VN Number     :  0.77E+00 on Mesh 1 at (23,16,13)
       ---------------------------------------------------------------
       Mesh    1
       Max CFL number:  0.86E+00 at (23,14,12)
       Max divergence:  0.17E+02 at (21,33,2)
       Min divergence: -0.55E+01 at (26,15,13)
       Max VN number :  0.77E+00 at (23,16,13)
       Mesh    2
       Max CFL number:  0.75E+00 at (6,5,4)
       Max divergence:  0.57E+01 at (5,5,41)
       Min divergence: -0.70E+01 at (8,8,41)
       Max VN number :  0.16E+00 at (6,5,4)
 
       Time Step     8100   September 24, 2026  09:09:44
       Step Size:  0.267E-02 s, Total Time:   22.58989 s
       Pressure Iterations: 4
       Maximum Velocity Error:  0.68E-02 on Mesh 1 at (23,13,15)
       Maximum Pressure Error:  0.18E+04 on Mesh 2 at (8,5,14)
       Maximum CFL Number    :  0.78E+00 on Mesh 1 at (23,14,12)
       Maximum VN Number     :  0.90E+00 on Mesh 1 at (25,16,13)
       ---------------------------------------------------------------
       Mesh    1
       Max CFL number:  0.78E+00 at (23,14,12)
       Max divergence:  0.19E+02 at (19,36,2)
       Min divergence: -0.48E+01 at (23,14,12)
       Max VN number :  0.90E+00 at (25,16,13)
       Mesh    2
       Max CFL number:  0.74E+00 at (6,5,1)
       Max divergence:  0.47E+01 at (8,4,41)
       Min divergence: -0.70E+01 at (8,5,41)
       Max VN number :  0.17E+00 at (7,7,9)
 
       Time Step     8200   September 24, 2026  09:09:55
       Step Size:  0.281E-02 s, Total Time:   22.86927 s
       Pressure Iterations: 4
       Maximum Velocity Error:  0.11E-01 on Mesh 1 at (25,13,15)
       Maximum Pressure Error:  0.18E+04 on Mesh 2 at (6,4,32)
       Maximum CFL Number    :  0.87E+00 on Mesh 1 at (26,15,12)
       Maximum VN Number     :  0.96E+00 on Mesh 1 at (25,16,13)
       ---------------------------------------------------------------
       Mesh    1
       Max CFL number:  0.87E+00 at (26,15,12)
       Max divergence:  0.16E+02 at (24,33,2)
       Min divergence: -0.76E+01 at (25,16,13)
       Max VN number :  0.96E+00 at (25,16,13)
       Mesh    2
       Max CFL number:  0.78E+00 at (6,5,4)
       Max divergence:  0.49E+01 at (8,4,41)
       Min divergence: -0.57E+01 at (8,5,41)
       Max VN number :  0.25E+00 at (7,8,12)
 
       Time Step     8300   September 24, 2026  09:10:06
       Step Size:  0.248E-02 s, Total Time:   23.13906 s
       Pressure Iterations: 4
       Maximum Velocity Error:  0.83E-02 on Mesh 1 at (23,13,15)
       Maximum Pressure Error:  0.25E+04 on Mesh 2 at (6,4,7)
       Maximum CFL Number    :  0.77E+00 on Mesh 1 at (25,15,12)
       Maximum VN Number     :  0.90E+00 on Mesh 1 at (25,16,13)
       ---------------------------------------------------------------
       Mesh    1
       Max CFL number:  0.77E+00 at (25,15,12)
       Max divergence:  0.16E+02 at (24,33,2)
       Min divergence: -0.65E+01 at (25,15,13)
       Max VN number :  0.90E+00 at (25,16,13)
       Mesh    2
       Max CFL number:  0.69E+00 at (6,5,2)
       Max divergence:  0.52E+01 at (8,4,41)
       Min divergence: -0.50E+01 at (8,5,41)
       Max VN number :  0.17E+00 at (5,7,10)
 
       Time Step     8400   September 24, 2026  09:10:16
       Step Size:  0.291E-02 s, Total Time:   23.40673 s
       Pressure Iterations: 5
       Maximum Velocity Error:  0.11E-01 on Mesh 1 at (24,12,15)
       Maximum Pressure Error:  0.25E+04 on Mesh 2 at (8,6,17)
       Maximum CFL Number    :  0.86E+00 on Mesh 2 at (6,5,2)
       Maximum VN Number     :  0.79E+00 on Mesh 1 at (26,13,13)
       ---------------------------------------------------------------
       Mesh    1
       Max CFL number:  0.84E+00 at (23,14,12)
       Max divergence:  0.17E+02 at (25,33,2)
       Min divergence: -0.35E+01 at (22,14,12)
       Max VN number :  0.79E+00 at (26,13,13)
       Mesh    2
       Max CFL number:  0.86E+00 at (6,5,2)
       Max divergence:  0.65E+01 at (8,4,41)
       Min divergence: -0.92E+01 at (7,4,41)
       Max VN number :  0.20E+00 at (7,7,6)
 
       Time Step     8500   September 24, 2026  09:10:28
       Step Size:  0.280E-02 s, Total Time:   23.68559 s
       Pressure Iterations: 4
       Maximum Velocity Error:  0.88E-02 on Mesh 1 at (25,13,15)
       Maximum Pressure Error:  0.24E+04 on Mesh 2 at (8,5,17)
       Maximum CFL Number    :  0.88E+00 on Mesh 1 at (25,15,12)
       Maximum VN Number     :  0.87E+00 on Mesh 1 at (22,15,13)
       ---------------------------------------------------------------
       Mesh    1
       Max CFL number:  0.88E+00 at (25,15,12)
       Max divergence:  0.17E+02 at (28,33,2)
       Min divergence: -0.74E+01 at (25,16,12)
       Max VN number :  0.87E+00 at (22,15,13)
       Mesh    2
       Max CFL number:  0.78E+00 at (6,5,3)
       Max divergence:  0.49E+01 at (8,4,41)
       Min divergence: -0.73E+01 at (8,5,41)
       Max VN number :  0.19E+00 at (7,8,12)
 
       Time Step     8600   September 24, 2026  09:10:40
       Step Size:  0.280E-02 s, Total Time:   23.96569 s
       Pressure Iterations: 4
       Maximum Velocity Error:  0.10E-01 on Mesh 1 at (25,15,15)
       Maximum Pressure Error:  0.17E+04 on Mesh 2 at (5,4,20)
       Maximum CFL Number    :  0.80E+00 on Mesh 1 at (25,15,12)
       Maximum VN Number     :  0.84E+00 on Mesh 1 at (25,16,13)
       ---------------------------------------------------------------
       Mesh    1
       Max CFL number:  0.80E+00 at (25,15,12)
       Max divergence:  0.16E+02 at (26,33,2)
       Min divergence: -0.55E+01 at (25,16,13)
       Max VN number :  0.84E+00 at (25,16,13)
       Mesh    2
       Max CFL number:  0.77E+00 at (6,5,1)
       Max divergence:  0.55E+01 at (4,8,41)
       Min divergence: -0.78E+01 at (8,8,41)
       Max VN number :  0.18E+00 at (8,8,41)
 
       Time Step     8700   September 24, 2026  09:10:51
       Step Size:  0.259E-02 s, Total Time:   24.25544 s
       Pressure Iterations: 4
       Maximum Velocity Error:  0.63E-02 on Mesh 1 at (25,14,15)
       Maximum Pressure Error:  0.15E+04 on Mesh 2 at (8,5,24)
       Maximum CFL Number    :  0.76E+00 on Mesh 1 at (26,15,12)
       Maximum VN Number     :  0.87E+00 on Mesh 1 at (25,16,13)
       ---------------------------------------------------------------
       Mesh    1
       Max CFL number:  0.76E+00 at (26,15,12)
       Max divergence:  0.20E+02 at (29,37,2)
       Min divergence: -0.40E+01 at (25,16,11)
       Max VN number :  0.87E+00 at (25,16,13)
       Mesh    2
       Max CFL number:  0.70E+00 at (6,5,5)
       Max divergence:  0.45E+01 at (8,4,41)
       Min divergence: -0.55E+01 at (4,6,41)
       Max VN number :  0.17E+00 at (7,8,17)
 
       Time Step     8800   September 24, 2026  09:11:02
       Step Size:  0.285E-02 s, Total Time:   24.53820 s
       Pressure Iterations: 5
       Maximum Velocity Error:  0.94E-02 on Mesh 1 at (24,14,15)
       Maximum Pressure Error:  0.21E+04 on Mesh 2 at (8,5,18)
       Maximum CFL Number    :  0.84E+00 on Mesh 1 at (23,14,12)
       Maximum VN Number     :  0.87E+00 on Mesh 1 at (26,15,13)
       ---------------------------------------------------------------
       Mesh    1
       Max CFL number:  0.84E+00 at (23,14,12)
       Max divergence:  0.18E+02 at (29,33,2)
       Min divergence: -0.39E+01 at (26,15,12)
       Max VN number :  0.87E+00 at (26,15,13)
       Mesh    2
       Max CFL number:  0.79E+00 at (6,5,2)
       Max divergence:  0.54E+01 at (5,5,43)
       Min divergence: -0.64E+01 at (5,5,41)
       Max VN number :  0.17E+00 at (5,5,43)
 
       Time Step     8900   September 24, 2026  09:11:13
       Step Size:  0.297E-02 s, Total Time:   24.82767 s
       Pressure Iterations: 5
       Maximum Velocity Error:  0.72E-02 on Mesh 1 at (24,14,15)
       Maximum Pressure Error:  0.15E+04 on Mesh 2 at (5,4,27)
       Maximum CFL Number    :  0.87E+00 on Mesh 1 at (23,14,12)
       Maximum VN Number     :  0.80E+00 on Mesh 1 at (26,13,10)
       ---------------------------------------------------------------
       Mesh    1
       Max CFL number:  0.87E+00 at (23,14,12)
       Max divergence:  0.17E+02 at (21,33,2)
       Min divergence: -0.45E+01 at (23,14,12)
       Max VN number :  0.80E+00 at (26,13,10)
       Mesh    2
       Max CFL number:  0.80E+00 at (6,5,2)
       Max divergence:  0.58E+01 at (8,4,41)
       Min divergence: -0.65E+01 at (7,4,41)
       Max VN number :  0.19E+00 at (5,5,42)
 
       Time Step     9000   September 24, 2026  09:11:25
       Step Size:  0.284E-02 s, Total Time:   25.09415 s
       Pressure Iterations: 4
       Maximum Velocity Error:  0.76E-02 on Mesh 1 at (24,14,15)
       Maximum Pressure Error:  0.21E+04 on Mesh 2 at (7,4,7)
       Maximum CFL Number    :  0.86E+00 on Mesh 1 at (25,15,12)
       Maximum VN Number     :  0.78E+00 on Mesh 1 at (26,13,13)
       ---------------------------------------------------------------
       Mesh    1
       Max CFL number:  0.86E+00 at (25,15,12)
       Max divergence:  0.16E+02 at (26,33,2)
       Min divergence: -0.71E+01 at (26,15,13)
       Max VN number :  0.78E+00 at (26,13,13)
       Mesh    2
       Max CFL number:  0.78E+00 at (6,5,2)
       Max divergence:  0.44E+01 at (6,4,43)
       Min divergence: -0.60E+01 at (6,4,41)
       Max VN number :  0.19E+00 at (7,8,17)
 
       Time Step     9100   September 24, 2026  09:11:37
       Step Size:  0.285E-02 s, Total Time:   25.37104 s
       Pressure Iterations: 5
       Maximum Velocity Error:  0.87E-02 on Mesh 1 at (25,13,15)
       Maximum Pressure Error:  0.33E+04 on Mesh 1 at (27,38,2)
       Maximum CFL Number    :  0.89E+00 on Mesh 1 at (23,14,12)
       Maximum VN Number     :  0.81E+00 on Mesh 1 at (23,16,13)
       ---------------------------------------------------------------
       Mesh    1
       Max CFL number:  0.89E+00 at (23,14,12)
       Max divergence:  0.17E+02 at (19,33,2)
       Min divergence: -0.69E+01 at (26,16,12)
       Max VN number :  0.81E+00 at (23,16,13)
       Mesh    2
       Max CFL number:  0.79E+00 at (6,5,5)
       Max divergence:  0.58E+01 at (8,4,41)
       Min divergence: -0.75E+01 at (8,8,41)
       Max VN number :  0.18E+00 at (6,9,41)
 
       Time Step     9200   September 24, 2026  09:11:48
       Step Size:  0.269E-02 s, Total Time:   25.64963 s
       Pressure Iterations: 5
       Maximum Velocity Error:  0.76E-02 on Mesh 2 at (5,5,0)
       Maximum Pressure Error:  0.14E+04 on Mesh 2 at (8,4,4)
       Maximum CFL Number    :  0.80E+00 on Mesh 1 at (23,14,12)
       Maximum VN Number     :  0.79E+00 on Mesh 1 at (26,14,13)
       ---------------------------------------------------------------
       Mesh    1
       Max CFL number:  0.80E+00 at (23,14,12)
       Max divergence:  0.19E+02 at (28,37,2)
       Min divergence: -0.68E+01 at (26,16,12)
       Max VN number :  0.79E+00 at (26,14,13)
       Mesh    2
       Max CFL number:  0.73E+00 at (6,5,3)
       Max divergence:  0.47E+01 at (4,8,41)
       Min divergence: -0.64E+01 at (8,5,41)
       Max VN number :  0.20E+00 at (5,7,4)
 
       Time Step     9300   September 24, 2026  09:12:00
       Step Size:  0.250E-02 s, Total Time:   25.91258 s
       Pressure Iterations: 5
       Maximum Velocity Error:  0.10E-01 on Mesh 1 at (24,12,15)
       Maximum Pressure Error:  0.23E+04 on Mesh 2 at (6,4,3)
       Maximum CFL Number    :  0.73E+00 on Mesh 1 at (23,14,12)
       Maximum VN Number     :  0.90E+00 on Mesh 1 at (25,16,13)
       ---------------------------------------------------------------
       Mesh    1
       Max CFL number:  0.73E+00 at (23,14,12)
       Max divergence:  0.20E+02 at (22,33,2)
       Min divergence: -0.58E+01 at (26,16,12)
       Max VN number :  0.90E+00 at (25,16,13)
       Mesh    2
       Max CFL number:  0.73E+00 at (6,5,2)
       Max divergence:  0.56E+01 at (8,4,41)
       Min divergence: -0.60E+01 at (7,4,41)
       Max VN number :  0.16E+00 at (5,5,42)
 
       Time Step     9400   September 24, 2026  09:12:11
       Step Size:  0.276E-02 s, Total Time:   26.18449 s
       Pressure Iterations: 4
       Maximum Velocity Error:  0.12E-01 on Mesh 1 at (25,14,15)
       Maximum Pressure Error:  0.19E+04 on Mesh 2 at (6,8,30)
       Maximum CFL Number    :  0.86E+00 on Mesh 1 at (23,14,12)
       Maximum VN Number     :  0.85E+00 on Mesh 1 at (25,16,13)
       ---------------------------------------------------------------
       Mesh    1
       Max CFL number:  0.86E+00 at (23,14,12)
       Max divergence:  0.17E+02 at (28,33,2)
       Min divergence: -0.67E+01 at (26,16,12)
       Max VN number :  0.85E+00 at (25,16,13)
       Mesh    2
       Max CFL number:  0.75E+00 at (6,5,5)
       Max divergence:  0.52E+01 at (8,4,42)
       Min divergence: -0.63E+01 at (8,8,41)
       Max VN number :  0.20E+00 at (5,7,7)
 
       Time Step     9500   September 24, 2026  09:12:23
       Step Size:  0.284E-02 s, Total Time:   26.44510 s
       Pressure Iterations: 5
       Maximum Velocity Error:  0.78E-02 on Mesh 1 at (25,14,15)
       Maximum Pressure Error:  0.28E+04 on Mesh 2 at (6,4,4)
       Maximum CFL Number    :  0.84E+00 on Mesh 1 at (25,15,12)
       Maximum VN Number     :  0.85E+00 on Mesh 1 at (25,16,13)
       ---------------------------------------------------------------
       Mesh    1
       Max CFL number:  0.84E+00 at (25,15,12)
       Max divergence:  0.20E+02 at (21,33,2)
       Min divergence: -0.44E+01 at (26,14,13)
       Max VN number :  0.85E+00 at (25,16,13)
       Mesh    2
       Max CFL number:  0.80E+00 at (6,4,4)
       Max divergence:  0.51E+01 at (4,5,41)
       Min divergence: -0.67E+01 at (5,5,41)
       Max VN number :  0.18E+00 at (6,7,4)
 
       Time Step     9600   September 24, 2026  09:12:35
       Step Size:  0.268E-02 s, Total Time:   26.71644 s
       Pressure Iterations: 6
       Maximum Velocity Error:  0.11E-01 on Mesh 1 at (23,13,15)
       Maximum Pressure Error:  0.15E+04 on Mesh 1 at (23,12,14)
       Maximum CFL Number    :  0.82E+00 on Mesh 1 at (23,14,12)
       Maximum VN Number     :  0.69E+00 on Mesh 1 at (23,16,13)
       ---------------------------------------------------------------
       Mesh    1
       Max CFL number:  0.82E+00 at (23,14,12)
       Max divergence:  0.17E+02 at (25,33,2)
       Min divergence: -0.57E+01 at (26,16,12)
       Max VN number :  0.69E+00 at (23,16,13)
       Mesh    2
       Max CFL number:  0.78E+00 at (6,6,3)
       Max divergence:  0.66E+01 at (8,6,44)
       Min divergence: -0.54E+01 at (7,8,41)
       Max VN number :  0.18E+00 at (8,6,44)
 
       Time Step     9700   September 24, 2026  09:12:47
       Step Size:  0.300E-02 s, Total Time:   26.99577 s
       Pressure Iterations: 5
       Maximum Velocity Error:  0.12E-01 on Mesh 2 at (5,5,0)
       Maximum Pressure Error:  0.19E+04 on Mesh 2 at (6,4,8)
       Maximum CFL Number    :  0.91E+00 on Mesh 1 at (23,14,12)
       Maximum VN Number     :  0.82E+00 on Mesh 1 at (26,15,13)
       ---------------------------------------------------------------
       Mesh    1
       Max CFL number:  0.91E+00 at (23,14,12)
       Max divergence:  0.17E+02 at (28,33,2)
       Min divergence: -0.41E+01 at (26,15,12)
       Max VN number :  0.82E+00 at (26,15,13)
       Mesh    2
       Max CFL number:  0.86E+00 at (6,5,1)
       Max divergence:  0.49E+01 at (9,6,41)
       Min divergence: -0.61E+01 at (5,5,41)
       Max VN number :  0.19E+00 at (9,7,41)
 
       Time Step     9800   September 24, 2026  09:12:58
       Step Size:  0.273E-02 s, Total Time:   27.26038 s
       Pressure Iterations: 5
       Maximum Velocity Error:  0.92E-02 on Mesh 1 at (24,12,15)
       Maximum Pressure Error:  0.37E+04 on Mesh 2 at (6,4,5)
       Maximum CFL Number    :  0.84E+00 on Mesh 1 at (25,15,12)
       Maximum VN Number     :  0.89E+00 on Mesh 1 at (25,16,13)
       ---------------------------------------------------------------
       Mesh    1
       Max CFL number:  0.84E+00 at (25,15,12)
       Max divergence:  0.20E+02 at (20,33,2)
       Min divergence: -0.39E+01 at (22,15,12)
       Max VN number :  0.89E+00 at (25,16,13)
       Mesh    2
       Max CFL number:  0.82E+00 at (6,5,2)
       Max divergence:  0.56E+01 at (8,4,41)
       Min divergence: -0.88E+01 at (7,4,41)
       Max VN number :  0.18E+00 at (9,6,41)
 
       Time Step     9900   September 24, 2026  09:13:10
       Step Size:  0.295E-02 s, Total Time:   27.53885 s
       Pressure Iterations: 6
       Maximum Velocity Error:  0.92E-02 on Mesh 1 at (24,14,15)
       Maximum Pressure Error:  0.26E+04 on Mesh 2 at (6,4,3)
       Maximum CFL Number    :  0.88E+00 on Mesh 1 at (24,14,14)
       Maximum VN Number     :  0.79E+00 on Mesh 1 at (25,16,13)
       ---------------------------------------------------------------
       Mesh    1
       Max CFL number:  0.88E+00 at (24,14,14)
       Max divergence:  0.20E+02 at (20,33,2)
       Min divergence: -0.54E+01 at (26,16,13)
       Max VN number :  0.79E+00 at (25,16,13)
       Mesh    2
       Max CFL number:  0.86E+00 at (6,6,1)
       Max divergence:  0.62E+01 at (5,5,42)
       Min divergence: -0.61E+01 at (8,5,41)
       Max VN number :  0.19E+00 at (6,9,41)
 
       Time Step    10000   September 24, 2026  09:13:21
       Step Size:  0.295E-02 s, Total Time:   27.80604 s
       Pressure Iterations: 6
       Maximum Velocity Error:  0.88E-02 on Mesh 1 at (24,13,15)
       Maximum Pressure Error:  0.25E+04 on Mesh 2 at (5,4,3)
       Maximum CFL Number    :  0.91E+00 on Mesh 1 at (23,14,12)
       Maximum VN Number     :  0.73E+00 on Mesh 1 at (25,16,13)
       ---------------------------------------------------------------
       Mesh    1
       Max CFL number:  0.91E+00 at (23,14,12)
       Max divergence:  0.16E+02 at (22,33,2)
       Min divergence: -0.59E+01 at (26,16,12)
       Max VN number :  0.73E+00 at (25,16,13)
       Mesh    2
       Max CFL number:  0.86E+00 at (6,5,5)
       Max divergence:  0.50E+01 at (6,8,44)
       Min divergence: -0.71E+01 at (5,5,41)
       Max VN number :  0.20E+00 at (5,6,2)
 
       Time Step    10100   September 24, 2026  09:13:33
       Step Size:  0.273E-02 s, Total Time:   28.07583 s
       Pressure Iterations: 5
       Maximum Velocity Error:  0.78E-02 on Mesh 1 at (26,14,15)
       Maximum Pressure Error:  0.17E+04 on Mesh 2 at (7,4,3)
       Maximum CFL Number    :  0.89E+00 on Mesh 1 at (23,14,12)
       Maximum VN Number     :  0.96E+00 on Mesh 1 at (22,15,13)
       ---------------------------------------------------------------
       Mesh    1
       Max CFL number:  0.89E+00 at (23,14,12)
       Max divergence:  0.16E+02 at (26,33,2)
       Min divergence: -0.51E+01 at (26,16,12)
       Max VN number :  0.96E+00 at (22,15,13)
       Mesh    2
       Max CFL number:  0.78E+00 at (6,5,4)
       Max divergence:  0.44E+01 at (9,6,41)
       Min divergence: -0.59E+01 at (8,8,41)
       Max VN number :  0.26E+00 at (8,7,3)
 
       Time Step    10200   September 24, 2026  09:13:45
       Step Size:  0.247E-02 s, Total Time:   28.34638 s
       Pressure Iterations: 5
       Maximum Velocity Error:  0.79E-02 on Mesh 1 at (25,14,15)
       Maximum Pressure Error:  0.18E+04 on Mesh 2 at (6,4,4)
       Maximum CFL Number    :  0.76E+00 on Mesh 1 at (23,14,12)
       Maximum VN Number     :  0.73E+00 on Mesh 1 at (25,16,13)
       ---------------------------------------------------------------
       Mesh    1
       Max CFL number:  0.76E+00 at (23,14,12)
       Max divergence:  0.17E+02 at (19,35,2)
       Min divergence: -0.34E+01 at (23,13,10)
       Max VN number :  0.73E+00 at (25,16,13)
       Mesh    2
       Max CFL number:  0.66E+00 at (6,5,1)
       Max divergence:  0.44E+01 at (6,4,43)
       Min divergence: -0.72E+01 at (8,8,41)
       Max VN number :  0.15E+00 at (6,9,41)
 
       Time Step    10300   September 24, 2026  09:13:57
       Step Size:  0.284E-02 s, Total Time:   28.62760 s
       Pressure Iterations: 5
       Maximum Velocity Error:  0.10E-01 on Mesh 2 at (7,6,0)
       Maximum Pressure Error:  0.19E+04 on Mesh 2 at (6,4,10)
       Maximum CFL Number    :  0.88E+00 on Mesh 1 at (25,15,12)
       Maximum VN Number     :  0.73E+00 on Mesh 1 at (26,14,13)
       ---------------------------------------------------------------
       Mesh    1
       Max CFL number:  0.88E+00 at (25,15,12)
       Max divergence:  0.19E+02 at (20,37,2)
       Min divergence: -0.46E+01 at (26,16,12)
       Max VN number :  0.73E+00 at (26,14,13)
       Mesh    2
       Max CFL number:  0.82E+00 at (6,6,1)
       Max divergence:  0.50E+01 at (4,5,41)
       Min divergence: -0.64E+01 at (4,6,41)
       Max VN number :  0.22E+00 at (8,7,2)
 
       Time Step    10400   September 24, 2026  09:14:08
       Step Size:  0.284E-02 s, Total Time:   28.91183 s
       Pressure Iterations: 4
       Maximum Velocity Error:  0.88E-02 on Mesh 1 at (22,14,15)
       Maximum Pressure Error:  0.18E+04 on Mesh 2 at (7,4,3)
       Maximum CFL Number    :  0.84E+00 on Mesh 1 at (23,14,12)
       Maximum VN Number     :  0.88E+00 on Mesh 1 at (25,16,13)
       ---------------------------------------------------------------
       Mesh    1
       Max CFL number:  0.84E+00 at (23,14,12)
       Max divergence:  0.18E+02 at (28,33,2)
       Min divergence: -0.39E+01 at (29,38,7)
       Max VN number :  0.88E+00 at (25,16,13)
       Mesh    2
       Max CFL number:  0.76E+00 at (7,5,5)
       Max divergence:  0.42E+01 at (8,9,41)
       Min divergence: -0.72E+01 at (8,8,41)
       Max VN number :  0.27E+00 at (7,7,4)
 
       Time Step    10500   September 24, 2026  09:14:20
       Step Size:  0.274E-02 s, Total Time:   29.18721 s
       Pressure Iterations: 4
       Maximum Velocity Error:  0.11E-01 on Mesh 1 at (25,15,15)
       Maximum Pressure Error:  0.28E+04 on Mesh 2 at (6,4,6)
       Maximum CFL Number    :  0.80E+00 on Mesh 1 at (26,15,12)
       Maximum VN Number     :  0.79E+00 on Mesh 1 at (24,16,13)
       ---------------------------------------------------------------
       Mesh    1
       Max CFL number:  0.80E+00 at (26,15,12)
       Max divergence:  0.17E+02 at (22,33,2)
       Min divergence: -0.51E+01 at (25,16,13)
       Max VN number :  0.79E+00 at (24,16,13)
       Mesh    2
       Max CFL number:  0.77E+00 at (6,5,3)
       Max divergence:  0.42E+01 at (5,4,41)
       Min divergence: -0.54E+01 at (5,5,41)
       Max VN number :  0.17E+00 at (5,7,4)
 
       Time Step    10600   September 24, 2026  09:14:31
       Step Size:  0.244E-02 s, Total Time:   29.47470 s
       Pressure Iterations: 3
       Maximum Velocity Error:  0.12E-01 on Mesh 1 at (24,12,15)
       Maximum Pressure Error:  0.19E+04 on Mesh 2 at (6,4,7)
       Maximum CFL Number    :  0.74E+00 on Mesh 1 at (23,15,12)
       Maximum VN Number     :  0.90E+00 on Mesh 1 at (25,16,13)
       ---------------------------------------------------------------
       Mesh    1
       Max CFL number:  0.74E+00 at (23,15,12)
       Max divergence:  0.17E+02 at (22,33,2)
       Min divergence: -0.57E+01 at (22,15,12)
       Max VN number :  0.90E+00 at (25,16,13)
       Mesh    2
       Max CFL number:  0.69E+00 at (6,6,3)
       Max divergence:  0.57E+01 at (8,4,41)
       Min divergence: -0.98E+01 at (8,5,41)
       Max VN number :  0.16E+00 at (8,8,7)
 
       Time Step    10700   September 24, 2026  09:14:42
       Step Size:  0.285E-02 s, Total Time:   29.75037 s
       Pressure Iterations: 4
       Maximum Velocity Error:  0.12E-01 on Mesh 1 at (25,14,15)
       Maximum Pressure Error:  0.25E+04 on Mesh 2 at (7,4,4)
       Maximum CFL Number    :  0.79E+00 on Mesh 1 at (23,14,12)
       Maximum VN Number     :  0.93E+00 on Mesh 1 at (25,16,13)
       ---------------------------------------------------------------
       Mesh    1
       Max CFL number:  0.79E+00 at (23,14,12)
       Max divergence:  0.17E+02 at (24,33,2)
       Min divergence: -0.34E+01 at (22,14,12)
       Max VN number :  0.93E+00 at (25,16,13)
       Mesh    2
       Max CFL number:  0.79E+00 at (6,5,6)
       Max divergence:  0.54E+01 at (5,5,43)
       Min divergence: -0.77E+01 at (5,5,41)
       Max VN number :  0.16E+00 at (7,6,22)
 
       Time Step    10800   September 24, 2026  09:14:55
       Step Size:  0.252E-02 s, Total Time:   30.02272 s
       Pressure Iterations: 4
       Maximum Velocity Error:  0.99E-02 on Mesh 1 at (25,14,15)
       Maximum Pressure Error:  0.17E+04 on Mesh 2 at (6,4,9)
       Maximum CFL Number    :  0.78E+00 on Mesh 1 at (25,15,12)
       Maximum VN Number     :  0.90E+00 on Mesh 1 at (25,16,13)
       ---------------------------------------------------------------
       Mesh    1
       Max CFL number:  0.78E+00 at (25,15,12)
       Max divergence:  0.19E+02 at (19,35,2)
       Min divergence: -0.53E+01 at (26,16,12)
       Max VN number :  0.90E+00 at (25,16,13)
       Mesh    2
       Max CFL number:  0.71E+00 at (6,6,1)
       Max divergence:  0.59E+01 at (5,5,40)
       Min divergence: -0.71E+01 at (8,8,41)
       Max VN number :  0.18E+00 at (7,7,11)
 
       Time Step    10900   September 24, 2026  09:15:06
       Step Size:  0.281E-02 s, Total Time:   30.29691 s
       Pressure Iterations: 4
       Maximum Velocity Error:  0.11E-01 on Mesh 1 at (23,13,15)
       Maximum Pressure Error:  0.20E+04 on Mesh 2 at (6,4,7)
       Maximum CFL Number    :  0.84E+00 on Mesh 1 at (23,14,12)
       Maximum VN Number     :  0.73E+00 on Mesh 1 at (26,14,13)
       ---------------------------------------------------------------
       Mesh    1
       Max CFL number:  0.84E+00 at (23,14,12)
       Max divergence:  0.20E+02 at (19,36,2)
       Min divergence: -0.27E+01 at (26,15,12)
       Max VN number :  0.73E+00 at (26,14,13)
       Mesh    2
       Max CFL number:  0.82E+00 at (6,5,3)
       Max divergence:  0.50E+01 at (6,4,42)
       Min divergence: -0.73E+01 at (7,4,41)
       Max VN number :  0.18E+00 at (6,5,3)
 
       Time Step    11000   September 24, 2026  09:15:17
       Step Size:  0.291E-02 s, Total Time:   30.58309 s
       Pressure Iterations: 4
       Maximum Velocity Error:  0.11E-01 on Mesh 1 at (23,13,15)
       Maximum Pressure Error:  0.24E+04 on Mesh 2 at (6,4,9)
       Maximum CFL Number    :  0.90E+00 on Mesh 1 at (23,14,12)
       Maximum VN Number     :  0.90E+00 on Mesh 1 at (26,14,13)
       ---------------------------------------------------------------
       Mesh    1
       Max CFL number:  0.90E+00 at (23,14,12)
       Max divergence:  0.20E+02 at (20,36,2)
       Min divergence: -0.29E+01 at (23,14,12)
       Max VN number :  0.90E+00 at (26,14,13)
       Mesh    2
       Max CFL number:  0.80E+00 at (6,6,1)
       Max divergence:  0.42E+01 at (9,6,41)
       Min divergence: -0.71E+01 at (5,5,41)
       Max VN number :  0.19E+00 at (5,7,9)
 
       Time Step    11100   September 24, 2026  09:15:28
       Step Size:  0.281E-02 s, Total Time:   30.86028 s
       Pressure Iterations: 4
       Maximum Velocity Error:  0.10E-01 on Mesh 1 at (26,13,15)
       Maximum Pressure Error:  0.18E+04 on Mesh 2 at (6,8,22)
       Maximum CFL Number    :  0.84E+00 on Mesh 1 at (23,15,12)
       Maximum VN Number     :  0.83E+00 on Mesh 1 at (25,16,13)
       ---------------------------------------------------------------
       Mesh    1
       Max CFL number:  0.84E+00 at (23,15,12)
       Max divergence:  0.16E+02 at (25,33,2)
       Min divergence: -0.39E+01 at (26,13,10)
       Max VN number :  0.83E+00 at (25,16,13)
       Mesh    2
       Max CFL number:  0.78E+00 at (6,5,1)
       Max divergence:  0.67E+01 at (8,4,41)
       Min divergence: -0.65E+01 at (8,8,41)
       Max VN number :  0.18E+00 at (5,5,42)
 
       Time Step    11200   September 24, 2026  09:15:38
       Step Size:  0.252E-02 s, Total Time:   31.13645 s
       Pressure Iterations: 3
       Maximum Velocity Error:  0.11E-01 on Mesh 1 at (26,13,15)
       Maximum Pressure Error:  0.14E+04 on Mesh 2 at (6,4,27)
       Maximum CFL Number    :  0.78E+00 on Mesh 1 at (25,15,12)
       Maximum VN Number     :  0.78E+00 on Mesh 1 at (25,16,13)
       ---------------------------------------------------------------
       Mesh    1
       Max CFL number:  0.78E+00 at (25,15,12)
       Max divergence:  0.16E+02 at (25,33,2)
       Min divergence: -0.45E+01 at (25,16,11)
       Max VN number :  0.78E+00 at (25,16,13)
       Mesh    2
       Max CFL number:  0.71E+00 at (6,5,2)
       Max divergence:  0.58E+01 at (5,5,42)
       Min divergence: -0.65E+01 at (8,8,41)
       Max VN number :  0.35E+00 at (8,7,7)
 
       Time Step    11300   September 24, 2026  09:15:49
       Step Size:  0.272E-02 s, Total Time:   31.40532 s
       Pressure Iterations: 4
       Maximum Velocity Error:  0.49E-02 on Mesh 1 at (24,13,15)
       Maximum Pressure Error:  0.16E+04 on Mesh 2 at (7,4,2)
       Maximum CFL Number    :  0.82E+00 on Mesh 1 at (26,15,12)
       Maximum VN Number     :  0.83E+00 on Mesh 1 at (26,15,13)
       ---------------------------------------------------------------
       Mesh    1
       Max CFL number:  0.82E+00 at (26,15,12)
       Max divergence:  0.19E+02 at (28,36,2)
       Min divergence: -0.53E+01 at (26,16,13)
       Max VN number :  0.83E+00 at (26,15,13)
       Mesh    2
       Max CFL number:  0.75E+00 at (6,5,5)
       Max divergence:  0.65E+01 at (5,5,43)
       Min divergence: -0.66E+01 at (8,8,41)
       Max VN number :  0.18E+00 at (5,7,4)
 
       Time Step    11400   September 24, 2026  09:16:01
       Step Size:  0.282E-02 s, Total Time:   31.68019 s
       Pressure Iterations: 4
       Maximum Velocity Error:  0.50E-02 on Mesh 1 at (23,16,15)
       Maximum Pressure Error:  0.24E+04 on Mesh 2 at (6,4,30)
       Maximum CFL Number    :  0.82E+00 on Mesh 1 at (26,15,12)
       Maximum VN Number     :  0.98E+00 on Mesh 1 at (23,13,13)
       ---------------------------------------------------------------
       Mesh    1
       Max CFL number:  0.82E+00 at (26,15,12)
       Max divergence:  0.17E+02 at (29,36,2)
       Min divergence: -0.62E+01 at (25,16,13)
       Max VN number :  0.98E+00 at (23,13,13)
       Mesh    2
       Max CFL number:  0.80E+00 at (6,5,2)
       Max divergence:  0.66E+01 at (5,5,43)
       Min divergence: -0.47E+01 at (5,5,41)
       Max VN number :  0.28E+00 at (8,7,4)
 
       Time Step    11500   September 24, 2026  09:16:11
       Step Size:  0.282E-02 s, Total Time:   31.96226 s
       Pressure Iterations: 4
       Maximum Velocity Error:  0.76E-02 on Mesh 1 at (25,13,15)
       Maximum Pressure Error:  0.20E+04 on Mesh 2 at (6,8,20)
       Maximum CFL Number    :  0.87E+00 on Mesh 1 at (25,15,12)
       Maximum VN Number     :  0.88E+00 on Mesh 1 at (25,16,13)
       ---------------------------------------------------------------
       Mesh    1
       Max CFL number:  0.87E+00 at (25,15,12)
       Max divergence:  0.17E+02 at (20,36,2)
       Min divergence: -0.62E+01 at (25,16,13)
       Max VN number :  0.88E+00 at (25,16,13)
       Mesh    2
       Max CFL number:  0.77E+00 at (6,5,1)
       Max divergence:  0.62E+01 at (5,4,41)
       Min divergence: -0.96E+01 at (6,4,41)
       Max VN number :  0.27E+00 at (7,8,8)
 
       Time Step    11600   September 24, 2026  09:16:22
       Step Size:  0.278E-02 s, Total Time:   32.24005 s
       Pressure Iterations: 3
       Maximum Velocity Error:  0.12E-01 on Mesh 2 at (5,4,28)
       Maximum Pressure Error:  0.19E+04 on Mesh 2 at (6,4,4)
       Maximum CFL Number    :  0.85E+00 on Mesh 1 at (23,15,12)
       Maximum VN Number     :  0.93E+00 on Mesh 1 at (25,16,13)
       ---------------------------------------------------------------
       Mesh    1
       Max CFL number:  0.85E+00 at (23,15,12)
       Max divergence:  0.19E+02 at (27,38,3)
       Min divergence: -0.44E+01 at (26,14,13)
       Max VN number :  0.93E+00 at (25,16,13)
       Mesh    2
       Max CFL number:  0.77E+00 at (6,5,3)
       Max divergence:  0.70E+01 at (5,5,41)
       Min divergence: -0.89E+01 at (6,4,41)
       Max VN number :  0.19E+00 at (7,7,6)
 
       Time Step    11700   September 24, 2026  09:16:33
       Step Size:  0.286E-02 s, Total Time:   32.50633 s
       Pressure Iterations: 4
       Maximum Velocity Error:  0.12E-01 on Mesh 1 at (24,13,15)
       Maximum Pressure Error:  0.21E+04 on Mesh 2 at (8,5,31)
       Maximum CFL Number    :  0.84E+00 on Mesh 1 at (23,14,12)
       Maximum VN Number     :  0.82E+00 on Mesh 1 at (26,15,13)
       ---------------------------------------------------------------
       Mesh    1
       Max CFL number:  0.84E+00 at (23,14,12)
       Max divergence:  0.18E+02 at (20,34,3)
       Min divergence: -0.36E+01 at (26,13,10)
       Max VN number :  0.82E+00 at (26,15,13)
       Mesh    2
       Max CFL number:  0.80E+00 at (6,5,5)
       Max divergence:  0.54E+01 at (5,5,41)
       Min divergence: -0.59E+01 at (8,5,41)
       Max VN number :  0.17E+00 at (6,9,41)
 
       Time Step    11800   September 24, 2026  09:16:44
       Step Size:  0.281E-02 s, Total Time:   32.78197 s
       Pressure Iterations: 4
       Maximum Velocity Error:  0.12E-01 on Mesh 1 at (25,14,15)
       Maximum Pressure Error:  0.20E+04 on Mesh 2 at (6,4,7)
       Maximum CFL Number    :  0.81E+00 on Mesh 1 at (25,15,12)
       Maximum VN Number     :  0.86E+00 on Mesh 1 at (25,16,13)
       ---------------------------------------------------------------
       Mesh    1
       Max CFL number:  0.81E+00 at (25,15,12)
       Max divergence:  0.17E+02 at (25,33,2)
       Min divergence: -0.56E+01 at (25,16,12)
       Max VN number :  0.86E+00 at (25,16,13)
       Mesh    2
       Max CFL number:  0.79E+00 at (6,5,3)
       Max divergence:  0.49E+01 at (5,5,42)
       Min divergence: -0.61E+01 at (8,5,41)
       Max VN number :  0.22E+00 at (7,8,11)
 
       Time Step    11900   September 24, 2026  09:16:56
       Step Size:  0.273E-02 s, Total Time:   33.05652 s
       Pressure Iterations: 5
       Maximum Velocity Error:  0.12E-01 on Mesh 1 at (25,14,15)
       Maximum Pressure Error:  0.18E+04 on Mesh 2 at (6,4,11)
       Maximum CFL Number    :  0.88E+00 on Mesh 1 at (25,15,12)
       Maximum VN Number     :  0.85E+00 on Mesh 1 at (25,16,13)
       ---------------------------------------------------------------
       Mesh    1
       Max CFL number:  0.88E+00 at (25,15,12)
       Max divergence:  0.17E+02 at (26,36,5)
       Min divergence: -0.44E+01 at (25,16,12)
       Max VN number :  0.85E+00 at (25,16,13)
       Mesh    2
       Max CFL number:  0.80E+00 at (6,6,1)
       Max divergence:  0.50E+01 at (9,7,41)
       Min divergence: -0.72E+01 at (8,8,41)
       Max VN number :  0.19E+00 at (9,7,41)
 
       Time Step    12000   September 24, 2026  09:17:07
       Step Size:  0.292E-02 s, Total Time:   33.32653 s
       Pressure Iterations: 5
       Maximum Velocity Error:  0.12E-01 on Mesh 1 at (24,14,15)
       Maximum Pressure Error:  0.16E+04 on Mesh 2 at (9,6,13)
       Maximum CFL Number    :  0.91E+00 on Mesh 1 at (23,14,12)
       Maximum VN Number     :  0.81E+00 on Mesh 1 at (23,13,13)
       ---------------------------------------------------------------
       Mesh    1
       Max CFL number:  0.91E+00 at (23,14,12)
       Max divergence:  0.18E+02 at (28,37,2)
       Min divergence: -0.62E+01 at (26,15,13)
       Max VN number :  0.81E+00 at (23,13,13)
       Mesh    2
       Max CFL number:  0.83E+00 at (6,6,2)
       Max divergence:  0.63E+01 at (8,4,41)
       Min divergence: -0.68E+01 at (7,4,41)
       Max VN number :  0.21E+00 at (7,7,6)
 
       Time Step    12100   September 24, 2026  09:17:19
       Step Size:  0.284E-02 s, Total Time:   33.60326 s
       Pressure Iterations: 4
       Maximum Velocity Error:  0.69E-02 on Mesh 1 at (23,14,15)
       Maximum Pressure Error:  0.16E+04 on Mesh 2 at (8,5,23)
       Maximum CFL Number    :  0.83E+00 on Mesh 1 at (23,14,12)
       Maximum VN Number     :  0.88E+00 on Mesh 1 at (26,14,13)
       ---------------------------------------------------------------
       Mesh    1
       Max CFL number:  0.83E+00 at (23,14,12)
       Max divergence:  0.17E+02 at (19,35,2)
       Min divergence: -0.43E+01 at (26,16,12)
       Max VN number :  0.88E+00 at (26,14,13)
       Mesh    2
       Max CFL number:  0.79E+00 at (6,5,3)
       Max divergence:  0.51E+01 at (8,4,41)
       Min divergence: -0.72E+01 at (8,5,41)
       Max VN number :  0.20E+00 at (8,6,12)
 
       Time Step    12200   September 24, 2026  09:17:30
       Step Size:  0.255E-02 s, Total Time:   33.87398 s
       Pressure Iterations: 6
       Maximum Velocity Error:  0.84E-02 on Mesh 1 at (22,14,15)
       Maximum Pressure Error:  0.19E+04 on Mesh 2 at (6,4,7)
       Maximum CFL Number    :  0.81E+00 on Mesh 1 at (23,14,12)
       Maximum VN Number     :  0.75E+00 on Mesh 1 at (25,16,13)
       ---------------------------------------------------------------
       Mesh    1
       Max CFL number:  0.81E+00 at (23,14,12)
       Max divergence:  0.18E+02 at (24,33,2)
       Min divergence: -0.52E+01 at (25,17,11)
       Max VN number :  0.75E+00 at (25,16,13)
       Mesh    2
       Max CFL number:  0.71E+00 at (6,6,1)
       Max divergence:  0.44E+01 at (4,8,43)
       Min divergence: -0.78E+01 at (7,4,41)
       Max VN number :  0.16E+00 at (5,7,2)
 
       Time Step    12300   September 24, 2026  09:17:43
       Step Size:  0.255E-02 s, Total Time:   34.13668 s
       Pressure Iterations: 6
       Maximum Velocity Error:  0.64E-02 on Mesh 1 at (25,14,15)
       Maximum Pressure Error:  0.28E+04 on Mesh 2 at (5,4,2)
       Maximum CFL Number    :  0.80E+00 on Mesh 2 at (6,6,1)
       Maximum VN Number     :  0.88E+00 on Mesh 1 at (23,13,13)
       ---------------------------------------------------------------
       Mesh    1
       Max CFL number:  0.80E+00 at (23,14,12)
       Max divergence:  0.18E+02 at (29,36,2)
       Min divergence: -0.70E+01 at (26,15,13)
       Max VN number :  0.88E+00 at (23,13,13)
       Mesh    2
       Max CFL number:  0.80E+00 at (6,6,1)
       Max divergence:  0.52E+01 at (8,4,41)
       Min divergence: -0.75E+01 at (7,4,41)
       Max VN number :  0.18E+00 at (6,6,1)
 
       Time Step    12400   September 24, 2026  09:17:54
       Step Size:  0.276E-02 s, Total Time:   34.39563 s
       Pressure Iterations: 6
       Maximum Velocity Error:  0.70E-02 on Mesh 2 at (6,5,0)
       Maximum Pressure Error:  0.17E+04 on Mesh 2 at (6,4,6)
       Maximum CFL Number    :  0.85E+00 on Mesh 1 at (23,14,12)
       Maximum VN Number     :  0.78E+00 on Mesh 1 at (25,16,13)
       ---------------------------------------------------------------
       Mesh    1
       Max CFL number:  0.85E+00 at (23,14,12)
       Max divergence:  0.21E+02 at (29,33,2)
       Min divergence: -0.68E+01 at (26,16,12)
       Max VN number :  0.78E+00 at (25,16,13)
       Mesh    2
       Max CFL number:  0.81E+00 at (6,5,4)
       Max divergence:  0.61E+01 at (4,8,41)
       Min divergence: -0.65E+01 at (7,4,41)
       Max VN number :  0.18E+00 at (6,5,4)
 
       Time Step    12500   September 24, 2026  09:18:06
       Step Size:  0.287E-02 s, Total Time:   34.67269 s
       Pressure Iterations: 4
       Maximum Velocity Error:  0.86E-02 on Mesh 1 at (23,13,15)
       Maximum Pressure Error:  0.17E+04 on Mesh 2 at (6,4,10)
       Maximum CFL Number    :  0.90E+00 on Mesh 1 at (26,15,12)
       Maximum VN Number     :  0.98E+00 on Mesh 1 at (23,13,13)
       ---------------------------------------------------------------
       Mesh    1
       Max CFL number:  0.90E+00 at (26,15,12)
       Max divergence:  0.20E+02 at (20,33,2)
       Min divergence: -0.68E+01 at (26,16,12)
       Max VN number :  0.98E+00 at (23,13,13)
       Mesh    2
       Max CFL number:  0.81E+00 at (6,5,3)
       Max divergence:  0.53E+01 at (8,4,41)
       Min divergence: -0.58E+01 at (8,8,41)
       Max VN number :  0.18E+00 at (7,7,12)
 
       Time Step    12600   September 24, 2026  09:18:17
       Step Size:  0.249E-02 s, Total Time:   34.94749 s
       Pressure Iterations: 5
       Maximum Velocity Error:  0.11E-01 on Mesh 1 at (25,14,15)
       Maximum Pressure Error:  0.21E+04 on Mesh 2 at (6,4,5)
       Maximum CFL Number    :  0.80E+00 on Mesh 1 at (25,15,12)
       Maximum VN Number     :  0.79E+00 on Mesh 1 at (24,16,13)
       ---------------------------------------------------------------
       Mesh    1
       Max CFL number:  0.80E+00 at (25,15,12)
       Max divergence:  0.19E+02 at (21,33,2)
       Min divergence: -0.55E+01 at (25,15,13)
       Max VN number :  0.79E+00 at (24,16,13)
       Mesh    2
       Max CFL number:  0.67E+00 at (6,5,1)
       Max divergence:  0.57E+01 at (4,5,41)
       Min divergence: -0.58E+01 at (8,8,41)
       Max VN number :  0.18E+00 at (8,7,9)
 
       Time Step    12700   September 24, 2026  09:18:29
       Step Size:  0.295E-02 s, Total Time:   35.23347 s
       Pressure Iterations: 4
       Maximum Velocity Error:  0.45E-02 on Mesh 1 at (25,13,15)
       Maximum Pressure Error:  0.15E+04 on Mesh 2 at (6,8,12)
       Maximum CFL Number    :  0.88E+00 on Mesh 1 at (23,14,12)
       Maximum VN Number     :  0.88E+00 on Mesh 1 at (22,15,13)
       ---------------------------------------------------------------
       Mesh    1
       Max CFL number:  0.88E+00 at (23,14,12)
       Max divergence:  0.18E+02 at (29,33,2)
       Min divergence: -0.55E+01 at (22,15,12)
       Max VN number :  0.88E+00 at (22,15,13)
       Mesh    2
       Max CFL number:  0.80E+00 at (6,6,1)
       Max divergence:  0.69E+01 at (5,5,41)
       Min divergence: -0.72E+01 at (6,4,41)
       Max VN number :  0.27E+00 at (7,8,1)
 
       Time Step    12800   September 24, 2026  09:18:40
       Step Size:  0.295E-02 s, Total Time:   35.52864 s
       Pressure Iterations: 3
       Maximum Velocity Error:  0.12E-01 on Mesh 1 at (25,13,15)
       Maximum Pressure Error:  0.17E+04 on Mesh 2 at (8,5,16)
       Maximum CFL Number    :  0.91E+00 on Mesh 1 at (25,15,12)
       Maximum VN Number     :  0.84E+00 on Mesh 1 at (24,16,13)
       ---------------------------------------------------------------
       Mesh    1
       Max CFL number:  0.91E+00 at (25,15,12)
       Max divergence:  0.18E+02 at (20,33,2)
       Min divergence: -0.57E+01 at (25,17,11)
       Max VN number :  0.84E+00 at (24,16,13)
       Mesh    2
       Max CFL number:  0.80E+00 at (6,5,2)
       Max divergence:  0.63E+01 at (8,6,44)
       Min divergence: -0.50E+01 at (8,8,41)
       Max VN number :  0.18E+00 at (5,7,8)
 
       Time Step    12900   September 24, 2026  09:18:51
       Step Size:  0.231E-02 s, Total Time:   35.81126 s
       Pressure Iterations: 3
       Maximum Velocity Error:  0.11E-01 on Mesh 1 at (25,14,15)
       Maximum Pressure Error:  0.15E+04 on Mesh 2 at (8,5,14)
       Maximum CFL Number    :  0.71E+00 on Mesh 1 at (23,14,12)
       Maximum VN Number     :  0.90E+00 on Mesh 1 at (25,16,13)
       ---------------------------------------------------------------
       Mesh    1
       Max CFL number:  0.71E+00 at (23,14,12)
       Max divergence:  0.17E+02 at (22,33,2)
       Min divergence: -0.52E+01 at (26,16,13)
       Max VN number :  0.90E+00 at (25,16,13)
       Mesh    2
       Max CFL number:  0.63E+00 at (6,5,2)
       Max divergence:  0.68E+01 at (5,5,41)
       Min divergence: -0.64E+01 at (8,8,41)
       Max VN number :  0.15E+00 at (5,6,8)
 
       Time Step    13000   September 24, 2026  09:19:03
       Step Size:  0.280E-02 s, Total Time:   36.08281 s
       Pressure Iterations: 4
       Maximum Velocity Error:  0.11E-01 on Mesh 1 at (23,13,15)
       Maximum Pressure Error:  0.24E+04 on Mesh 2 at (6,9,14)
       Maximum CFL Number    :  0.82E+00 on Mesh 1 at (24,14,15)
       Maximum VN Number     :  0.96E+00 on Mesh 1 at (26,14,13)
       ---------------------------------------------------------------
       Mesh    1
       Max CFL number:  0.82E+00 at (24,14,15)
       Max divergence:  0.17E+02 at (24,33,2)
       Min divergence: -0.36E+01 at (25,16,13)
       Max VN number :  0.96E+00 at (26,14,13)
       Mesh    2
       Max CFL number:  0.78E+00 at (6,6,2)
       Max divergence:  0.45E+01 at (5,4,41)
       Min divergence: -0.67E+01 at (5,5,41)
       Max VN number :  0.18E+00 at (9,6,41)
 
       Time Step    13100   September 24, 2026  09:19:14
       Step Size:  0.251E-02 s, Total Time:   36.35809 s
       Pressure Iterations: 4
       Maximum Velocity Error:  0.70E-02 on Mesh 1 at (24,15,15)
       Maximum Pressure Error:  0.17E+04 on Mesh 2 at (6,4,9)
       Maximum CFL Number    :  0.73E+00 on Mesh 1 at (23,14,12)
       Maximum VN Number     :  0.88E+00 on Mesh 1 at (25,16,13)
       ---------------------------------------------------------------
       Mesh    1
       Max CFL number:  0.73E+00 at (23,14,12)
       Max divergence:  0.16E+02 at (24,33,2)
       Min divergence: -0.62E+01 at (26,16,12)
       Max VN number :  0.88E+00 at (25,16,13)
       Mesh    2
       Max CFL number:  0.66E+00 at (7,6,1)
       Max divergence:  0.55E+01 at (8,4,41)
       Min divergence: -0.72E+01 at (7,4,41)
       Max VN number :  0.19E+00 at (5,7,12)
 
       Time Step    13200   September 24, 2026  09:19:26
       Step Size:  0.289E-02 s, Total Time:   36.62778 s
       Pressure Iterations: 4
       Maximum Velocity Error:  0.11E-01 on Mesh 2 at (8,7,0)
       Maximum Pressure Error:  0.45E+04 on Mesh 2 at (7,4,3)
       Maximum CFL Number    :  0.85E+00 on Mesh 1 at (23,14,12)
       Maximum VN Number     :  0.87E+00 on Mesh 1 at (26,15,13)
       ---------------------------------------------------------------
       Mesh    1
       Max CFL number:  0.85E+00 at (23,14,12)
       Max divergence:  0.17E+02 at (20,37,2)
       Min divergence: -0.57E+01 at (26,16,12)
       Max VN number :  0.87E+00 at (26,15,13)
       Mesh    2
       Max CFL number:  0.84E+00 at (6,5,5)
       Max divergence:  0.55E+01 at (8,4,41)
       Min divergence: -0.65E+01 at (8,8,41)
       Max VN number :  0.20E+00 at (9,6,41)
 
       Time Step    13300   September 24, 2026  09:19:38
       Step Size:  0.292E-02 s, Total Time:   36.90964 s
       Pressure Iterations: 6
       Maximum Velocity Error:  0.89E-02 on Mesh 1 at (24,15,15)
       Maximum Pressure Error:  0.19E+04 on Mesh 2 at (8,5,31)
       Maximum CFL Number    :  0.89E+00 on Mesh 1 at (23,14,12)
       Maximum VN Number     :  0.79E+00 on Mesh 1 at (26,13,10)
       ---------------------------------------------------------------
       Mesh    1
       Max CFL number:  0.89E+00 at (23,14,12)
       Max divergence:  0.16E+02 at (22,33,2)
       Min divergence: -0.29E+01 at (23,14,12)
       Max VN number :  0.79E+00 at (26,13,10)
       Mesh    2
       Max CFL number:  0.82E+00 at (6,5,1)
       Max divergence:  0.66E+01 at (8,4,41)
       Min divergence: -0.70E+01 at (4,7,41)
       Max VN number :  0.20E+00 at (8,7,8)
 
       Time Step    13400   September 24, 2026  09:19:49
       Step Size:  0.303E-02 s, Total Time:   37.19291 s
       Pressure Iterations: 4
       Maximum Velocity Error:  0.12E-01 on Mesh 1 at (24,14,15)
       Maximum Pressure Error:  0.19E+04 on Mesh 2 at (6,4,7)
       Maximum CFL Number    :  0.88E+00 on Mesh 1 at (23,14,12)
       Maximum VN Number     :  0.81E+00 on Mesh 1 at (26,13,13)
       ---------------------------------------------------------------
       Mesh    1
       Max CFL number:  0.88E+00 at (23,14,12)
       Max divergence:  0.16E+02 at (28,33,2)
       Min divergence: -0.41E+01 at (26,16,12)
       Max VN number :  0.81E+00 at (26,13,13)
       Mesh    2
       Max CFL number:  0.87E+00 at (6,6,1)
       Max divergence:  0.38E+01 at (4,5,41)
       Min divergence: -0.55E+01 at (8,5,41)
       Max VN number :  0.19E+00 at (7,7,7)
 
       Time Step    13500   September 24, 2026  09:20:01
       Step Size:  0.274E-02 s, Total Time:   37.46659 s
       Pressure Iterations: 4
       Maximum Velocity Error:  0.12E-01 on Mesh 2 at (6,5,0)
       Maximum Pressure Error:  0.18E+04 on Mesh 2 at (8,6,30)
       Maximum CFL Number    :  0.88E+00 on Mesh 1 at (25,15,12)
       Maximum VN Number     :  0.79E+00 on Mesh 1 at (26,13,13)
       ---------------------------------------------------------------
       Mesh    1
       Max CFL number:  0.88E+00 at (25,15,12)
       Max divergence:  0.18E+02 at (29,36,2)
       Min divergence: -0.51E+01 at (26,15,13)
       Max VN number :  0.79E+00 at (26,13,13)
       Mesh    2
       Max CFL number:  0.84E+00 at (6,6,1)
       Max divergence:  0.61E+01 at (8,4,41)
       Min divergence: -0.86E+01 at (7,4,41)
       Max VN number :  0.17E+00 at (6,9,41)
 
       Time Step    13600   September 24, 2026  09:20:13
       Step Size:  0.281E-02 s, Total Time:   37.73997 s
       Pressure Iterations: 6
       Maximum Velocity Error:  0.80E-02 on Mesh 1 at (25,14,15)
       Maximum Pressure Error:  0.25E+04 on Mesh 2 at (8,4,7)
       Maximum CFL Number    :  0.86E+00 on Mesh 1 at (23,14,12)
       Maximum VN Number     :  0.68E+00 on Mesh 1 at (26,14,13)
       ---------------------------------------------------------------
       Mesh    1
       Max CFL number:  0.86E+00 at (23,14,12)
       Max divergence:  0.17E+02 at (22,33,2)
       Min divergence: -0.71E+01 at (26,15,13)
       Max VN number :  0.68E+00 at (26,14,13)
       Mesh    2
       Max CFL number:  0.79E+00 at (6,6,1)
       Max divergence:  0.45E+01 at (6,3,41)
       Min divergence: -0.82E+01 at (6,4,41)
       Max VN number :  0.19E+00 at (5,7,6)
 
       Time Step    13700   September 24, 2026  09:20:24
       Step Size:  0.252E-02 s, Total Time:   38.00881 s
       Pressure Iterations: 3
       Maximum Velocity Error:  0.11E-01 on Mesh 1 at (25,15,15)
       Maximum Pressure Error:  0.24E+04 on Mesh 2 at (6,4,29)
       Maximum CFL Number    :  0.77E+00 on Mesh 1 at (26,15,12)
       Maximum VN Number     :  0.80E+00 on Mesh 1 at (23,13,13)
       ---------------------------------------------------------------
       Mesh    1
       Max CFL number:  0.77E+00 at (26,15,12)
       Max divergence:  0.19E+02 at (20,37,2)
       Min divergence: -0.66E+01 at (26,16,12)
       Max VN number :  0.80E+00 at (23,13,13)
       Mesh    2
       Max CFL number:  0.71E+00 at (6,5,2)
       Max divergence:  0.45E+01 at (5,4,40)
       Min divergence: -0.60E+01 at (4,6,41)
       Max VN number :  0.16E+00 at (6,4,41)
 
       Time Step    13800   September 24, 2026  09:20:34
       Step Size:  0.277E-02 s, Total Time:   38.28617 s
       Pressure Iterations: 4
       Maximum Velocity Error:  0.97E-02 on Mesh 2 at (6,5,0)
       Maximum Pressure Error:  0.24E+04 on Mesh 2 at (6,4,25)
       Maximum CFL Number    :  0.83E+00 on Mesh 1 at (23,14,12)
       Maximum VN Number     :  0.82E+00 on Mesh 1 at (25,16,13)
       ---------------------------------------------------------------
       Mesh    1
       Max CFL number:  0.83E+00 at (23,14,12)
       Max divergence:  0.21E+02 at (21,33,2)
       Min divergence: -0.38E+01 at (23,14,13)
       Max VN number :  0.82E+00 at (25,16,13)
       Mesh    2
       Max CFL number:  0.79E+00 at (6,5,1)
       Max divergence:  0.56E+01 at (4,8,41)
       Min divergence: -0.67E+01 at (4,7,41)
       Max VN number :  0.17E+00 at (6,7,11)
 
       Time Step    13900   September 24, 2026  09:20:45
       Step Size:  0.270E-02 s, Total Time:   38.55507 s
       Pressure Iterations: 3
       Maximum Velocity Error:  0.11E-01 on Mesh 1 at (23,15,15)
       Maximum Pressure Error:  0.14E+04 on Mesh 2 at (6,8,13)
       Maximum CFL Number    :  0.85E+00 on Mesh 1 at (25,15,12)
       Maximum VN Number     :  0.90E+00 on Mesh 1 at (26,14,13)
       ---------------------------------------------------------------
       Mesh    1
       Max CFL number:  0.85E+00 at (25,15,12)
       Max divergence:  0.17E+02 at (22,33,2)
       Min divergence: -0.43E+01 at (25,16,13)
       Max VN number :  0.90E+00 at (26,14,13)
       Mesh    2
       Max CFL number:  0.73E+00 at (6,5,1)
       Max divergence:  0.49E+01 at (4,8,44)
       Min divergence: -0.70E+01 at (8,8,41)
       Max VN number :  0.24E+00 at (8,7,2)
 
       Time Step    14000   September 24, 2026  09:20:57
       Step Size:  0.287E-02 s, Total Time:   38.83795 s
       Pressure Iterations: 4
       Maximum Velocity Error:  0.11E-01 on Mesh 2 at (7,6,0)
       Maximum Pressure Error:  0.17E+04 on Mesh 2 at (6,4,8)
       Maximum CFL Number    :  0.88E+00 on Mesh 1 at (26,15,12)
       Maximum VN Number     :  0.66E+00 on Mesh 1 at (26,13,10)
       ---------------------------------------------------------------
       Mesh    1
       Max CFL number:  0.88E+00 at (26,15,12)
       Max divergence:  0.19E+02 at (19,36,2)
       Min divergence: -0.39E+01 at (26,13,10)
       Max VN number :  0.66E+00 at (26,13,10)
       Mesh    2
       Max CFL number:  0.77E+00 at (6,5,1)
       Max divergence:  0.49E+01 at (6,4,43)
       Min divergence: -0.69E+01 at (6,4,41)
       Max VN number :  0.19E+00 at (5,7,4)
 
       Time Step    14100   September 24, 2026  09:21:07
       Step Size:  0.276E-02 s, Total Time:   39.10789 s
       Pressure Iterations: 4
       Maximum Velocity Error:  0.87E-02 on Mesh 1 at (25,15,15)
       Maximum Pressure Error:  0.22E+04 on Mesh 2 at (8,5,19)
       Maximum CFL Number    :  0.78E+00 on Mesh 2 at (6,5,1)
       Maximum VN Number     :  0.79E+00 on Mesh 1 at (23,16,13)
       ---------------------------------------------------------------
       Mesh    1
       Max CFL number:  0.77E+00 at (24,13,15)
       Max divergence:  0.19E+02 at (20,33,2)
       Min divergence: -0.70E+01 at (26,13,10)
       Max VN number :  0.79E+00 at (23,16,13)
       Mesh    2
       Max CFL number:  0.78E+00 at (6,5,1)
       Max divergence:  0.56E+01 at (8,5,43)
       Min divergence: -0.73E+01 at (8,5,41)
       Max VN number :  0.17E+00 at (6,5,1)
 
       Time Step    14200   September 24, 2026  09:21:20
       Step Size:  0.264E-02 s, Total Time:   39.36981 s
       Pressure Iterations: 5
       Maximum Velocity Error:  0.11E-01 on Mesh 1 at (23,14,15)
       Maximum Pressure Error:  0.27E+04 on Mesh 2 at (8,5,25)
       Maximum CFL Number    :  0.85E+00 on Mesh 1 at (25,15,12)
       Maximum VN Number     :  0.93E+00 on Mesh 1 at (26,14,13)
       ---------------------------------------------------------------
       Mesh    1
       Max CFL number:  0.85E+00 at (25,15,12)
       Max divergence:  0.22E+02 at (20,37,2)
       Min divergence: -0.70E+01 at (23,14,13)
       Max VN number :  0.93E+00 at (26,14,13)
       Mesh    2
       Max CFL number:  0.75E+00 at (6,6,1)
       Max divergence:  0.61E+01 at (5,5,42)
       Min divergence: -0.63E+01 at (8,5,41)
       Max VN number :  0.20E+00 at (7,7,5)
 
       Time Step    14300   September 24, 2026  09:21:32
       Step Size:  0.259E-02 s, Total Time:   39.63150 s
       Pressure Iterations: 4
       Maximum Velocity Error:  0.92E-02 on Mesh 1 at (25,14,15)
       Maximum Pressure Error:  0.21E+04 on Mesh 2 at (6,4,3)
       Maximum CFL Number    :  0.80E+00 on Mesh 1 at (26,15,12)
       Maximum VN Number     :  0.72E+00 on Mesh 1 at (22,14,13)
       ---------------------------------------------------------------
       Mesh    1
       Max CFL number:  0.80E+00 at (26,15,12)
       Max divergence:  0.17E+02 at (29,37,2)
       Min divergence: -0.55E+01 at (26,16,12)
       Max VN number :  0.72E+00 at (22,14,13)
       Mesh    2
       Max CFL number:  0.77E+00 at (6,5,5)
       Max divergence:  0.58E+01 at (9,6,41)
       Min divergence: -0.81E+01 at (5,5,41)
       Max VN number :  0.20E+00 at (5,7,18)
 
       Time Step    14400   September 24, 2026  09:21:44
       Step Size:  0.283E-02 s, Total Time:   39.89979 s
       Pressure Iterations: 6
       Maximum Velocity Error:  0.61E-02 on Mesh 1 at (24,13,15)
       Maximum Pressure Error:  0.25E+04 on Mesh 2 at (6,4,6)
       Maximum CFL Number    :  0.90E+00 on Mesh 1 at (25,15,12)
       Maximum VN Number     :  0.85E+00 on Mesh 1 at (26,13,13)
       ---------------------------------------------------------------
       Mesh    1
       Max CFL number:  0.90E+00 at (25,15,12)
       Max divergence:  0.21E+02 at (28,33,2)
       Min divergence: -0.39E+01 at (25,15,13)
       Max VN number :  0.85E+00 at (26,13,13)
       Mesh    2
       Max CFL number:  0.84E+00 at (6,5,3)
       Max divergence:  0.49E+01 at (9,6,41)
       Min divergence: -0.61E+01 at (8,8,41)
       Max VN number :  0.33E+00 at (8,8,1)
 
       Time Step    14500   September 24, 2026  09:21:56
       Step Size:  0.275E-02 s, Total Time:   40.17562 s
       Pressure Iterations: 5
       Maximum Velocity Error:  0.84E-02 on Mesh 1 at (25,14,15)
       Maximum Pressure Error:  0.16E+04 on Mesh 2 at (8,5,24)
       Maximum CFL Number    :  0.83E+00 on Mesh 1 at (23,15,12)
       Maximum VN Number     :  0.80E+00 on Mesh 1 at (23,16,13)
       ---------------------------------------------------------------
       Mesh    1
       Max CFL number:  0.83E+00 at (23,15,12)
       Max divergence:  0.17E+02 at (19,37,2)
       Min divergence: -0.67E+01 at (25,16,11)
       Max VN number :  0.80E+00 at (23,16,13)
       Mesh    2
       Max CFL number:  0.79E+00 at (6,5,1)
       Max divergence:  0.52E+01 at (4,8,41)
       Min divergence: -0.78E+01 at (6,4,41)
       Max VN number :  0.18E+00 at (6,4,41)
 
       Time Step    14600   September 24, 2026  09:22:07
       Step Size:  0.282E-02 s, Total Time:   40.45153 s
       Pressure Iterations: 4
       Maximum Velocity Error:  0.94E-02 on Mesh 2 at (7,6,0)
       Maximum Pressure Error:  0.15E+04 on Mesh 2 at (8,6,22)
       Maximum CFL Number    :  0.84E+00 on Mesh 1 at (23,14,12)
       Maximum VN Number     :  0.77E+00 on Mesh 1 at (26,13,13)
       ---------------------------------------------------------------
       Mesh    1
       Max CFL number:  0.84E+00 at (23,14,12)
       Max divergence:  0.17E+02 at (20,36,3)
       Min divergence: -0.55E+01 at (26,16,12)
       Max VN number :  0.77E+00 at (26,13,13)
       Mesh    2
       Max CFL number:  0.77E+00 at (6,6,1)
       Max divergence:  0.58E+01 at (5,5,42)
       Min divergence: -0.61E+01 at (8,5,41)
       Max VN number :  0.22E+00 at (5,7,13)
 
       Time Step    14700   September 24, 2026  09:22:18
       Step Size:  0.282E-02 s, Total Time:   40.73363 s
       Pressure Iterations: 4
       Maximum Velocity Error:  0.11E-01 on Mesh 1 at (24,13,15)
       Maximum Pressure Error:  0.17E+04 on Mesh 2 at (8,5,18)
       Maximum CFL Number    :  0.81E+00 on Mesh 1 at (23,14,12)
       Maximum VN Number     :  0.97E+00 on Mesh 1 at (25,16,13)
       ---------------------------------------------------------------
       Mesh    1
       Max CFL number:  0.81E+00 at (23,14,12)
       Max divergence:  0.16E+02 at (25,33,2)
       Min divergence: -0.52E+01 at (26,16,12)
       Max VN number :  0.97E+00 at (25,16,13)
       Mesh    2
       Max CFL number:  0.79E+00 at (6,5,1)
       Max divergence:  0.49E+01 at (8,4,41)
       Min divergence: -0.64E+01 at (8,8,41)
       Max VN number :  0.17E+00 at (7,7,8)
 
       Time Step    14800   September 24, 2026  09:22:29
       Step Size:  0.281E-02 s, Total Time:   41.00487 s
       Pressure Iterations: 6
       Maximum Velocity Error:  0.91E-02 on Mesh 2 at (6,6,0)
       Maximum Pressure Error:  0.24E+04 on Mesh 2 at (7,4,8)
       Maximum CFL Number    :  0.86E+00 on Mesh 1 at (24,14,14)
       Maximum VN Number     :  0.78E+00 on Mesh 1 at (23,16,13)
       ---------------------------------------------------------------
       Mesh    1
       Max CFL number:  0.86E+00 at (24,14,14)
       Max divergence:  0.19E+02 at (20,36,2)
       Min divergence: -0.49E+01 at (23,14,12)
       Max VN number :  0.78E+00 at (23,16,13)
       Mesh    2
       Max CFL number:  0.79E+00 at (6,6,1)
       Max divergence:  0.61E+01 at (8,4,41)
       Min divergence: -0.63E+01 at (8,5,41)
       Max VN number :  0.21E+00 at (8,7,3)
 
       Time Step    14900   September 24, 2026  09:22:41
       Step Size:  0.245E-02 s, Total Time:   41.27698 s
       Pressure Iterations: 3
       Maximum Velocity Error:  0.11E-01 on Mesh 2 at (7,7,0)
       Maximum Pressure Error:  0.24E+04 on Mesh 2 at (6,4,8)
       Maximum CFL Number    :  0.82E+00 on Mesh 1 at (26,15,12)
       Maximum VN Number     :  0.97E+00 on Mesh 1 at (25,16,13)
       ---------------------------------------------------------------
       Mesh    1
       Max CFL number:  0.82E+00 at (26,15,12)
       Max divergence:  0.17E+02 at (29,36,2)
       Min divergence: -0.60E+01 at (26,14,13)
       Max VN number :  0.97E+00 at (25,16,13)
       Mesh    2
       Max CFL number:  0.68E+00 at (6,5,11)
       Max divergence:  0.45E+01 at (4,5,40)
       Min divergence: -0.57E+01 at (4,7,41)
       Max VN number :  0.15E+00 at (6,7,6)
 
       Time Step    15000   September 24, 2026  09:22:52
       Step Size:  0.285E-02 s, Total Time:   41.54924 s
       Pressure Iterations: 4
       Maximum Velocity Error:  0.82E-02 on Mesh 1 at (25,14,15)
       Maximum Pressure Error:  0.18E+04 on Mesh 2 at (7,4,4)
       Maximum CFL Number    :  0.80E+00 on Mesh 2 at (6,5,2)
       Maximum VN Number     :  0.93E+00 on Mesh 1 at (23,16,13)
       ---------------------------------------------------------------
       Mesh    1
       Max CFL number:  0.80E+00 at (23,15,12)
       Max divergence:  0.19E+02 at (29,35,2)
       Min divergence: -0.58E+01 at (26,16,13)
       Max VN number :  0.93E+00 at (23,16,13)
       Mesh    2
       Max CFL number:  0.80E+00 at (6,5,2)
       Max divergence:  0.65E+01 at (5,5,41)
       Min divergence: -0.10E+02 at (6,4,41)
       Max VN number :  0.17E+00 at (6,5,4)
 
       Time Step    15100   September 24, 2026  09:23:03
       Step Size:  0.259E-02 s, Total Time:   41.81456 s
       Pressure Iterations: 3
       Maximum Velocity Error:  0.11E-01 on Mesh 2 at (6,6,0)
       Maximum Pressure Error:  0.20E+04 on Mesh 2 at (9,6,15)
       Maximum CFL Number    :  0.76E+00 on Mesh 1 at (23,14,12)
       Maximum VN Number     :  0.85E+00 on Mesh 1 at (26,13,13)
       ---------------------------------------------------------------
       Mesh    1
       Max CFL number:  0.76E+00 at (23,14,12)
       Max divergence:  0.17E+02 at (29,33,2)
       Min divergence: -0.60E+01 at (26,16,12)
       Max VN number :  0.85E+00 at (26,13,13)
       Mesh    2
       Max CFL number:  0.71E+00 at (6,5,2)
       Max divergence:  0.86E+01 at (5,5,41)
       Min divergence: -0.80E+01 at (4,6,41)
       Max VN number :  0.16E+00 at (6,4,41)
 
       Time Step    15200   September 24, 2026  09:23:14
       Step Size:  0.309E-02 s, Total Time:   42.09638 s
       Pressure Iterations: 4
       Maximum Velocity Error:  0.66E-02 on Mesh 1 at (24,14,15)
       Maximum Pressure Error:  0.28E+04 on Mesh 2 at (8,5,15)
       Maximum CFL Number    :  0.92E+00 on Mesh 1 at (23,14,12)
       Maximum VN Number     :  0.91E+00 on Mesh 1 at (25,16,13)
       ---------------------------------------------------------------
       Mesh    1
       Max CFL number:  0.92E+00 at (23,14,12)
       Max divergence:  0.17E+02 at (23,33,2)
       Min divergence: -0.44E+01 at (26,13,10)
       Max VN number :  0.91E+00 at (25,16,13)
       Mesh    2
       Max CFL number:  0.86E+00 at (6,5,1)
       Max divergence:  0.63E+01 at (8,4,41)
       Min divergence: -0.73E+01 at (8,5,41)
       Max VN number :  0.20E+00 at (8,8,3)
 
       Time Step    15300   September 24, 2026  09:23:25
       Step Size:  0.291E-02 s, Total Time:   42.36947 s
       Pressure Iterations: 5
       Maximum Velocity Error:  0.88E-02 on Mesh 1 at (25,14,15)
       Maximum Pressure Error:  0.21E+04 on Mesh 2 at (6,4,6)
       Maximum CFL Number    :  0.91E+00 on Mesh 1 at (23,14,12)
       Maximum VN Number     :  0.80E+00 on Mesh 1 at (24,16,13)
       ---------------------------------------------------------------
       Mesh    1
       Max CFL number:  0.91E+00 at (23,14,12)
       Max divergence:  0.16E+02 at (22,33,2)
       Min divergence: -0.65E+01 at (26,16,12)
       Max VN number :  0.80E+00 at (24,16,13)
       Mesh    2
       Max CFL number:  0.86E+00 at (6,5,4)
       Max divergence:  0.46E+01 at (8,4,40)
       Min divergence: -0.60E+01 at (8,8,41)
       Max VN number :  0.19E+00 at (7,7,5)
 
       Time Step    15400   September 24, 2026  09:23:37
       Step Size:  0.246E-02 s, Total Time:   42.64406 s
       Pressure Iterations: 4
       Maximum Velocity Error:  0.97E-02 on Mesh 1 at (25,14,15)
       Maximum Pressure Error:  0.14E+04 on Mesh 2 at (6,4,7)
       Maximum CFL Number    :  0.74E+00 on Mesh 1 at (23,14,12)
       Maximum VN Number     :  0.75E+00 on Mesh 1 at (25,16,13)
       ---------------------------------------------------------------
       Mesh    1
       Max CFL number:  0.74E+00 at (23,14,12)
       Max divergence:  0.21E+02 at (20,37,2)
       Min divergence: -0.62E+01 at (26,15,12)
       Max VN number :  0.75E+00 at (25,16,13)
       Mesh    2
       Max CFL number:  0.69E+00 at (6,5,3)
       Max divergence:  0.48E+01 at (8,4,41)
       Min divergence: -0.57E+01 at (8,5,41)
       Max VN number :  0.15E+00 at (6,8,17)
 
       Time Step    15500   September 24, 2026  09:23:48
       Step Size:  0.244E-02 s, Total Time:   42.91102 s
       Pressure Iterations: 4
       Maximum Velocity Error:  0.44E-02 on Mesh 1 at (25,14,15)
       Maximum Pressure Error:  0.15E+04 on Mesh 2 at (7,4,6)
       Maximum CFL Number    :  0.78E+00 on Mesh 1 at (25,15,12)
       Maximum VN Number     :  0.94E+00 on Mesh 1 at (25,16,13)
       ---------------------------------------------------------------
       Mesh    1
       Max CFL number:  0.78E+00 at (25,15,12)
       Max divergence:  0.18E+02 at (29,37,2)
       Min divergence: -0.64E+01 at (26,16,12)
       Max VN number :  0.94E+00 at (25,16,13)
       Mesh    2
       Max CFL number:  0.67E+00 at (6,5,6)
       Max divergence:  0.53E+01 at (4,5,42)
       Min divergence: -0.65E+01 at (7,4,41)
       Max VN number :  0.15E+00 at (6,8,40)
 
       Time Step    15600   September 24, 2026  09:24:00
       Step Size:  0.291E-02 s, Total Time:   43.19270 s
       Pressure Iterations: 5
       Maximum Velocity Error:  0.67E-02 on Mesh 1 at (24,12,15)
       Maximum Pressure Error:  0.15E+04 on Mesh 2 at (7,4,13)
       Maximum CFL Number    :  0.87E+00 on Mesh 1 at (23,14,12)
       Maximum VN Number     :  0.80E+00 on Mesh 1 at (25,16,13)
       ---------------------------------------------------------------
       Mesh    1
       Max CFL number:  0.87E+00 at (23,14,12)
       Max divergence:  0.16E+02 at (26,33,2)
       Min divergence: -0.70E+01 at (26,16,13)
       Max VN number :  0.80E+00 at (25,16,13)
       Mesh    2
       Max CFL number:  0.81E+00 at (6,6,1)
       Max divergence:  0.51E+01 at (5,5,41)
       Min divergence: -0.69E+01 at (4,6,41)
       Max VN number :  0.18E+00 at (6,7,8)
 
       Time Step    15700   September 24, 2026  09:24:10
       Step Size:  0.261E-02 s, Total Time:   43.46167 s
       Pressure Iterations: 4
       Maximum Velocity Error:  0.99E-02 on Mesh 1 at (25,14,15)
       Maximum Pressure Error:  0.24E+04 on Mesh 2 at (6,4,27)
       Maximum CFL Number    :  0.80E+00 on Mesh 1 at (26,15,12)
       Maximum VN Number     :  0.93E+00 on Mesh 1 at (25,16,13)
       ---------------------------------------------------------------
       Mesh    1
       Max CFL number:  0.80E+00 at (26,15,12)
       Max divergence:  0.16E+02 at (21,33,2)
       Min divergence: -0.56E+01 at (26,16,13)
       Max VN number :  0.93E+00 at (25,16,13)
       Mesh    2
       Max CFL number:  0.73E+00 at (6,5,1)
       Max divergence:  0.41E+01 at (8,4,41)
       Min divergence: -0.73E+01 at (4,6,41)
       Max VN number :  0.29E+00 at (8,7,3)
 
       Time Step    15800   September 24, 2026  09:24:20
       Step Size:  0.278E-02 s, Total Time:   43.73254 s
       Pressure Iterations: 3
       Maximum Velocity Error:  0.11E-01 on Mesh 1 at (24,12,15)
       Maximum Pressure Error:  0.19E+04 on Mesh 2 at (6,4,18)
       Maximum CFL Number    :  0.85E+00 on Mesh 1 at (23,15,12)
       Maximum VN Number     :  0.90E+00 on Mesh 1 at (25,16,13)
       ---------------------------------------------------------------
       Mesh    1
       Max CFL number:  0.85E+00 at (23,15,12)
       Max divergence:  0.16E+02 at (26,33,2)
       Min divergence: -0.47E+01 at (26,16,13)
       Max VN number :  0.90E+00 at (25,16,13)
       Mesh    2
       Max CFL number:  0.77E+00 at (6,6,1)
       Max divergence:  0.66E+01 at (5,5,42)
       Min divergence: -0.56E+01 at (5,5,41)
       Max VN number :  0.17E+00 at (9,6,41)
 
       Time Step    15900   September 24, 2026  09:24:31
       Step Size:  0.282E-02 s, Total Time:   44.00673 s
       Pressure Iterations: 3
       Maximum Velocity Error:  0.10E-01 on Mesh 2 at (4,5,23)
       Maximum Pressure Error:  0.18E+04 on Mesh 2 at (5,4,23)
       Maximum CFL Number    :  0.87E+00 on Mesh 1 at (23,14,12)
       Maximum VN Number     :  0.81E+00 on Mesh 1 at (26,15,13)
       ---------------------------------------------------------------
       Mesh    1
       Max CFL number:  0.87E+00 at (23,14,12)
       Max divergence:  0.16E+02 at (27,33,2)
       Min divergence: -0.71E+01 at (26,16,12)
       Max VN number :  0.81E+00 at (26,15,13)
       Mesh    2
       Max CFL number:  0.79E+00 at (6,5,3)
       Max divergence:  0.62E+01 at (8,4,41)
       Min divergence: -0.64E+01 at (8,8,41)
       Max VN number :  0.20E+00 at (8,7,12)
 
       Time Step    16000   September 24, 2026  09:24:42
       Step Size:  0.267E-02 s, Total Time:   44.27467 s
       Pressure Iterations: 4
       Maximum Velocity Error:  0.11E-01 on Mesh 1 at (25,14,15)
       Maximum Pressure Error:  0.18E+04 on Mesh 2 at (6,4,7)
       Maximum CFL Number    :  0.82E+00 on Mesh 1 at (23,14,12)
       Maximum VN Number     :  0.61E+00 on Mesh 1 at (27,13,10)
       ---------------------------------------------------------------
       Mesh    1
       Max CFL number:  0.82E+00 at (23,14,12)
       Max divergence:  0.17E+02 at (29,35,3)
       Min divergence: -0.73E+01 at (26,16,12)
       Max VN number :  0.61E+00 at (27,13,10)
       Mesh    2
       Max CFL number:  0.73E+00 at (6,5,2)
       Max divergence:  0.49E+01 at (5,5,40)
       Min divergence: -0.50E+01 at (7,4,41)
       Max VN number :  0.18E+00 at (6,7,8)
 
       Time Step    16100   September 24, 2026  09:24:53
       Step Size:  0.272E-02 s, Total Time:   44.53703 s
       Pressure Iterations: 4
       Maximum Velocity Error:  0.84E-02 on Mesh 1 at (24,13,15)
       Maximum Pressure Error:  0.16E+04 on Mesh 2 at (6,4,24)
       Maximum CFL Number    :  0.82E+00 on Mesh 1 at (25,15,12)
       Maximum VN Number     :  0.87E+00 on Mesh 1 at (25,16,13)
       ---------------------------------------------------------------
       Mesh    1
       Max CFL number:  0.82E+00 at (25,15,12)
       Max divergence:  0.17E+02 at (23,33,2)
       Min divergence: -0.62E+01 at (26,16,12)
       Max VN number :  0.87E+00 at (25,16,13)
       Mesh    2
       Max CFL number:  0.75E+00 at (6,6,1)
       Max divergence:  0.53E+01 at (8,4,41)
       Min divergence: -0.71E+01 at (6,4,41)
       Max VN number :  0.29E+00 at (8,6,8)
 
       Time Step    16200   September 24, 2026  09:25:04
       Step Size:  0.291E-02 s, Total Time:   44.80486 s
       Pressure Iterations: 4
       Maximum Velocity Error:  0.97E-02 on Mesh 1 at (26,14,15)
       Maximum Pressure Error:  0.18E+04 on Mesh 2 at (6,4,8)
       Maximum CFL Number    :  0.88E+00 on Mesh 1 at (25,15,12)
       Maximum VN Number     :  0.93E+00 on Mesh 1 at (25,16,13)
       ---------------------------------------------------------------
       Mesh    1
       Max CFL number:  0.88E+00 at (25,15,12)
       Max divergence:  0.16E+02 at (25,33,2)
       Min divergence: -0.51E+01 at (26,16,13)
       Max VN number :  0.93E+00 at (25,16,13)
       Mesh    2
       Max CFL number:  0.79E+00 at (6,5,1)
       Max divergence:  0.44E+01 at (5,5,41)
       Min divergence: -0.71E+01 at (4,6,41)
       Max VN number :  0.19E+00 at (8,7,6)
 
       Time Step    16300   September 24, 2026  09:25:15
       Step Size:  0.291E-02 s, Total Time:   45.07741 s
       Pressure Iterations: 5
       Maximum Velocity Error:  0.11E-01 on Mesh 2 at (5,6,0)
       Maximum Pressure Error:  0.23E+04 on Mesh 1 at (23,13,13)
       Maximum CFL Number    :  0.96E+00 on Mesh 1 at (23,14,12)
       Maximum VN Number     :  0.99E+00 on Mesh 1 at (25,16,13)
       ---------------------------------------------------------------
       Mesh    1
       Max CFL number:  0.96E+00 at (23,14,12)
       Max divergence:  0.16E+02 at (24,33,2)
       Min divergence: -0.60E+01 at (26,15,12)
       Max VN number :  0.99E+00 at (25,16,13)
       Mesh    2
       Max CFL number:  0.81E+00 at (6,6,1)
       Max divergence:  0.71E+01 at (5,5,42)
       Min divergence: -0.59E+01 at (8,8,41)
       Max VN number :  0.19E+00 at (5,6,1)
 
       Time Step    16400   September 24, 2026  09:25:26
       Step Size:  0.261E-02 s, Total Time:   45.34372 s
       Pressure Iterations: 6
       Maximum Velocity Error:  0.70E-02 on Mesh 1 at (24,14,15)
       Maximum Pressure Error:  0.23E+04 on Mesh 2 at (6,4,4)
       Maximum CFL Number    :  0.81E+00 on Mesh 1 at (23,15,12)
       Maximum VN Number     :  0.89E+00 on Mesh 1 at (25,16,13)
       ---------------------------------------------------------------
       Mesh    1
       Max CFL number:  0.81E+00 at (23,15,12)
       Max divergence:  0.20E+02 at (21,33,2)
       Min divergence: -0.64E+01 at (26,16,12)
       Max VN number :  0.89E+00 at (25,16,13)
       Mesh    2
       Max CFL number:  0.75E+00 at (6,5,1)
       Max divergence:  0.47E+01 at (9,6,41)
       Min divergence: -0.56E+01 at (8,8,41)
       Max VN number :  0.17E+00 at (7,8,14)
 
       Time Step    16500   September 24, 2026  09:25:38
       Step Size:  0.276E-02 s, Total Time:   45.61235 s
       Pressure Iterations: 6
       Maximum Velocity Error:  0.64E-02 on Mesh 1 at (25,14,15)
       Maximum Pressure Error:  0.31E+04 on Mesh 2 at (9,6,23)
       Maximum CFL Number    :  0.89E+00 on Mesh 1 at (23,14,12)
       Maximum VN Number     :  0.74E+00 on Mesh 1 at (25,16,13)
       ---------------------------------------------------------------
       Mesh    1
       Max CFL number:  0.89E+00 at (23,14,12)
       Max divergence:  0.16E+02 at (29,32,2)
       Min divergence: -0.59E+01 at (26,15,12)
       Max VN number :  0.74E+00 at (25,16,13)
       Mesh    2
       Max CFL number:  0.79E+00 at (7,6,1)
       Max divergence:  0.72E+01 at (5,5,43)
       Min divergence: -0.69E+01 at (5,5,41)
       Max VN number :  0.19E+00 at (8,6,1)
 
       Time Step    16600   September 24, 2026  09:25:50
       Step Size:  0.277E-02 s, Total Time:   45.87826 s
       Pressure Iterations: 5
       Maximum Velocity Error:  0.11E-01 on Mesh 1 at (23,13,15)
       Maximum Pressure Error:  0.20E+04 on Mesh 2 at (6,4,5)
       Maximum CFL Number    :  0.87E+00 on Mesh 1 at (26,15,12)
       Maximum VN Number     :  0.94E+00 on Mesh 1 at (25,16,13)
       ---------------------------------------------------------------
       Mesh    1
       Max CFL number:  0.87E+00 at (26,15,12)
       Max divergence:  0.19E+02 at (19,36,2)
       Min divergence: -0.58E+01 at (26,15,12)
       Max VN number :  0.94E+00 at (25,16,13)
       Mesh    2
       Max CFL number:  0.81E+00 at (6,5,3)
       Max divergence:  0.45E+01 at (5,5,40)
       Min divergence: -0.54E+01 at (8,7,41)
       Max VN number :  0.16E+00 at (6,5,2)
 
       Time Step    16700   September 24, 2026  09:26:01
       Step Size:  0.267E-02 s, Total Time:   46.14568 s
       Pressure Iterations: 5
       Maximum Velocity Error:  0.12E-01 on Mesh 1 at (25,14,15)
       Maximum Pressure Error:  0.20E+04 on Mesh 2 at (6,4,3)
       Maximum CFL Number    :  0.84E+00 on Mesh 1 at (23,14,12)
       Maximum VN Number     :  0.79E+00 on Mesh 1 at (22,14,13)
       ---------------------------------------------------------------
       Mesh    1
       Max CFL number:  0.84E+00 at (23,14,12)
       Max divergence:  0.22E+02 at (21,33,2)
       Min divergence: -0.60E+01 at (23,16,12)
       Max VN number :  0.79E+00 at (22,14,13)
       Mesh    2
       Max CFL number:  0.77E+00 at (6,6,2)
       Max divergence:  0.53E+01 at (4,8,41)
       Min divergence: -0.60E+01 at (7,4,42)
       Max VN number :  0.20E+00 at (5,7,5)
 
       Time Step    16800   September 24, 2026  09:26:12
       Step Size:  0.277E-02 s, Total Time:   46.42162 s
       Pressure Iterations: 4
       Maximum Velocity Error:  0.11E-01 on Mesh 1 at (24,13,15)
       Maximum Pressure Error:  0.22E+04 on Mesh 2 at (6,4,7)
       Maximum CFL Number    :  0.88E+00 on Mesh 1 at (25,15,12)
       Maximum VN Number     :  0.78E+00 on Mesh 1 at (26,14,13)
       ---------------------------------------------------------------
       Mesh    1
       Max CFL number:  0.88E+00 at (25,15,12)
       Max divergence:  0.18E+02 at (29,37,2)
       Min divergence: -0.62E+01 at (25,16,13)
       Max VN number :  0.78E+00 at (26,14,13)
       Mesh    2
       Max CFL number:  0.77E+00 at (6,5,5)
       Max divergence:  0.53E+01 at (4,8,43)
       Min divergence: -0.73E+01 at (5,5,41)
       Max VN number :  0.19E+00 at (7,7,3)
 
       Time Step    16900   September 24, 2026  09:26:23
       Step Size:  0.272E-02 s, Total Time:   46.70398 s
       Pressure Iterations: 3
       Maximum Velocity Error:  0.73E-02 on Mesh 1 at (25,12,15)
       Maximum Pressure Error:  0.15E+04 on Mesh 2 at (7,4,6)
       Maximum CFL Number    :  0.77E+00 on Mesh 1 at (23,15,12)
       Maximum VN Number     :  0.85E+00 on Mesh 1 at (26,13,13)
       ---------------------------------------------------------------
       Mesh    1
       Max CFL number:  0.77E+00 at (23,15,12)
       Max divergence:  0.17E+02 at (21,33,2)
       Min divergence: -0.68E+01 at (26,16,12)
       Max VN number :  0.85E+00 at (26,13,13)
       Mesh    2
       Max CFL number:  0.72E+00 at (6,5,7)
       Max divergence:  0.55E+01 at (8,4,41)
       Min divergence: -0.57E+01 at (6,4,41)
       Max VN number :  0.18E+00 at (5,5,43)
 
       Time Step    17000   September 24, 2026  09:26:34
       Step Size:  0.287E-02 s, Total Time:   46.99181 s
       Pressure Iterations: 5
       Maximum Velocity Error:  0.12E-01 on Mesh 1 at (24,12,15)
       Maximum Pressure Error:  0.21E+04 on Mesh 2 at (6,4,5)
       Maximum CFL Number    :  0.86E+00 on Mesh 1 at (23,15,12)
       Maximum VN Number     :  0.84E+00 on Mesh 1 at (24,16,13)
       ---------------------------------------------------------------
       Mesh    1
       Max CFL number:  0.86E+00 at (23,15,12)
       Max divergence:  0.17E+02 at (19,34,2)
       Min divergence: -0.48E+01 at (26,15,12)
       Max VN number :  0.84E+00 at (24,16,13)
       Mesh    2
       Max CFL number:  0.81E+00 at (5,5,16)
       Max divergence:  0.66E+01 at (5,5,42)
       Min divergence: -0.71E+01 at (5,5,41)
       Max VN number :  0.19E+00 at (5,5,43)
 
       Time Step    17100   September 24, 2026  09:26:46
       Step Size:  0.256E-02 s, Total Time:   47.26825 s
       Pressure Iterations: 4
       Maximum Velocity Error:  0.78E-02 on Mesh 2 at (7,8,0)
       Maximum Pressure Error:  0.15E+04 on Mesh 2 at (7,4,5)
       Maximum CFL Number    :  0.78E+00 on Mesh 1 at (26,15,12)
       Maximum VN Number     :  0.92E+00 on Mesh 1 at (25,16,13)
       ---------------------------------------------------------------
       Mesh    1
       Max CFL number:  0.78E+00 at (26,15,12)
       Max divergence:  0.17E+02 at (22,33,2)
       Min divergence: -0.46E+01 at (26,16,13)
       Max VN number :  0.92E+00 at (25,16,13)
       Mesh    2
       Max CFL number:  0.71E+00 at (5,6,13)
       Max divergence:  0.65E+01 at (4,8,41)
       Min divergence: -0.52E+01 at (5,5,41)
       Max VN number :  0.20E+00 at (5,6,13)
 
       Time Step    17200   September 24, 2026  09:26:57
       Step Size:  0.275E-02 s, Total Time:   47.53313 s
       Pressure Iterations: 4
       Maximum Velocity Error:  0.12E-01 on Mesh 1 at (25,13,15)
       Maximum Pressure Error:  0.18E+04 on Mesh 2 at (7,4,4)
       Maximum CFL Number    :  0.78E+00 on Mesh 1 at (23,14,12)
       Maximum VN Number     :  0.85E+00 on Mesh 1 at (26,13,10)
       ---------------------------------------------------------------
       Mesh    1
       Max CFL number:  0.78E+00 at (23,14,12)
       Max divergence:  0.18E+02 at (23,36,3)
       Min divergence: -0.38E+01 at (26,13,10)
       Max VN number :  0.85E+00 at (26,13,10)
       Mesh    2
       Max CFL number:  0.76E+00 at (6,5,4)
       Max divergence:  0.63E+01 at (5,5,40)
       Min divergence: -0.58E+01 at (4,7,41)
       Max VN number :  0.19E+00 at (5,7,3)
 
       Time Step    17300   September 24, 2026  09:27:07
       Step Size:  0.261E-02 s, Total Time:   47.82274 s
       Pressure Iterations: 4
       Maximum Velocity Error:  0.58E-02 on Mesh 2 at (6,4,0)
       Maximum Pressure Error:  0.17E+04 on Mesh 2 at (6,4,8)
       Maximum CFL Number    :  0.80E+00 on Mesh 1 at (25,15,12)
       Maximum VN Number     :  0.90E+00 on Mesh 1 at (25,16,13)
       ---------------------------------------------------------------
       Mesh    1
       Max CFL number:  0.80E+00 at (25,15,12)
       Max divergence:  0.18E+02 at (19,35,2)
       Min divergence: -0.78E+01 at (25,16,12)
       Max VN number :  0.90E+00 at (25,16,13)
       Mesh    2
       Max CFL number:  0.72E+00 at (6,5,1)
       Max divergence:  0.57E+01 at (8,4,41)
       Min divergence: -0.79E+01 at (4,6,41)
       Max VN number :  0.23E+00 at (8,8,4)
 
       Time Step    17400   September 24, 2026  09:27:18
       Step Size:  0.278E-02 s, Total Time:   48.09197 s
       Pressure Iterations: 4
       Maximum Velocity Error:  0.94E-02 on Mesh 1 at (23,13,15)
       Maximum Pressure Error:  0.19E+04 on Mesh 2 at (8,5,10)
       Maximum CFL Number    :  0.86E+00 on Mesh 1 at (23,14,12)
       Maximum VN Number     :  0.76E+00 on Mesh 1 at (26,13,13)
       ---------------------------------------------------------------
       Mesh    1
       Max CFL number:  0.86E+00 at (23,14,12)
       Max divergence:  0.17E+02 at (19,32,2)
       Min divergence: -0.32E+01 at (26,16,12)
       Max VN number :  0.76E+00 at (26,13,13)
       Mesh    2
       Max CFL number:  0.80E+00 at (6,5,5)
       Max divergence:  0.54E+01 at (5,4,40)
       Min divergence: -0.78E+01 at (8,5,41)
       Max VN number :  0.19E+00 at (6,9,41)
 
       Time Step    17500   September 24, 2026  09:27:29
       Step Size:  0.284E-02 s, Total Time:   48.36879 s
       Pressure Iterations: 4
       Maximum Velocity Error:  0.84E-02 on Mesh 1 at (24,14,15)
       Maximum Pressure Error:  0.15E+04 on Mesh 2 at (5,4,24)
       Maximum CFL Number    :  0.86E+00 on Mesh 1 at (23,14,12)
       Maximum VN Number     :  0.76E+00 on Mesh 1 at (26,13,10)
       ---------------------------------------------------------------
       Mesh    1
       Max CFL number:  0.86E+00 at (23,14,12)
       Max divergence:  0.19E+02 at (20,36,2)
       Min divergence: -0.71E+01 at (26,16,12)
       Max VN number :  0.76E+00 at (26,13,10)
       Mesh    2
       Max CFL number:  0.81E+00 at (6,5,4)
       Max divergence:  0.56E+01 at (4,5,40)
       Min divergence: -0.53E+01 at (5,5,42)
       Max VN number :  0.18E+00 at (5,5,41)
 
       Time Step    17600   September 24, 2026  09:27:41
       Step Size:  0.268E-02 s, Total Time:   48.63425 s
       Pressure Iterations: 4
       Maximum Velocity Error:  0.99E-02 on Mesh 2 at (6,5,0)
       Maximum Pressure Error:  0.17E+04 on Mesh 2 at (5,5,39)
       Maximum CFL Number    :  0.85E+00 on Mesh 1 at (26,15,12)
       Maximum VN Number     :  0.81E+00 on Mesh 1 at (24,16,13)
       ---------------------------------------------------------------
       Mesh    1
       Max CFL number:  0.85E+00 at (26,15,12)
       Max divergence:  0.18E+02 at (19,35,2)
       Min divergence: -0.50E+01 at (25,15,13)
       Max VN number :  0.81E+00 at (24,16,13)
       Mesh    2
       Max CFL number:  0.76E+00 at (6,5,1)
       Max divergence:  0.51E+01 at (4,8,41)
       Min divergence: -0.66E+01 at (8,8,41)
       Max VN number :  0.17E+00 at (7,7,6)
 
       Time Step    17700   September 24, 2026  09:27:52
       Step Size:  0.267E-02 s, Total Time:   48.89936 s
       Pressure Iterations: 3
       Maximum Velocity Error:  0.90E-02 on Mesh 1 at (25,13,15)
       Maximum Pressure Error:  0.19E+04 on Mesh 2 at (6,4,12)
       Maximum CFL Number    :  0.85E+00 on Mesh 1 at (26,15,12)
       Maximum VN Number     :  0.85E+00 on Mesh 1 at (25,16,13)
       ---------------------------------------------------------------
       Mesh    1
       Max CFL number:  0.85E+00 at (26,15,12)
       Max divergence:  0.17E+02 at (19,33,2)
       Min divergence: -0.58E+01 at (25,16,11)
       Max VN number :  0.85E+00 at (25,16,13)
       Mesh    2
       Max CFL number:  0.74E+00 at (6,5,8)
       Max divergence:  0.69E+01 at (4,8,42)
       Min divergence: -0.73E+01 at (7,4,41)
       Max VN number :  0.18E+00 at (6,7,7)
 
       Time Step    17800   September 24, 2026  09:28:03
       Step Size:  0.275E-02 s, Total Time:   49.16989 s
       Pressure Iterations: 4
       Maximum Velocity Error:  0.78E-02 on Mesh 1 at (25,14,15)
       Maximum Pressure Error:  0.21E+04 on Mesh 2 at (7,4,16)
       Maximum CFL Number    :  0.89E+00 on Mesh 1 at (23,14,12)
       Maximum VN Number     :  0.80E+00 on Mesh 1 at (25,16,13)
       ---------------------------------------------------------------
       Mesh    1
       Max CFL number:  0.89E+00 at (23,14,12)
       Max divergence:  0.17E+02 at (27,33,2)
       Min divergence: -0.45E+01 at (26,16,12)
       Max VN number :  0.80E+00 at (25,16,13)
       Mesh    2
       Max CFL number:  0.78E+00 at (6,5,3)
       Max divergence:  0.50E+01 at (6,9,41)
       Min divergence: -0.60E+01 at (8,5,41)
       Max VN number :  0.18E+00 at (6,8,40)
 
       Time Step    17900   September 24, 2026  09:28:13
       Step Size:  0.290E-02 s, Total Time:   49.44342 s
       Pressure Iterations: 4
       Maximum Velocity Error:  0.94E-02 on Mesh 1 at (25,14,15)
       Maximum Pressure Error:  0.15E+04 on Mesh 2 at (5,4,28)
       Maximum CFL Number    :  0.91E+00 on Mesh 1 at (25,15,12)
       Maximum VN Number     :  0.82E+00 on Mesh 1 at (26,13,13)
       ---------------------------------------------------------------
       Mesh    1
       Max CFL number:  0.91E+00 at (25,15,12)
       Max divergence:  0.18E+02 at (29,36,2)
       Min divergence: -0.93E+01 at (26,15,13)
       Max VN number :  0.82E+00 at (26,13,13)
       Mesh    2
       Max CFL number:  0.82E+00 at (6,5,1)
       Max divergence:  0.60E+01 at (5,5,43)
       Min divergence: -0.71E+01 at (5,5,41)
       Max VN number :  0.18E+00 at (6,7,14)
 
       Time Step    18000   September 24, 2026  09:28:24
       Step Size:  0.275E-02 s, Total Time:   49.71841 s
       Pressure Iterations: 4
       Maximum Velocity Error:  0.87E-02 on Mesh 1 at (25,15,15)
       Maximum Pressure Error:  0.13E+04 on Mesh 2 at (6,4,9)
       Maximum CFL Number    :  0.84E+00 on Mesh 1 at (25,15,12)
       Maximum VN Number     :  0.92E+00 on Mesh 1 at (25,16,13)
       ---------------------------------------------------------------
       Mesh    1
       Max CFL number:  0.84E+00 at (25,15,12)
       Max divergence:  0.17E+02 at (28,37,2)
       Min divergence: -0.67E+01 at (26,16,13)
       Max VN number :  0.92E+00 at (25,16,13)
       Mesh    2
       Max CFL number:  0.75E+00 at (6,6,2)
       Max divergence:  0.65E+01 at (5,5,40)
       Min divergence: -0.66E+01 at (7,4,41)
       Max VN number :  0.39E+00 at (8,7,6)
 
       Time Step    18100   September 24, 2026  09:28:35
       Step Size:  0.275E-02 s, Total Time:   49.97819 s
       Pressure Iterations: 4
       Maximum Velocity Error:  0.10E-01 on Mesh 1 at (25,15,15)
       Maximum Pressure Error:  0.24E+04 on Mesh 2 at (6,4,6)
       Maximum CFL Number    :  0.86E+00 on Mesh 1 at (23,14,12)
       Maximum VN Number     :  0.84E+00 on Mesh 1 at (26,14,13)
       ---------------------------------------------------------------
       Mesh    1
       Max CFL number:  0.86E+00 at (23,14,12)
       Max divergence:  0.16E+02 at (23,33,2)
       Min divergence: -0.33E+01 at (22,15,12)
       Max VN number :  0.84E+00 at (26,14,13)
       Mesh    2
       Max CFL number:  0.79E+00 at (6,6,1)
       Max divergence:  0.46E+01 at (5,5,43)
       Min divergence: -0.73E+01 at (8,8,41)
       Max VN number :  0.20E+00 at (8,7,13)
 
       Time Step    18200   September 24, 2026  09:28:47
       Step Size:  0.246E-02 s, Total Time:   50.25110 s
       Pressure Iterations: 4
       Maximum Velocity Error:  0.72E-02 on Mesh 1 at (25,14,15)
       Maximum Pressure Error:  0.14E+04 on Mesh 2 at (8,5,14)
       Maximum CFL Number    :  0.71E+00 on Mesh 1 at (23,15,12)
       Maximum VN Number     :  0.80E+00 on Mesh 1 at (25,16,13)
       ---------------------------------------------------------------
       Mesh    1
       Max CFL number:  0.71E+00 at (23,15,12)
       Max divergence:  0.17E+02 at (19,34,2)
       Min divergence: -0.52E+01 at (25,16,13)
       Max VN number :  0.80E+00 at (25,16,13)
       Mesh    2
       Max CFL number:  0.70E+00 at (6,5,3)
       Max divergence:  0.51E+01 at (8,6,44)
       Min divergence: -0.66E+01 at (6,4,41)
       Max VN number :  0.17E+00 at (7,8,14)
 
       Time Step    18300   September 24, 2026  09:28:58
       Step Size:  0.254E-02 s, Total Time:   50.53264 s
       Pressure Iterations: 4
       Maximum Velocity Error:  0.99E-02 on Mesh 1 at (24,12,15)
       Maximum Pressure Error:  0.16E+04 on Mesh 2 at (6,4,3)
       Maximum CFL Number    :  0.81E+00 on Mesh 1 at (25,15,12)
       Maximum VN Number     :  0.89E+00 on Mesh 1 at (25,16,13)
       ---------------------------------------------------------------
       Mesh    1
       Max CFL number:  0.81E+00 at (25,15,12)
       Max divergence:  0.17E+02 at (29,33,2)
       Min divergence: -0.58E+01 at (25,16,12)
       Max VN number :  0.89E+00 at (25,16,13)
       Mesh    2
       Max CFL number:  0.74E+00 at (6,6,1)
       Max divergence:  0.98E+01 at (5,5,42)
       Min divergence: -0.60E+01 at (5,5,41)
       Max VN number :  0.17E+00 at (5,5,42)
 
       Time Step    18400   September 24, 2026  09:29:10
       Step Size:  0.272E-02 s, Total Time:   50.80114 s
       Pressure Iterations: 4
       Maximum Velocity Error:  0.92E-02 on Mesh 1 at (24,13,15)
       Maximum Pressure Error:  0.17E+04 on Mesh 2 at (6,4,11)
       Maximum CFL Number    :  0.87E+00 on Mesh 1 at (23,14,12)
       Maximum VN Number     :  0.81E+00 on Mesh 1 at (22,15,13)
       ---------------------------------------------------------------
       Mesh    1
       Max CFL number:  0.87E+00 at (23,14,12)
       Max divergence:  0.19E+02 at (20,37,2)
       Min divergence: -0.74E+01 at (26,16,12)
       Max VN number :  0.81E+00 at (22,15,13)
       Mesh    2
       Max CFL number:  0.76E+00 at (6,5,5)
       Max divergence:  0.58E+01 at (4,8,42)
       Min divergence: -0.56E+01 at (8,8,41)
       Max VN number :  0.24E+00 at (8,6,14)
 
       Time Step    18500   September 24, 2026  09:29:21
       Step Size:  0.256E-02 s, Total Time:   51.07557 s
       Pressure Iterations: 5
       Maximum Velocity Error:  0.88E-02 on Mesh 1 at (25,14,15)
       Maximum Pressure Error:  0.14E+04 on Mesh 2 at (6,4,3)
       Maximum CFL Number    :  0.81E+00 on Mesh 1 at (23,14,12)
       Maximum VN Number     :  0.78E+00 on Mesh 1 at (23,16,13)
       ---------------------------------------------------------------
       Mesh    1
       Max CFL number:  0.81E+00 at (23,14,12)
       Max divergence:  0.18E+02 at (20,33,2)
       Min divergence: -0.68E+01 at (26,16,12)
       Max VN number :  0.78E+00 at (23,16,13)
       Mesh    2
       Max CFL number:  0.75E+00 at (7,6,1)
       Max divergence:  0.68E+01 at (4,5,40)
       Min divergence: -0.73E+01 at (7,4,41)
       Max VN number :  0.19E+00 at (8,8,1)
 
       Time Step    18600   September 24, 2026  09:29:32
       Step Size:  0.285E-02 s, Total Time:   51.33195 s
       Pressure Iterations: 5
       Maximum Velocity Error:  0.11E-01 on Mesh 1 at (24,12,15)
       Maximum Pressure Error:  0.23E+04 on Mesh 2 at (6,4,6)
       Maximum CFL Number    :  0.90E+00 on Mesh 1 at (23,14,12)
       Maximum VN Number     :  0.87E+00 on Mesh 1 at (26,13,13)
       ---------------------------------------------------------------
       Mesh    1
       Max CFL number:  0.90E+00 at (23,14,12)
       Max divergence:  0.18E+02 at (19,34,2)
       Min divergence: -0.72E+01 at (26,16,12)
       Max VN number :  0.87E+00 at (26,13,13)
       Mesh    2
       Max CFL number:  0.83E+00 at (6,5,3)
       Max divergence:  0.59E+01 at (8,4,41)
       Min divergence: -0.72E+01 at (7,4,41)
       Max VN number :  0.18E+00 at (5,7,10)
 
       Time Step    18700   September 24, 2026  09:29:43
       Step Size:  0.272E-02 s, Total Time:   51.60056 s
       Pressure Iterations: 5
       Maximum Velocity Error:  0.90E-02 on Mesh 1 at (24,12,15)
       Maximum Pressure Error:  0.27E+04 on Mesh 2 at (6,4,5)
       Maximum CFL Number    :  0.81E+00 on Mesh 1 at (23,14,12)
       Maximum VN Number     :  0.74E+00 on Mesh 1 at (26,13,13)
       ---------------------------------------------------------------
       Mesh    1
       Max CFL number:  0.81E+00 at (23,14,12)
       Max divergence:  0.18E+02 at (19,36,2)
       Min divergence: -0.84E+01 at (26,15,13)
       Max VN number :  0.74E+00 at (26,13,13)
       Mesh    2
       Max CFL number:  0.79E+00 at (6,5,2)
       Max divergence:  0.48E+01 at (8,4,41)
       Min divergence: -0.66E+01 at (8,8,41)
       Max VN number :  0.17E+00 at (6,9,41)
 
       Time Step    18800   September 24, 2026  09:29:54
       Step Size:  0.285E-02 s, Total Time:   51.87464 s
       Pressure Iterations: 5
       Maximum Velocity Error:  0.12E-01 on Mesh 1 at (25,12,15)
       Maximum Pressure Error:  0.21E+04 on Mesh 2 at (5,4,2)
       Maximum CFL Number    :  0.91E+00 on Mesh 1 at (23,15,12)
       Maximum VN Number     :  0.86E+00 on Mesh 1 at (23,16,13)
       ---------------------------------------------------------------
       Mesh    1
       Max CFL number:  0.91E+00 at (23,15,12)
       Max divergence:  0.18E+02 at (19,36,2)
       Min divergence: -0.52E+01 at (23,17,11)
       Max VN number :  0.86E+00 at (23,16,13)
       Mesh    2
       Max CFL number:  0.85E+00 at (6,6,1)
       Max divergence:  0.41E+01 at (7,9,41)
       Min divergence: -0.67E+01 at (5,5,41)
       Max VN number :  0.19E+00 at (6,7,3)
 
       Time Step    18900   September 24, 2026  09:30:05
       Step Size:  0.270E-02 s, Total Time:   52.14372 s
       Pressure Iterations: 4
       Maximum Velocity Error:  0.96E-02 on Mesh 1 at (24,13,15)
       Maximum Pressure Error:  0.21E+04 on Mesh 2 at (6,4,9)
       Maximum CFL Number    :  0.82E+00 on Mesh 1 at (23,14,12)
       Maximum VN Number     :  0.80E+00 on Mesh 1 at (26,13,13)
       ---------------------------------------------------------------
       Mesh    1
       Max CFL number:  0.82E+00 at (23,14,12)
       Max divergence:  0.20E+02 at (19,34,2)
       Min divergence: -0.73E+01 at (26,15,13)
       Max VN number :  0.80E+00 at (26,13,13)
       Mesh    2
       Max CFL number:  0.78E+00 at (6,5,1)
       Max divergence:  0.63E+01 at (8,4,41)
       Min divergence: -0.66E+01 at (8,8,41)
       Max VN number :  0.20E+00 at (8,7,6)
 
       Time Step    19000   September 24, 2026  09:30:16
       Step Size:  0.282E-02 s, Total Time:   52.41366 s
       Pressure Iterations: 6
       Maximum Velocity Error:  0.79E-02 on Mesh 1 at (22,14,15)
       Maximum Pressure Error:  0.20E+04 on Mesh 2 at (7,4,3)
       Maximum CFL Number    :  0.90E+00 on Mesh 1 at (23,14,12)
       Maximum VN Number     :  0.76E+00 on Mesh 1 at (26,14,13)
       ---------------------------------------------------------------
       Mesh    1
       Max CFL number:  0.90E+00 at (23,14,12)
       Max divergence:  0.18E+02 at (19,34,2)
       Min divergence: -0.54E+01 at (23,14,12)
       Max VN number :  0.76E+00 at (26,14,13)
       Mesh    2
       Max CFL number:  0.80E+00 at (6,6,1)
       Max divergence:  0.59E+01 at (8,4,41)
       Min divergence: -0.70E+01 at (8,8,41)
       Max VN number :  0.31E+00 at (7,8,8)
 
       Time Step    19100   September 24, 2026  09:30:27
       Step Size:  0.307E-02 s, Total Time:   52.68649 s
       Pressure Iterations: 5
       Maximum Velocity Error:  0.12E-01 on Mesh 1 at (25,14,15)
       Maximum Pressure Error:  0.19E+04 on Mesh 2 at (6,8,21)
       Maximum CFL Number    :  0.91E+00 on Mesh 1 at (25,14,12)
       Maximum VN Number     :  0.76E+00 on Mesh 1 at (26,14,13)
       ---------------------------------------------------------------
       Mesh    1
       Max CFL number:  0.91E+00 at (25,14,12)
       Max divergence:  0.18E+02 at (22,33,2)
       Min divergence: -0.34E+01 at (26,16,13)
       Max VN number :  0.76E+00 at (26,14,13)
       Mesh    2
       Max CFL number:  0.87E+00 at (6,6,1)
       Max divergence:  0.48E+01 at (6,9,41)
       Min divergence: -0.67E+01 at (8,5,41)
       Max VN number :  0.36E+00 at (8,8,1)
 
       Time Step    19200   September 24, 2026  09:30:39
       Step Size:  0.275E-02 s, Total Time:   52.95786 s
       Pressure Iterations: 4
       Maximum Velocity Error:  0.89E-02 on Mesh 1 at (24,13,15)
       Maximum Pressure Error:  0.22E+04 on Mesh 2 at (7,4,11)
       Maximum CFL Number    :  0.85E+00 on Mesh 1 at (25,15,12)
       Maximum VN Number     :  0.80E+00 on Mesh 1 at (26,14,13)
       ---------------------------------------------------------------
       Mesh    1
       Max CFL number:  0.85E+00 at (25,15,12)
       Max divergence:  0.17E+02 at (25,33,2)
       Min divergence: -0.70E+01 at (26,15,13)
       Max VN number :  0.80E+00 at (26,14,13)
       Mesh    2
       Max CFL number:  0.77E+00 at (6,5,5)
       Max divergence:  0.56E+01 at (8,4,41)
       Min divergence: -0.82E+01 at (4,6,41)
       Max VN number :  0.24E+00 at (8,7,8)
 
       Time Step    19300   September 24, 2026  09:30:49
       Step Size:  0.275E-02 s, Total Time:   53.23309 s
       Pressure Iterations: 5
       Maximum Velocity Error:  0.67E-02 on Mesh 1 at (25,14,15)
       Maximum Pressure Error:  0.18E+04 on Mesh 2 at (6,9,18)
       Maximum CFL Number    :  0.83E+00 on Mesh 1 at (25,15,12)
       Maximum VN Number     :  0.76E+00 on Mesh 1 at (26,13,13)
       ---------------------------------------------------------------
       Mesh    1
       Max CFL number:  0.83E+00 at (25,15,12)
       Max divergence:  0.17E+02 at (23,33,2)
       Min divergence: -0.53E+01 at (26,16,12)
       Max VN number :  0.76E+00 at (26,13,13)
       Mesh    2
       Max CFL number:  0.74E+00 at (6,6,2)
       Max divergence:  0.47E+01 at (6,9,41)
       Min divergence: -0.69E+01 at (6,4,41)
       Max VN number :  0.17E+00 at (6,4,41)
 
       Time Step    19400   September 24, 2026  09:31:01
       Step Size:  0.303E-02 s, Total Time:   53.52152 s
       Pressure Iterations: 4
       Maximum Velocity Error:  0.88E-02 on Mesh 1 at (25,14,15)
       Maximum Pressure Error:  0.23E+04 on Mesh 2 at (6,4,10)
       Maximum CFL Number    :  0.89E+00 on Mesh 1 at (26,15,12)
       Maximum VN Number     :  0.94E+00 on Mesh 1 at (26,15,13)
       ---------------------------------------------------------------
       Mesh    1
       Max CFL number:  0.89E+00 at (26,15,12)
       Max divergence:  0.18E+02 at (28,37,2)
       Min divergence: -0.50E+01 at (26,15,12)
       Max VN number :  0.94E+00 at (26,15,13)
       Mesh    2
       Max CFL number:  0.85E+00 at (6,5,1)
       Max divergence:  0.63E+01 at (8,4,41)
       Min divergence: -0.60E+01 at (8,5,41)
       Max VN number :  0.18E+00 at (6,5,1)
 
       Time Step    19500   September 24, 2026  09:31:12
       Step Size:  0.295E-02 s, Total Time:   53.80982 s
       Pressure Iterations: 4
       Maximum Velocity Error:  0.10E-01 on Mesh 2 at (7,6,0)
       Maximum Pressure Error:  0.22E+04 on Mesh 2 at (8,5,30)
       Maximum CFL Number    :  0.87E+00 on Mesh 1 at (26,15,12)
       Maximum VN Number     :  0.82E+00 on Mesh 1 at (25,16,13)
       ---------------------------------------------------------------
       Mesh    1
       Max CFL number:  0.87E+00 at (26,15,12)
       Max divergence:  0.18E+02 at (22,33,2)
       Min divergence: -0.63E+01 at (26,16,12)
       Max VN number :  0.82E+00 at (25,16,13)
       Mesh    2
       Max CFL number:  0.79E+00 at (6,5,1)
       Max divergence:  0.53E+01 at (4,8,41)
       Min divergence: -0.71E+01 at (8,8,41)
       Max VN number :  0.27E+00 at (8,7,10)
 
       Time Step    19600   September 24, 2026  09:31:24
       Step Size:  0.279E-02 s, Total Time:   54.08550 s
       Pressure Iterations: 5
       Maximum Velocity Error:  0.84E-02 on Mesh 1 at (23,13,15)
       Maximum Pressure Error:  0.24E+04 on Mesh 2 at (6,4,4)
       Maximum CFL Number    :  0.81E+00 on Mesh 1 at (26,15,12)
       Maximum VN Number     :  0.87E+00 on Mesh 1 at (25,16,13)
       ---------------------------------------------------------------
       Mesh    1
       Max CFL number:  0.81E+00 at (26,15,12)
       Max divergence:  0.17E+02 at (22,33,2)
       Min divergence: -0.60E+01 at (26,16,13)
       Max VN number :  0.87E+00 at (25,16,13)
       Mesh    2
       Max CFL number:  0.78E+00 at (6,5,1)
       Max divergence:  0.58E+01 at (5,5,42)
       Min divergence: -0.69E+01 at (8,8,41)
       Max VN number :  0.16E+00 at (8,8,41)
 
       Time Step    19700   September 24, 2026  09:31:35
       Step Size:  0.281E-02 s, Total Time:   54.35540 s
       Pressure Iterations: 4
       Maximum Velocity Error:  0.71E-02 on Mesh 1 at (25,16,15)
       Maximum Pressure Error:  0.28E+04 on Mesh 2 at (6,4,21)
       Maximum CFL Number    :  0.86E+00 on Mesh 1 at (23,14,12)
       Maximum VN Number     :  0.90E+00 on Mesh 1 at (26,14,13)
       ---------------------------------------------------------------
       Mesh    1
       Max CFL number:  0.86E+00 at (23,14,12)
       Max divergence:  0.17E+02 at (20,33,2)
       Min divergence: -0.48E+01 at (26,15,13)
       Max VN number :  0.90E+00 at (26,14,13)
       Mesh    2
       Max CFL number:  0.77E+00 at (6,5,2)
       Max divergence:  0.54E+01 at (4,8,42)
       Min divergence: -0.60E+01 at (8,8,41)
       Max VN number :  0.19E+00 at (5,6,26)
 
       Time Step    19800   September 24, 2026  09:31:46
       Step Size:  0.256E-02 s, Total Time:   54.61908 s
       Pressure Iterations: 5
       Maximum Velocity Error:  0.11E-01 on Mesh 1 at (24,13,15)
       Maximum Pressure Error:  0.18E+04 on Mesh 2 at (5,4,21)
       Maximum CFL Number    :  0.84E+00 on Mesh 1 at (23,14,12)
       Maximum VN Number     :  0.81E+00 on Mesh 1 at (22,15,13)
       ---------------------------------------------------------------
       Mesh    1
       Max CFL number:  0.84E+00 at (23,14,12)
       Max divergence:  0.16E+02 at (22,33,2)
       Min divergence: -0.68E+01 at (26,16,12)
       Max VN number :  0.81E+00 at (22,15,13)
       Mesh    2
       Max CFL number:  0.73E+00 at (6,5,5)
       Max divergence:  0.57E+01 at (4,8,41)
       Min divergence: -0.67E+01 at (4,6,41)
       Max VN number :  0.16E+00 at (5,6,8)
 
       Time Step    19900   September 24, 2026  09:31:58
       Step Size:  0.275E-02 s, Total Time:   54.88547 s
       Pressure Iterations: 4
       Maximum Velocity Error:  0.11E-01 on Mesh 1 at (25,13,15)
       Maximum Pressure Error:  0.24E+04 on Mesh 2 at (6,4,6)
       Maximum CFL Number    :  0.78E+00 on Mesh 1 at (25,15,12)
       Maximum VN Number     :  0.86E+00 on Mesh 1 at (25,16,13)
       ---------------------------------------------------------------
       Mesh    1
       Max CFL number:  0.78E+00 at (25,15,12)
       Max divergence:  0.18E+02 at (29,36,2)
       Min divergence: -0.61E+01 at (26,16,12)
       Max VN number :  0.86E+00 at (25,16,13)
       Mesh    2
       Max CFL number:  0.76E+00 at (6,5,1)
       Max divergence:  0.45E+01 at (5,5,43)
       Min divergence: -0.59E+01 at (5,5,41)
       Max VN number :  0.16E+00 at (6,7,3)
 
       Time Step    20000   September 24, 2026  09:32:10
       Step Size:  0.275E-02 s, Total Time:   55.15326 s
       Pressure Iterations: 5
       Maximum Velocity Error:  0.59E-02 on Mesh 1 at (25,14,15)
       Maximum Pressure Error:  0.18E+04 on Mesh 2 at (8,5,9)
       Maximum CFL Number    :  0.81E+00 on Mesh 1 at (23,14,12)
       Maximum VN Number     :  0.83E+00 on Mesh 1 at (25,16,13)
       ---------------------------------------------------------------
       Mesh    1
       Max CFL number:  0.81E+00 at (23,14,12)
       Max divergence:  0.17E+02 at (19,37,2)
       Min divergence: -0.47E+01 at (26,16,12)
       Max VN number :  0.83E+00 at (25,16,13)
       Mesh    2
       Max CFL number:  0.80E+00 at (6,5,4)
       Max divergence:  0.48E+01 at (5,5,43)
       Min divergence: -0.78E+01 at (7,4,41)
       Max VN number :  0.19E+00 at (7,7,7)
 
       Time Step    20100   September 24, 2026  09:32:21
       Step Size:  0.276E-02 s, Total Time:   55.42923 s
       Pressure Iterations: 6
       Maximum Velocity Error:  0.76E-02 on Mesh 2 at (6,7,0)
       Maximum Pressure Error:  0.19E+04 on Mesh 2 at (7,4,4)
       Maximum CFL Number    :  0.87E+00 on Mesh 1 at (23,14,12)
       Maximum VN Number     :  0.84E+00 on Mesh 1 at (26,13,13)
       ---------------------------------------------------------------
       Mesh    1
       Max CFL number:  0.87E+00 at (23,14,12)
       Max divergence:  0.17E+02 at (23,33,2)
       Min divergence: -0.54E+01 at (26,16,12)
       Max VN number :  0.84E+00 at (26,13,13)
       Mesh    2
       Max CFL number:  0.86E+00 at (6,6,1)
       Max divergence:  0.46E+01 at (4,5,41)
       Min divergence: -0.77E+01 at (4,6,41)
       Max VN number :  0.23E+00 at (7,8,14)
 
       Time Step    20200   September 24, 2026  09:32:33
       Step Size:  0.279E-02 s, Total Time:   55.69272 s
       Pressure Iterations: 6
       Maximum Velocity Error:  0.78E-02 on Mesh 1 at (24,14,15)
       Maximum Pressure Error:  0.27E+04 on Mesh 2 at (7,4,7)
       Maximum CFL Number    :  0.85E+00 on Mesh 1 at (24,14,14)
       Maximum VN Number     :  0.90E+00 on Mesh 1 at (25,16,13)
       ---------------------------------------------------------------
       Mesh    1
       Max CFL number:  0.85E+00 at (24,14,14)
       Max divergence:  0.18E+02 at (29,34,2)
       Min divergence: -0.68E+01 at (26,16,12)
       Max VN number :  0.90E+00 at (25,16,13)
       Mesh    2
       Max CFL number:  0.83E+00 at (6,6,1)
       Max divergence:  0.48E+01 at (6,4,43)
       Min divergence: -0.62E+01 at (7,4,41)
       Max VN number :  0.19E+00 at (5,5,43)
 
       Time Step    20300   September 24, 2026  09:32:43
       Step Size:  0.267E-02 s, Total Time:   55.95793 s
       Pressure Iterations: 4
       Maximum Velocity Error:  0.72E-02 on Mesh 1 at (25,15,15)
       Maximum Pressure Error:  0.29E+04 on Mesh 2 at (7,4,5)
       Maximum CFL Number    :  0.81E+00 on Mesh 1 at (26,15,12)
       Maximum VN Number     :  0.95E+00 on Mesh 1 at (26,15,13)
       ---------------------------------------------------------------
       Mesh    1
       Max CFL number:  0.81E+00 at (26,15,12)
       Max divergence:  0.19E+02 at (29,35,2)
       Min divergence: -0.70E+01 at (26,15,13)
       Max VN number :  0.95E+00 at (26,15,13)
       Mesh    2
       Max CFL number:  0.78E+00 at (6,5,2)
       Max divergence:  0.57E+01 at (5,4,41)
       Min divergence: -0.58E+01 at (8,8,41)
       Max VN number :  0.18E+00 at (6,5,2)
 
       Time Step    20400   September 24, 2026  09:32:54
       Step Size:  0.265E-02 s, Total Time:   56.22754 s
       Pressure Iterations: 3
       Maximum Velocity Error:  0.12E-01 on Mesh 1 at (25,15,15)
       Maximum Pressure Error:  0.19E+04 on Mesh 1 at (20,32,2)
       Maximum CFL Number    :  0.83E+00 on Mesh 1 at (25,15,12)
       Maximum VN Number     :  0.82E+00 on Mesh 1 at (24,16,13)
       ---------------------------------------------------------------
       Mesh    1
       Max CFL number:  0.83E+00 at (25,15,12)
       Max divergence:  0.16E+02 at (28,33,2)
       Min divergence: -0.58E+01 at (26,15,13)
       Max VN number :  0.82E+00 at (24,16,13)
       Mesh    2
       Max CFL number:  0.76E+00 at (6,5,3)
       Max divergence:  0.53E+01 at (5,5,43)
       Min divergence: -0.63E+01 at (5,5,41)
       Max VN number :  0.28E+00 at (8,7,5)
 
       Time Step    20500   September 24, 2026  09:33:04
       Step Size:  0.259E-02 s, Total Time:   56.50559 s
       Pressure Iterations: 4
       Maximum Velocity Error:  0.10E-01 on Mesh 1 at (25,14,15)
       Maximum Pressure Error:  0.14E+04 on Mesh 2 at (6,8,16)
       Maximum CFL Number    :  0.80E+00 on Mesh 1 at (26,15,12)
       Maximum VN Number     :  0.90E+00 on Mesh 1 at (25,16,13)
       ---------------------------------------------------------------
       Mesh    1
       Max CFL number:  0.80E+00 at (26,15,12)
       Max divergence:  0.19E+02 at (19,34,2)
       Min divergence: -0.46E+01 at (22,15,12)
       Max VN number :  0.90E+00 at (25,16,13)
       Mesh    2
       Max CFL number:  0.70E+00 at (6,5,3)
       Max divergence:  0.53E+01 at (5,5,43)
       Min divergence: -0.77E+01 at (7,4,41)
       Max VN number :  0.20E+00 at (4,6,43)
 
       Time Step    20600   September 24, 2026  09:33:14
       Step Size:  0.277E-02 s, Total Time:   56.77597 s
       Pressure Iterations: 3
       Maximum Velocity Error:  0.82E-02 on Mesh 2 at (5,7,0)
       Maximum Pressure Error:  0.14E+04 on Mesh 2 at (7,4,5)
       Maximum CFL Number    :  0.88E+00 on Mesh 1 at (23,14,12)
       Maximum VN Number     :  0.84E+00 on Mesh 1 at (25,16,13)
       ---------------------------------------------------------------
       Mesh    1
       Max CFL number:  0.88E+00 at (23,14,12)
       Max divergence:  0.20E+02 at (20,37,2)
       Min divergence: -0.44E+01 at (23,16,11)
       Max VN number :  0.84E+00 at (25,16,13)
       Mesh    2
       Max CFL number:  0.78E+00 at (6,5,3)
       Max divergence:  0.55E+01 at (5,5,43)
       Min divergence: -0.56E+01 at (5,5,41)
       Max VN number :  0.18E+00 at (5,7,18)
 
       Time Step    20700   September 24, 2026  09:33:26
       Step Size:  0.300E-02 s, Total Time:   57.05239 s
       Pressure Iterations: 6
       Maximum Velocity Error:  0.90E-02 on Mesh 2 at (7,6,0)
       Maximum Pressure Error:  0.20E+04 on Mesh 2 at (6,4,5)
       Maximum CFL Number    :  0.89E+00 on Mesh 1 at (24,14,14)
       Maximum VN Number     :  0.87E+00 on Mesh 1 at (26,14,13)
       ---------------------------------------------------------------
       Mesh    1
       Max CFL number:  0.89E+00 at (24,14,14)
       Max divergence:  0.19E+02 at (22,33,2)
       Min divergence: -0.38E+01 at (25,16,13)
       Max VN number :  0.87E+00 at (26,14,13)
       Mesh    2
       Max CFL number:  0.85E+00 at (6,6,1)
       Max divergence:  0.48E+01 at (4,8,42)
       Min divergence: -0.60E+01 at (4,7,41)
       Max VN number :  0.22E+00 at (7,7,5)
 
       Time Step    20800   September 24, 2026  09:33:38
       Step Size:  0.274E-02 s, Total Time:   57.32319 s
       Pressure Iterations: 5
       Maximum Velocity Error:  0.10E-01 on Mesh 1 at (24,14,15)
       Maximum Pressure Error:  0.22E+04 on Mesh 2 at (8,6,9)
       Maximum CFL Number    :  0.80E+00 on Mesh 1 at (24,14,13)
       Maximum VN Number     :  0.78E+00 on Mesh 1 at (25,16,13)
       ---------------------------------------------------------------
       Mesh    1
       Max CFL number:  0.80E+00 at (24,14,13)
       Max divergence:  0.17E+02 at (29,36,2)
       Min divergence: -0.48E+01 at (23,16,12)
       Max VN number :  0.78E+00 at (25,16,13)
       Mesh    2
       Max CFL number:  0.75E+00 at (6,5,3)
       Max divergence:  0.44E+01 at (6,3,41)
       Min divergence: -0.79E+01 at (6,4,41)
       Max VN number :  0.18E+00 at (7,8,10)
 
       Time Step    20900   September 24, 2026  09:33:49
       Step Size:  0.267E-02 s, Total Time:   57.59325 s
       Pressure Iterations: 5
       Maximum Velocity Error:  0.98E-02 on Mesh 1 at (24,12,15)
       Maximum Pressure Error:  0.25E+04 on Mesh 2 at (6,4,4)
       Maximum CFL Number    :  0.84E+00 on Mesh 1 at (23,14,12)
       Maximum VN Number     :  0.90E+00 on Mesh 1 at (26,14,13)
       ---------------------------------------------------------------
       Mesh    1
       Max CFL number:  0.84E+00 at (23,14,12)
       Max divergence:  0.20E+02 at (29,34,2)
       Min divergence: -0.63E+01 at (23,17,11)
       Max VN number :  0.90E+00 at (26,14,13)
       Mesh    2
       Max CFL number:  0.78E+00 at (6,6,1)
       Max divergence:  0.50E+01 at (4,8,41)
       Min divergence: -0.77E+01 at (8,5,41)
       Max VN number :  0.17E+00 at (5,7,5)
 
       Time Step    21000   September 24, 2026  09:34:02
       Step Size:  0.279E-02 s, Total Time:   57.85956 s
       Pressure Iterations: 6
       Maximum Velocity Error:  0.67E-02 on Mesh 2 at (7,6,0)
       Maximum Pressure Error:  0.22E+04 on Mesh 2 at (6,4,7)
       Maximum CFL Number    :  0.87E+00 on Mesh 1 at (25,15,12)
       Maximum VN Number     :  0.84E+00 on Mesh 1 at (26,14,13)
       ---------------------------------------------------------------
       Mesh    1
       Max CFL number:  0.87E+00 at (25,15,12)
       Max divergence:  0.16E+02 at (26,33,2)
       Min divergence: -0.54E+01 at (25,16,13)
       Max VN number :  0.84E+00 at (26,14,13)
       Mesh    2
       Max CFL number:  0.83E+00 at (6,5,1)
       Max divergence:  0.64E+01 at (4,8,42)
       Min divergence: -0.64E+01 at (5,8,41)
       Max VN number :  0.25E+00 at (8,8,2)
 
       Time Step    21100   September 24, 2026  09:34:13
       Step Size:  0.290E-02 s, Total Time:   58.13450 s
       Pressure Iterations: 4
       Maximum Velocity Error:  0.67E-02 on Mesh 2 at (6,8,0)
       Maximum Pressure Error:  0.26E+04 on Mesh 2 at (6,9,19)
       Maximum CFL Number    :  0.85E+00 on Mesh 1 at (25,15,12)
       Maximum VN Number     :  0.92E+00 on Mesh 1 at (26,14,13)
       ---------------------------------------------------------------
       Mesh    1
       Max CFL number:  0.85E+00 at (25,15,12)
       Max divergence:  0.20E+02 at (19,35,2)
       Min divergence: -0.69E+01 at (25,16,13)
       Max VN number :  0.92E+00 at (26,14,13)
       Mesh    2
       Max CFL number:  0.80E+00 at (6,8,17)
       Max divergence:  0.44E+01 at (5,4,40)
       Min divergence: -0.74E+01 at (7,4,41)
       Max VN number :  0.19E+00 at (9,6,41)
 
       Time Step    21200   September 24, 2026  09:34:25
       Step Size:  0.279E-02 s, Total Time:   58.41741 s
       Pressure Iterations: 6
       Maximum Velocity Error:  0.89E-02 on Mesh 1 at (23,14,15)
       Maximum Pressure Error:  0.16E+04 on Mesh 2 at (6,4,3)
       Maximum CFL Number    :  0.81E+00 on Mesh 1 at (26,15,12)
       Maximum VN Number     :  0.78E+00 on Mesh 1 at (23,16,13)
       ---------------------------------------------------------------
       Mesh    1
       Max CFL number:  0.81E+00 at (26,15,12)
       Max divergence:  0.24E+02 at (20,37,2)
       Min divergence: -0.74E+01 at (26,15,13)
       Max VN number :  0.78E+00 at (23,16,13)
       Mesh    2
       Max CFL number:  0.78E+00 at (6,5,3)
       Max divergence:  0.56E+01 at (4,5,42)
       Min divergence: -0.63E+01 at (8,8,41)
       Max VN number :  0.17E+00 at (9,6,41)
 
       Time Step    21300   September 24, 2026  09:34:36
       Step Size:  0.258E-02 s, Total Time:   58.68506 s
       Pressure Iterations: 5
       Maximum Velocity Error:  0.12E-01 on Mesh 1 at (25,14,15)
       Maximum Pressure Error:  0.20E+04 on Mesh 2 at (8,5,27)
       Maximum CFL Number    :  0.76E+00 on Mesh 1 at (23,14,12)
       Maximum VN Number     :  0.79E+00 on Mesh 1 at (26,13,13)
       ---------------------------------------------------------------
       Mesh    1
       Max CFL number:  0.76E+00 at (23,14,12)
       Max divergence:  0.17E+02 at (24,33,2)
       Min divergence: -0.38E+01 at (29,38,7)
       Max VN number :  0.79E+00 at (26,13,13)
       Mesh    2
       Max CFL number:  0.71E+00 at (6,6,1)
       Max divergence:  0.59E+01 at (4,5,41)
       Min divergence: -0.75E+01 at (5,5,41)
       Max VN number :  0.15E+00 at (6,4,40)
 
       Time Step    21400   September 24, 2026  09:34:47
       Step Size:  0.280E-02 s, Total Time:   58.96176 s
       Pressure Iterations: 5
       Maximum Velocity Error:  0.90E-02 on Mesh 1 at (24,14,15)
       Maximum Pressure Error:  0.22E+04 on Mesh 2 at (6,8,19)
       Maximum CFL Number    :  0.83E+00 on Mesh 1 at (23,14,12)
       Maximum VN Number     :  0.68E+00 on Mesh 1 at (26,15,13)
       ---------------------------------------------------------------
       Mesh    1
       Max CFL number:  0.83E+00 at (23,14,12)
       Max divergence:  0.17E+02 at (26,36,3)
       Min divergence: -0.76E+01 at (25,16,12)
       Max VN number :  0.68E+00 at (26,15,13)
       Mesh    2
       Max CFL number:  0.80E+00 at (6,6,1)
       Max divergence:  0.60E+01 at (8,4,41)
       Min divergence: -0.70E+01 at (7,4,41)
       Max VN number :  0.19E+00 at (7,8,8)
 
       Time Step    21500   September 24, 2026  09:34:58
       Step Size:  0.267E-02 s, Total Time:   59.23954 s
       Pressure Iterations: 4
       Maximum Velocity Error:  0.69E-02 on Mesh 1 at (24,14,15)
       Maximum Pressure Error:  0.20E+04 on Mesh 2 at (6,4,5)
       Maximum CFL Number    :  0.82E+00 on Mesh 1 at (23,14,12)
       Maximum VN Number     :  0.70E+00 on Mesh 1 at (22,15,13)
       ---------------------------------------------------------------
       Mesh    1
       Max CFL number:  0.82E+00 at (23,14,12)
       Max divergence:  0.18E+02 at (19,33,2)
       Min divergence: -0.44E+01 at (26,13,10)
       Max VN number :  0.70E+00 at (22,15,13)
       Mesh    2
       Max CFL number:  0.75E+00 at (6,5,2)
       Max divergence:  0.41E+01 at (9,6,41)
       Min divergence: -0.59E+01 at (8,8,41)
       Max VN number :  0.17E+00 at (6,9,41)
 
       Time Step    21600   September 24, 2026  09:35:08
       Step Size:  0.273E-02 s, Total Time:   59.51224 s
       Pressure Iterations: 4
       Maximum Velocity Error:  0.12E-01 on Mesh 1 at (24,13,15)
       Maximum Pressure Error:  0.20E+04 on Mesh 2 at (6,8,20)
       Maximum CFL Number    :  0.87E+00 on Mesh 1 at (25,15,12)
       Maximum VN Number     :  0.79E+00 on Mesh 1 at (25,16,13)
       ---------------------------------------------------------------
       Mesh    1
       Max CFL number:  0.87E+00 at (25,15,12)
       Max divergence:  0.18E+02 at (28,33,2)
       Min divergence: -0.36E+01 at (25,15,13)
       Max VN number :  0.79E+00 at (25,16,13)
       Mesh    2
       Max CFL number:  0.76E+00 at (7,5,8)
       Max divergence:  0.53E+01 at (4,8,41)
       Min divergence: -0.71E+01 at (8,5,41)
       Max VN number :  0.20E+00 at (9,6,41)
 
       Time Step    21700   September 24, 2026  09:35:20
       Step Size:  0.268E-02 s, Total Time:   59.77472 s
       Pressure Iterations: 5
       Maximum Velocity Error:  0.99E-02 on Mesh 1 at (25,14,15)
       Maximum Pressure Error:  0.24E+04 on Mesh 2 at (6,4,4)
       Maximum CFL Number    :  0.80E+00 on Mesh 1 at (24,14,15)
       Maximum VN Number     :  0.82E+00 on Mesh 1 at (25,16,13)
       ---------------------------------------------------------------
       Mesh    1
       Max CFL number:  0.80E+00 at (24,14,15)
       Max divergence:  0.17E+02 at (29,37,2)
       Min divergence: -0.44E+01 at (26,16,13)
       Max VN number :  0.82E+00 at (25,16,13)
       Mesh    2
       Max CFL number:  0.79E+00 at (6,6,1)
       Max divergence:  0.55E+01 at (4,8,41)
       Min divergence: -0.75E+01 at (8,5,41)
       Max VN number :  0.17E+00 at (7,7,3)
 
       Time Step    21800   September 24, 2026  09:35:32
       Step Size:  0.250E-02 s, Total Time:   60.04206 s
       Pressure Iterations: 6
       Maximum Velocity Error:  0.62E-02 on Mesh 1 at (25,14,15)
       Maximum Pressure Error:  0.18E+04 on Mesh 2 at (6,4,5)
       Maximum CFL Number    :  0.79E+00 on Mesh 1 at (25,15,12)
       Maximum VN Number     :  0.77E+00 on Mesh 1 at (25,16,13)
       ---------------------------------------------------------------
       Mesh    1
       Max CFL number:  0.79E+00 at (25,15,12)
       Max divergence:  0.16E+02 at (26,33,2)
       Min divergence: -0.51E+01 at (26,16,12)
       Max VN number :  0.77E+00 at (25,16,13)
       Mesh    2
       Max CFL number:  0.73E+00 at (6,5,4)
       Max divergence:  0.47E+01 at (8,4,41)
       Min divergence: -0.78E+01 at (8,8,41)
       Max VN number :  0.16E+00 at (6,5,4)
 
       Time Step    21900   September 24, 2026  09:35:44
       Step Size:  0.247E-02 s, Total Time:   60.31647 s
       Pressure Iterations: 4
       Maximum Velocity Error:  0.75E-02 on Mesh 1 at (23,14,15)
       Maximum Pressure Error:  0.20E+04 on Mesh 2 at (5,5,39)
       Maximum CFL Number    :  0.75E+00 on Mesh 1 at (25,15,12)
       Maximum VN Number     :  0.93E+00 on Mesh 1 at (25,16,13)
       ---------------------------------------------------------------
       Mesh    1
       Max CFL number:  0.75E+00 at (25,15,12)
       Max divergence:  0.16E+02 at (22,33,2)
       Min divergence: -0.49E+01 at (25,15,13)
       Max VN number :  0.93E+00 at (25,16,13)
       Mesh    2
       Max CFL number:  0.69E+00 at (6,6,3)
       Max divergence:  0.55E+01 at (6,9,41)
       Min divergence: -0.62E+01 at (5,5,41)
       Max VN number :  0.31E+00 at (8,7,10)
 
       Time Step    22000   September 24, 2026  09:35:55
       Step Size:  0.290E-02 s, Total Time:   60.59572 s
       Pressure Iterations: 5
       Maximum Velocity Error:  0.12E-01 on Mesh 1 at (25,15,15)
       Maximum Pressure Error:  0.13E+04 on Mesh 2 at (5,4,21)
       Maximum CFL Number    :  0.89E+00 on Mesh 1 at (26,15,12)
       Maximum VN Number     :  0.91E+00 on Mesh 1 at (25,16,13)
       ---------------------------------------------------------------
       Mesh    1
       Max CFL number:  0.89E+00 at (26,15,12)
       Max divergence:  0.16E+02 at (26,33,2)
       Min divergence: -0.51E+01 at (23,16,12)
       Max VN number :  0.91E+00 at (25,16,13)
       Mesh    2
       Max CFL number:  0.80E+00 at (6,5,3)
       Max divergence:  0.41E+01 at (6,3,41)
       Min divergence: -0.62E+01 at (4,6,41)
       Max VN number :  0.18E+00 at (9,6,41)
 
       Time Step    22100   September 24, 2026  09:36:07
       Step Size:  0.292E-02 s, Total Time:   60.86547 s
       Pressure Iterations: 6
       Maximum Velocity Error:  0.70E-02 on Mesh 2 at (6,6,0)
       Maximum Pressure Error:  0.24E+04 on Mesh 2 at (6,4,9)
       Maximum CFL Number    :  0.85E+00 on Mesh 1 at (24,14,14)
       Maximum VN Number     :  0.85E+00 on Mesh 1 at (22,15,13)
       ---------------------------------------------------------------
       Mesh    1
       Max CFL number:  0.85E+00 at (24,14,14)
       Max divergence:  0.18E+02 at (19,32,2)
       Min divergence: -0.32E+01 at (16,38,7)
       Max VN number :  0.85E+00 at (22,15,13)
       Mesh    2
       Max CFL number:  0.83E+00 at (6,5,1)
       Max divergence:  0.52E+01 at (4,8,41)
       Min divergence: -0.57E+01 at (5,5,41)
       Max VN number :  0.18E+00 at (6,5,1)
 
       Time Step    22200   September 24, 2026  09:36:19
       Step Size:  0.272E-02 s, Total Time:   61.13819 s
       Pressure Iterations: 5
       Maximum Velocity Error:  0.75E-02 on Mesh 1 at (25,14,15)
       Maximum Pressure Error:  0.28E+04 on Mesh 2 at (6,4,3)
       Maximum CFL Number    :  0.83E+00 on Mesh 1 at (23,14,12)
       Maximum VN Number     :  0.77E+00 on Mesh 1 at (22,15,13)
       ---------------------------------------------------------------
       Mesh    1
       Max CFL number:  0.83E+00 at (23,14,12)
       Max divergence:  0.16E+02 at (25,33,2)
       Min divergence: -0.55E+01 at (26,16,12)
       Max VN number :  0.77E+00 at (22,15,13)
       Mesh    2
       Max CFL number:  0.76E+00 at (7,5,5)
       Max divergence:  0.49E+01 at (8,4,41)
       Min divergence: -0.61E+01 at (8,5,41)
       Max VN number :  0.17E+00 at (8,8,41)
 
       Time Step    22300   September 24, 2026  09:36:31
       Step Size:  0.268E-02 s, Total Time:   61.40338 s
       Pressure Iterations: 6
       Maximum Velocity Error:  0.70E-02 on Mesh 1 at (25,14,15)
       Maximum Pressure Error:  0.19E+04 on Mesh 2 at (6,9,17)
       Maximum CFL Number    :  0.81E+00 on Mesh 1 at (26,15,12)
       Maximum VN Number     :  0.83E+00 on Mesh 1 at (26,13,10)
       ---------------------------------------------------------------
       Mesh    1
       Max CFL number:  0.81E+00 at (26,15,12)
       Max divergence:  0.16E+02 at (28,33,2)
       Min divergence: -0.41E+01 at (25,16,13)
       Max VN number :  0.83E+00 at (26,13,10)
       Mesh    2
       Max CFL number:  0.76E+00 at (6,5,2)
       Max divergence:  0.53E+01 at (8,4,41)
       Min divergence: -0.66E+01 at (8,8,41)
       Max VN number :  0.16E+00 at (5,5,42)
 
       Time Step    22400   September 24, 2026  09:36:42
       Step Size:  0.254E-02 s, Total Time:   61.66758 s
       Pressure Iterations: 3
       Maximum Velocity Error:  0.12E-01 on Mesh 1 at (25,13,15)
       Maximum Pressure Error:  0.15E+04 on Mesh 2 at (8,5,19)
       Maximum CFL Number    :  0.85E+00 on Mesh 1 at (25,15,12)
       Maximum VN Number     :  0.73E+00 on Mesh 1 at (24,16,13)
       ---------------------------------------------------------------
       Mesh    1
       Max CFL number:  0.85E+00 at (25,15,12)
       Max divergence:  0.18E+02 at (20,37,2)
       Min divergence: -0.69E+01 at (25,15,13)
       Max VN number :  0.73E+00 at (24,16,13)
       Mesh    2
       Max CFL number:  0.72E+00 at (6,5,5)
       Max divergence:  0.53E+01 at (8,4,40)
       Min divergence: -0.70E+01 at (4,6,41)
       Max VN number :  0.31E+00 at (8,7,10)
 
       Time Step    22500   September 24, 2026  09:36:52
       Step Size:  0.304E-02 s, Total Time:   61.94087 s
       Pressure Iterations: 4
       Maximum Velocity Error:  0.12E-01 on Mesh 1 at (24,15,15)
       Maximum Pressure Error:  0.21E+04 on Mesh 2 at (7,4,6)
       Maximum CFL Number    :  0.89E+00 on Mesh 1 at (23,15,12)
       Maximum VN Number     :  0.87E+00 on Mesh 1 at (26,15,14)
       ---------------------------------------------------------------
       Mesh    1
       Max CFL number:  0.89E+00 at (23,15,12)
       Max divergence:  0.17E+02 at (23,33,2)
       Min divergence: -0.48E+01 at (26,16,12)
       Max VN number :  0.87E+00 at (26,15,14)
       Mesh    2
       Max CFL number:  0.86E+00 at (6,5,1)
       Max divergence:  0.69E+01 at (5,5,43)
       Min divergence: -0.59E+01 at (4,7,44)
       Max VN number :  0.20E+00 at (5,6,12)
 
       Time Step    22600   September 24, 2026  09:37:03
       Step Size:  0.268E-02 s, Total Time:   62.21270 s
       Pressure Iterations: 4
       Maximum Velocity Error:  0.67E-02 on Mesh 1 at (24,14,15)
       Maximum Pressure Error:  0.18E+04 on Mesh 2 at (8,5,16)
       Maximum CFL Number    :  0.83E+00 on Mesh 1 at (25,15,12)
       Maximum VN Number     :  0.80E+00 on Mesh 1 at (23,13,13)
       ---------------------------------------------------------------
       Mesh    1
       Max CFL number:  0.83E+00 at (25,15,12)
       Max divergence:  0.18E+02 at (26,33,2)
       Min divergence: -0.64E+01 at (26,15,13)
       Max VN number :  0.80E+00 at (23,13,13)
       Mesh    2
       Max CFL number:  0.75E+00 at (6,5,3)
       Max divergence:  0.58E+01 at (8,4,41)
       Min divergence: -0.70E+01 at (8,5,41)
       Max VN number :  0.20E+00 at (5,7,10)
 
       Time Step    22700   September 24, 2026  09:37:14
       Step Size:  0.273E-02 s, Total Time:   62.48251 s
       Pressure Iterations: 4
       Maximum Velocity Error:  0.83E-02 on Mesh 1 at (25,13,15)
       Maximum Pressure Error:  0.19E+04 on Mesh 2 at (6,4,21)
       Maximum CFL Number    :  0.81E+00 on Mesh 1 at (26,15,12)
       Maximum VN Number     :  0.85E+00 on Mesh 1 at (25,16,13)
       ---------------------------------------------------------------
       Mesh    1
       Max CFL number:  0.81E+00 at (26,15,12)
       Max divergence:  0.22E+02 at (21,33,2)
       Min divergence: -0.46E+01 at (26,15,12)
       Max VN number :  0.85E+00 at (25,16,13)
       Mesh    2
       Max CFL number:  0.77E+00 at (6,5,2)
       Max divergence:  0.67E+01 at (5,5,40)
       Min divergence: -0.62E+01 at (7,4,41)
       Max VN number :  0.17E+00 at (5,7,5)
 
       Time Step    22800   September 24, 2026  09:37:24
       Step Size:  0.290E-02 s, Total Time:   62.75159 s
       Pressure Iterations: 4
       Maximum Velocity Error:  0.90E-02 on Mesh 1 at (24,14,15)
       Maximum Pressure Error:  0.25E+04 on Mesh 2 at (7,4,9)
       Maximum CFL Number    :  0.85E+00 on Mesh 1 at (25,15,12)
       Maximum VN Number     :  0.83E+00 on Mesh 1 at (26,13,13)
       ---------------------------------------------------------------
       Mesh    1
       Max CFL number:  0.85E+00 at (25,15,12)
       Max divergence:  0.19E+02 at (20,36,2)
       Min divergence: -0.51E+01 at (26,15,13)
       Max VN number :  0.83E+00 at (26,13,13)
       Mesh    2
       Max CFL number:  0.83E+00 at (6,5,3)
       Max divergence:  0.59E+01 at (5,5,40)
       Min divergence: -0.63E+01 at (8,8,41)
       Max VN number :  0.20E+00 at (5,6,9)
 
       Time Step    22900   September 24, 2026  09:37:36
       Step Size:  0.274E-02 s, Total Time:   63.02835 s
       Pressure Iterations: 5
       Maximum Velocity Error:  0.76E-02 on Mesh 2 at (5,5,0)
       Maximum Pressure Error:  0.23E+04 on Mesh 2 at (6,4,25)
       Maximum CFL Number    :  0.81E+00 on Mesh 1 at (26,15,12)
       Maximum VN Number     :  0.78E+00 on Mesh 1 at (25,16,13)
       ---------------------------------------------------------------
       Mesh    1
       Max CFL number:  0.81E+00 at (26,15,12)
       Max divergence:  0.18E+02 at (21,33,2)
       Min divergence: -0.52E+01 at (26,13,10)
       Max VN number :  0.78E+00 at (25,16,13)
       Mesh    2
       Max CFL number:  0.75E+00 at (6,5,1)
       Max divergence:  0.60E+01 at (4,8,41)
       Min divergence: -0.75E+01 at (4,6,41)
       Max VN number :  0.18E+00 at (6,4,41)
 
       Time Step    23000   September 24, 2026  09:37:47
       Step Size:  0.261E-02 s, Total Time:   63.30884 s
       Pressure Iterations: 4
       Maximum Velocity Error:  0.87E-02 on Mesh 1 at (25,13,15)
       Maximum Pressure Error:  0.15E+04 on Mesh 2 at (8,5,16)
       Maximum CFL Number    :  0.80E+00 on Mesh 1 at (25,15,12)
       Maximum VN Number     :  0.95E+00 on Mesh 1 at (25,16,13)
       ---------------------------------------------------------------
       Mesh    1
       Max CFL number:  0.80E+00 at (25,15,12)
       Max divergence:  0.16E+02 at (19,36,2)
       Min divergence: -0.40E+01 at (26,14,12)
       Max VN number :  0.95E+00 at (25,16,13)
       Mesh    2
       Max CFL number:  0.72E+00 at (6,6,1)
       Max divergence:  0.55E+01 at (4,8,43)
       Min divergence: -0.75E+01 at (8,5,41)
       Max VN number :  0.15E+00 at (6,9,41)
 
       Time Step    23100   September 24, 2026  09:37:57
       Step Size:  0.268E-02 s, Total Time:   63.58072 s
       Pressure Iterations: 4
       Maximum Velocity Error:  0.79E-02 on Mesh 1 at (24,14,15)
       Maximum Pressure Error:  0.18E+04 on Mesh 2 at (8,6,21)
       Maximum CFL Number    :  0.82E+00 on Mesh 1 at (23,14,12)
       Maximum VN Number     :  0.75E+00 on Mesh 1 at (25,16,13)
       ---------------------------------------------------------------
       Mesh    1
       Max CFL number:  0.82E+00 at (23,14,12)
       Max divergence:  0.19E+02 at (21,33,2)
       Min divergence: -0.70E+01 at (26,15,13)
       Max VN number :  0.75E+00 at (25,16,13)
       Mesh    2
       Max CFL number:  0.74E+00 at (6,6,1)
       Max divergence:  0.63E+01 at (8,4,41)
       Min divergence: -0.73E+01 at (5,5,41)
       Max VN number :  0.18E+00 at (5,7,12)
 
       Time Step    23200   September 24, 2026  09:38:09
       Step Size:  0.253E-02 s, Total Time:   63.85170 s
       Pressure Iterations: 5
       Maximum Velocity Error:  0.57E-02 on Mesh 1 at (26,14,15)
       Maximum Pressure Error:  0.11E+04 on Mesh 2 at (5,4,19)
       Maximum CFL Number    :  0.79E+00 on Mesh 1 at (23,15,12)
       Maximum VN Number     :  0.90E+00 on Mesh 1 at (25,16,13)
       ---------------------------------------------------------------
       Mesh    1
       Max CFL number:  0.79E+00 at (23,15,12)
       Max divergence:  0.19E+02 at (19,36,2)
       Min divergence: -0.47E+01 at (23,16,12)
       Max VN number :  0.90E+00 at (25,16,13)
       Mesh    2
       Max CFL number:  0.73E+00 at (6,6,1)
       Max divergence:  0.61E+01 at (5,5,43)
       Min divergence: -0.61E+01 at (5,5,41)
       Max VN number :  0.17E+00 at (7,7,8)
 
       Time Step    23300   September 24, 2026  09:38:20
       Step Size:  0.275E-02 s, Total Time:   64.12271 s
       Pressure Iterations: 5
       Maximum Velocity Error:  0.12E-01 on Mesh 1 at (24,14,15)
       Maximum Pressure Error:  0.16E+04 on Mesh 2 at (6,4,4)
       Maximum CFL Number    :  0.83E+00 on Mesh 1 at (25,15,12)
       Maximum VN Number     :  0.71E+00 on Mesh 1 at (26,13,10)
       ---------------------------------------------------------------
       Mesh    1
       Max CFL number:  0.83E+00 at (25,15,12)
       Max divergence:  0.19E+02 at (20,37,2)
       Min divergence: -0.72E+01 at (26,16,12)
       Max VN number :  0.71E+00 at (26,13,10)
       Mesh    2
       Max CFL number:  0.76E+00 at (6,5,5)
       Max divergence:  0.60E+01 at (4,8,41)
       Min divergence: -0.71E+01 at (4,7,41)
       Max VN number :  0.17E+00 at (6,8,10)
 
       Time Step    23400   September 24, 2026  09:38:31
       Step Size:  0.289E-02 s, Total Time:   64.39635 s
       Pressure Iterations: 4
       Maximum Velocity Error:  0.12E-01 on Mesh 1 at (24,14,15)
       Maximum Pressure Error:  0.15E+04 on Mesh 2 at (8,6,36)
       Maximum CFL Number    :  0.92E+00 on Mesh 1 at (26,15,12)
       Maximum VN Number     :  0.94E+00 on Mesh 1 at (25,16,13)
       ---------------------------------------------------------------
       Mesh    1
       Max CFL number:  0.92E+00 at (26,15,12)
       Max divergence:  0.17E+02 at (19,36,2)
       Min divergence: -0.63E+01 at (26,16,13)
       Max VN number :  0.94E+00 at (25,16,13)
       Mesh    2
       Max CFL number:  0.77E+00 at (6,5,5)
       Max divergence:  0.62E+01 at (5,5,42)
       Min divergence: -0.67E+01 at (5,5,41)
       Max VN number :  0.17E+00 at (5,7,4)
 
       Time Step    23500   September 24, 2026  09:38:41
       Step Size:  0.266E-02 s, Total Time:   64.66712 s
       Pressure Iterations: 4
       Maximum Velocity Error:  0.74E-02 on Mesh 1 at (23,15,15)
       Maximum Pressure Error:  0.18E+04 on Mesh 2 at (8,5,25)
       Maximum CFL Number    :  0.80E+00 on Mesh 1 at (23,14,12)
       Maximum VN Number     :  0.83E+00 on Mesh 1 at (25,16,13)
       ---------------------------------------------------------------
       Mesh    1
       Max CFL number:  0.80E+00 at (23,14,12)
       Max divergence:  0.17E+02 at (24,33,2)
       Min divergence: -0.40E+01 at (26,15,12)
       Max VN number :  0.83E+00 at (25,16,13)
       Mesh    2
       Max CFL number:  0.72E+00 at (6,6,1)
       Max divergence:  0.54E+01 at (5,5,40)
       Min divergence: -0.71E+01 at (7,4,41)
       Max VN number :  0.16E+00 at (6,9,41)
 
       Time Step    23600   September 24, 2026  09:38:52
       Step Size:  0.289E-02 s, Total Time:   64.95119 s
       Pressure Iterations: 4
       Maximum Velocity Error:  0.87E-02 on Mesh 1 at (25,13,15)
       Maximum Pressure Error:  0.27E+04 on Mesh 2 at (8,5,17)
       Maximum CFL Number    :  0.86E+00 on Mesh 1 at (23,14,12)
       Maximum VN Number     :  0.85E+00 on Mesh 1 at (22,15,13)
       ---------------------------------------------------------------
       Mesh    1
       Max CFL number:  0.86E+00 at (23,14,12)
       Max divergence:  0.18E+02 at (24,33,2)
       Min divergence: -0.62E+01 at (25,16,12)
       Max VN number :  0.85E+00 at (22,15,13)
       Mesh    2
       Max CFL number:  0.82E+00 at (6,5,3)
       Max divergence:  0.49E+01 at (4,8,41)
       Min divergence: -0.73E+01 at (8,5,41)
       Max VN number :  0.17E+00 at (6,7,5)
 
       Time Step    23700   September 24, 2026  09:39:03
       Step Size:  0.278E-02 s, Total Time:   65.22937 s
       Pressure Iterations: 4
       Maximum Velocity Error:  0.11E-01 on Mesh 2 at (6,5,0)
       Maximum Pressure Error:  0.22E+04 on Mesh 2 at (6,4,9)
       Maximum CFL Number    :  0.82E+00 on Mesh 1 at (23,14,12)
       Maximum VN Number     :  0.83E+00 on Mesh 1 at (24,16,13)
       ---------------------------------------------------------------
       Mesh    1
       Max CFL number:  0.82E+00 at (23,14,12)
       Max divergence:  0.19E+02 at (29,33,2)
       Min divergence: -0.61E+01 at (26,16,12)
       Max VN number :  0.83E+00 at (24,16,13)
       Mesh    2
       Max CFL number:  0.78E+00 at (6,5,4)
       Max divergence:  0.46E+01 at (4,5,41)
       Min divergence: -0.76E+01 at (5,5,41)
       Max VN number :  0.41E+00 at (8,7,3)
 
       Time Step    23800   September 24, 2026  09:39:14
       Step Size:  0.274E-02 s, Total Time:   65.51336 s
       Pressure Iterations: 5
       Maximum Velocity Error:  0.93E-02 on Mesh 1 at (23,13,15)
       Maximum Pressure Error:  0.15E+04 on Mesh 2 at (6,4,2)
       Maximum CFL Number    :  0.83E+00 on Mesh 1 at (26,15,12)
       Maximum VN Number     :  0.81E+00 on Mesh 1 at (25,16,13)
       ---------------------------------------------------------------
       Mesh    1
       Max CFL number:  0.83E+00 at (26,15,12)
       Max divergence:  0.18E+02 at (22,36,3)
       Min divergence: -0.55E+01 at (26,15,12)
       Max VN number :  0.81E+00 at (25,16,13)
       Mesh    2
       Max CFL number:  0.81E+00 at (6,5,3)
       Max divergence:  0.65E+01 at (8,4,41)
       Min divergence: -0.72E+01 at (8,5,41)
       Max VN number :  0.19E+00 at (6,5,3)
 
       Time Step    23900   September 24, 2026  09:39:26
       Step Size:  0.309E-02 s, Total Time:   65.79023 s
       Pressure Iterations: 5
       Maximum Velocity Error:  0.86E-02 on Mesh 1 at (23,13,15)
       Maximum Pressure Error:  0.25E+04 on Mesh 2 at (6,8,19)
       Maximum CFL Number    :  0.88E+00 on Mesh 1 at (25,14,12)
       Maximum VN Number     :  0.83E+00 on Mesh 1 at (24,16,13)
       ---------------------------------------------------------------
       Mesh    1
       Max CFL number:  0.88E+00 at (25,14,12)
       Max divergence:  0.18E+02 at (28,37,2)
       Min divergence: -0.28E+01 at (22,14,12)
       Max VN number :  0.83E+00 at (24,16,13)
       Mesh    2
       Max CFL number:  0.85E+00 at (6,5,1)
       Max divergence:  0.59E+01 at (8,4,41)
       Min divergence: -0.72E+01 at (8,8,41)
       Max VN number :  0.20E+00 at (5,5,41)
 
       Time Step    24000   September 24, 2026  09:39:36
       Step Size:  0.280E-02 s, Total Time:   66.07365 s
       Pressure Iterations: 4
       Maximum Velocity Error:  0.93E-02 on Mesh 1 at (24,12,15)
       Maximum Pressure Error:  0.21E+04 on Mesh 2 at (8,5,6)
       Maximum CFL Number    :  0.84E+00 on Mesh 1 at (25,15,12)
       Maximum VN Number     :  0.88E+00 on Mesh 1 at (26,13,13)
       ---------------------------------------------------------------
       Mesh    1
       Max CFL number:  0.84E+00 at (25,15,12)
       Max divergence:  0.17E+02 at (19,35,2)
       Min divergence: -0.38E+01 at (19,35,9)
       Max VN number :  0.88E+00 at (26,13,13)
       Mesh    2
       Max CFL number:  0.79E+00 at (6,5,1)
       Max divergence:  0.47E+01 at (4,8,41)
       Min divergence: -0.71E+01 at (8,5,41)
       Max VN number :  0.18E+00 at (6,5,13)
 
       Time Step    24100   September 24, 2026  09:39:48
       Step Size:  0.288E-02 s, Total Time:   66.35592 s
       Pressure Iterations: 5
       Maximum Velocity Error:  0.67E-02 on Mesh 2 at (4,6,0)
       Maximum Pressure Error:  0.22E+04 on Mesh 2 at (8,5,19)
       Maximum CFL Number    :  0.87E+00 on Mesh 1 at (23,14,12)
       Maximum VN Number     :  0.83E+00 on Mesh 1 at (22,15,13)
       ---------------------------------------------------------------
       Mesh    1
       Max CFL number:  0.87E+00 at (23,14,12)
       Max divergence:  0.20E+02 at (19,35,2)
       Min divergence: -0.41E+01 at (25,16,12)
       Max VN number :  0.83E+00 at (22,15,13)
       Mesh    2
       Max CFL number:  0.77E+00 at (6,6,1)
       Max divergence:  0.72E+01 at (8,4,41)
       Min divergence: -0.83E+01 at (7,4,41)
       Max VN number :  0.19E+00 at (7,7,6)
 
       Time Step    24200   September 24, 2026  09:40:00
       Step Size:  0.255E-02 s, Total Time:   66.63638 s
       Pressure Iterations: 4
       Maximum Velocity Error:  0.11E-01 on Mesh 1 at (25,14,15)
       Maximum Pressure Error:  0.24E+04 on Mesh 2 at (6,8,28)
       Maximum CFL Number    :  0.77E+00 on Mesh 1 at (23,14,12)
       Maximum VN Number     :  0.81E+00 on Mesh 1 at (25,16,13)
       ---------------------------------------------------------------
       Mesh    1
       Max CFL number:  0.77E+00 at (23,14,12)
       Max divergence:  0.18E+02 at (19,37,2)
       Min divergence: -0.38E+01 at (23,14,12)
       Max VN number :  0.81E+00 at (25,16,13)
       Mesh    2
       Max CFL number:  0.71E+00 at (6,5,4)
       Max divergence:  0.57E+01 at (8,4,41)
       Min divergence: -0.58E+01 at (6,4,41)
       Max VN number :  0.15E+00 at (9,7,41)
 
       Time Step    24300   September 24, 2026  09:40:11
       Step Size:  0.273E-02 s, Total Time:   66.92045 s
       Pressure Iterations: 4
       Maximum Velocity Error:  0.78E-02 on Mesh 2 at (7,5,0)
       Maximum Pressure Error:  0.15E+04 on Mesh 2 at (6,4,12)
       Maximum CFL Number    :  0.82E+00 on Mesh 1 at (25,15,12)
       Maximum VN Number     :  0.89E+00 on Mesh 1 at (25,16,13)
       ---------------------------------------------------------------
       Mesh    1
       Max CFL number:  0.82E+00 at (25,15,12)
       Max divergence:  0.16E+02 at (26,33,2)
       Min divergence: -0.46E+01 at (26,14,13)
       Max VN number :  0.89E+00 at (25,16,13)
       Mesh    2
       Max CFL number:  0.74E+00 at (6,6,1)
       Max divergence:  0.62E+01 at (8,4,41)
       Min divergence: -0.58E+01 at (7,4,41)
       Max VN number :  0.20E+00 at (8,8,1)
 
       Time Step    24400   September 24, 2026  09:40:21
       Step Size:  0.275E-02 s, Total Time:   67.19189 s
       Pressure Iterations: 4
       Maximum Velocity Error:  0.84E-02 on Mesh 2 at (6,5,0)
       Maximum Pressure Error:  0.20E+04 on Mesh 2 at (8,5,16)
       Maximum CFL Number    :  0.81E+00 on Mesh 2 at (6,5,4)
       Maximum VN Number     :  0.87E+00 on Mesh 1 at (23,13,13)
       ---------------------------------------------------------------
       Mesh    1
       Max CFL number:  0.80E+00 at (23,14,12)
       Max divergence:  0.18E+02 at (20,37,2)
       Min divergence: -0.58E+01 at (26,15,13)
       Max VN number :  0.87E+00 at (23,13,13)
       Mesh    2
       Max CFL number:  0.81E+00 at (6,5,4)
       Max divergence:  0.53E+01 at (4,8,41)
       Min divergence: -0.81E+01 at (8,5,41)
       Max VN number :  0.18E+00 at (6,5,3)
 
       Time Step    24500   September 24, 2026  09:40:32
       Step Size:  0.264E-02 s, Total Time:   67.45935 s
       Pressure Iterations: 4
       Maximum Velocity Error:  0.67E-02 on Mesh 1 at (26,14,15)
       Maximum Pressure Error:  0.15E+04 on Mesh 2 at (6,4,26)
       Maximum CFL Number    :  0.81E+00 on Mesh 1 at (25,15,12)
       Maximum VN Number     :  0.83E+00 on Mesh 1 at (25,16,13)
       ---------------------------------------------------------------
       Mesh    1
       Max CFL number:  0.81E+00 at (25,15,12)
       Max divergence:  0.16E+02 at (22,33,2)
       Min divergence: -0.35E+01 at (25,15,13)
       Max VN number :  0.83E+00 at (25,16,13)
       Mesh    2
       Max CFL number:  0.73E+00 at (6,6,1)
       Max divergence:  0.50E+01 at (4,8,41)
       Min divergence: -0.81E+01 at (6,4,41)
       Max VN number :  0.22E+00 at (7,8,11)
 
       Time Step    24600   September 24, 2026  09:40:43
       Step Size:  0.278E-02 s, Total Time:   67.73831 s
       Pressure Iterations: 4
       Maximum Velocity Error:  0.12E-01 on Mesh 1 at (25,13,15)
       Maximum Pressure Error:  0.23E+04 on Mesh 2 at (8,5,10)
       Maximum CFL Number    :  0.85E+00 on Mesh 1 at (23,14,12)
       Maximum VN Number     :  0.97E+00 on Mesh 1 at (25,16,13)
       ---------------------------------------------------------------
       Mesh    1
       Max CFL number:  0.85E+00 at (23,14,12)
       Max divergence:  0.17E+02 at (23,33,2)
       Min divergence: -0.49E+01 at (26,16,13)
       Max VN number :  0.97E+00 at (25,16,13)
       Mesh    2
       Max CFL number:  0.75E+00 at (6,5,3)
       Max divergence:  0.47E+01 at (5,4,41)
       Min divergence: -0.75E+01 at (5,5,41)
       Max VN number :  0.18E+00 at (6,8,40)
 
       Time Step    24700   September 24, 2026  09:40:55
       Step Size:  0.293E-02 s, Total Time:   68.01317 s
       Pressure Iterations: 6
       Maximum Velocity Error:  0.69E-02 on Mesh 1 at (24,13,15)
       Maximum Pressure Error:  0.30E+04 on Mesh 2 at (6,4,6)
       Maximum CFL Number    :  0.86E+00 on Mesh 1 at (23,14,12)
       Maximum VN Number     :  0.99E+00 on Mesh 1 at (26,14,13)
       ---------------------------------------------------------------
       Mesh    1
       Max CFL number:  0.86E+00 at (23,14,12)
       Max divergence:  0.17E+02 at (22,33,2)
       Min divergence: -0.70E+01 at (26,16,12)
       Max VN number :  0.99E+00 at (26,14,13)
       Mesh    2
       Max CFL number:  0.82E+00 at (6,5,2)
       Max divergence:  0.39E+01 at (4,8,41)
       Min divergence: -0.73E+01 at (7,4,41)
       Max VN number :  0.20E+00 at (5,7,6)
 
       Time Step    24800   September 24, 2026  09:41:06
       Step Size:  0.275E-02 s, Total Time:   68.28805 s
       Pressure Iterations: 4
       Maximum Velocity Error:  0.79E-02 on Mesh 2 at (8,6,0)
       Maximum Pressure Error:  0.21E+04 on Mesh 2 at (7,4,4)
       Maximum CFL Number    :  0.81E+00 on Mesh 1 at (23,14,12)
       Maximum VN Number     :  0.82E+00 on Mesh 1 at (24,16,13)
       ---------------------------------------------------------------
       Mesh    1
       Max CFL number:  0.81E+00 at (23,14,12)
       Max divergence:  0.18E+02 at (22,36,3)
       Min divergence: -0.75E+01 at (25,16,12)
       Max VN number :  0.82E+00 at (24,16,13)
       Mesh    2
       Max CFL number:  0.78E+00 at (6,5,2)
       Max divergence:  0.45E+01 at (5,4,41)
       Min divergence: -0.54E+01 at (8,8,41)
       Max VN number :  0.20E+00 at (5,6,22)
 
       Time Step    24900   September 24, 2026  09:41:17
       Step Size:  0.261E-02 s, Total Time:   68.56198 s
       Pressure Iterations: 4
       Maximum Velocity Error:  0.83E-02 on Mesh 1 at (25,13,15)
       Maximum Pressure Error:  0.22E+04 on Mesh 2 at (6,4,3)
       Maximum CFL Number    :  0.75E+00 on Mesh 1 at (23,15,12)
       Maximum VN Number     :  0.86E+00 on Mesh 1 at (22,14,13)
       ---------------------------------------------------------------
       Mesh    1
       Max CFL number:  0.75E+00 at (23,15,12)
       Max divergence:  0.18E+02 at (20,37,2)
       Min divergence: -0.28E+01 at (25,13,12)
       Max VN number :  0.86E+00 at (22,14,13)
       Mesh    2
       Max CFL number:  0.71E+00 at (6,5,3)
       Max divergence:  0.50E+01 at (6,9,41)
       Min divergence: -0.76E+01 at (7,4,41)
       Max VN number :  0.19E+00 at (4,7,7)
 
       Time Step    25000   September 24, 2026  09:41:28
       Step Size:  0.273E-02 s, Total Time:   68.84200 s
       Pressure Iterations: 4
       Maximum Velocity Error:  0.12E-01 on Mesh 1 at (23,14,15)
       Maximum Pressure Error:  0.19E+04 on Mesh 2 at (6,8,15)
       Maximum CFL Number    :  0.82E+00 on Mesh 1 at (23,14,12)
       Maximum VN Number     :  0.83E+00 on Mesh 1 at (26,15,13)
       ---------------------------------------------------------------
       Mesh    1
       Max CFL number:  0.82E+00 at (23,14,12)
       Max divergence:  0.19E+02 at (21,35,3)
       Min divergence: -0.45E+01 at (19,33,7)
       Max VN number :  0.83E+00 at (26,15,13)
       Mesh    2
       Max CFL number:  0.78E+00 at (6,5,5)
       Max divergence:  0.51E+01 at (5,5,41)
       Min divergence: -0.80E+01 at (4,6,41)
       Max VN number :  0.17E+00 at (7,8,8)
 
       Time Step    25100   September 24, 2026  09:41:39
       Step Size:  0.281E-02 s, Total Time:   69.11706 s
       Pressure Iterations: 4
       Maximum Velocity Error:  0.12E-01 on Mesh 1 at (24,13,15)
       Maximum Pressure Error:  0.20E+04 on Mesh 2 at (8,5,21)
       Maximum CFL Number    :  0.82E+00 on Mesh 1 at (23,14,12)
       Maximum VN Number     :  0.84E+00 on Mesh 1 at (25,16,13)
       ---------------------------------------------------------------
       Mesh    1
       Max CFL number:  0.82E+00 at (23,14,12)
       Max divergence:  0.19E+02 at (19,33,2)
       Min divergence: -0.41E+01 at (26,16,12)
       Max VN number :  0.84E+00 at (25,16,13)
       Mesh    2
       Max CFL number:  0.79E+00 at (6,5,1)
       Max divergence:  0.67E+01 at (5,5,42)
       Min divergence: -0.67E+01 at (8,5,41)
       Max VN number :  0.19E+00 at (6,8,14)
 
       Time Step    25200   September 24, 2026  09:41:50
       Step Size:  0.281E-02 s, Total Time:   69.39770 s
       Pressure Iterations: 4
       Maximum Velocity Error:  0.11E-01 on Mesh 1 at (25,13,15)
       Maximum Pressure Error:  0.21E+04 on Mesh 2 at (6,4,8)
       Maximum CFL Number    :  0.87E+00 on Mesh 1 at (23,14,12)
       Maximum VN Number     :  0.96E+00 on Mesh 1 at (25,16,13)
       ---------------------------------------------------------------
       Mesh    1
       Max CFL number:  0.87E+00 at (23,14,12)
       Max divergence:  0.17E+02 at (29,35,2)
       Min divergence: -0.45E+01 at (23,14,12)
       Max VN number :  0.96E+00 at (25,16,13)
       Mesh    2
       Max CFL number:  0.79E+00 at (6,6,2)
       Max divergence:  0.46E+01 at (6,9,41)
       Min divergence: -0.73E+01 at (5,5,41)
       Max VN number :  0.35E+00 at (8,7,3)
 
       Time Step    25300   September 24, 2026  09:42:01
       Step Size:  0.280E-02 s, Total Time:   69.67163 s
       Pressure Iterations: 3
       Maximum Velocity Error:  0.91E-02 on Mesh 1 at (23,13,15)
       Maximum Pressure Error:  0.18E+04 on Mesh 2 at (8,6,22)
       Maximum CFL Number    :  0.84E+00 on Mesh 1 at (25,15,12)
       Maximum VN Number     :  0.81E+00 on Mesh 1 at (25,16,13)
       ---------------------------------------------------------------
       Mesh    1
       Max CFL number:  0.84E+00 at (25,15,12)
       Max divergence:  0.17E+02 at (29,37,2)
       Min divergence: -0.50E+01 at (26,16,12)
       Max VN number :  0.81E+00 at (25,16,13)
       Mesh    2
       Max CFL number:  0.78E+00 at (6,5,6)
       Max divergence:  0.57E+01 at (4,8,44)
       Min divergence: -0.62E+01 at (5,5,41)
       Max VN number :  0.21E+00 at (5,7,6)
 
       Time Step    25400   September 24, 2026  09:42:13
       Step Size:  0.281E-02 s, Total Time:   69.95124 s
       Pressure Iterations: 5
       Maximum Velocity Error:  0.91E-02 on Mesh 1 at (26,13,15)
       Maximum Pressure Error:  0.16E+04 on Mesh 2 at (6,4,3)
       Maximum CFL Number    :  0.84E+00 on Mesh 1 at (23,14,12)
       Maximum VN Number     :  0.86E+00 on Mesh 1 at (26,15,13)
       ---------------------------------------------------------------
       Mesh    1
       Max CFL number:  0.84E+00 at (23,14,12)
       Max divergence:  0.17E+02 at (21,33,2)
       Min divergence: -0.70E+01 at (26,15,13)
       Max VN number :  0.86E+00 at (26,15,13)
       Mesh    2
       Max CFL number:  0.78E+00 at (6,5,1)
       Max divergence:  0.75E+01 at (5,5,40)
       Min divergence: -0.68E+01 at (7,4,41)
       Max VN number :  0.17E+00 at (7,5,2)
 
       Time Step    25500   September 24, 2026  09:42:24
       Step Size:  0.284E-02 s, Total Time:   70.22220 s
       Pressure Iterations: 4
       Maximum Velocity Error:  0.64E-02 on Mesh 1 at (25,12,15)
       Maximum Pressure Error:  0.20E+04 on Mesh 2 at (6,4,7)
       Maximum CFL Number    :  0.84E+00 on Mesh 1 at (26,15,12)
       Maximum VN Number     :  0.78E+00 on Mesh 1 at (26,13,13)
       ---------------------------------------------------------------
       Mesh    1
       Max CFL number:  0.84E+00 at (26,15,12)
       Max divergence:  0.18E+02 at (28,33,2)
       Min divergence: -0.49E+01 at (26,15,12)
       Max VN number :  0.78E+00 at (26,13,13)
       Mesh    2
       Max CFL number:  0.79E+00 at (6,5,2)
       Max divergence:  0.73E+01 at (5,5,40)
       Min divergence: -0.65E+01 at (4,7,41)
       Max VN number :  0.19E+00 at (9,6,41)
 
       Time Step    25600   September 24, 2026  09:42:34
       Step Size:  0.289E-02 s, Total Time:   70.49551 s
       Pressure Iterations: 4
       Maximum Velocity Error:  0.12E-01 on Mesh 1 at (25,15,15)
       Maximum Pressure Error:  0.17E+04 on Mesh 2 at (5,4,17)
       Maximum CFL Number    :  0.88E+00 on Mesh 1 at (25,15,12)
       Maximum VN Number     :  0.85E+00 on Mesh 1 at (24,16,13)
       ---------------------------------------------------------------
       Mesh    1
       Max CFL number:  0.88E+00 at (25,15,12)
       Max divergence:  0.17E+02 at (19,35,2)
       Min divergence: -0.60E+01 at (26,13,10)
       Max VN number :  0.85E+00 at (24,16,13)
       Mesh    2
       Max CFL number:  0.78E+00 at (6,5,1)
       Max divergence:  0.53E+01 at (5,4,41)
       Min divergence: -0.83E+01 at (6,4,41)
       Max VN number :  0.28E+00 at (8,6,1)
 
       Time Step    25700   September 24, 2026  09:42:46
       Step Size:  0.264E-02 s, Total Time:   70.76782 s
       Pressure Iterations: 6
       Maximum Velocity Error:  0.65E-02 on Mesh 1 at (23,14,15)
       Maximum Pressure Error:  0.23E+04 on Mesh 2 at (6,4,3)
       Maximum CFL Number    :  0.86E+00 on Mesh 1 at (25,14,12)
       Maximum VN Number     :  0.72E+00 on Mesh 1 at (22,15,13)
       ---------------------------------------------------------------
       Mesh    1
       Max CFL number:  0.86E+00 at (25,14,12)
       Max divergence:  0.16E+02 at (22,33,2)
       Min divergence: -0.41E+01 at (26,14,13)
       Max VN number :  0.72E+00 at (22,15,13)
       Mesh    2
       Max CFL number:  0.76E+00 at (6,5,4)
       Max divergence:  0.51E+01 at (4,8,41)
       Min divergence: -0.73E+01 at (8,8,41)
       Max VN number :  0.25E+00 at (8,8,1)
 
       Time Step    25800   September 24, 2026  09:42:57
       Step Size:  0.237E-02 s, Total Time:   71.02255 s
       Pressure Iterations: 4
       Maximum Velocity Error:  0.56E-02 on Mesh 1 at (24,13,15)
       Maximum Pressure Error:  0.21E+04 on Mesh 2 at (6,4,8)
       Maximum CFL Number    :  0.76E+00 on Mesh 1 at (25,15,12)
       Maximum VN Number     :  0.84E+00 on Mesh 1 at (25,16,13)
       ---------------------------------------------------------------
       Mesh    1
       Max CFL number:  0.76E+00 at (25,15,12)
       Max divergence:  0.16E+02 at (29,33,2)
       Min divergence: -0.63E+01 at (25,15,13)
       Max VN number :  0.84E+00 at (25,16,13)
       Mesh    2
       Max CFL number:  0.69E+00 at (6,5,6)
       Max divergence:  0.64E+01 at (5,5,42)
       Min divergence: -0.64E+01 at (4,6,42)
       Max VN number :  0.19E+00 at (8,7,5)
 
       Time Step    25900   September 24, 2026  09:43:09
       Step Size:  0.255E-02 s, Total Time:   71.28156 s
       Pressure Iterations: 4
       Maximum Velocity Error:  0.91E-02 on Mesh 1 at (24,12,15)
       Maximum Pressure Error:  0.14E+04 on Mesh 2 at (8,5,16)
       Maximum CFL Number    :  0.78E+00 on Mesh 1 at (26,15,12)
       Maximum VN Number     :  0.91E+00 on Mesh 1 at (25,16,13)
       ---------------------------------------------------------------
       Mesh    1
       Max CFL number:  0.78E+00 at (26,15,12)
       Max divergence:  0.18E+02 at (29,33,2)
       Min divergence: -0.73E+01 at (26,16,12)
       Max VN number :  0.91E+00 at (25,16,13)
       Mesh    2
       Max CFL number:  0.73E+00 at (6,5,3)
       Max divergence:  0.51E+01 at (5,5,40)
       Min divergence: -0.70E+01 at (6,4,41)
       Max VN number :  0.15E+00 at (5,6,26)
 
       Time Step    26000   September 24, 2026  09:43:20
       Step Size:  0.263E-02 s, Total Time:   71.54387 s
       Pressure Iterations: 4
       Maximum Velocity Error:  0.12E-01 on Mesh 1 at (25,14,15)
       Maximum Pressure Error:  0.15E+04 on Mesh 2 at (6,8,15)
       Maximum CFL Number    :  0.81E+00 on Mesh 1 at (23,14,12)
       Maximum VN Number     :  0.73E+00 on Mesh 1 at (26,14,13)
       ---------------------------------------------------------------
       Mesh    1
       Max CFL number:  0.81E+00 at (23,14,12)
       Max divergence:  0.18E+02 at (28,32,2)
       Min divergence: -0.64E+01 at (26,15,13)
       Max VN number :  0.73E+00 at (26,14,13)
       Mesh    2
       Max CFL number:  0.75E+00 at (6,5,2)
       Max divergence:  0.54E+01 at (8,4,41)
       Min divergence: -0.87E+01 at (6,4,41)
       Max VN number :  0.17E+00 at (7,7,9)
 
       Time Step    26100   September 24, 2026  09:43:31
       Step Size:  0.263E-02 s, Total Time:   71.80700 s
       Pressure Iterations: 5
       Maximum Velocity Error:  0.86E-02 on Mesh 1 at (23,15,15)
       Maximum Pressure Error:  0.18E+04 on Mesh 2 at (6,8,20)
       Maximum CFL Number    :  0.83E+00 on Mesh 1 at (25,15,12)
       Maximum VN Number     :  0.72E+00 on Mesh 1 at (24,16,13)
       ---------------------------------------------------------------
       Mesh    1
       Max CFL number:  0.83E+00 at (25,15,12)
       Max divergence:  0.17E+02 at (28,33,2)
       Min divergence: -0.59E+01 at (26,16,12)
       Max VN number :  0.72E+00 at (24,16,13)
       Mesh    2
       Max CFL number:  0.73E+00 at (6,6,1)
       Max divergence:  0.57E+01 at (4,5,40)
       Min divergence: -0.62E+01 at (4,6,41)
       Max VN number :  0.19E+00 at (5,5,42)
 
       Time Step    26200   September 24, 2026  09:43:42
       Step Size:  0.254E-02 s, Total Time:   72.07154 s
       Pressure Iterations: 4
       Maximum Velocity Error:  0.94E-02 on Mesh 1 at (24,13,15)
       Maximum Pressure Error:  0.20E+04 on Mesh 2 at (6,9,13)
       Maximum CFL Number    :  0.77E+00 on Mesh 1 at (23,14,12)
       Maximum VN Number     :  0.91E+00 on Mesh 1 at (25,16,13)
       ---------------------------------------------------------------
       Mesh    1
       Max CFL number:  0.77E+00 at (23,14,12)
       Max divergence:  0.17E+02 at (25,33,2)
       Min divergence: -0.64E+01 at (26,16,12)
       Max VN number :  0.91E+00 at (25,16,13)
       Mesh    2
       Max CFL number:  0.69E+00 at (6,8,14)
       Max divergence:  0.58E+01 at (8,4,41)
       Min divergence: -0.63E+01 at (8,8,41)
       Max VN number :  0.27E+00 at (8,8,1)
 
       Time Step    26300   September 24, 2026  09:43:53
       Step Size:  0.265E-02 s, Total Time:   72.33634 s
       Pressure Iterations: 5
       Maximum Velocity Error:  0.94E-02 on Mesh 1 at (24,14,15)
       Maximum Pressure Error:  0.21E+04 on Mesh 2 at (6,4,4)
       Maximum CFL Number    :  0.82E+00 on Mesh 1 at (23,14,12)
       Maximum VN Number     :  0.75E+00 on Mesh 1 at (26,15,13)
       ---------------------------------------------------------------
       Mesh    1
       Max CFL number:  0.82E+00 at (23,14,12)
       Max divergence:  0.17E+02 at (21,33,2)
       Min divergence: -0.67E+01 at (26,16,12)
       Max VN number :  0.75E+00 at (26,15,13)
       Mesh    2
       Max CFL number:  0.76E+00 at (6,5,1)
       Max divergence:  0.48E+01 at (8,4,41)
       Min divergence: -0.56E+01 at (5,5,41)
       Max VN number :  0.19E+00 at (9,6,41)
 
       Time Step    26400   September 24, 2026  09:44:06
       Step Size:  0.274E-02 s, Total Time:   72.60721 s
       Pressure Iterations: 5
       Maximum Velocity Error:  0.12E-01 on Mesh 1 at (25,14,15)
       Maximum Pressure Error:  0.18E+04 on Mesh 2 at (5,4,17)
       Maximum CFL Number    :  0.84E+00 on Mesh 1 at (23,14,12)
       Maximum VN Number     :  0.85E+00 on Mesh 1 at (23,16,13)
       ---------------------------------------------------------------
       Mesh    1
       Max CFL number:  0.84E+00 at (23,14,12)
       Max divergence:  0.19E+02 at (28,37,2)
       Min divergence: -0.89E+01 at (26,15,13)
       Max VN number :  0.85E+00 at (23,16,13)
       Mesh    2
       Max CFL number:  0.77E+00 at (6,5,6)
       Max divergence:  0.43E+01 at (8,4,41)
       Min divergence: -0.60E+01 at (5,5,41)
       Max VN number :  0.21E+00 at (8,7,8)
 
       Time Step    26500   September 24, 2026  09:44:18
       Step Size:  0.248E-02 s, Total Time:   72.86790 s
       Pressure Iterations: 5
       Maximum Velocity Error:  0.47E-02 on Mesh 1 at (25,14,15)
       Maximum Pressure Error:  0.28E+04 on Mesh 2 at (6,4,4)
       Maximum CFL Number    :  0.74E+00 on Mesh 1 at (25,15,12)
       Maximum VN Number     :  0.91E+00 on Mesh 1 at (25,16,13)
       ---------------------------------------------------------------
       Mesh    1
       Max CFL number:  0.74E+00 at (25,15,12)
       Max divergence:  0.17E+02 at (19,35,2)
       Min divergence: -0.58E+01 at (23,14,12)
       Max VN number :  0.91E+00 at (25,16,13)
       Mesh    2
       Max CFL number:  0.70E+00 at (6,5,1)
       Max divergence:  0.49E+01 at (5,5,43)
       Min divergence: -0.57E+01 at (8,8,41)
       Max VN number :  0.18E+00 at (4,6,43)
 
       Time Step    26600   September 24, 2026  09:44:29
       Step Size:  0.294E-02 s, Total Time:   73.15547 s
       Pressure Iterations: 4
       Maximum Velocity Error:  0.95E-02 on Mesh 2 at (7,4,0)
       Maximum Pressure Error:  0.24E+04 on Mesh 2 at (7,4,3)
       Maximum CFL Number    :  0.90E+00 on Mesh 1 at (23,14,12)
       Maximum VN Number     :  0.95E+00 on Mesh 1 at (25,16,13)
       ---------------------------------------------------------------
       Mesh    1
       Max CFL number:  0.90E+00 at (23,14,12)
       Max divergence:  0.21E+02 at (20,37,2)
       Min divergence: -0.60E+01 at (26,16,12)
       Max VN number :  0.95E+00 at (25,16,13)
       Mesh    2
       Max CFL number:  0.81E+00 at (6,6,2)
       Max divergence:  0.45E+01 at (8,9,41)
       Min divergence: -0.77E+01 at (8,8,41)
       Max VN number :  0.18E+00 at (8,8,40)
 
       Time Step    26700   September 24, 2026  09:44:41
       Step Size:  0.252E-02 s, Total Time:   73.43338 s
       Pressure Iterations: 4
       Maximum Velocity Error:  0.66E-02 on Mesh 1 at (25,16,15)
       Maximum Pressure Error:  0.18E+04 on Mesh 2 at (5,4,30)
       Maximum CFL Number    :  0.78E+00 on Mesh 1 at (23,15,12)
       Maximum VN Number     :  0.93E+00 on Mesh 1 at (25,16,13)
       ---------------------------------------------------------------
       Mesh    1
       Max CFL number:  0.78E+00 at (23,15,12)
       Max divergence:  0.17E+02 at (28,37,2)
       Min divergence: -0.58E+01 at (23,17,11)
       Max VN number :  0.93E+00 at (25,16,13)
       Mesh    2
       Max CFL number:  0.69E+00 at (6,6,1)
       Max divergence:  0.51E+01 at (8,4,41)
       Min divergence: -0.65E+01 at (8,8,41)
       Max VN number :  0.16E+00 at (6,7,8)
 
       Time Step    26800   September 24, 2026  09:44:52
       Step Size:  0.258E-02 s, Total Time:   73.70734 s
       Pressure Iterations: 4
       Maximum Velocity Error:  0.12E-01 on Mesh 1 at (25,14,15)
       Maximum Pressure Error:  0.21E+04 on Mesh 2 at (6,4,8)
       Maximum CFL Number    :  0.79E+00 on Mesh 1 at (23,14,12)
       Maximum VN Number     :  0.73E+00 on Mesh 1 at (25,16,13)
       ---------------------------------------------------------------
       Mesh    1
       Max CFL number:  0.79E+00 at (23,14,12)
       Max divergence:  0.16E+02 at (25,33,2)
       Min divergence: -0.53E+01 at (26,16,12)
       Max VN number :  0.73E+00 at (25,16,13)
       Mesh    2
       Max CFL number:  0.72E+00 at (6,5,1)
       Max divergence:  0.45E+01 at (8,4,41)
       Min divergence: -0.63E+01 at (7,4,41)
       Max VN number :  0.15E+00 at (5,5,41)
 
       Time Step    26900   September 24, 2026  09:45:03
       Step Size:  0.255E-02 s, Total Time:   73.98403 s
       Pressure Iterations: 4
       Maximum Velocity Error:  0.87E-02 on Mesh 1 at (25,13,15)
       Maximum Pressure Error:  0.16E+04 on Mesh 2 at (7,8,23)
       Maximum CFL Number    :  0.80E+00 on Mesh 1 at (26,15,12)
       Maximum VN Number     :  0.88E+00 on Mesh 1 at (25,16,13)
       ---------------------------------------------------------------
       Mesh    1
       Max CFL number:  0.80E+00 at (26,15,12)
       Max divergence:  0.17E+02 at (21,33,2)
       Min divergence: -0.55E+01 at (26,16,12)
       Max VN number :  0.88E+00 at (25,16,13)
       Mesh    2
       Max CFL number:  0.69E+00 at (6,6,1)
       Max divergence:  0.62E+01 at (8,4,41)
       Min divergence: -0.76E+01 at (8,8,41)
       Max VN number :  0.16E+00 at (5,5,43)
 
       Time Step    27000   September 24, 2026  09:45:15
       Step Size:  0.276E-02 s, Total Time:   74.27386 s
       Pressure Iterations: 4
       Maximum Velocity Error:  0.12E-01 on Mesh 1 at (25,14,15)
       Maximum Pressure Error:  0.16E+04 on Mesh 2 at (6,8,17)
       Maximum CFL Number    :  0.86E+00 on Mesh 1 at (26,15,12)
       Maximum VN Number     :  0.84E+00 on Mesh 1 at (26,15,13)
       ---------------------------------------------------------------
       Mesh    1
       Max CFL number:  0.86E+00 at (26,15,12)
       Max divergence:  0.16E+02 at (26,33,2)
       Min divergence: -0.78E+01 at (25,16,13)
       Max VN number :  0.84E+00 at (26,15,13)
       Mesh    2
       Max CFL number:  0.80E+00 at (6,5,1)
       Max divergence:  0.75E+01 at (5,5,43)
       Min divergence: -0.49E+01 at (5,5,41)
       Max VN number :  0.18E+00 at (6,5,1)
 
       Time Step    27100   September 24, 2026  09:45:25
       Step Size:  0.290E-02 s, Total Time:   74.55502 s
       Pressure Iterations: 4
       Maximum Velocity Error:  0.74E-02 on Mesh 1 at (25,13,15)
       Maximum Pressure Error:  0.19E+04 on Mesh 2 at (6,4,19)
       Maximum CFL Number    :  0.87E+00 on Mesh 1 at (23,14,12)
       Maximum VN Number     :  0.71E+00 on Mesh 1 at (26,13,10)
       ---------------------------------------------------------------
       Mesh    1
       Max CFL number:  0.87E+00 at (23,14,12)
       Max divergence:  0.17E+02 at (25,33,2)
       Min divergence: -0.49E+01 at (26,16,13)
       Max VN number :  0.71E+00 at (26,13,10)
       Mesh    2
       Max CFL number:  0.79E+00 at (6,5,2)
       Max divergence:  0.63E+01 at (5,5,40)
       Min divergence: -0.63E+01 at (8,8,41)
       Max VN number :  0.20E+00 at (5,7,12)
 
       Time Step    27200   September 24, 2026  09:45:37
       Step Size:  0.276E-02 s, Total Time:   74.83451 s
       Pressure Iterations: 4
       Maximum Velocity Error:  0.63E-02 on Mesh 1 at (24,13,15)
       Maximum Pressure Error:  0.27E+04 on Mesh 2 at (6,4,4)
       Maximum CFL Number    :  0.83E+00 on Mesh 1 at (26,15,12)
       Maximum VN Number     :  0.80E+00 on Mesh 1 at (25,16,13)
       ---------------------------------------------------------------
       Mesh    1
       Max CFL number:  0.83E+00 at (26,15,12)
       Max divergence:  0.16E+02 at (27,33,2)
       Min divergence: -0.62E+01 at (26,16,12)
       Max VN number :  0.80E+00 at (25,16,13)
       Mesh    2
       Max CFL number:  0.78E+00 at (6,5,4)
       Max divergence:  0.47E+01 at (5,4,41)
       Min divergence: -0.67E+01 at (4,6,41)
       Max VN number :  0.18E+00 at (8,8,2)
 
       Time Step    27300   September 24, 2026  09:45:48
       Step Size:  0.258E-02 s, Total Time:   75.09362 s
       Pressure Iterations: 4
       Maximum Velocity Error:  0.10E-01 on Mesh 1 at (25,13,15)
       Maximum Pressure Error:  0.20E+04 on Mesh 2 at (6,4,29)
       Maximum CFL Number    :  0.82E+00 on Mesh 1 at (25,15,12)
       Maximum VN Number     :  0.85E+00 on Mesh 1 at (25,16,13)
       ---------------------------------------------------------------
       Mesh    1
       Max CFL number:  0.82E+00 at (25,15,12)
       Max divergence:  0.18E+02 at (20,37,2)
       Min divergence: -0.68E+01 at (26,15,13)
       Max VN number :  0.85E+00 at (25,16,13)
       Mesh    2
       Max CFL number:  0.74E+00 at (6,5,8)
       Max divergence:  0.65E+01 at (4,8,41)
       Min divergence: -0.69E+01 at (8,5,41)
       Max VN number :  0.22E+00 at (8,7,3)
 
       Time Step    27400   September 24, 2026  09:45:59
       Step Size:  0.257E-02 s, Total Time:   75.35216 s
       Pressure Iterations: 4
       Maximum Velocity Error:  0.60E-02 on Mesh 1 at (25,14,15)
       Maximum Pressure Error:  0.20E+04 on Mesh 2 at (6,4,31)
       Maximum CFL Number    :  0.84E+00 on Mesh 1 at (26,15,12)
       Maximum VN Number     :  0.92E+00 on Mesh 1 at (25,16,13)
       ---------------------------------------------------------------
       Mesh    1
       Max CFL number:  0.84E+00 at (26,15,12)
       Max divergence:  0.16E+02 at (26,33,2)
       Min divergence: -0.64E+01 at (26,15,12)
       Max VN number :  0.92E+00 at (25,16,13)
       Mesh    2
       Max CFL number:  0.70E+00 at (6,6,4)
       Max divergence:  0.57E+01 at (4,8,43)
       Min divergence: -0.73E+01 at (5,5,41)
       Max VN number :  0.38E+00 at (8,7,4)
 
       Time Step    27500   September 24, 2026  09:46:12
       Step Size:  0.269E-02 s, Total Time:   75.61890 s
       Pressure Iterations: 4
       Maximum Velocity Error:  0.75E-02 on Mesh 1 at (25,13,15)
       Maximum Pressure Error:  0.26E+04 on Mesh 2 at (8,5,26)
       Maximum CFL Number    :  0.81E+00 on Mesh 1 at (25,15,12)
       Maximum VN Number     :  0.88E+00 on Mesh 1 at (25,16,13)
       ---------------------------------------------------------------
       Mesh    1
       Max CFL number:  0.81E+00 at (25,15,12)
       Max divergence:  0.17E+02 at (24,33,2)
       Min divergence: -0.49E+01 at (26,16,12)
       Max VN number :  0.88E+00 at (25,16,13)
       Mesh    2
       Max CFL number:  0.74E+00 at (6,5,3)
       Max divergence:  0.53E+01 at (5,4,41)
       Min divergence: -0.84E+01 at (7,4,41)
       Max VN number :  0.28E+00 at (8,7,8)
 
       Time Step    27600   September 24, 2026  09:46:23
       Step Size:  0.279E-02 s, Total Time:   75.88454 s
       Pressure Iterations: 4
       Maximum Velocity Error:  0.89E-02 on Mesh 1 at (25,14,15)
       Maximum Pressure Error:  0.17E+04 on Mesh 2 at (6,4,31)
       Maximum CFL Number    :  0.85E+00 on Mesh 1 at (23,14,12)
       Maximum VN Number     :  0.77E+00 on Mesh 1 at (26,15,13)
       ---------------------------------------------------------------
       Mesh    1
       Max CFL number:  0.85E+00 at (23,14,12)
       Max divergence:  0.17E+02 at (29,33,2)
       Min divergence: -0.46E+01 at (26,13,10)
       Max VN number :  0.77E+00 at (26,15,13)
       Mesh    2
       Max CFL number:  0.79E+00 at (6,5,3)
       Max divergence:  0.51E+01 at (4,5,40)
       Min divergence: -0.54E+01 at (5,5,42)
       Max VN number :  0.19E+00 at (6,9,41)
 
       Time Step    27700   September 24, 2026  09:46:34
       Step Size:  0.268E-02 s, Total Time:   76.14773 s
       Pressure Iterations: 3
       Maximum Velocity Error:  0.12E-01 on Mesh 1 at (25,13,15)
       Maximum Pressure Error:  0.16E+04 on Mesh 2 at (8,5,30)
       Maximum CFL Number    :  0.80E+00 on Mesh 1 at (25,14,12)
       Maximum VN Number     :  0.84E+00 on Mesh 1 at (26,15,13)
       ---------------------------------------------------------------
       Mesh    1
       Max CFL number:  0.80E+00 at (25,14,12)
       Max divergence:  0.16E+02 at (22,34,2)
       Min divergence: -0.47E+01 at (26,16,11)
       Max VN number :  0.84E+00 at (26,15,13)
       Mesh    2
       Max CFL number:  0.78E+00 at (6,5,2)
       Max divergence:  0.60E+01 at (4,5,41)
       Min divergence: -0.77E+01 at (4,6,41)
       Max VN number :  0.22E+00 at (8,7,6)
 
       Time Step    27800   September 24, 2026  09:46:46
       Step Size:  0.248E-02 s, Total Time:   76.42244 s
       Pressure Iterations: 3
       Maximum Velocity Error:  0.99E-02 on Mesh 2 at (5,4,26)
       Maximum Pressure Error:  0.23E+04 on Mesh 2 at (8,5,15)
       Maximum CFL Number    :  0.72E+00 on Mesh 1 at (25,15,12)
       Maximum VN Number     :  0.83E+00 on Mesh 1 at (25,16,13)
       ---------------------------------------------------------------
       Mesh    1
       Max CFL number:  0.72E+00 at (25,15,12)
       Max divergence:  0.17E+02 at (29,37,2)
       Min divergence: -0.62E+01 at (26,16,12)
       Max VN number :  0.83E+00 at (25,16,13)
       Mesh    2
       Max CFL number:  0.67E+00 at (6,5,2)
       Max divergence:  0.52E+01 at (5,5,41)
       Min divergence: -0.91E+01 at (6,4,41)
       Max VN number :  0.18E+00 at (5,7,9)
 
       Time Step    27900   September 24, 2026  09:46:58
       Step Size:  0.289E-02 s, Total Time:   76.69406 s
       Pressure Iterations: 5
       Maximum Velocity Error:  0.71E-02 on Mesh 1 at (23,14,15)
       Maximum Pressure Error:  0.18E+04 on Mesh 2 at (6,4,19)
       Maximum CFL Number    :  0.86E+00 on Mesh 1 at (23,14,12)
       Maximum VN Number     :  0.83E+00 on Mesh 1 at (23,13,13)
       ---------------------------------------------------------------
       Mesh    1
       Max CFL number:  0.86E+00 at (23,14,12)
       Max divergence:  0.18E+02 at (29,36,2)
       Min divergence: -0.39E+01 at (25,16,11)
       Max VN number :  0.83E+00 at (23,13,13)
       Mesh    2
       Max CFL number:  0.83E+00 at (6,5,4)
       Max divergence:  0.53E+01 at (5,5,42)
       Min divergence: -0.88E+01 at (6,4,41)
       Max VN number :  0.27E+00 at (8,7,4)
 
       Time Step    28000   September 24, 2026  09:47:08
       Step Size:  0.275E-02 s, Total Time:   76.97379 s
       Pressure Iterations: 4
       Maximum Velocity Error:  0.11E-01 on Mesh 1 at (24,13,15)
       Maximum Pressure Error:  0.18E+04 on Mesh 2 at (8,6,18)
       Maximum CFL Number    :  0.85E+00 on Mesh 1 at (23,14,12)
       Maximum VN Number     :  0.79E+00 on Mesh 1 at (23,16,13)
       ---------------------------------------------------------------
       Mesh    1
       Max CFL number:  0.85E+00 at (23,14,12)
       Max divergence:  0.17E+02 at (22,33,2)
       Min divergence: -0.51E+01 at (26,15,13)
       Max VN number :  0.79E+00 at (23,16,13)
       Mesh    2
       Max CFL number:  0.80E+00 at (6,5,1)
       Max divergence:  0.39E+01 at (9,6,41)
       Min divergence: -0.57E+01 at (8,8,41)
       Max VN number :  0.31E+00 at (8,7,2)
 
       Time Step    28100   September 24, 2026  09:47:20
       Step Size:  0.247E-02 s, Total Time:   77.24998 s
       Pressure Iterations: 4
       Maximum Velocity Error:  0.76E-02 on Mesh 1 at (25,13,15)
       Maximum Pressure Error:  0.18E+04 on Mesh 2 at (8,5,22)
       Maximum CFL Number    :  0.75E+00 on Mesh 1 at (26,15,12)
       Maximum VN Number     :  0.89E+00 on Mesh 1 at (23,13,13)
       ---------------------------------------------------------------
       Mesh    1
       Max CFL number:  0.75E+00 at (26,15,12)
       Max divergence:  0.16E+02 at (22,33,2)
       Min divergence: -0.74E+01 at (26,15,12)
       Max VN number :  0.89E+00 at (23,13,13)
       Mesh    2
       Max CFL number:  0.69E+00 at (6,5,4)
       Max divergence:  0.60E+01 at (5,5,40)
       Min divergence: -0.60E+01 at (8,8,41)
       Max VN number :  0.16E+00 at (4,6,43)
 
       Time Step    28200   September 24, 2026  09:47:31
       Step Size:  0.287E-02 s, Total Time:   77.53007 s
       Pressure Iterations: 5
       Maximum Velocity Error:  0.78E-02 on Mesh 2 at (8,6,0)
       Maximum Pressure Error:  0.15E+04 on Mesh 2 at (8,5,29)
       Maximum CFL Number    :  0.88E+00 on Mesh 1 at (26,15,12)
       Maximum VN Number     :  0.82E+00 on Mesh 1 at (23,13,13)
       ---------------------------------------------------------------
       Mesh    1
       Max CFL number:  0.88E+00 at (26,15,12)
       Max divergence:  0.17E+02 at (20,37,2)
       Min divergence: -0.74E+01 at (26,16,12)
       Max VN number :  0.82E+00 at (23,13,13)
       Mesh    2
       Max CFL number:  0.79E+00 at (6,6,2)
       Max divergence:  0.54E+01 at (5,5,40)
       Min divergence: -0.61E+01 at (8,5,41)
       Max VN number :  0.19E+00 at (6,9,41)
 
       Time Step    28300   September 24, 2026  09:47:41
       Step Size:  0.263E-02 s, Total Time:   77.79873 s
       Pressure Iterations: 3
       Maximum Velocity Error:  0.11E-01 on Mesh 1 at (24,15,15)
       Maximum Pressure Error:  0.21E+04 on Mesh 2 at (8,5,16)
       Maximum CFL Number    :  0.85E+00 on Mesh 1 at (25,15,12)
       Maximum VN Number     :  0.77E+00 on Mesh 1 at (24,16,13)
       ---------------------------------------------------------------
       Mesh    1
       Max CFL number:  0.85E+00 at (25,15,12)
       Max divergence:  0.21E+02 at (20,37,2)
       Min divergence: -0.37E+01 at (26,14,13)
       Max VN number :  0.77E+00 at (24,16,13)
       Mesh    2
       Max CFL number:  0.76E+00 at (6,5,3)
       Max divergence:  0.55E+01 at (4,8,41)
       Min divergence: -0.58E+01 at (6,4,41)
       Max VN number :  0.19E+00 at (5,5,42)
 
       Time Step    28400   September 24, 2026  09:47:52
       Step Size:  0.260E-02 s, Total Time:   78.07272 s
       Pressure Iterations: 5
       Maximum Velocity Error:  0.94E-02 on Mesh 2 at (7,6,0)
       Maximum Pressure Error:  0.16E+04 on Mesh 2 at (8,5,7)
       Maximum CFL Number    :  0.80E+00 on Mesh 1 at (23,14,12)
       Maximum VN Number     :  0.62E+00 on Mesh 1 at (23,16,13)
       ---------------------------------------------------------------
       Mesh    1
       Max CFL number:  0.80E+00 at (23,14,12)
       Max divergence:  0.17E+02 at (26,33,2)
       Min divergence: -0.44E+01 at (22,15,12)
       Max VN number :  0.62E+00 at (23,16,13)
       Mesh    2
       Max CFL number:  0.73E+00 at (6,6,1)
       Max divergence:  0.86E+01 at (5,5,41)
       Min divergence: -0.63E+01 at (4,7,41)
       Max VN number :  0.15E+00 at (5,7,16)
 
       Time Step    28500   September 24, 2026  09:48:03
       Step Size:  0.288E-02 s, Total Time:   78.35394 s
       Pressure Iterations: 5
       Maximum Velocity Error:  0.11E-01 on Mesh 1 at (24,14,15)
       Maximum Pressure Error:  0.20E+04 on Mesh 2 at (5,4,17)
       Maximum CFL Number    :  0.86E+00 on Mesh 1 at (26,15,12)
       Maximum VN Number     :  0.75E+00 on Mesh 1 at (25,16,13)
       ---------------------------------------------------------------
       Mesh    1
       Max CFL number:  0.86E+00 at (26,15,12)
       Max divergence:  0.17E+02 at (26,33,2)
       Min divergence: -0.66E+01 at (26,16,12)
       Max VN number :  0.75E+00 at (25,16,13)
       Mesh    2
       Max CFL number:  0.82E+00 at (6,5,5)
       Max divergence:  0.54E+01 at (4,8,42)
       Min divergence: -0.65E+01 at (5,8,41)
       Max VN number :  0.18E+00 at (6,5,5)
 
       Time Step    28600   September 24, 2026  09:48:15
       Step Size:  0.260E-02 s, Total Time:   78.62839 s
       Pressure Iterations: 5
       Maximum Velocity Error:  0.88E-02 on Mesh 2 at (7,6,0)
       Maximum Pressure Error:  0.17E+04 on Mesh 2 at (7,4,6)
       Maximum CFL Number    :  0.81E+00 on Mesh 1 at (25,15,12)
       Maximum VN Number     :  0.71E+00 on Mesh 1 at (24,16,13)
       ---------------------------------------------------------------
       Mesh    1
       Max CFL number:  0.81E+00 at (25,15,12)
       Max divergence:  0.20E+02 at (27,36,3)
       Min divergence: -0.67E+01 at (25,16,13)
       Max VN number :  0.71E+00 at (24,16,13)
       Mesh    2
       Max CFL number:  0.74E+00 at (6,5,4)
       Max divergence:  0.45E+01 at (5,4,40)
       Min divergence: -0.51E+01 at (5,5,41)
       Max VN number :  0.18E+00 at (5,5,41)
 
       Time Step    28700   September 24, 2026  09:48:25
       Step Size:  0.291E-02 s, Total Time:   78.90603 s
       Pressure Iterations: 5
       Maximum Velocity Error:  0.91E-02 on Mesh 1 at (25,14,15)
       Maximum Pressure Error:  0.27E+04 on Mesh 2 at (7,4,3)
       Maximum CFL Number    :  0.85E+00 on Mesh 1 at (23,14,12)
       Maximum VN Number     :  0.97E+00 on Mesh 1 at (26,15,13)
       ---------------------------------------------------------------
       Mesh    1
       Max CFL number:  0.85E+00 at (23,14,12)
       Max divergence:  0.16E+02 at (23,33,2)
       Min divergence: -0.50E+01 at (26,16,12)
       Max VN number :  0.97E+00 at (26,15,13)
       Mesh    2
       Max CFL number:  0.83E+00 at (6,5,3)
       Max divergence:  0.52E+01 at (4,8,41)
       Min divergence: -0.62E+01 at (8,8,41)
       Max VN number :  0.29E+00 at (6,8,14)
 
       Time Step    28800   September 24, 2026  09:48:36
       Step Size:  0.277E-02 s, Total Time:   79.18225 s
       Pressure Iterations: 5
       Maximum Velocity Error:  0.11E-01 on Mesh 1 at (23,13,15)
       Maximum Pressure Error:  0.21E+04 on Mesh 2 at (6,8,26)
       Maximum CFL Number    :  0.86E+00 on Mesh 1 at (23,14,12)
       Maximum VN Number     :  0.73E+00 on Mesh 1 at (26,13,10)
       ---------------------------------------------------------------
       Mesh    1
       Max CFL number:  0.86E+00 at (23,14,12)
       Max divergence:  0.17E+02 at (22,33,2)
       Min divergence: -0.36E+01 at (26,13,10)
       Max VN number :  0.73E+00 at (26,13,10)
       Mesh    2
       Max CFL number:  0.76E+00 at (6,5,1)
       Max divergence:  0.62E+01 at (5,5,42)
       Min divergence: -0.62E+01 at (8,5,41)
       Max VN number :  0.17E+00 at (8,7,14)
 
       Time Step    28900   September 24, 2026  09:48:48
       Step Size:  0.295E-02 s, Total Time:   79.45135 s
       Pressure Iterations: 5
       Maximum Velocity Error:  0.11E-01 on Mesh 1 at (23,13,15)
       Maximum Pressure Error:  0.30E+04 on Mesh 2 at (6,4,6)
       Maximum CFL Number    :  0.91E+00 on Mesh 1 at (25,15,12)
       Maximum VN Number     :  0.89E+00 on Mesh 1 at (25,16,13)
       ---------------------------------------------------------------
       Mesh    1
       Max CFL number:  0.91E+00 at (25,15,12)
       Max divergence:  0.17E+02 at (29,33,2)
       Min divergence: -0.68E+01 at (26,15,13)
       Max VN number :  0.89E+00 at (25,16,13)
       Mesh    2
       Max CFL number:  0.85E+00 at (6,5,3)
       Max divergence:  0.56E+01 at (4,8,41)
       Min divergence: -0.74E+01 at (8,8,41)
       Max VN number :  0.20E+00 at (8,7,3)
 
       Time Step    29000   September 24, 2026  09:48:59
       Step Size:  0.270E-02 s, Total Time:   79.71254 s
       Pressure Iterations: 5
       Maximum Velocity Error:  0.78E-02 on Mesh 1 at (26,14,15)
       Maximum Pressure Error:  0.17E+04 on Mesh 2 at (9,6,28)
       Maximum CFL Number    :  0.80E+00 on Mesh 1 at (23,14,12)
       Maximum VN Number     :  0.85E+00 on Mesh 1 at (26,13,13)
       ---------------------------------------------------------------
       Mesh    1
       Max CFL number:  0.80E+00 at (23,14,12)
       Max divergence:  0.17E+02 at (20,33,2)
       Min divergence: -0.38E+01 at (26,15,12)
       Max VN number :  0.85E+00 at (26,13,13)
       Mesh    2
       Max CFL number:  0.73E+00 at (6,5,3)
       Max divergence:  0.67E+01 at (5,5,43)
       Min divergence: -0.66E+01 at (5,5,41)
       Max VN number :  0.17E+00 at (5,6,19)
 
       Time Step    29100   September 24, 2026  09:49:09
       Step Size:  0.258E-02 s, Total Time:   79.97906 s
       Pressure Iterations: 4
       Maximum Velocity Error:  0.89E-02 on Mesh 1 at (24,14,15)
       Maximum Pressure Error:  0.16E+04 on Mesh 2 at (6,4,3)
       Maximum CFL Number    :  0.82E+00 on Mesh 1 at (23,14,12)
       Maximum VN Number     :  0.85E+00 on Mesh 1 at (22,15,13)
       ---------------------------------------------------------------
       Mesh    1
       Max CFL number:  0.82E+00 at (23,14,12)
       Max divergence:  0.19E+02 at (29,33,2)
       Min divergence: -0.81E+01 at (26,16,12)
       Max VN number :  0.85E+00 at (22,15,13)
       Mesh    2
       Max CFL number:  0.74E+00 at (6,6,2)
       Max divergence:  0.64E+01 at (4,8,41)
       Min divergence: -0.71E+01 at (5,8,41)
       Max VN number :  0.17E+00 at (5,7,5)
 
       Time Step    29200   September 24, 2026  09:49:20
       Step Size:  0.276E-02 s, Total Time:   80.24421 s
       Pressure Iterations: 5
       Maximum Velocity Error:  0.90E-02 on Mesh 1 at (25,14,15)
       Maximum Pressure Error:  0.24E+04 on Mesh 2 at (6,4,8)
       Maximum CFL Number    :  0.84E+00 on Mesh 1 at (23,14,12)
       Maximum VN Number     :  0.79E+00 on Mesh 1 at (26,13,13)
       ---------------------------------------------------------------
       Mesh    1
       Max CFL number:  0.84E+00 at (23,14,12)
       Max divergence:  0.16E+02 at (25,33,2)
       Min divergence: -0.72E+01 at (26,16,12)
       Max VN number :  0.79E+00 at (26,13,13)
       Mesh    2
       Max CFL number:  0.76E+00 at (6,5,6)
       Max divergence:  0.45E+01 at (6,9,41)
       Min divergence: -0.87E+01 at (7,4,41)
       Max VN number :  0.17E+00 at (5,5,42)
 
       Time Step    29300   September 24, 2026  09:49:31
       Step Size:  0.219E-02 s, Total Time:   80.51182 s
       Pressure Iterations: 4
       Maximum Velocity Error:  0.87E-02 on Mesh 1 at (25,14,15)
       Maximum Pressure Error:  0.15E+04 on Mesh 2 at (8,5,11)
       Maximum CFL Number    :  0.69E+00 on Mesh 1 at (25,15,12)
       Maximum VN Number     :  0.87E+00 on Mesh 1 at (25,16,13)
       ---------------------------------------------------------------
       Mesh    1
       Max CFL number:  0.69E+00 at (25,15,12)
       Max divergence:  0.16E+02 at (24,33,2)
       Min divergence: -0.73E+01 at (26,16,12)
       Max VN number :  0.87E+00 at (25,16,13)
       Mesh    2
       Max CFL number:  0.63E+00 at (6,5,2)
       Max divergence:  0.53E+01 at (4,8,41)
       Min divergence: -0.67E+01 at (4,6,41)
       Max VN number :  0.14E+00 at (7,9,41)
 
       Time Step    29400   September 24, 2026  09:49:42
       Step Size:  0.269E-02 s, Total Time:   80.77538 s
       Pressure Iterations: 4
       Maximum Velocity Error:  0.98E-02 on Mesh 1 at (26,15,15)
       Maximum Pressure Error:  0.19E+04 on Mesh 2 at (7,4,5)
       Maximum CFL Number    :  0.87E+00 on Mesh 1 at (23,15,12)
       Maximum VN Number     :  0.87E+00 on Mesh 1 at (22,14,13)
       ---------------------------------------------------------------
       Mesh    1
       Max CFL number:  0.87E+00 at (23,15,12)
       Max divergence:  0.17E+02 at (23,33,2)
       Min divergence: -0.62E+01 at (23,15,12)
       Max VN number :  0.87E+00 at (22,14,13)
       Mesh    2
       Max CFL number:  0.78E+00 at (6,5,7)
       Max divergence:  0.44E+01 at (9,6,41)
       Min divergence: -0.75E+01 at (8,8,41)
       Max VN number :  0.18E+00 at (9,6,41)
 
       Time Step    29500   September 24, 2026  09:49:55
       Step Size:  0.283E-02 s, Total Time:   81.04001 s
       Pressure Iterations: 4
       Maximum Velocity Error:  0.11E-01 on Mesh 1 at (24,13,15)
       Maximum Pressure Error:  0.18E+04 on Mesh 2 at (7,4,4)
       Maximum CFL Number    :  0.82E+00 on Mesh 1 at (23,14,12)
       Maximum VN Number     :  0.85E+00 on Mesh 1 at (23,16,13)
       ---------------------------------------------------------------
       Mesh    1
       Max CFL number:  0.82E+00 at (23,14,12)
       Max divergence:  0.18E+02 at (27,33,2)
       Min divergence: -0.63E+01 at (26,16,12)
       Max VN number :  0.85E+00 at (23,16,13)
       Mesh    2
       Max CFL number:  0.82E+00 at (6,5,5)
       Max divergence:  0.55E+01 at (4,8,41)
       Min divergence: -0.76E+01 at (7,4,41)
       Max VN number :  0.19E+00 at (6,9,41)
 
       Time Step    29600   September 24, 2026  09:50:06
       Step Size:  0.249E-02 s, Total Time:   81.31821 s
       Pressure Iterations: 4
       Maximum Velocity Error:  0.74E-02 on Mesh 1 at (24,13,15)
       Maximum Pressure Error:  0.22E+04 on Mesh 2 at (6,4,6)
       Maximum CFL Number    :  0.77E+00 on Mesh 1 at (26,15,12)
       Maximum VN Number     :  0.90E+00 on Mesh 1 at (25,16,13)
       ---------------------------------------------------------------
       Mesh    1
       Max CFL number:  0.77E+00 at (26,15,12)
       Max divergence:  0.17E+02 at (24,33,2)
       Min divergence: -0.82E+01 at (25,16,13)
       Max VN number :  0.90E+00 at (25,16,13)
       Mesh    2
       Max CFL number:  0.71E+00 at (6,5,3)
       Max divergence:  0.51E+01 at (4,5,42)
       Min divergence: -0.63E+01 at (4,6,41)
       Max VN number :  0.16E+00 at (6,5,2)
 
       Time Step    29700   September 24, 2026  09:50:18
       Step Size:  0.288E-02 s, Total Time:   81.59569 s
       Pressure Iterations: 6
       Maximum Velocity Error:  0.89E-02 on Mesh 1 at (25,13,15)
       Maximum Pressure Error:  0.23E+04 on Mesh 2 at (6,4,27)
       Maximum CFL Number    :  0.89E+00 on Mesh 1 at (23,15,12)
       Maximum VN Number     :  0.85E+00 on Mesh 1 at (25,16,13)
       ---------------------------------------------------------------
       Mesh    1
       Max CFL number:  0.89E+00 at (23,15,12)
       Max divergence:  0.17E+02 at (21,33,2)
       Min divergence: -0.38E+01 at (23,16,13)
       Max VN number :  0.85E+00 at (25,16,13)
       Mesh    2
       Max CFL number:  0.81E+00 at (6,5,6)
       Max divergence:  0.56E+01 at (5,5,42)
       Min divergence: -0.58E+01 at (8,8,41)
       Max VN number :  0.20E+00 at (7,7,6)
 
       Time Step    29800   September 24, 2026  09:50:29
       Step Size:  0.277E-02 s, Total Time:   81.87424 s
       Pressure Iterations: 3
       Maximum Velocity Error:  0.12E-01 on Mesh 1 at (25,15,15)
       Maximum Pressure Error:  0.18E+04 on Mesh 2 at (8,5,25)
       Maximum CFL Number    :  0.85E+00 on Mesh 1 at (26,15,12)
       Maximum VN Number     :  0.83E+00 on Mesh 1 at (26,15,13)
       ---------------------------------------------------------------
       Mesh    1
       Max CFL number:  0.85E+00 at (26,15,12)
       Max divergence:  0.17E+02 at (20,33,2)
       Min divergence: -0.11E+02 at (26,15,13)
       Max VN number :  0.83E+00 at (26,15,13)
       Mesh    2
       Max CFL number:  0.78E+00 at (6,5,3)
       Max divergence:  0.55E+01 at (5,5,40)
       Min divergence: -0.68E+01 at (7,4,41)
       Max VN number :  0.17E+00 at (5,5,42)
 
       Time Step    29900   September 24, 2026  09:50:40
       Step Size:  0.273E-02 s, Total Time:   82.14479 s
       Pressure Iterations: 4
       Maximum Velocity Error:  0.99E-02 on Mesh 1 at (25,13,15)
       Maximum Pressure Error:  0.18E+04 on Mesh 2 at (6,4,14)
       Maximum CFL Number    :  0.82E+00 on Mesh 1 at (23,14,12)
       Maximum VN Number     :  0.83E+00 on Mesh 1 at (26,15,13)
       ---------------------------------------------------------------
       Mesh    1
       Max CFL number:  0.82E+00 at (23,14,12)
       Max divergence:  0.18E+02 at (28,33,2)
       Min divergence: -0.75E+01 at (26,16,12)
       Max VN number :  0.83E+00 at (26,15,13)
       Mesh    2
       Max CFL number:  0.81E+00 at (6,5,3)
       Max divergence:  0.49E+01 at (5,4,41)
       Min divergence: -0.68E+01 at (4,6,41)
       Max VN number :  0.17E+00 at (6,5,3)
 
       Time Step    30000   September 24, 2026  09:50:52
       Step Size:  0.259E-02 s, Total Time:   82.41795 s
       Pressure Iterations: 4
       Maximum Velocity Error:  0.84E-02 on Mesh 1 at (23,15,15)
       Maximum Pressure Error:  0.21E+04 on Mesh 2 at (8,5,26)
       Maximum CFL Number    :  0.82E+00 on Mesh 1 at (25,15,12)
       Maximum VN Number     :  0.76E+00 on Mesh 1 at (24,16,13)
       ---------------------------------------------------------------
       Mesh    1
       Max CFL number:  0.82E+00 at (25,15,12)
       Max divergence:  0.20E+02 at (28,35,3)
       Min divergence: -0.41E+01 at (25,16,13)
       Max VN number :  0.76E+00 at (24,16,13)
       Mesh    2
       Max CFL number:  0.73E+00 at (6,5,3)
       Max divergence:  0.68E+01 at (4,8,41)
       Min divergence: -0.67E+01 at (5,8,41)
       Max VN number :  0.16E+00 at (8,5,41)
 
       Time Step    30100   September 24, 2026  09:51:04
       Step Size:  0.273E-02 s, Total Time:   82.68753 s
       Pressure Iterations: 5
       Maximum Velocity Error:  0.12E-01 on Mesh 2 at (7,5,0)
       Maximum Pressure Error:  0.24E+04 on Mesh 2 at (6,8,20)
       Maximum CFL Number    :  0.87E+00 on Mesh 1 at (23,14,12)
       Maximum VN Number     :  0.84E+00 on Mesh 1 at (25,16,13)
       ---------------------------------------------------------------
       Mesh    1
       Max CFL number:  0.87E+00 at (23,14,12)
       Max divergence:  0.18E+02 at (19,34,2)
       Min divergence: -0.51E+01 at (26,13,10)
       Max VN number :  0.84E+00 at (25,16,13)
       Mesh    2
       Max CFL number:  0.80E+00 at (6,6,2)
       Max divergence:  0.52E+01 at (4,5,40)
       Min divergence: -0.51E+01 at (5,5,41)
       Max VN number :  0.18E+00 at (6,7,5)
 
       Time Step    30200   September 24, 2026  09:51:16
       Step Size:  0.270E-02 s, Total Time:   82.95782 s
       Pressure Iterations: 6
       Maximum Velocity Error:  0.91E-02 on Mesh 2 at (6,6,0)
       Maximum Pressure Error:  0.23E+04 on Mesh 2 at (5,4,2)
       Maximum CFL Number    :  0.85E+00 on Mesh 2 at (6,5,2)
       Maximum VN Number     :  0.10E+01 on Mesh 1 at (23,13,13)
       ---------------------------------------------------------------
       Mesh    1
       Max CFL number:  0.82E+00 at (23,14,12)
       Max divergence:  0.17E+02 at (23,33,2)
       Min divergence: -0.56E+01 at (26,15,13)
       Max VN number :  0.10E+01 at (23,13,13)
       Mesh    2
       Max CFL number:  0.85E+00 at (6,5,2)
       Max divergence:  0.43E+01 at (4,8,41)
       Min divergence: -0.71E+01 at (8,8,41)
       Max VN number :  0.19E+00 at (6,5,2)
 
       Time Step    30300   September 24, 2026  09:51:27
       Step Size:  0.248E-02 s, Total Time:   83.22683 s
       Pressure Iterations: 3
       Maximum Velocity Error:  0.12E-01 on Mesh 1 at (24,13,15)
       Maximum Pressure Error:  0.16E+04 on Mesh 2 at (6,4,12)
       Maximum CFL Number    :  0.78E+00 on Mesh 1 at (25,15,12)
       Maximum VN Number     :  0.89E+00 on Mesh 1 at (25,16,13)
       ---------------------------------------------------------------
       Mesh    1
       Max CFL number:  0.78E+00 at (25,15,12)
       Max divergence:  0.19E+02 at (20,36,2)
       Min divergence: -0.66E+01 at (26,14,13)
       Max VN number :  0.89E+00 at (25,16,13)
       Mesh    2
       Max CFL number:  0.69E+00 at (6,6,1)
       Max divergence:  0.45E+01 at (5,4,41)
       Min divergence: -0.74E+01 at (6,4,41)
       Max VN number :  0.15E+00 at (9,6,41)
 
       Time Step    30400   September 24, 2026  09:51:38
       Step Size:  0.295E-02 s, Total Time:   83.50419 s
       Pressure Iterations: 5
       Maximum Velocity Error:  0.11E-01 on Mesh 2 at (6,5,0)
       Maximum Pressure Error:  0.25E+04 on Mesh 2 at (8,6,16)
       Maximum CFL Number    :  0.86E+00 on Mesh 1 at (25,14,12)
       Maximum VN Number     :  0.95E+00 on Mesh 1 at (25,16,13)
       ---------------------------------------------------------------
       Mesh    1
       Max CFL number:  0.86E+00 at (25,14,12)
       Max divergence:  0.17E+02 at (19,36,2)
       Min divergence: -0.67E+01 at (26,16,13)
       Max VN number :  0.95E+00 at (25,16,13)
       Mesh    2
       Max CFL number:  0.85E+00 at (6,5,2)
       Max divergence:  0.46E+01 at (4,5,41)
       Min divergence: -0.74E+01 at (5,5,41)
       Max VN number :  0.20E+00 at (6,9,41)
 
       Time Step    30500   September 24, 2026  09:51:50
       Step Size:  0.274E-02 s, Total Time:   83.77168 s
       Pressure Iterations: 5
       Maximum Velocity Error:  0.64E-02 on Mesh 1 at (25,13,15)
       Maximum Pressure Error:  0.21E+04 on Mesh 2 at (8,6,8)
       Maximum CFL Number    :  0.88E+00 on Mesh 1 at (23,14,12)
       Maximum VN Number     :  0.86E+00 on Mesh 1 at (22,15,13)
       ---------------------------------------------------------------
       Mesh    1
       Max CFL number:  0.88E+00 at (23,14,12)
       Max divergence:  0.18E+02 at (20,37,2)
       Min divergence: -0.54E+01 at (25,16,12)
       Max VN number :  0.86E+00 at (22,15,13)
       Mesh    2
       Max CFL number:  0.77E+00 at (6,6,3)
       Max divergence:  0.48E+01 at (9,6,41)
       Min divergence: -0.57E+01 at (8,5,41)
       Max VN number :  0.44E+00 at (8,7,13)
 
       Time Step    30600   September 24, 2026  09:52:01
       Step Size:  0.277E-02 s, Total Time:   84.04719 s
       Pressure Iterations: 4
       Maximum Velocity Error:  0.88E-02 on Mesh 1 at (24,14,15)
       Maximum Pressure Error:  0.22E+04 on Mesh 2 at (7,4,7)
       Maximum CFL Number    :  0.80E+00 on Mesh 1 at (26,15,12)
       Maximum VN Number     :  0.97E+00 on Mesh 1 at (25,16,13)
       ---------------------------------------------------------------
       Mesh    1
       Max CFL number:  0.80E+00 at (26,15,12)
       Max divergence:  0.16E+02 at (26,33,2)
       Min divergence: -0.63E+01 at (26,13,10)
       Max VN number :  0.97E+00 at (25,16,13)
       Mesh    2
       Max CFL number:  0.76E+00 at (6,5,5)
       Max divergence:  0.47E+01 at (5,4,41)
       Min divergence: -0.67E+01 at (6,4,41)
       Max VN number :  0.18E+00 at (5,7,24)
 
       Time Step    30700   September 24, 2026  09:52:13
       Step Size:  0.281E-02 s, Total Time:   84.32825 s
       Pressure Iterations: 5
       Maximum Velocity Error:  0.10E-01 on Mesh 1 at (25,13,15)
       Maximum Pressure Error:  0.20E+04 on Mesh 2 at (8,6,15)
       Maximum CFL Number    :  0.90E+00 on Mesh 1 at (23,15,12)
       Maximum VN Number     :  0.86E+00 on Mesh 1 at (25,16,13)
       ---------------------------------------------------------------
       Mesh    1
       Max CFL number:  0.90E+00 at (23,15,12)
       Max divergence:  0.18E+02 at (19,36,2)
       Min divergence: -0.59E+01 at (23,17,11)
       Max VN number :  0.86E+00 at (25,16,13)
       Mesh    2
       Max CFL number:  0.80E+00 at (6,6,1)
       Max divergence:  0.47E+01 at (5,5,43)
       Min divergence: -0.77E+01 at (7,4,41)
       Max VN number :  0.18E+00 at (9,6,41)
 
       Time Step    30800   September 24, 2026  09:52:24
       Step Size:  0.305E-02 s, Total Time:   84.60217 s
       Pressure Iterations: 4
       Maximum Velocity Error:  0.10E-01 on Mesh 1 at (24,14,15)
       Maximum Pressure Error:  0.19E+04 on Mesh 2 at (6,4,6)
       Maximum CFL Number    :  0.92E+00 on Mesh 1 at (23,14,12)
       Maximum VN Number     :  0.78E+00 on Mesh 1 at (25,16,13)
       ---------------------------------------------------------------
       Mesh    1
       Max CFL number:  0.92E+00 at (23,14,12)
       Max divergence:  0.17E+02 at (28,33,2)
       Min divergence: -0.38E+01 at (29,33,7)
       Max VN number :  0.78E+00 at (25,16,13)
       Mesh    2
       Max CFL number:  0.86E+00 at (6,5,3)
       Max divergence:  0.48E+01 at (5,4,42)
       Min divergence: -0.65E+01 at (5,5,42)
       Max VN number :  0.19E+00 at (5,5,41)
 
       Time Step    30900   September 24, 2026  09:52:35
       Step Size:  0.268E-02 s, Total Time:   84.89964 s
       Pressure Iterations: 5
       Maximum Velocity Error:  0.11E-01 on Mesh 2 at (6,5,0)
       Maximum Pressure Error:  0.17E+04 on Mesh 2 at (6,8,19)
       Maximum CFL Number    :  0.81E+00 on Mesh 1 at (23,14,12)
       Maximum VN Number     :  0.83E+00 on Mesh 1 at (25,16,13)
       ---------------------------------------------------------------
       Mesh    1
       Max CFL number:  0.81E+00 at (23,14,12)
       Max divergence:  0.17E+02 at (29,36,2)
       Min divergence: -0.62E+01 at (23,16,12)
       Max VN number :  0.83E+00 at (25,16,13)
       Mesh    2
       Max CFL number:  0.78E+00 at (6,5,2)
       Max divergence:  0.51E+01 at (5,4,41)
       Min divergence: -0.67E+01 at (5,5,41)
       Max VN number :  0.40E+00 at (8,7,11)
 
       Time Step    31000   September 24, 2026  09:52:46
       Step Size:  0.287E-02 s, Total Time:   85.16911 s
       Pressure Iterations: 6
       Maximum Velocity Error:  0.85E-02 on Mesh 1 at (25,14,15)
       Maximum Pressure Error:  0.17E+04 on Mesh 2 at (6,4,5)
       Maximum CFL Number    :  0.89E+00 on Mesh 1 at (23,15,12)
       Maximum VN Number     :  0.95E+00 on Mesh 1 at (25,16,13)
       ---------------------------------------------------------------
       Mesh    1
       Max CFL number:  0.89E+00 at (23,15,12)
       Max divergence:  0.18E+02 at (19,33,2)
       Min divergence: -0.63E+01 at (26,15,13)
       Max VN number :  0.95E+00 at (25,16,13)
       Mesh    2
       Max CFL number:  0.87E+00 at (6,6,1)
       Max divergence:  0.47E+01 at (6,4,41)
       Min divergence: -0.71E+01 at (5,5,41)
       Max VN number :  0.19E+00 at (5,7,9)
 
       Time Step    31100   September 24, 2026  09:52:56
       Step Size:  0.266E-02 s, Total Time:   85.43633 s
       Pressure Iterations: 5
       Maximum Velocity Error:  0.11E-01 on Mesh 1 at (25,12,15)
       Maximum Pressure Error:  0.23E+04 on Mesh 2 at (6,4,3)
       Maximum CFL Number    :  0.81E+00 on Mesh 1 at (24,14,13)
       Maximum VN Number     :  0.81E+00 on Mesh 1 at (25,16,13)
       ---------------------------------------------------------------
       Mesh    1
       Max CFL number:  0.81E+00 at (24,14,13)
       Max divergence:  0.18E+02 at (23,33,2)
       Min divergence: -0.51E+01 at (24,18,11)
       Max VN number :  0.81E+00 at (25,16,13)
       Mesh    2
       Max CFL number:  0.77E+00 at (6,5,2)
       Max divergence:  0.50E+01 at (8,4,41)
       Min divergence: -0.73E+01 at (7,4,41)
       Max VN number :  0.19E+00 at (7,8,17)
 
       Time Step    31200   September 24, 2026  09:53:08
       Step Size:  0.275E-02 s, Total Time:   85.70398 s
       Pressure Iterations: 5
       Maximum Velocity Error:  0.11E-01 on Mesh 1 at (23,13,15)
       Maximum Pressure Error:  0.20E+04 on Mesh 1 at (22,14,13)
       Maximum CFL Number    :  0.82E+00 on Mesh 1 at (23,15,12)
       Maximum VN Number     :  0.94E+00 on Mesh 1 at (25,16,13)
       ---------------------------------------------------------------
       Mesh    1
       Max CFL number:  0.82E+00 at (23,15,12)
       Max divergence:  0.19E+02 at (22,33,2)
       Min divergence: -0.39E+01 at (25,17,11)
       Max VN number :  0.94E+00 at (25,16,13)
       Mesh    2
       Max CFL number:  0.78E+00 at (6,5,1)
       Max divergence:  0.61E+01 at (8,4,41)
       Min divergence: -0.91E+01 at (8,8,41)
       Max VN number :  0.18E+00 at (5,7,9)
 
       Time Step    31300   September 24, 2026  09:53:20
       Step Size:  0.277E-02 s, Total Time:   85.97244 s
       Pressure Iterations: 6
       Maximum Velocity Error:  0.85E-02 on Mesh 1 at (23,13,15)
       Maximum Pressure Error:  0.24E+04 on Mesh 2 at (9,6,24)
       Maximum CFL Number    :  0.84E+00 on Mesh 1 at (26,15,12)
       Maximum VN Number     :  0.76E+00 on Mesh 1 at (23,16,13)
       ---------------------------------------------------------------
       Mesh    1
       Max CFL number:  0.84E+00 at (26,15,12)
       Max divergence:  0.16E+02 at (25,33,2)
       Min divergence: -0.45E+01 at (26,15,13)
       Max VN number :  0.76E+00 at (23,16,13)
       Mesh    2
       Max CFL number:  0.82E+00 at (6,5,1)
       Max divergence:  0.64E+01 at (5,5,42)
       Min divergence: -0.56E+01 at (4,6,42)
       Max VN number :  0.17E+00 at (9,6,41)
 
       Time Step    31400   September 24, 2026  09:53:32
       Step Size:  0.293E-02 s, Total Time:   86.24167 s
       Pressure Iterations: 5
       Maximum Velocity Error:  0.11E-01 on Mesh 1 at (25,14,15)
       Maximum Pressure Error:  0.14E+04 on Mesh 2 at (6,8,23)
       Maximum CFL Number    :  0.85E+00 on Mesh 1 at (23,14,12)
       Maximum VN Number     :  0.91E+00 on Mesh 1 at (25,16,13)
       ---------------------------------------------------------------
       Mesh    1
       Max CFL number:  0.85E+00 at (23,14,12)
       Max divergence:  0.16E+02 at (25,33,2)
       Min divergence: -0.66E+01 at (26,16,12)
       Max VN number :  0.91E+00 at (25,16,13)
       Mesh    2
       Max CFL number:  0.82E+00 at (6,5,2)
       Max divergence:  0.60E+01 at (4,5,41)
       Min divergence: -0.79E+01 at (5,5,41)
       Max VN number :  0.22E+00 at (8,8,2)
 
       Time Step    31500   September 24, 2026  09:53:44
       Step Size:  0.239E-02 s, Total Time:   86.52054 s
       Pressure Iterations: 5
       Maximum Velocity Error:  0.96E-02 on Mesh 2 at (5,6,0)
       Maximum Pressure Error:  0.17E+04 on Mesh 2 at (8,5,10)
       Maximum CFL Number    :  0.75E+00 on Mesh 1 at (23,14,12)
       Maximum VN Number     :  0.83E+00 on Mesh 1 at (25,16,13)
       ---------------------------------------------------------------
       Mesh    1
       Max CFL number:  0.75E+00 at (23,14,12)
       Max divergence:  0.21E+02 at (20,33,2)
       Min divergence: -0.54E+01 at (26,16,12)
       Max VN number :  0.83E+00 at (25,16,13)
       Mesh    2
       Max CFL number:  0.63E+00 at (6,6,2)
       Max divergence:  0.49E+01 at (5,4,41)
       Min divergence: -0.74E+01 at (4,6,41)
       Max VN number :  0.19E+00 at (8,8,1)
 
       Time Step    31600   September 24, 2026  09:53:57
       Step Size:  0.262E-02 s, Total Time:   86.78737 s
       Pressure Iterations: 6
       Maximum Velocity Error:  0.93E-02 on Mesh 1 at (22,14,15)
       Maximum Pressure Error:  0.29E+04 on Mesh 2 at (6,4,9)
       Maximum CFL Number    :  0.83E+00 on Mesh 1 at (23,14,12)
       Maximum VN Number     :  0.86E+00 on Mesh 1 at (26,14,13)
       ---------------------------------------------------------------
       Mesh    1
       Max CFL number:  0.83E+00 at (23,14,12)
       Max divergence:  0.17E+02 at (25,33,2)
       Min divergence: -0.66E+01 at (26,16,12)
       Max VN number :  0.86E+00 at (26,14,13)
       Mesh    2
       Max CFL number:  0.77E+00 at (6,5,3)
       Max divergence:  0.49E+01 at (8,4,41)
       Min divergence: -0.87E+01 at (8,8,41)
       Max VN number :  0.17E+00 at (9,7,41)
 
       Time Step    31700   September 24, 2026  09:54:09
       Step Size:  0.271E-02 s, Total Time:   87.05510 s
       Pressure Iterations: 6
       Maximum Velocity Error:  0.90E-02 on Mesh 2 at (7,6,0)
       Maximum Pressure Error:  0.20E+04 on Mesh 2 at (6,4,7)
       Maximum CFL Number    :  0.92E+00 on Mesh 1 at (23,14,12)
       Maximum VN Number     :  0.78E+00 on Mesh 1 at (25,16,13)
       ---------------------------------------------------------------
       Mesh    1
       Max CFL number:  0.92E+00 at (23,14,12)
       Max divergence:  0.18E+02 at (27,36,5)
       Min divergence: -0.40E+01 at (22,16,12)
       Max VN number :  0.78E+00 at (25,16,13)
       Mesh    2
       Max CFL number:  0.76E+00 at (6,5,6)
       Max divergence:  0.53E+01 at (4,8,41)
       Min divergence: -0.76E+01 at (8,5,41)
       Max VN number :  0.18E+00 at (9,6,41)
 
       Time Step    31800   September 24, 2026  09:54:20
       Step Size:  0.273E-02 s, Total Time:   87.31826 s
       Pressure Iterations: 5
       Maximum Velocity Error:  0.95E-02 on Mesh 1 at (25,14,15)
       Maximum Pressure Error:  0.20E+04 on Mesh 2 at (6,4,4)
       Maximum CFL Number    :  0.86E+00 on Mesh 1 at (25,15,12)
       Maximum VN Number     :  0.94E+00 on Mesh 1 at (26,14,13)
       ---------------------------------------------------------------
       Mesh    1
       Max CFL number:  0.86E+00 at (25,15,12)
       Max divergence:  0.22E+02 at (19,35,2)
       Min divergence: -0.57E+01 at (26,15,13)
       Max VN number :  0.94E+00 at (26,14,13)
       Mesh    2
       Max CFL number:  0.81E+00 at (6,5,3)
       Max divergence:  0.72E+01 at (8,4,41)
       Min divergence: -0.76E+01 at (8,5,41)
       Max VN number :  0.18E+00 at (6,5,2)
 
       Time Step    31900   September 24, 2026  09:54:32
       Step Size:  0.269E-02 s, Total Time:   87.58465 s
       Pressure Iterations: 5
       Maximum Velocity Error:  0.91E-02 on Mesh 1 at (25,14,15)
       Maximum Pressure Error:  0.20E+04 on Mesh 2 at (6,8,26)
       Maximum CFL Number    :  0.81E+00 on Mesh 1 at (23,14,12)
       Maximum VN Number     :  0.73E+00 on Mesh 1 at (26,14,13)
       ---------------------------------------------------------------
       Mesh    1
       Max CFL number:  0.81E+00 at (23,14,12)
       Max divergence:  0.17E+02 at (19,37,2)
       Min divergence: -0.51E+01 at (23,14,12)
       Max VN number :  0.73E+00 at (26,14,13)
       Mesh    2
       Max CFL number:  0.77E+00 at (6,5,1)
       Max divergence:  0.48E+01 at (5,5,40)
       Min divergence: -0.71E+01 at (8,8,41)
       Max VN number :  0.17E+00 at (9,6,41)
 
       Time Step    32000   September 24, 2026  09:54:44
       Step Size:  0.274E-02 s, Total Time:   87.85057 s
       Pressure Iterations: 5
       Maximum Velocity Error:  0.73E-02 on Mesh 2 at (4,6,0)
       Maximum Pressure Error:  0.16E+04 on Mesh 2 at (6,4,5)
       Maximum CFL Number    :  0.87E+00 on Mesh 1 at (25,15,12)
       Maximum VN Number     :  0.85E+00 on Mesh 1 at (25,16,13)
       ---------------------------------------------------------------
       Mesh    1
       Max CFL number:  0.87E+00 at (25,15,12)
       Max divergence:  0.17E+02 at (27,32,2)
       Min divergence: -0.70E+01 at (25,16,13)
       Max VN number :  0.85E+00 at (25,16,13)
       Mesh    2
       Max CFL number:  0.80E+00 at (6,6,1)
       Max divergence:  0.44E+01 at (4,8,43)
       Min divergence: -0.62E+01 at (5,8,41)
       Max VN number :  0.16E+00 at (7,7,7)
 
       Time Step    32100   September 24, 2026  09:54:57
       Step Size:  0.277E-02 s, Total Time:   88.11876 s
       Pressure Iterations: 5
       Maximum Velocity Error:  0.10E-01 on Mesh 1 at (23,14,15)
       Maximum Pressure Error:  0.29E+04 on Mesh 2 at (8,5,13)
       Maximum CFL Number    :  0.85E+00 on Mesh 1 at (25,15,12)
       Maximum VN Number     :  0.87E+00 on Mesh 1 at (25,16,13)
       ---------------------------------------------------------------
       Mesh    1
       Max CFL number:  0.85E+00 at (25,15,12)
       Max divergence:  0.17E+02 at (21,33,2)
       Min divergence: -0.62E+01 at (26,16,12)
       Max VN number :  0.87E+00 at (25,16,13)
       Mesh    2
       Max CFL number:  0.77E+00 at (6,6,2)
       Max divergence:  0.50E+01 at (6,4,42)
       Min divergence: -0.70E+01 at (4,6,41)
       Max VN number :  0.16E+00 at (5,7,3)
 
       Time Step    32200   September 24, 2026  09:55:09
       Step Size:  0.243E-02 s, Total Time:   88.38000 s
       Pressure Iterations: 5
       Maximum Velocity Error:  0.11E-01 on Mesh 1 at (24,12,15)
       Maximum Pressure Error:  0.15E+04 on Mesh 2 at (5,4,1)
       Maximum CFL Number    :  0.72E+00 on Mesh 1 at (24,14,15)
       Maximum VN Number     :  0.90E+00 on Mesh 1 at (23,13,13)
       ---------------------------------------------------------------
       Mesh    1
       Max CFL number:  0.72E+00 at (24,14,15)
       Max divergence:  0.16E+02 at (21,33,2)
       Min divergence: -0.47E+01 at (24,18,11)
       Max VN number :  0.90E+00 at (23,13,13)
       Mesh    2
       Max CFL number:  0.71E+00 at (6,5,1)
       Max divergence:  0.46E+01 at (8,4,41)
       Min divergence: -0.80E+01 at (8,8,41)
       Max VN number :  0.14E+00 at (5,7,6)
 
       Time Step    32300   September 24, 2026  09:55:20
       Step Size:  0.282E-02 s, Total Time:   88.65604 s
       Pressure Iterations: 6
       Maximum Velocity Error:  0.96E-02 on Mesh 1 at (22,14,15)
       Maximum Pressure Error:  0.29E+04 on Mesh 2 at (6,4,4)
       Maximum CFL Number    :  0.84E+00 on Mesh 1 at (23,14,12)
       Maximum VN Number     :  0.83E+00 on Mesh 1 at (23,16,13)
       ---------------------------------------------------------------
       Mesh    1
       Max CFL number:  0.84E+00 at (23,14,12)
       Max divergence:  0.17E+02 at (29,33,2)
       Min divergence: -0.82E+01 at (23,14,12)
       Max VN number :  0.83E+00 at (23,16,13)
       Mesh    2
       Max CFL number:  0.81E+00 at (6,6,1)
       Max divergence:  0.52E+01 at (6,4,43)
       Min divergence: -0.56E+01 at (8,5,41)
       Max VN number :  0.18E+00 at (9,6,41)
 
       Time Step    32400   September 24, 2026  09:55:32
       Step Size:  0.295E-02 s, Total Time:   88.92555 s
       Pressure Iterations: 6
       Maximum Velocity Error:  0.57E-02 on Mesh 2 at (6,5,0)
       Maximum Pressure Error:  0.35E+04 on Mesh 2 at (6,4,6)
       Maximum CFL Number    :  0.90E+00 on Mesh 1 at (23,14,12)
       Maximum VN Number     :  0.89E+00 on Mesh 1 at (26,13,13)
       ---------------------------------------------------------------
       Mesh    1
       Max CFL number:  0.90E+00 at (23,14,12)
       Max divergence:  0.16E+02 at (28,36,2)
       Min divergence: -0.56E+01 at (23,14,13)
       Max VN number :  0.89E+00 at (26,13,13)
       Mesh    2
       Max CFL number:  0.86E+00 at (6,6,1)
       Max divergence:  0.43E+01 at (5,4,41)
       Min divergence: -0.66E+01 at (8,8,40)
       Max VN number :  0.19E+00 at (8,7,40)
 
       Time Step    32500   September 24, 2026  09:55:43
       Step Size:  0.263E-02 s, Total Time:   89.19068 s
       Pressure Iterations: 6
       Maximum Velocity Error:  0.79E-02 on Mesh 1 at (23,13,15)
       Maximum Pressure Error:  0.17E+04 on Mesh 1 at (22,14,13)
       Maximum CFL Number    :  0.82E+00 on Mesh 1 at (24,14,13)
       Maximum VN Number     :  0.74E+00 on Mesh 1 at (26,15,13)
       ---------------------------------------------------------------
       Mesh    1
       Max CFL number:  0.82E+00 at (24,14,13)
       Max divergence:  0.20E+02 at (29,33,2)
       Min divergence: -0.55E+01 at (26,15,12)
       Max VN number :  0.74E+00 at (26,15,13)
       Mesh    2
       Max CFL number:  0.75E+00 at (7,6,1)
       Max divergence:  0.51E+01 at (9,6,41)
       Min divergence: -0.63E+01 at (8,8,41)
       Max VN number :  0.18E+00 at (6,9,41)
 
       Time Step    32600   September 24, 2026  09:55:55
       Step Size:  0.282E-02 s, Total Time:   89.45568 s
       Pressure Iterations: 5
       Maximum Velocity Error:  0.12E-01 on Mesh 1 at (23,14,15)
       Maximum Pressure Error:  0.25E+04 on Mesh 2 at (6,4,2)
       Maximum CFL Number    :  0.91E+00 on Mesh 1 at (23,14,12)
       Maximum VN Number     :  0.82E+00 on Mesh 1 at (25,16,13)
       ---------------------------------------------------------------
       Mesh    1
       Max CFL number:  0.91E+00 at (23,14,12)
       Max divergence:  0.23E+02 at (29,35,2)
       Min divergence: -0.80E+01 at (26,16,12)
       Max VN number :  0.82E+00 at (25,16,13)
       Mesh    2
       Max CFL number:  0.78E+00 at (6,5,1)
       Max divergence:  0.44E+01 at (8,4,40)
       Min divergence: -0.52E+01 at (8,8,41)
       Max VN number :  0.19E+00 at (5,6,2)
 
       Time Step    32700   September 24, 2026  09:56:06
       Step Size:  0.261E-02 s, Total Time:   89.72320 s
       Pressure Iterations: 6
       Maximum Velocity Error:  0.69E-02 on Mesh 2 at (6,7,0)
       Maximum Pressure Error:  0.21E+04 on Mesh 2 at (8,5,13)
       Maximum CFL Number    :  0.81E+00 on Mesh 1 at (23,14,12)
       Maximum VN Number     :  0.83E+00 on Mesh 1 at (25,16,13)
       ---------------------------------------------------------------
       Mesh    1
       Max CFL number:  0.81E+00 at (23,14,12)
       Max divergence:  0.17E+02 at (19,35,2)
       Min divergence: -0.66E+01 at (25,16,12)
       Max VN number :  0.83E+00 at (25,16,13)
       Mesh    2
       Max CFL number:  0.76E+00 at (6,5,3)
       Max divergence:  0.39E+01 at (8,4,41)
       Min divergence: -0.72E+01 at (8,8,41)
       Max VN number :  0.18E+00 at (8,7,5)
 
       Time Step    32800   September 24, 2026  09:56:18
       Step Size:  0.298E-02 s, Total Time:   89.99388 s
       Pressure Iterations: 4
       Maximum Velocity Error:  0.11E-01 on Mesh 2 at (6,6,0)
       Maximum Pressure Error:  0.39E+04 on Mesh 2 at (6,4,5)
       Maximum CFL Number    :  0.86E+00 on Mesh 1 at (26,15,12)
       Maximum VN Number     :  0.80E+00 on Mesh 1 at (22,14,13)
       ---------------------------------------------------------------
       Mesh    1
       Max CFL number:  0.86E+00 at (26,15,12)
       Max divergence:  0.18E+02 at (27,33,2)
       Min divergence: -0.56E+01 at (26,16,12)
       Max VN number :  0.80E+00 at (22,14,13)
       Mesh    2
       Max CFL number:  0.85E+00 at (6,5,2)
       Max divergence:  0.47E+01 at (5,4,41)
       Min divergence: -0.56E+01 at (4,6,41)
       Max VN number :  0.18E+00 at (9,6,41)
 
       Time Step    32900   September 24, 2026  09:56:30
       Step Size:  0.255E-02 s, Total Time:   90.27423 s
       Pressure Iterations: 5
       Maximum Velocity Error:  0.98E-02 on Mesh 1 at (23,13,15)
       Maximum Pressure Error:  0.16E+04 on Mesh 2 at (6,4,7)
       Maximum CFL Number    :  0.81E+00 on Mesh 1 at (23,14,12)
       Maximum VN Number     :  0.64E+00 on Mesh 1 at (26,13,13)
       ---------------------------------------------------------------
       Mesh    1
       Max CFL number:  0.81E+00 at (23,14,12)
       Max divergence:  0.19E+02 at (28,33,2)
       Min divergence: -0.45E+01 at (23,14,12)
       Max VN number :  0.64E+00 at (26,13,13)
       Mesh    2
       Max CFL number:  0.70E+00 at (6,5,5)
       Max divergence:  0.64E+01 at (5,5,41)
       Min divergence: -0.60E+01 at (5,8,41)
       Max VN number :  0.16E+00 at (6,7,7)
 
       Time Step    33000   September 24, 2026  09:56:42
       Step Size:  0.245E-02 s, Total Time:   90.55221 s
       Pressure Iterations: 5
       Maximum Velocity Error:  0.12E-01 on Mesh 1 at (23,14,15)
       Maximum Pressure Error:  0.28E+04 on Mesh 1 at (23,13,13)
       Maximum CFL Number    :  0.79E+00 on Mesh 1 at (23,14,12)
       Maximum VN Number     :  0.93E+00 on Mesh 1 at (25,16,13)
       ---------------------------------------------------------------
       Mesh    1
       Max CFL number:  0.79E+00 at (23,14,12)
       Max divergence:  0.18E+02 at (26,34,2)
       Min divergence: -0.56E+01 at (26,14,13)
       Max VN number :  0.93E+00 at (25,16,13)
       Mesh    2
       Max CFL number:  0.68E+00 at (6,6,1)
       Max divergence:  0.60E+01 at (8,4,41)
       Min divergence: -0.67E+01 at (7,4,41)
       Max VN number :  0.15E+00 at (5,6,1)
 
       Time Step    33100   September 24, 2026  09:56:54
       Step Size:  0.287E-02 s, Total Time:   90.81829 s
       Pressure Iterations: 6
       Maximum Velocity Error:  0.54E-02 on Mesh 1 at (23,14,15)
       Maximum Pressure Error:  0.26E+04 on Mesh 2 at (5,4,1)
       Maximum CFL Number    :  0.89E+00 on Mesh 1 at (23,14,12)
       Maximum VN Number     :  0.86E+00 on Mesh 1 at (22,15,13)
       ---------------------------------------------------------------
       Mesh    1
       Max CFL number:  0.89E+00 at (23,14,12)
       Max divergence:  0.17E+02 at (28,37,2)
       Min divergence: -0.58E+01 at (23,14,12)
       Max VN number :  0.86E+00 at (22,15,13)
       Mesh    2
       Max CFL number:  0.83E+00 at (6,5,2)
       Max divergence:  0.59E+01 at (8,4,41)
       Min divergence: -0.65E+01 at (5,5,41)
       Max VN number :  0.17E+00 at (6,5,1)
 
       Time Step    33200   September 24, 2026  09:57:06
       Step Size:  0.258E-02 s, Total Time:   91.08048 s
       Pressure Iterations: 4
       Maximum Velocity Error:  0.12E-01 on Mesh 1 at (25,13,15)
       Maximum Pressure Error:  0.18E+04 on Mesh 2 at (6,4,6)
       Maximum CFL Number    :  0.78E+00 on Mesh 1 at (23,14,12)
       Maximum VN Number     :  0.97E+00 on Mesh 1 at (25,16,13)
       ---------------------------------------------------------------
       Mesh    1
       Max CFL number:  0.78E+00 at (23,14,12)
       Max divergence:  0.20E+02 at (29,37,2)
       Min divergence: -0.56E+01 at (26,16,12)
       Max VN number :  0.97E+00 at (25,16,13)
       Mesh    2
       Max CFL number:  0.70E+00 at (6,5,5)
       Max divergence:  0.48E+01 at (5,5,43)
       Min divergence: -0.71E+01 at (5,5,41)
       Max VN number :  0.17E+00 at (5,7,2)
 
       Time Step    33300   September 24, 2026  09:57:17
       Step Size:  0.269E-02 s, Total Time:   91.34683 s
       Pressure Iterations: 4
       Maximum Velocity Error:  0.12E-01 on Mesh 1 at (22,14,15)
       Maximum Pressure Error:  0.22E+04 on Mesh 2 at (7,4,5)
       Maximum CFL Number    :  0.83E+00 on Mesh 1 at (23,14,12)
       Maximum VN Number     :  0.77E+00 on Mesh 1 at (25,16,13)
       ---------------------------------------------------------------
       Mesh    1
       Max CFL number:  0.83E+00 at (23,14,12)
       Max divergence:  0.17E+02 at (29,36,2)
       Min divergence: -0.60E+01 at (26,16,13)
       Max VN number :  0.77E+00 at (25,16,13)
       Mesh    2
       Max CFL number:  0.77E+00 at (6,5,6)
       Max divergence:  0.61E+01 at (5,5,42)
       Min divergence: -0.55E+01 at (4,7,41)
       Max VN number :  0.18E+00 at (7,7,6)
 
       Time Step    33400   September 24, 2026  09:57:30
       Step Size:  0.271E-02 s, Total Time:   91.61341 s
       Pressure Iterations: 5
       Maximum Velocity Error:  0.11E-01 on Mesh 1 at (25,14,15)
       Maximum Pressure Error:  0.17E+04 on Mesh 2 at (6,4,5)
       Maximum CFL Number    :  0.79E+00 on Mesh 1 at (24,13,15)
       Maximum VN Number     :  0.87E+00 on Mesh 1 at (26,13,13)
       ---------------------------------------------------------------
       Mesh    1
       Max CFL number:  0.79E+00 at (24,13,15)
       Max divergence:  0.19E+02 at (19,36,2)
       Min divergence: -0.59E+01 at (25,16,12)
       Max VN number :  0.87E+00 at (26,13,13)
       Mesh    2
       Max CFL number:  0.78E+00 at (6,5,1)
       Max divergence:  0.62E+01 at (5,5,42)
       Min divergence: -0.50E+01 at (8,8,41)
       Max VN number :  0.25E+00 at (8,7,15)
 
       Time Step    33500   September 24, 2026  09:57:42
       Step Size:  0.240E-02 s, Total Time:   91.89050 s
       Pressure Iterations: 5
       Maximum Velocity Error:  0.88E-02 on Mesh 1 at (24,13,15)
       Maximum Pressure Error:  0.24E+04 on Mesh 2 at (5,4,2)
       Maximum CFL Number    :  0.74E+00 on Mesh 1 at (25,15,12)
       Maximum VN Number     :  0.91E+00 on Mesh 1 at (26,14,13)
       ---------------------------------------------------------------
       Mesh    1
       Max CFL number:  0.74E+00 at (25,15,12)
       Max divergence:  0.18E+02 at (22,33,2)
       Min divergence: -0.36E+01 at (26,16,12)
       Max VN number :  0.91E+00 at (26,14,13)
       Mesh    2
       Max CFL number:  0.71E+00 at (6,5,1)
       Max divergence:  0.47E+01 at (5,5,42)
       Min divergence: -0.57E+01 at (8,8,41)
       Max VN number :  0.16E+00 at (7,7,5)
 
       Time Step    33600   September 24, 2026  09:57:53
       Step Size:  0.283E-02 s, Total Time:   92.15777 s
       Pressure Iterations: 6
       Maximum Velocity Error:  0.75E-02 on Mesh 1 at (24,14,15)
       Maximum Pressure Error:  0.22E+04 on Mesh 2 at (6,4,3)
       Maximum CFL Number    :  0.87E+00 on Mesh 1 at (23,14,12)
       Maximum VN Number     :  0.92E+00 on Mesh 1 at (26,15,13)
       ---------------------------------------------------------------
       Mesh    1
       Max CFL number:  0.87E+00 at (23,14,12)
       Max divergence:  0.20E+02 at (21,33,2)
       Min divergence: -0.63E+01 at (26,16,12)
       Max VN number :  0.92E+00 at (26,15,13)
       Mesh    2
       Max CFL number:  0.81E+00 at (6,5,4)
       Max divergence:  0.50E+01 at (8,4,41)
       Min divergence: -0.67E+01 at (5,5,41)
       Max VN number :  0.17E+00 at (4,6,43)
 
       Time Step    33700   September 24, 2026  09:58:06
       Step Size:  0.267E-02 s, Total Time:   92.42414 s
       Pressure Iterations: 4
       Maximum Velocity Error:  0.68E-02 on Mesh 1 at (25,13,15)
       Maximum Pressure Error:  0.15E+04 on Mesh 2 at (5,4,12)
       Maximum CFL Number    :  0.80E+00 on Mesh 1 at (23,14,12)
       Maximum VN Number     :  0.79E+00 on Mesh 1 at (26,14,13)
       ---------------------------------------------------------------
       Mesh    1
       Max CFL number:  0.80E+00 at (23,14,12)
       Max divergence:  0.21E+02 at (28,33,2)
       Min divergence: -0.67E+01 at (26,16,12)
       Max VN number :  0.79E+00 at (26,14,13)
       Mesh    2
       Max CFL number:  0.74E+00 at (6,5,2)
       Max divergence:  0.47E+01 at (4,5,42)
       Min divergence: -0.67E+01 at (8,8,41)
       Max VN number :  0.18E+00 at (5,6,7)
 
       Time Step    33800   September 24, 2026  09:58:16
       Step Size:  0.288E-02 s, Total Time:   92.70953 s
       Pressure Iterations: 5
       Maximum Velocity Error:  0.81E-02 on Mesh 2 at (5,7,0)
       Maximum Pressure Error:  0.19E+04 on Mesh 2 at (8,5,15)
       Maximum CFL Number    :  0.87E+00 on Mesh 1 at (25,15,12)
       Maximum VN Number     :  0.89E+00 on Mesh 1 at (26,14,13)
       ---------------------------------------------------------------
       Mesh    1
       Max CFL number:  0.87E+00 at (25,15,12)
       Max divergence:  0.16E+02 at (27,33,2)
       Min divergence: -0.45E+01 at (25,17,11)
       Max VN number :  0.89E+00 at (26,14,13)
       Mesh    2
       Max CFL number:  0.84E+00 at (6,5,2)
       Max divergence:  0.50E+01 at (6,4,43)
       Min divergence: -0.62E+01 at (8,5,41)
       Max VN number :  0.20E+00 at (9,6,41)
 
       Time Step    33900   September 24, 2026  09:58:29
       Step Size:  0.267E-02 s, Total Time:   92.98595 s
       Pressure Iterations: 6
       Maximum Velocity Error:  0.85E-02 on Mesh 1 at (25,14,15)
       Maximum Pressure Error:  0.14E+04 on Mesh 2 at (6,4,5)
       Maximum CFL Number    :  0.86E+00 on Mesh 1 at (26,15,12)
       Maximum VN Number     :  0.84E+00 on Mesh 1 at (25,16,13)
       ---------------------------------------------------------------
       Mesh    1
       Max CFL number:  0.86E+00 at (26,15,12)
       Max divergence:  0.16E+02 at (23,33,2)
       Min divergence: -0.59E+01 at (26,14,13)
       Max VN number :  0.84E+00 at (25,16,13)
       Mesh    2
       Max CFL number:  0.77E+00 at (6,6,1)
       Max divergence:  0.46E+01 at (5,4,40)
       Min divergence: -0.68E+01 at (5,5,41)
       Max VN number :  0.17E+00 at (9,6,41)
 
       Time Step    34000   September 24, 2026  09:58:40
       Step Size:  0.278E-02 s, Total Time:   93.24909 s
       Pressure Iterations: 6
       Maximum Velocity Error:  0.10E-01 on Mesh 1 at (22,14,15)
       Maximum Pressure Error:  0.27E+04 on Mesh 1 at (23,13,13)
       Maximum CFL Number    :  0.86E+00 on Mesh 1 at (24,14,14)
       Maximum VN Number     :  0.80E+00 on Mesh 1 at (26,14,13)
       ---------------------------------------------------------------
       Mesh    1
       Max CFL number:  0.86E+00 at (24,14,14)
       Max divergence:  0.18E+02 at (25,33,2)
       Min divergence: -0.54E+01 at (26,16,12)
       Max VN number :  0.80E+00 at (26,14,13)
       Mesh    2
       Max CFL number:  0.82E+00 at (6,6,1)
       Max divergence:  0.65E+01 at (6,8,44)
       Min divergence: -0.59E+01 at (7,4,41)
       Max VN number :  0.21E+00 at (5,7,12)
 
       Time Step    34100   September 24, 2026  09:58:51
       Step Size:  0.292E-02 s, Total Time:   93.53864 s
       Pressure Iterations: 5
       Maximum Velocity Error:  0.11E-01 on Mesh 1 at (22,14,15)
       Maximum Pressure Error:  0.20E+04 on Mesh 1 at (23,13,13)
       Maximum CFL Number    :  0.89E+00 on Mesh 1 at (23,14,12)
       Maximum VN Number     :  0.84E+00 on Mesh 1 at (26,13,13)
       ---------------------------------------------------------------
       Mesh    1
       Max CFL number:  0.89E+00 at (23,14,12)
       Max divergence:  0.16E+02 at (25,33,2)
       Min divergence: -0.63E+01 at (25,16,13)
       Max VN number :  0.84E+00 at (26,13,13)
       Mesh    2
       Max CFL number:  0.82E+00 at (6,5,4)
       Max divergence:  0.37E+01 at (5,4,41)
       Min divergence: -0.47E+01 at (4,6,41)
       Max VN number :  0.26E+00 at (8,7,5)
 
       Time Step    34200   September 24, 2026  09:59:02
       Step Size:  0.270E-02 s, Total Time:   93.80865 s
       Pressure Iterations: 6
       Maximum Velocity Error:  0.95E-02 on Mesh 1 at (24,14,15)
       Maximum Pressure Error:  0.18E+04 on Mesh 2 at (6,4,3)
       Maximum CFL Number    :  0.80E+00 on Mesh 1 at (25,14,12)
       Maximum VN Number     :  0.73E+00 on Mesh 1 at (23,16,13)
       ---------------------------------------------------------------
       Mesh    1
       Max CFL number:  0.80E+00 at (25,14,12)
       Max divergence:  0.18E+02 at (29,34,2)
       Min divergence: -0.85E+01 at (26,15,13)
       Max VN number :  0.73E+00 at (23,16,13)
       Mesh    2
       Max CFL number:  0.78E+00 at (6,5,1)
       Max divergence:  0.47E+01 at (5,4,41)
       Min divergence: -0.66E+01 at (5,5,41)
       Max VN number :  0.20E+00 at (7,7,4)
 
       Time Step    34300   September 24, 2026  09:59:12
       Step Size:  0.279E-02 s, Total Time:   94.07975 s
       Pressure Iterations: 4
       Maximum Velocity Error:  0.78E-02 on Mesh 1 at (25,13,15)
       Maximum Pressure Error:  0.18E+04 on Mesh 2 at (6,8,19)
       Maximum CFL Number    :  0.86E+00 on Mesh 1 at (25,15,12)
       Maximum VN Number     :  0.78E+00 on Mesh 1 at (22,14,13)
       ---------------------------------------------------------------
       Mesh    1
       Max CFL number:  0.86E+00 at (25,15,12)
       Max divergence:  0.17E+02 at (24,33,2)
       Min divergence: -0.51E+01 at (26,16,12)
       Max VN number :  0.78E+00 at (22,14,13)
       Mesh    2
       Max CFL number:  0.75E+00 at (6,5,3)
       Max divergence:  0.63E+01 at (8,4,41)
       Min divergence: -0.56E+01 at (8,8,41)
       Max VN number :  0.19E+00 at (8,8,7)
 
       Time Step    34400   September 24, 2026  09:59:23
       Step Size:  0.256E-02 s, Total Time:   94.34835 s
       Pressure Iterations: 5
       Maximum Velocity Error:  0.11E-01 on Mesh 1 at (23,13,15)
       Maximum Pressure Error:  0.13E+04 on Mesh 2 at (8,5,24)
       Maximum CFL Number    :  0.74E+00 on Mesh 1 at (25,15,12)
       Maximum VN Number     :  0.90E+00 on Mesh 1 at (26,14,13)
       ---------------------------------------------------------------
       Mesh    1
       Max CFL number:  0.74E+00 at (25,15,12)
       Max divergence:  0.17E+02 at (24,33,2)
       Min divergence: -0.45E+01 at (26,16,13)
       Max VN number :  0.90E+00 at (26,14,13)
       Mesh    2
       Max CFL number:  0.70E+00 at (6,6,1)
       Max divergence:  0.40E+01 at (6,9,41)
       Min divergence: -0.71E+01 at (7,4,41)
       Max VN number :  0.16E+00 at (7,7,5)
 
       Time Step    34500   September 24, 2026  09:59:34
       Step Size:  0.269E-02 s, Total Time:   94.61095 s
       Pressure Iterations: 6
       Maximum Velocity Error:  0.96E-02 on Mesh 1 at (23,14,15)
       Maximum Pressure Error:  0.22E+04 on Mesh 2 at (6,4,3)
       Maximum CFL Number    :  0.88E+00 on Mesh 1 at (23,14,12)
       Maximum VN Number     :  0.83E+00 on Mesh 1 at (22,15,13)
       ---------------------------------------------------------------
       Mesh    1
       Max CFL number:  0.88E+00 at (23,14,12)
       Max divergence:  0.17E+02 at (22,33,2)
       Min divergence: -0.39E+01 at (22,13,10)
       Max VN number :  0.83E+00 at (22,15,13)
       Mesh    2
       Max CFL number:  0.76E+00 at (5,6,1)
       Max divergence:  0.54E+01 at (8,4,41)
       Min divergence: -0.68E+01 at (8,8,41)
       Max VN number :  0.17E+00 at (7,7,5)
 
       Time Step    34600   September 24, 2026  09:59:46
       Step Size:  0.288E-02 s, Total Time:   94.88583 s
       Pressure Iterations: 6
       Maximum Velocity Error:  0.97E-02 on Mesh 1 at (24,13,15)
       Maximum Pressure Error:  0.23E+04 on Mesh 2 at (6,4,3)
       Maximum CFL Number    :  0.86E+00 on Mesh 2 at (6,5,2)
       Maximum VN Number     :  0.85E+00 on Mesh 1 at (26,15,13)
       ---------------------------------------------------------------
       Mesh    1
       Max CFL number:  0.84E+00 at (24,14,15)
       Max divergence:  0.17E+02 at (29,36,2)
       Min divergence: -0.69E+01 at (26,15,13)
       Max VN number :  0.85E+00 at (26,15,13)
       Mesh    2
       Max CFL number:  0.86E+00 at (6,5,2)
       Max divergence:  0.49E+01 at (4,5,40)
       Min divergence: -0.60E+01 at (8,8,41)
       Max VN number :  0.18E+00 at (6,5,1)
 
       Time Step    34700   September 24, 2026  09:59:58
       Step Size:  0.241E-02 s, Total Time:   95.15787 s
       Pressure Iterations: 4
       Maximum Velocity Error:  0.70E-02 on Mesh 1 at (24,13,15)
       Maximum Pressure Error:  0.23E+04 on Mesh 2 at (6,8,29)
       Maximum CFL Number    :  0.75E+00 on Mesh 1 at (26,15,12)
       Maximum VN Number     :  0.87E+00 on Mesh 1 at (25,16,13)
       ---------------------------------------------------------------
       Mesh    1
       Max CFL number:  0.75E+00 at (26,15,12)
       Max divergence:  0.21E+02 at (19,36,2)
       Min divergence: -0.71E+01 at (26,16,12)
       Max VN number :  0.87E+00 at (25,16,13)
       Mesh    2
       Max CFL number:  0.68E+00 at (6,5,1)
       Max divergence:  0.55E+01 at (8,4,41)
       Min divergence: -0.55E+01 at (4,6,41)
       Max VN number :  0.20E+00 at (8,6,1)
 
       Time Step    34800   September 24, 2026  10:00:09
       Step Size:  0.283E-02 s, Total Time:   95.42535 s
       Pressure Iterations: 6
       Maximum Velocity Error:  0.70E-02 on Mesh 1 at (26,14,15)
       Maximum Pressure Error:  0.18E+04 on Mesh 2 at (7,4,8)
       Maximum CFL Number    :  0.90E+00 on Mesh 1 at (23,14,12)
       Maximum VN Number     :  0.79E+00 on Mesh 1 at (22,15,13)
       ---------------------------------------------------------------
       Mesh    1
       Max CFL number:  0.90E+00 at (23,14,12)
       Max divergence:  0.16E+02 at (26,33,2)
       Min divergence: -0.56E+01 at (26,15,13)
       Max VN number :  0.79E+00 at (22,15,13)
       Mesh    2
       Max CFL number:  0.81E+00 at (6,6,1)
       Max divergence:  0.67E+01 at (5,5,41)
       Min divergence: -0.60E+01 at (6,4,41)
       Max VN number :  0.18E+00 at (6,9,41)
 
       Time Step    34900   September 24, 2026  10:00:20
       Step Size:  0.247E-02 s, Total Time:   95.69670 s
       Pressure Iterations: 5
       Maximum Velocity Error:  0.11E-01 on Mesh 1 at (24,12,15)
       Maximum Pressure Error:  0.25E+04 on Mesh 2 at (6,4,6)
       Maximum CFL Number    :  0.81E+00 on Mesh 1 at (26,15,12)
       Maximum VN Number     :  0.99E+00 on Mesh 1 at (25,16,13)
       ---------------------------------------------------------------
       Mesh    1
       Max CFL number:  0.81E+00 at (26,15,12)
       Max divergence:  0.17E+02 at (25,33,2)
       Min divergence: -0.64E+01 at (26,16,13)
       Max VN number :  0.99E+00 at (25,16,13)
       Mesh    2
       Max CFL number:  0.73E+00 at (6,5,3)
       Max divergence:  0.49E+01 at (6,4,43)
       Min divergence: -0.56E+01 at (4,6,42)
       Max VN number :  0.17E+00 at (9,6,41)
 
       Time Step    35000   September 24, 2026  10:00:32
       Step Size:  0.300E-02 s, Total Time:   95.95841 s
       Pressure Iterations: 5
       Maximum Velocity Error:  0.11E-01 on Mesh 2 at (5,5,0)
       Maximum Pressure Error:  0.25E+04 on Mesh 2 at (6,4,8)
       Maximum CFL Number    :  0.87E+00 on Mesh 1 at (26,15,12)
       Maximum VN Number     :  0.90E+00 on Mesh 1 at (26,15,13)
       ---------------------------------------------------------------
       Mesh    1
       Max CFL number:  0.87E+00 at (26,15,12)
       Max divergence:  0.17E+02 at (21,33,2)
       Min divergence: -0.52E+01 at (26,15,13)
       Max VN number :  0.90E+00 at (26,15,13)
       Mesh    2
       Max CFL number:  0.86E+00 at (6,5,3)
       Max divergence:  0.52E+01 at (4,5,41)
       Min divergence: -0.72E+01 at (8,8,41)
       Max VN number :  0.23E+00 at (7,7,4)
 
       Time Step    35100   September 24, 2026  10:00:44
       Step Size:  0.284E-02 s, Total Time:   96.23275 s
       Pressure Iterations: 5
       Maximum Velocity Error:  0.97E-02 on Mesh 1 at (25,14,15)
       Maximum Pressure Error:  0.22E+04 on Mesh 2 at (6,4,4)
       Maximum CFL Number    :  0.83E+00 on Mesh 1 at (25,15,12)
       Maximum VN Number     :  0.86E+00 on Mesh 1 at (26,14,13)
       ---------------------------------------------------------------
       Mesh    1
       Max CFL number:  0.83E+00 at (25,15,12)
       Max divergence:  0.16E+02 at (28,33,2)
       Min divergence: -0.39E+01 at (25,16,13)
       Max VN number :  0.86E+00 at (26,14,13)
       Mesh    2
       Max CFL number:  0.79E+00 at (6,6,1)
       Max divergence:  0.53E+01 at (5,5,40)
       Min divergence: -0.64E+01 at (8,8,41)
       Max VN number :  0.33E+00 at (8,7,9)
 
       Time Step    35200   September 24, 2026  10:00:55
       Step Size:  0.276E-02 s, Total Time:   96.50874 s
       Pressure Iterations: 4
       Maximum Velocity Error:  0.81E-02 on Mesh 1 at (25,15,15)
       Maximum Pressure Error:  0.21E+04 on Mesh 2 at (7,4,7)
       Maximum CFL Number    :  0.83E+00 on Mesh 1 at (25,15,12)
       Maximum VN Number     :  0.78E+00 on Mesh 1 at (25,16,13)
       ---------------------------------------------------------------
       Mesh    1
       Max CFL number:  0.83E+00 at (25,15,12)
       Max divergence:  0.18E+02 at (27,33,2)
       Min divergence: -0.65E+01 at (26,16,12)
       Max VN number :  0.78E+00 at (25,16,13)
       Mesh    2
       Max CFL number:  0.77E+00 at (6,5,8)
       Max divergence:  0.42E+01 at (6,3,41)
       Min divergence: -0.67E+01 at (6,4,41)
       Max VN number :  0.16E+00 at (8,7,7)
 
       Time Step    35300   September 24, 2026  10:01:07
       Step Size:  0.307E-02 s, Total Time:   96.78652 s
       Pressure Iterations: 4
       Maximum Velocity Error:  0.11E-01 on Mesh 1 at (24,14,15)
       Maximum Pressure Error:  0.15E+04 on Mesh 2 at (6,9,20)
       Maximum CFL Number    :  0.95E+00 on Mesh 1 at (23,15,12)
       Maximum VN Number     :  0.84E+00 on Mesh 1 at (25,16,13)
       ---------------------------------------------------------------
       Mesh    1
       Max CFL number:  0.95E+00 at (23,15,12)
       Max divergence:  0.19E+02 at (19,37,2)
       Min divergence: -0.51E+01 at (26,16,13)
       Max VN number :  0.84E+00 at (25,16,13)
       Mesh    2
       Max CFL number:  0.86E+00 at (6,6,1)
       Max divergence:  0.80E+01 at (5,5,42)
       Min divergence: -0.65E+01 at (8,8,41)
       Max VN number :  0.18E+00 at (7,7,8)
 
       Time Step    35400   September 24, 2026  10:01:19
       Step Size:  0.288E-02 s, Total Time:   97.05531 s
       Pressure Iterations: 6
       Maximum Velocity Error:  0.69E-02 on Mesh 1 at (24,14,15)
       Maximum Pressure Error:  0.19E+04 on Mesh 2 at (5,4,2)
       Maximum CFL Number    :  0.93E+00 on Mesh 1 at (23,14,12)
       Maximum VN Number     :  0.83E+00 on Mesh 1 at (23,16,13)
       ---------------------------------------------------------------
       Mesh    1
       Max CFL number:  0.93E+00 at (23,14,12)
       Max divergence:  0.17E+02 at (23,33,2)
       Min divergence: -0.75E+01 at (26,16,12)
       Max VN number :  0.83E+00 at (23,16,13)
       Mesh    2
       Max CFL number:  0.86E+00 at (6,6,3)
       Max divergence:  0.65E+01 at (5,5,42)
       Min divergence: -0.67E+01 at (5,5,41)
       Max VN number :  0.22E+00 at (7,8,25)
 
       Time Step    35500   September 24, 2026  10:01:31
       Step Size:  0.282E-02 s, Total Time:   97.32452 s
       Pressure Iterations: 4
       Maximum Velocity Error:  0.12E-01 on Mesh 1 at (23,13,15)
       Maximum Pressure Error:  0.25E+04 on Mesh 2 at (6,4,5)
       Maximum CFL Number    :  0.85E+00 on Mesh 1 at (23,14,12)
       Maximum VN Number     :  0.78E+00 on Mesh 1 at (26,13,13)
       ---------------------------------------------------------------
       Mesh    1
       Max CFL number:  0.85E+00 at (23,14,12)
       Max divergence:  0.17E+02 at (29,34,2)
       Min divergence: -0.53E+01 at (23,14,12)
       Max VN number :  0.78E+00 at (26,13,13)
       Mesh    2
       Max CFL number:  0.80E+00 at (6,5,1)
       Max divergence:  0.53E+01 at (8,4,41)
       Min divergence: -0.75E+01 at (7,4,41)
       Max VN number :  0.18E+00 at (9,6,41)
 
       Time Step    35600   September 24, 2026  10:01:42
       Step Size:  0.290E-02 s, Total Time:   97.60695 s
       Pressure Iterations: 5
       Maximum Velocity Error:  0.11E-01 on Mesh 1 at (23,14,15)
       Maximum Pressure Error:  0.18E+04 on Mesh 2 at (6,4,7)
       Maximum CFL Number    :  0.90E+00 on Mesh 1 at (25,15,12)
       Maximum VN Number     :  0.97E+00 on Mesh 1 at (22,14,13)
       ---------------------------------------------------------------
       Mesh    1
       Max CFL number:  0.90E+00 at (25,15,12)
       Max divergence:  0.18E+02 at (20,33,2)
       Min divergence: -0.40E+01 at (23,16,12)
       Max VN number :  0.97E+00 at (22,14,13)
       Mesh    2
       Max CFL number:  0.79E+00 at (6,6,1)
       Max divergence:  0.60E+01 at (8,6,44)
       Min divergence: -0.73E+01 at (8,8,41)
       Max VN number :  0.19E+00 at (5,7,12)
 
       Time Step    35700   September 24, 2026  10:01:54
       Step Size:  0.284E-02 s, Total Time:   97.87883 s
       Pressure Iterations: 6
       Maximum Velocity Error:  0.72E-02 on Mesh 1 at (22,14,15)
       Maximum Pressure Error:  0.24E+04 on Mesh 1 at (23,13,13)
       Maximum CFL Number    :  0.94E+00 on Mesh 1 at (23,14,12)
       Maximum VN Number     :  0.96E+00 on Mesh 1 at (25,16,13)
       ---------------------------------------------------------------
       Mesh    1
       Max CFL number:  0.94E+00 at (23,14,12)
       Max divergence:  0.17E+02 at (20,32,2)
       Min divergence: -0.43E+01 at (22,15,12)
       Max VN number :  0.96E+00 at (25,16,13)
       Mesh    2
       Max CFL number:  0.83E+00 at (6,6,1)
       Max divergence:  0.53E+01 at (8,4,41)
       Min divergence: -0.55E+01 at (8,5,42)
       Max VN number :  0.19E+00 at (8,6,1)
 
       Time Step    35800   September 24, 2026  10:02:05
       Step Size:  0.268E-02 s, Total Time:   98.14414 s
       Pressure Iterations: 6
       Maximum Velocity Error:  0.76E-02 on Mesh 2 at (6,5,0)
       Maximum Pressure Error:  0.24E+04 on Mesh 2 at (6,4,4)
       Maximum CFL Number    :  0.82E+00 on Mesh 1 at (25,14,12)
       Maximum VN Number     :  0.89E+00 on Mesh 1 at (26,15,13)
       ---------------------------------------------------------------
       Mesh    1
       Max CFL number:  0.82E+00 at (25,14,12)
       Max divergence:  0.18E+02 at (19,36,2)
       Min divergence: -0.68E+01 at (26,15,13)
       Max VN number :  0.89E+00 at (26,15,13)
       Mesh    2
       Max CFL number:  0.78E+00 at (6,5,1)
       Max divergence:  0.40E+01 at (8,4,41)
       Min divergence: -0.62E+01 at (8,8,40)
       Max VN number :  0.17E+00 at (5,7,13)
 
       Time Step    35900   September 24, 2026  10:02:17
       Step Size:  0.257E-02 s, Total Time:   98.41498 s
       Pressure Iterations: 5
       Maximum Velocity Error:  0.92E-02 on Mesh 1 at (23,13,15)
       Maximum Pressure Error:  0.26E+04 on Mesh 2 at (9,6,22)
       Maximum CFL Number    :  0.78E+00 on Mesh 1 at (23,14,12)
       Maximum VN Number     :  0.95E+00 on Mesh 1 at (25,16,13)
       ---------------------------------------------------------------
       Mesh    1
       Max CFL number:  0.78E+00 at (23,14,12)
       Max divergence:  0.17E+02 at (26,33,2)
       Min divergence: -0.55E+01 at (26,16,12)
       Max VN number :  0.95E+00 at (25,16,13)
       Mesh    2
       Max CFL number:  0.71E+00 at (8,6,23)
       Max divergence:  0.72E+01 at (8,4,41)
       Min divergence: -0.10E+02 at (8,5,41)
       Max VN number :  0.18E+00 at (6,4,41)
 
       Time Step    36000   September 24, 2026  10:02:28
       Step Size:  0.245E-02 s, Total Time:   98.67599 s
       Pressure Iterations: 5
       Maximum Velocity Error:  0.82E-02 on Mesh 1 at (22,15,15)
       Maximum Pressure Error:  0.14E+04 on Mesh 2 at (8,5,3)
       Maximum CFL Number    :  0.78E+00 on Mesh 1 at (24,14,14)
       Maximum VN Number     :  0.78E+00 on Mesh 1 at (22,15,13)
       ---------------------------------------------------------------
       Mesh    1
       Max CFL number:  0.78E+00 at (24,14,14)
       Max divergence:  0.21E+02 at (19,36,2)
       Min divergence: -0.55E+01 at (25,16,12)
       Max VN number :  0.78E+00 at (22,15,13)
       Mesh    2
       Max CFL number:  0.71E+00 at (6,6,1)
       Max divergence:  0.55E+01 at (8,4,41)
       Min divergence: -0.64E+01 at (8,5,41)
       Max VN number :  0.14E+00 at (6,9,41)
 
       Time Step    36100   September 24, 2026  10:02:39
       Step Size:  0.238E-02 s, Total Time:   98.93896 s
       Pressure Iterations: 6
       Maximum Velocity Error:  0.57E-02 on Mesh 2 at (8,6,0)
       Maximum Pressure Error:  0.20E+04 on Mesh 2 at (5,4,2)
       Maximum CFL Number    :  0.75E+00 on Mesh 1 at (25,15,12)
       Maximum VN Number     :  0.72E+00 on Mesh 1 at (25,16,13)
       ---------------------------------------------------------------
       Mesh    1
       Max CFL number:  0.75E+00 at (25,15,12)
       Max divergence:  0.17E+02 at (19,35,2)
       Min divergence: -0.54E+01 at (26,16,12)
       Max VN number :  0.72E+00 at (25,16,13)
       Mesh    2
       Max CFL number:  0.67E+00 at (6,5,2)
       Max divergence:  0.54E+01 at (8,4,41)
       Min divergence: -0.74E+01 at (8,8,41)
       Max VN number :  0.17E+00 at (5,7,3)
 
       Time Step    36200   September 24, 2026  10:02:52
       Step Size:  0.270E-02 s, Total Time:   99.20785 s
       Pressure Iterations: 6
       Maximum Velocity Error:  0.92E-02 on Mesh 2 at (4,6,0)
       Maximum Pressure Error:  0.41E+04 on Mesh 1 at (19,32,2)
       Maximum CFL Number    :  0.81E+00 on Mesh 1 at (25,15,12)
       Maximum VN Number     :  0.95E+00 on Mesh 1 at (26,14,13)
       ---------------------------------------------------------------
       Mesh    1
       Max CFL number:  0.81E+00 at (25,15,12)
       Max divergence:  0.22E+02 at (19,32,2)
       Min divergence: -0.71E+01 at (26,15,13)
       Max VN number :  0.95E+00 at (26,14,13)
       Mesh    2
       Max CFL number:  0.78E+00 at (6,5,2)
       Max divergence:  0.52E+01 at (4,5,40)
       Min divergence: -0.72E+01 at (8,8,41)
       Max VN number :  0.19E+00 at (7,7,5)
 
       Time Step    36300   September 24, 2026  10:03:04
       Step Size:  0.284E-02 s, Total Time:   99.48409 s
       Pressure Iterations: 5
       Maximum Velocity Error:  0.12E-01 on Mesh 1 at (25,14,15)
       Maximum Pressure Error:  0.17E+04 on Mesh 2 at (7,4,5)
       Maximum CFL Number    :  0.83E+00 on Mesh 1 at (25,15,12)
       Maximum VN Number     :  0.82E+00 on Mesh 1 at (26,13,13)
       ---------------------------------------------------------------
       Mesh    1
       Max CFL number:  0.83E+00 at (25,15,12)
       Max divergence:  0.17E+02 at (19,35,2)
       Min divergence: -0.64E+01 at (25,16,12)
       Max VN number :  0.82E+00 at (26,13,13)
       Mesh    2
       Max CFL number:  0.80E+00 at (7,5,7)
       Max divergence:  0.60E+01 at (4,8,41)
       Min divergence: -0.53E+01 at (4,7,41)
       Max VN number :  0.19E+00 at (5,7,5)
 
       Time Step    36400   September 24, 2026  10:03:16
       Step Size:  0.281E-02 s, Total Time:   99.76026 s
       Pressure Iterations: 5
       Maximum Velocity Error:  0.12E-01 on Mesh 1 at (24,12,15)
       Maximum Pressure Error:  0.17E+04 on Mesh 2 at (6,4,6)
       Maximum CFL Number    :  0.81E+00 on Mesh 2 at (6,6,3)
       Maximum VN Number     :  0.77E+00 on Mesh 1 at (24,16,13)
       ---------------------------------------------------------------
       Mesh    1
       Max CFL number:  0.81E+00 at (25,15,12)
       Max divergence:  0.17E+02 at (19,32,2)
       Min divergence: -0.39E+01 at (26,16,12)
       Max VN number :  0.77E+00 at (24,16,13)
       Mesh    2
       Max CFL number:  0.81E+00 at (6,6,3)
       Max divergence:  0.47E+01 at (4,5,41)
       Min divergence: -0.77E+01 at (8,8,41)
       Max VN number :  0.20E+00 at (8,5,42)
 
       Time Step    36500   September 24, 2026  10:03:27
       Step Size:  0.275E-02 s, Total Time:  100.03521 s
       Pressure Iterations: 4
       Maximum Velocity Error:  0.10E-01 on Mesh 1 at (23,13,15)
       Maximum Pressure Error:  0.15E+04 on Mesh 2 at (6,8,23)
       Maximum CFL Number    :  0.84E+00 on Mesh 1 at (25,15,12)
       Maximum VN Number     :  0.96E+00 on Mesh 1 at (25,16,13)
       ---------------------------------------------------------------
       Mesh    1
       Max CFL number:  0.84E+00 at (25,15,12)
       Max divergence:  0.19E+02 at (23,33,2)
       Min divergence: -0.56E+01 at (26,16,13)
       Max VN number :  0.96E+00 at (25,16,13)
       Mesh    2
       Max CFL number:  0.79E+00 at (6,5,2)
       Max divergence:  0.61E+01 at (4,5,40)
       Min divergence: -0.55E+01 at (4,6,41)
       Max VN number :  0.26E+00 at (8,8,1)
 
       Time Step    36600   September 24, 2026  10:03:38
       Step Size:  0.285E-02 s, Total Time:  100.30833 s
       Pressure Iterations: 4
       Maximum Velocity Error:  0.11E-01 on Mesh 1 at (24,13,15)
       Maximum Pressure Error:  0.15E+04 on Mesh 2 at (8,6,9)
       Maximum CFL Number    :  0.86E+00 on Mesh 1 at (25,15,12)
       Maximum VN Number     :  0.86E+00 on Mesh 1 at (26,14,13)
       ---------------------------------------------------------------
       Mesh    1
       Max CFL number:  0.86E+00 at (25,15,12)
       Max divergence:  0.20E+02 at (19,32,2)
       Min divergence: -0.57E+01 at (26,16,12)
       Max VN number :  0.86E+00 at (26,14,13)
       Mesh    2
       Max CFL number:  0.80E+00 at (6,5,1)
       Max divergence:  0.56E+01 at (5,4,41)
       Min divergence: -0.66E+01 at (8,5,41)
       Max VN number :  0.19E+00 at (8,8,1)
 
       Time Step    36700   September 24, 2026  10:03:48
       Step Size:  0.292E-02 s, Total Time:  100.57981 s
       Pressure Iterations: 6
       Maximum Velocity Error:  0.12E-01 on Mesh 1 at (25,14,15)
       Maximum Pressure Error:  0.21E+04 on Mesh 2 at (8,5,3)
       Maximum CFL Number    :  0.87E+00 on Mesh 1 at (23,14,12)
       Maximum VN Number     :  0.90E+00 on Mesh 1 at (26,14,13)
       ---------------------------------------------------------------
       Mesh    1
       Max CFL number:  0.87E+00 at (23,14,12)
       Max divergence:  0.16E+02 at (28,33,2)
       Min divergence: -0.48E+01 at (26,16,12)
       Max VN number :  0.90E+00 at (26,14,13)
       Mesh    2
       Max CFL number:  0.84E+00 at (6,5,2)
       Max divergence:  0.49E+01 at (4,5,41)
       Min divergence: -0.79E+01 at (5,5,41)
       Max VN number :  0.23E+00 at (8,7,7)
 
       Time Step    36800   September 24, 2026  10:03:59
       Step Size:  0.239E-02 s, Total Time:  100.85245 s
       Pressure Iterations: 4
       Maximum Velocity Error:  0.12E-01 on Mesh 1 at (24,14,15)
       Maximum Pressure Error:  0.18E+04 on Mesh 2 at (8,5,21)
       Maximum CFL Number    :  0.70E+00 on Mesh 1 at (23,15,12)
       Maximum VN Number     :  0.90E+00 on Mesh 1 at (25,16,13)
       ---------------------------------------------------------------
       Mesh    1
       Max CFL number:  0.70E+00 at (23,15,12)
       Max divergence:  0.20E+02 at (20,35,2)
       Min divergence: -0.67E+01 at (26,16,12)
       Max VN number :  0.90E+00 at (25,16,13)
       Mesh    2
       Max CFL number:  0.66E+00 at (6,6,2)
       Max divergence:  0.66E+01 at (4,8,41)
       Min divergence: -0.73E+01 at (7,4,41)
       Max VN number :  0.16E+00 at (5,5,42)
 
       Time Step    36900   September 24, 2026  10:04:12
       Step Size:  0.301E-02 s, Total Time:  101.13518 s
       Pressure Iterations: 6
       Maximum Velocity Error:  0.81E-02 on Mesh 1 at (24,13,15)
       Maximum Pressure Error:  0.20E+04 on Mesh 2 at (7,9,27)
       Maximum CFL Number    :  0.92E+00 on Mesh 1 at (26,15,12)
       Maximum VN Number     :  0.82E+00 on Mesh 1 at (26,13,13)
       ---------------------------------------------------------------
       Mesh    1
       Max CFL number:  0.92E+00 at (26,15,12)
       Max divergence:  0.16E+02 at (26,33,2)
       Min divergence: -0.43E+01 at (25,15,13)
       Max VN number :  0.82E+00 at (26,13,13)
       Mesh    2
       Max CFL number:  0.89E+00 at (6,5,1)
       Max divergence:  0.76E+01 at (5,5,42)
       Min divergence: -0.67E+01 at (8,5,41)
       Max VN number :  0.23E+00 at (6,4,42)
 
       Time Step    37000   September 24, 2026  10:04:23
       Step Size:  0.255E-02 s, Total Time:  101.41103 s
       Pressure Iterations: 5
       Maximum Velocity Error:  0.10E-01 on Mesh 2 at (6,5,0)
       Maximum Pressure Error:  0.15E+04 on Mesh 2 at (8,7,30)
       Maximum CFL Number    :  0.84E+00 on Mesh 1 at (26,15,12)
       Maximum VN Number     :  0.93E+00 on Mesh 1 at (25,16,13)
       ---------------------------------------------------------------
       Mesh    1
       Max CFL number:  0.84E+00 at (26,15,12)
       Max divergence:  0.16E+02 at (26,33,2)
       Min divergence: -0.51E+01 at (26,16,13)
       Max VN number :  0.93E+00 at (25,16,13)
       Mesh    2
       Max CFL number:  0.74E+00 at (6,5,1)
       Max divergence:  0.48E+01 at (4,5,41)
       Min divergence: -0.81E+01 at (7,4,41)
       Max VN number :  0.16E+00 at (9,6,41)
 
       Time Step    37100   September 24, 2026  10:04:36
       Step Size:  0.271E-02 s, Total Time:  101.68040 s
       Pressure Iterations: 6
       Maximum Velocity Error:  0.66E-02 on Mesh 1 at (25,12,15)
       Maximum Pressure Error:  0.20E+04 on Mesh 2 at (6,4,3)
       Maximum CFL Number    :  0.86E+00 on Mesh 1 at (23,14,12)
       Maximum VN Number     :  0.65E+00 on Mesh 1 at (26,15,14)
       ---------------------------------------------------------------
       Mesh    1
       Max CFL number:  0.86E+00 at (23,14,12)
       Max divergence:  0.17E+02 at (21,35,3)
       Min divergence: -0.64E+01 at (26,15,13)
       Max VN number :  0.65E+00 at (26,15,14)
       Mesh    2
       Max CFL number:  0.76E+00 at (6,6,1)
       Max divergence:  0.43E+01 at (8,4,41)
       Min divergence: -0.54E+01 at (7,4,41)
       Max VN number :  0.17E+00 at (6,7,6)
 
       Time Step    37200   September 24, 2026  10:04:47
       Step Size:  0.264E-02 s, Total Time:  101.94428 s
       Pressure Iterations: 5
       Maximum Velocity Error:  0.11E-01 on Mesh 1 at (25,12,15)
       Maximum Pressure Error:  0.17E+04 on Mesh 2 at (7,4,9)
       Maximum CFL Number    :  0.83E+00 on Mesh 1 at (25,15,12)
       Maximum VN Number     :  0.75E+00 on Mesh 1 at (26,15,13)
       ---------------------------------------------------------------
       Mesh    1
       Max CFL number:  0.83E+00 at (25,15,12)
       Max divergence:  0.18E+02 at (19,34,2)
       Min divergence: -0.58E+01 at (25,16,12)
       Max VN number :  0.75E+00 at (26,15,13)
       Mesh    2
       Max CFL number:  0.77E+00 at (6,5,2)
       Max divergence:  0.55E+01 at (8,4,41)
       Min divergence: -0.66E+01 at (7,4,41)
       Max VN number :  0.32E+00 at (8,7,1)
 
       Time Step    37300   September 24, 2026  10:04:59
       Step Size:  0.258E-02 s, Total Time:  102.20940 s
       Pressure Iterations: 4
       Maximum Velocity Error:  0.85E-02 on Mesh 1 at (26,13,15)
       Maximum Pressure Error:  0.17E+04 on Mesh 2 at (5,4,9)
       Maximum CFL Number    :  0.78E+00 on Mesh 1 at (26,15,12)
       Maximum VN Number     :  0.10E+01 on Mesh 1 at (25,16,13)
       ---------------------------------------------------------------
       Mesh    1
       Max CFL number:  0.78E+00 at (26,15,12)
       Max divergence:  0.20E+02 at (29,36,2)
       Min divergence: -0.51E+01 at (26,16,13)
       Max VN number :  0.10E+01 at (25,16,13)
       Mesh    2
       Max CFL number:  0.72E+00 at (6,6,1)
       Max divergence:  0.55E+01 at (8,6,44)
       Min divergence: -0.56E+01 at (4,7,41)
       Max VN number :  0.16E+00 at (7,7,6)
 
       Time Step    37400   September 24, 2026  10:05:11
       Step Size:  0.265E-02 s, Total Time:  102.47292 s
       Pressure Iterations: 4
       Maximum Velocity Error:  0.12E-01 on Mesh 1 at (23,14,15)
       Maximum Pressure Error:  0.19E+04 on Mesh 2 at (8,5,23)
       Maximum CFL Number    :  0.81E+00 on Mesh 1 at (25,15,12)
       Maximum VN Number     :  0.65E+00 on Mesh 1 at (26,15,13)
       ---------------------------------------------------------------
       Mesh    1
       Max CFL number:  0.81E+00 at (25,15,12)
       Max divergence:  0.17E+02 at (27,33,2)
       Min divergence: -0.53E+01 at (26,16,12)
       Max VN number :  0.65E+00 at (26,15,13)
       Mesh    2
       Max CFL number:  0.76E+00 at (6,5,5)
       Max divergence:  0.57E+01 at (4,8,41)
       Min divergence: -0.70E+01 at (8,8,41)
       Max VN number :  0.23E+00 at (8,7,2)
 
       Time Step    37500   September 24, 2026  10:05:24
       Step Size:  0.308E-02 s, Total Time:  102.74184 s
       Pressure Iterations: 4
       Maximum Velocity Error:  0.10E-01 on Mesh 1 at (25,14,15)
       Maximum Pressure Error:  0.22E+04 on Mesh 2 at (8,5,9)
       Maximum CFL Number    :  0.91E+00 on Mesh 1 at (23,14,12)
       Maximum VN Number     :  0.91E+00 on Mesh 1 at (26,13,13)
       ---------------------------------------------------------------
       Mesh    1
       Max CFL number:  0.91E+00 at (23,14,12)
       Max divergence:  0.21E+02 at (20,36,2)
       Min divergence: -0.55E+01 at (26,13,10)
       Max VN number :  0.91E+00 at (26,13,13)
       Mesh    2
       Max CFL number:  0.87E+00 at (6,5,2)
       Max divergence:  0.55E+01 at (4,8,41)
       Min divergence: -0.67E+01 at (4,7,41)
       Max VN number :  0.18E+00 at (6,4,43)
 
       Time Step    37600   September 24, 2026  10:05:35
       Step Size:  0.260E-02 s, Total Time:  103.02196 s
       Pressure Iterations: 4
       Maximum Velocity Error:  0.66E-02 on Mesh 1 at (25,13,15)
       Maximum Pressure Error:  0.15E+04 on Mesh 2 at (6,8,30)
       Maximum CFL Number    :  0.75E+00 on Mesh 1 at (24,13,15)
       Maximum VN Number     :  0.91E+00 on Mesh 1 at (25,16,13)
       ---------------------------------------------------------------
       Mesh    1
       Max CFL number:  0.75E+00 at (24,13,15)
       Max divergence:  0.17E+02 at (23,33,2)
       Min divergence: -0.47E+01 at (26,13,10)
       Max VN number :  0.91E+00 at (25,16,13)
       Mesh    2
       Max CFL number:  0.74E+00 at (6,5,1)
       Max divergence:  0.48E+01 at (4,5,41)
       Min divergence: -0.73E+01 at (8,5,41)
       Max VN number :  0.24E+00 at (8,8,2)
 
       Time Step    37700   September 24, 2026  10:05:45
       Step Size:  0.282E-02 s, Total Time:  103.28491 s
       Pressure Iterations: 4
       Maximum Velocity Error:  0.98E-02 on Mesh 1 at (25,15,15)
       Maximum Pressure Error:  0.18E+04 on Mesh 2 at (6,9,19)
       Maximum CFL Number    :  0.84E+00 on Mesh 1 at (23,14,12)
       Maximum VN Number     :  0.77E+00 on Mesh 1 at (26,14,13)
       ---------------------------------------------------------------
       Mesh    1
       Max CFL number:  0.84E+00 at (23,14,12)
       Max divergence:  0.19E+02 at (21,33,2)
       Min divergence: -0.42E+01 at (26,16,11)
       Max VN number :  0.77E+00 at (26,14,13)
       Mesh    2
       Max CFL number:  0.80E+00 at (6,5,1)
       Max divergence:  0.53E+01 at (4,8,41)
       Min divergence: -0.62E+01 at (6,4,41)
       Max VN number :  0.18E+00 at (8,8,1)
 
       Time Step    37800   September 24, 2026  10:05:56
       Step Size:  0.257E-02 s, Total Time:  103.55229 s
       Pressure Iterations: 4
       Maximum Velocity Error:  0.79E-02 on Mesh 2 at (6,6,0)
       Maximum Pressure Error:  0.17E+04 on Mesh 2 at (6,4,11)
       Maximum CFL Number    :  0.83E+00 on Mesh 1 at (26,15,12)
       Maximum VN Number     :  0.82E+00 on Mesh 1 at (25,16,13)
       ---------------------------------------------------------------
       Mesh    1
       Max CFL number:  0.83E+00 at (26,15,12)
       Max divergence:  0.19E+02 at (20,37,2)
       Min divergence: -0.64E+01 at (26,16,12)
       Max VN number :  0.82E+00 at (25,16,13)
       Mesh    2
       Max CFL number:  0.71E+00 at (6,5,3)
       Max divergence:  0.55E+01 at (6,4,42)
       Min divergence: -0.64E+01 at (7,4,41)
       Max VN number :  0.16E+00 at (5,7,11)
 
       Time Step    37900   September 24, 2026  10:06:07
       Step Size:  0.245E-02 s, Total Time:  103.83140 s
       Pressure Iterations: 4
       Maximum Velocity Error:  0.11E-01 on Mesh 1 at (25,13,15)
       Maximum Pressure Error:  0.15E+04 on Mesh 2 at (6,4,22)
       Maximum CFL Number    :  0.71E+00 on Mesh 1 at (23,14,12)
       Maximum VN Number     :  0.91E+00 on Mesh 1 at (25,16,13)
       ---------------------------------------------------------------
       Mesh    1
       Max CFL number:  0.71E+00 at (23,14,12)
       Max divergence:  0.20E+02 at (19,35,2)
       Min divergence: -0.39E+01 at (23,14,12)
       Max VN number :  0.91E+00 at (25,16,13)
       Mesh    2
       Max CFL number:  0.68E+00 at (6,5,1)
       Max divergence:  0.48E+01 at (5,4,41)
       Min divergence: -0.75E+01 at (6,4,41)
       Max VN number :  0.17E+00 at (6,4,41)
 
       Time Step    38000   September 24, 2026  10:06:18
       Step Size:  0.254E-02 s, Total Time:  104.11325 s
       Pressure Iterations: 4
       Maximum Velocity Error:  0.57E-02 on Mesh 1 at (24,13,15)
       Maximum Pressure Error:  0.14E+04 on Mesh 2 at (5,4,18)
       Maximum CFL Number    :  0.74E+00 on Mesh 1 at (25,15,12)
       Maximum VN Number     :  0.93E+00 on Mesh 1 at (25,16,13)
       ---------------------------------------------------------------
       Mesh    1
       Max CFL number:  0.74E+00 at (25,15,12)
       Max divergence:  0.16E+02 at (24,33,2)
       Min divergence: -0.46E+01 at (26,16,12)
       Max VN number :  0.93E+00 at (25,16,13)
       Mesh    2
       Max CFL number:  0.69E+00 at (6,6,2)
       Max divergence:  0.50E+01 at (8,4,41)
       Min divergence: -0.53E+01 at (8,5,41)
       Max VN number :  0.15E+00 at (7,9,41)
 
       Time Step    38100   September 24, 2026  10:06:29
       Step Size:  0.268E-02 s, Total Time:  104.37908 s
       Pressure Iterations: 4
       Maximum Velocity Error:  0.64E-02 on Mesh 1 at (23,14,15)
       Maximum Pressure Error:  0.16E+04 on Mesh 2 at (8,6,9)
       Maximum CFL Number    :  0.85E+00 on Mesh 1 at (23,14,12)
       Maximum VN Number     :  0.78E+00 on Mesh 1 at (24,16,13)
       ---------------------------------------------------------------
       Mesh    1
       Max CFL number:  0.85E+00 at (23,14,12)
       Max divergence:  0.16E+02 at (27,33,2)
       Min divergence: -0.61E+01 at (26,16,12)
       Max VN number :  0.78E+00 at (24,16,13)
       Mesh    2
       Max CFL number:  0.79E+00 at (6,5,4)
       Max divergence:  0.62E+01 at (4,5,41)
       Min divergence: -0.78E+01 at (5,5,41)
       Max VN number :  0.28E+00 at (8,7,14)
 
       Time Step    38200   September 24, 2026  10:06:40
       Step Size:  0.272E-02 s, Total Time:  104.64247 s
       Pressure Iterations: 5
       Maximum Velocity Error:  0.98E-02 on Mesh 1 at (23,13,15)
       Maximum Pressure Error:  0.22E+04 on Mesh 2 at (6,4,5)
       Maximum CFL Number    :  0.79E+00 on Mesh 1 at (25,14,12)
       Maximum VN Number     :  0.68E+00 on Mesh 1 at (24,16,13)
       ---------------------------------------------------------------
       Mesh    1
       Max CFL number:  0.79E+00 at (25,14,12)
       Max divergence:  0.17E+02 at (29,33,2)
       Min divergence: -0.66E+01 at (26,16,12)
       Max VN number :  0.68E+00 at (24,16,13)
       Mesh    2
       Max CFL number:  0.78E+00 at (6,5,1)
       Max divergence:  0.61E+01 at (4,8,41)
       Min divergence: -0.77E+01 at (5,5,41)
       Max VN number :  0.19E+00 at (6,4,42)
 
       Time Step    38300   September 24, 2026  10:06:52
       Step Size:  0.274E-02 s, Total Time:  104.91150 s
       Pressure Iterations: 4
       Maximum Velocity Error:  0.83E-02 on Mesh 2 at (5,6,0)
       Maximum Pressure Error:  0.27E+04 on Mesh 2 at (7,4,3)
       Maximum CFL Number    :  0.81E+00 on Mesh 1 at (23,15,12)
       Maximum VN Number     :  0.87E+00 on Mesh 1 at (25,16,13)
       ---------------------------------------------------------------
       Mesh    1
       Max CFL number:  0.81E+00 at (23,15,12)
       Max divergence:  0.16E+02 at (26,33,2)
       Min divergence: -0.70E+01 at (26,16,12)
       Max VN number :  0.87E+00 at (25,16,13)
       Mesh    2
       Max CFL number:  0.78E+00 at (6,5,3)
       Max divergence:  0.47E+01 at (9,7,41)
       Min divergence: -0.69E+01 at (7,4,41)
       Max VN number :  0.19E+00 at (5,7,4)
 
       Time Step    38400   September 24, 2026  10:07:04
       Step Size:  0.279E-02 s, Total Time:  105.19058 s
       Pressure Iterations: 4
       Maximum Velocity Error:  0.87E-02 on Mesh 1 at (23,14,15)
       Maximum Pressure Error:  0.18E+04 on Mesh 2 at (5,4,26)
       Maximum CFL Number    :  0.83E+00 on Mesh 1 at (23,14,12)
       Maximum VN Number     :  0.77E+00 on Mesh 1 at (26,15,13)
       ---------------------------------------------------------------
       Mesh    1
       Max CFL number:  0.83E+00 at (23,14,12)
       Max divergence:  0.22E+02 at (19,32,2)
       Min divergence: -0.37E+01 at (26,16,12)
       Max VN number :  0.77E+00 at (26,15,13)
       Mesh    2
       Max CFL number:  0.75E+00 at (6,5,2)
       Max divergence:  0.57E+01 at (5,5,41)
       Min divergence: -0.68E+01 at (6,4,41)
       Max VN number :  0.17E+00 at (6,4,41)
 
       Time Step    38500   September 24, 2026  10:07:14
       Step Size:  0.240E-02 s, Total Time:  105.46229 s
       Pressure Iterations: 3
       Maximum Velocity Error:  0.12E-01 on Mesh 1 at (24,13,15)
       Maximum Pressure Error:  0.19E+04 on Mesh 2 at (6,4,6)
       Maximum CFL Number    :  0.69E+00 on Mesh 2 at (6,5,1)
       Maximum VN Number     :  0.90E+00 on Mesh 1 at (25,16,13)
       ---------------------------------------------------------------
       Mesh    1
       Max CFL number:  0.69E+00 at (26,15,12)
       Max divergence:  0.19E+02 at (19,36,2)
       Min divergence: -0.41E+01 at (20,34,7)
       Max VN number :  0.90E+00 at (25,16,13)
       Mesh    2
       Max CFL number:  0.69E+00 at (6,5,1)
       Max divergence:  0.40E+01 at (6,9,41)
       Min divergence: -0.61E+01 at (5,8,41)
       Max VN number :  0.15E+00 at (6,7,4)
 
       Time Step    38600   September 24, 2026  10:07:25
       Step Size:  0.274E-02 s, Total Time:  105.73865 s
       Pressure Iterations: 4
       Maximum Velocity Error:  0.83E-02 on Mesh 1 at (24,13,15)
       Maximum Pressure Error:  0.18E+04 on Mesh 2 at (8,5,11)
       Maximum CFL Number    :  0.82E+00 on Mesh 1 at (23,14,12)
       Maximum VN Number     :  0.60E+00 on Mesh 1 at (26,13,10)
       ---------------------------------------------------------------
       Mesh    1
       Max CFL number:  0.82E+00 at (23,14,12)
       Max divergence:  0.18E+02 at (24,33,2)
       Min divergence: -0.49E+01 at (23,18,11)
       Max VN number :  0.60E+00 at (26,13,10)
       Mesh    2
       Max CFL number:  0.78E+00 at (6,5,3)
       Max divergence:  0.61E+01 at (4,8,42)
       Min divergence: -0.85E+01 at (7,4,41)
       Max VN number :  0.48E+00 at (8,7,4)
 
       Time Step    38700   September 24, 2026  10:07:37
       Step Size:  0.274E-02 s, Total Time:  106.01161 s
       Pressure Iterations: 5
       Maximum Velocity Error:  0.10E-01 on Mesh 1 at (25,14,15)
       Maximum Pressure Error:  0.18E+04 on Mesh 2 at (6,4,6)
       Maximum CFL Number    :  0.80E+00 on Mesh 2 at (6,5,2)
       Maximum VN Number     :  0.85E+00 on Mesh 1 at (26,13,13)
       ---------------------------------------------------------------
       Mesh    1
       Max CFL number:  0.80E+00 at (26,15,12)
       Max divergence:  0.17E+02 at (28,37,2)
       Min divergence: -0.57E+01 at (25,16,13)
       Max VN number :  0.85E+00 at (26,13,13)
       Mesh    2
       Max CFL number:  0.80E+00 at (6,5,2)
       Max divergence:  0.60E+01 at (5,5,40)
       Min divergence: -0.67E+01 at (5,5,42)
       Max VN number :  0.17E+00 at (6,5,2)
 
       Time Step    38800   September 24, 2026  10:07:48
       Step Size:  0.257E-02 s, Total Time:  106.29268 s
       Pressure Iterations: 3
       Maximum Velocity Error:  0.12E-01 on Mesh 1 at (23,13,15)
       Maximum Pressure Error:  0.13E+04 on Mesh 2 at (7,4,9)
       Maximum CFL Number    :  0.77E+00 on Mesh 1 at (23,14,12)
       Maximum VN Number     :  0.78E+00 on Mesh 1 at (26,13,13)
       ---------------------------------------------------------------
       Mesh    1
       Max CFL number:  0.77E+00 at (23,14,12)
       Max divergence:  0.17E+02 at (22,33,2)
       Min divergence: -0.63E+01 at (26,16,12)
       Max VN number :  0.78E+00 at (26,13,13)
       Mesh    2
       Max CFL number:  0.71E+00 at (6,5,2)
       Max divergence:  0.51E+01 at (5,5,42)
       Min divergence: -0.74E+01 at (4,6,41)
       Max VN number :  0.20E+00 at (8,7,8)
 
       Time Step    38900   September 24, 2026  10:08:01
       Step Size:  0.243E-02 s, Total Time:  106.56466 s
       Pressure Iterations: 4
       Maximum Velocity Error:  0.11E-01 on Mesh 2 at (7,5,0)
       Maximum Pressure Error:  0.21E+04 on Mesh 2 at (6,4,8)
       Maximum CFL Number    :  0.79E+00 on Mesh 1 at (26,15,12)
       Maximum VN Number     :  0.91E+00 on Mesh 1 at (25,16,13)
       ---------------------------------------------------------------
       Mesh    1
       Max CFL number:  0.79E+00 at (26,15,12)
       Max divergence:  0.16E+02 at (22,33,2)
       Min divergence: -0.62E+01 at (25,16,13)
       Max VN number :  0.91E+00 at (25,16,13)
       Mesh    2
       Max CFL number:  0.69E+00 at (6,5,1)
       Max divergence:  0.62E+01 at (5,5,41)
       Min divergence: -0.76E+01 at (6,4,41)
       Max VN number :  0.16E+00 at (6,4,41)
 
       Time Step    39000   September 24, 2026  10:08:12
       Step Size:  0.252E-02 s, Total Time:  106.83828 s
       Pressure Iterations: 3
       Maximum Velocity Error:  0.99E-02 on Mesh 1 at (23,13,15)
       Maximum Pressure Error:  0.18E+04 on Mesh 2 at (8,5,8)
       Maximum CFL Number    :  0.76E+00 on Mesh 1 at (23,14,12)
       Maximum VN Number     :  0.96E+00 on Mesh 1 at (25,16,13)
       ---------------------------------------------------------------
       Mesh    1
       Max CFL number:  0.76E+00 at (23,14,12)
       Max divergence:  0.19E+02 at (29,35,2)
       Min divergence: -0.49E+01 at (26,16,12)
       Max VN number :  0.96E+00 at (25,16,13)
       Mesh    2
       Max CFL number:  0.70E+00 at (7,5,7)
       Max divergence:  0.62E+01 at (4,8,42)
       Min divergence: -0.67E+01 at (5,5,41)
       Max VN number :  0.16E+00 at (7,5,6)
 
       Time Step    39100   September 24, 2026  10:08:22
       Step Size:  0.262E-02 s, Total Time:  107.09232 s
       Pressure Iterations: 4
       Maximum Velocity Error:  0.11E-01 on Mesh 1 at (23,13,15)
       Maximum Pressure Error:  0.20E+04 on Mesh 2 at (6,4,9)
       Maximum CFL Number    :  0.81E+00 on Mesh 1 at (23,14,12)
       Maximum VN Number     :  0.70E+00 on Mesh 1 at (26,13,13)
       ---------------------------------------------------------------
       Mesh    1
       Max CFL number:  0.81E+00 at (23,14,12)
       Max divergence:  0.20E+02 at (28,33,2)
       Min divergence: -0.67E+01 at (26,15,13)
       Max VN number :  0.70E+00 at (26,13,13)
       Mesh    2
       Max CFL number:  0.75E+00 at (6,5,6)
       Max divergence:  0.58E+01 at (8,4,41)
       Min divergence: -0.64E+01 at (8,5,41)
       Max VN number :  0.17E+00 at (6,9,41)
 
       Time Step    39200   September 24, 2026  10:08:34
       Step Size:  0.242E-02 s, Total Time:  107.36666 s
       Pressure Iterations: 5
       Maximum Velocity Error:  0.81E-02 on Mesh 1 at (25,15,15)
       Maximum Pressure Error:  0.18E+04 on Mesh 2 at (6,9,21)
       Maximum CFL Number    :  0.77E+00 on Mesh 1 at (25,15,12)
       Maximum VN Number     :  0.82E+00 on Mesh 1 at (25,16,13)
       ---------------------------------------------------------------
       Mesh    1
       Max CFL number:  0.77E+00 at (25,15,12)
       Max divergence:  0.18E+02 at (23,33,2)
       Min divergence: -0.67E+01 at (26,14,13)
       Max VN number :  0.82E+00 at (25,16,13)
       Mesh    2
       Max CFL number:  0.69E+00 at (6,5,5)
       Max divergence:  0.52E+01 at (4,8,41)
       Min divergence: -0.61E+01 at (5,8,41)
       Max VN number :  0.17E+00 at (6,9,41)
 
       Time Step    39300   September 24, 2026  10:08:46
       Step Size:  0.287E-02 s, Total Time:  107.63415 s
       Pressure Iterations: 5
       Maximum Velocity Error:  0.11E-01 on Mesh 2 at (7,6,0)
       Maximum Pressure Error:  0.23E+04 on Mesh 2 at (6,4,5)
       Maximum CFL Number    :  0.93E+00 on Mesh 1 at (23,14,12)
       Maximum VN Number     :  0.89E+00 on Mesh 1 at (22,15,13)
       ---------------------------------------------------------------
       Mesh    1
       Max CFL number:  0.93E+00 at (23,14,12)
       Max divergence:  0.16E+02 at (28,33,2)
       Min divergence: -0.32E+01 at (26,16,12)
       Max VN number :  0.89E+00 at (22,15,13)
       Mesh    2
       Max CFL number:  0.83E+00 at (6,5,4)
       Max divergence:  0.46E+01 at (8,4,41)
       Min divergence: -0.62E+01 at (5,5,41)
       Max VN number :  0.18E+00 at (6,5,4)
 
       Time Step    39400   September 24, 2026  10:08:57
       Step Size:  0.273E-02 s, Total Time:  107.90605 s
       Pressure Iterations: 4
       Maximum Velocity Error:  0.63E-02 on Mesh 1 at (26,14,15)
       Maximum Pressure Error:  0.19E+04 on Mesh 2 at (6,8,21)
       Maximum CFL Number    :  0.85E+00 on Mesh 1 at (25,15,12)
       Maximum VN Number     :  0.80E+00 on Mesh 1 at (24,16,13)
       ---------------------------------------------------------------
       Mesh    1
       Max CFL number:  0.85E+00 at (25,15,12)
       Max divergence:  0.17E+02 at (28,33,2)
       Min divergence: -0.66E+01 at (26,15,13)
       Max VN number :  0.80E+00 at (24,16,13)
       Mesh    2
       Max CFL number:  0.76E+00 at (6,6,2)
       Max divergence:  0.64E+01 at (8,6,43)
       Min divergence: -0.64E+01 at (8,8,41)
       Max VN number :  0.30E+00 at (8,7,2)
 
       Time Step    39500   September 24, 2026  10:09:09
       Step Size:  0.281E-02 s, Total Time:  108.17516 s
       Pressure Iterations: 6
       Maximum Velocity Error:  0.80E-02 on Mesh 1 at (22,14,15)
       Maximum Pressure Error:  0.19E+04 on Mesh 2 at (6,8,22)
       Maximum CFL Number    :  0.86E+00 on Mesh 1 at (24,14,14)
       Maximum VN Number     :  0.95E+00 on Mesh 1 at (26,14,13)
       ---------------------------------------------------------------
       Mesh    1
       Max CFL number:  0.86E+00 at (24,14,14)
       Max divergence:  0.17E+02 at (22,33,2)
       Min divergence: -0.54E+01 at (23,14,12)
       Max VN number :  0.95E+00 at (26,14,13)
       Mesh    2
       Max CFL number:  0.82E+00 at (6,6,1)
       Max divergence:  0.64E+01 at (4,8,41)
       Min divergence: -0.72E+01 at (8,8,41)
       Max VN number :  0.20E+00 at (8,7,6)
 
       Time Step    39600   September 24, 2026  10:09:21
       Step Size:  0.248E-02 s, Total Time:  108.44481 s
       Pressure Iterations: 6
       Maximum Velocity Error:  0.73E-02 on Mesh 1 at (24,14,15)
       Maximum Pressure Error:  0.28E+04 on Mesh 1 at (23,13,13)
       Maximum CFL Number    :  0.80E+00 on Mesh 1 at (23,14,12)
       Maximum VN Number     :  0.90E+00 on Mesh 1 at (25,16,13)
       ---------------------------------------------------------------
       Mesh    1
       Max CFL number:  0.80E+00 at (23,14,12)
       Max divergence:  0.17E+02 at (26,33,2)
       Min divergence: -0.66E+01 at (26,16,13)
       Max VN number :  0.90E+00 at (25,16,13)
       Mesh    2
       Max CFL number:  0.71E+00 at (6,5,5)
       Max divergence:  0.46E+01 at (8,6,43)
       Min divergence: -0.46E+01 at (8,8,41)
       Max VN number :  0.15E+00 at (5,7,8)
 
       Time Step    39700   September 24, 2026  10:09:33
       Step Size:  0.290E-02 s, Total Time:  108.71333 s
       Pressure Iterations: 4
       Maximum Velocity Error:  0.10E-01 on Mesh 1 at (24,13,15)
       Maximum Pressure Error:  0.22E+04 on Mesh 2 at (6,4,5)
       Maximum CFL Number    :  0.88E+00 on Mesh 1 at (23,14,12)
       Maximum VN Number     :  0.78E+00 on Mesh 1 at (22,15,13)
       ---------------------------------------------------------------
       Mesh    1
       Max CFL number:  0.88E+00 at (23,14,12)
       Max divergence:  0.23E+02 at (28,37,3)
       Min divergence: -0.57E+01 at (26,15,12)
       Max VN number :  0.78E+00 at (22,15,13)
       Mesh    2
       Max CFL number:  0.81E+00 at (6,5,6)
       Max divergence:  0.63E+01 at (8,4,41)
       Min divergence: -0.79E+01 at (7,4,41)
       Max VN number :  0.18E+00 at (5,6,21)
 
       Time Step    39800   September 24, 2026  10:09:45
       Step Size:  0.255E-02 s, Total Time:  108.98814 s
       Pressure Iterations: 2
       Maximum Velocity Error:  0.12E-01 on Mesh 1 at (25,15,15)
       Maximum Pressure Error:  0.16E+04 on Mesh 2 at (8,6,20)
       Maximum CFL Number    :  0.76E+00 on Mesh 1 at (23,14,12)
       Maximum VN Number     :  0.83E+00 on Mesh 1 at (25,16,13)
       ---------------------------------------------------------------
       Mesh    1
       Max CFL number:  0.76E+00 at (23,14,12)
       Max divergence:  0.18E+02 at (20,37,2)
       Min divergence: -0.59E+01 at (26,16,12)
       Max VN number :  0.83E+00 at (25,16,13)
       Mesh    2
       Max CFL number:  0.69E+00 at (6,6,1)
       Max divergence:  0.53E+01 at (5,5,42)
       Min divergence: -0.64E+01 at (8,5,41)
       Max VN number :  0.15E+00 at (6,7,8)
 
       Time Step    39900   September 24, 2026  10:09:56
       Step Size:  0.242E-02 s, Total Time:  109.25675 s
       Pressure Iterations: 2
       Maximum Velocity Error:  0.11E-01 on Mesh 2 at (5,4,5)
       Maximum Pressure Error:  0.15E+04 on Mesh 2 at (6,4,5)
       Maximum CFL Number    :  0.74E+00 on Mesh 1 at (26,15,12)
       Maximum VN Number     :  0.92E+00 on Mesh 1 at (25,16,13)
       ---------------------------------------------------------------
       Mesh    1
       Max CFL number:  0.74E+00 at (26,15,12)
       Max divergence:  0.18E+02 at (19,33,2)
       Min divergence: -0.47E+01 at (26,16,12)
       Max VN number :  0.92E+00 at (25,16,13)
       Mesh    2
       Max CFL number:  0.68E+00 at (6,5,8)
       Max divergence:  0.53E+01 at (8,4,41)
       Min divergence: -0.63E+01 at (8,8,41)
       Max VN number :  0.15E+00 at (6,7,4)
 
       Time Step    40000   September 24, 2026  10:10:07
       Step Size:  0.293E-02 s, Total Time:  109.52584 s
       Pressure Iterations: 4
       Maximum Velocity Error:  0.12E-01 on Mesh 2 at (7,7,0)
       Maximum Pressure Error:  0.15E+04 on Mesh 2 at (6,4,21)
       Maximum CFL Number    :  0.89E+00 on Mesh 1 at (26,15,12)
       Maximum VN Number     :  0.99E+00 on Mesh 1 at (25,16,13)
       ---------------------------------------------------------------
       Mesh    1
       Max CFL number:  0.89E+00 at (26,15,12)
       Max divergence:  0.18E+02 at (29,36,2)
       Min divergence: -0.63E+01 at (26,16,13)
       Max VN number :  0.99E+00 at (25,16,13)
       Mesh    2
       Max CFL number:  0.80E+00 at (6,6,2)
       Max divergence:  0.59E+01 at (4,8,41)
       Min divergence: -0.65E+01 at (5,5,41)
       Max VN number :  0.21E+00 at (6,7,5)
 
       Time Step    40100   September 24, 2026  10:10:18
       Step Size:  0.263E-02 s, Total Time:  109.79599 s
       Pressure Iterations: 5
       Maximum Velocity Error:  0.97E-02 on Mesh 1 at (23,13,15)
       Maximum Pressure Error:  0.15E+04 on Mesh 2 at (6,4,7)
       Maximum CFL Number    :  0.82E+00 on Mesh 1 at (26,15,12)
       Maximum VN Number     :  0.80E+00 on Mesh 1 at (23,13,13)
       ---------------------------------------------------------------
       Mesh    1
       Max CFL number:  0.82E+00 at (26,15,12)
       Max divergence:  0.19E+02 at (27,33,2)
       Min divergence: -0.65E+01 at (26,15,12)
       Max VN number :  0.80E+00 at (23,13,13)
       Mesh    2
       Max CFL number:  0.76E+00 at (6,5,1)
       Max divergence:  0.63E+01 at (5,5,43)
       Min divergence: -0.62E+01 at (5,5,42)
       Max VN number :  0.17E+00 at (5,5,41)
 
       Time Step    40200   September 24, 2026  10:10:30
       Step Size:  0.280E-02 s, Total Time:  110.06262 s
       Pressure Iterations: 4
       Maximum Velocity Error:  0.50E-02 on Mesh 1 at (25,14,15)
       Maximum Pressure Error:  0.17E+04 on Mesh 2 at (8,5,11)
       Maximum CFL Number    :  0.85E+00 on Mesh 1 at (25,15,12)
       Maximum VN Number     :  0.81E+00 on Mesh 1 at (25,16,13)
       ---------------------------------------------------------------
       Mesh    1
       Max CFL number:  0.85E+00 at (25,15,12)
       Max divergence:  0.18E+02 at (28,37,2)
       Min divergence: -0.49E+01 at (25,16,12)
       Max VN number :  0.81E+00 at (25,16,13)
       Mesh    2
       Max CFL number:  0.76E+00 at (6,5,2)
       Max divergence:  0.61E+01 at (5,4,41)
       Min divergence: -0.77E+01 at (6,4,41)
       Max VN number :  0.20E+00 at (6,7,6)
 
       Time Step    40300   September 24, 2026  10:10:41
       Step Size:  0.296E-02 s, Total Time:  110.33859 s
       Pressure Iterations: 4
       Maximum Velocity Error:  0.97E-02 on Mesh 1 at (25,13,15)
       Maximum Pressure Error:  0.23E+04 on Mesh 2 at (5,4,24)
       Maximum CFL Number    :  0.85E+00 on Mesh 2 at (6,5,4)
       Maximum VN Number     :  0.90E+00 on Mesh 1 at (25,16,13)
       ---------------------------------------------------------------
       Mesh    1
       Max CFL number:  0.83E+00 at (23,14,12)
       Max divergence:  0.17E+02 at (25,33,2)
       Min divergence: -0.36E+01 at (25,16,11)
       Max VN number :  0.90E+00 at (25,16,13)
       Mesh    2
       Max CFL number:  0.85E+00 at (6,5,4)
       Max divergence:  0.47E+01 at (8,4,41)
       Min divergence: -0.73E+01 at (6,4,41)
       Max VN number :  0.21E+00 at (7,7,7)
 
       Time Step    40400   September 24, 2026  10:10:53
       Step Size:  0.289E-02 s, Total Time:  110.62881 s
       Pressure Iterations: 6
       Maximum Velocity Error:  0.63E-02 on Mesh 1 at (25,14,15)
       Maximum Pressure Error:  0.20E+04 on Mesh 2 at (6,4,4)
       Maximum CFL Number    :  0.87E+00 on Mesh 1 at (23,14,12)
       Maximum VN Number     :  0.69E+00 on Mesh 1 at (23,13,13)
       ---------------------------------------------------------------
       Mesh    1
       Max CFL number:  0.87E+00 at (23,14,12)
       Max divergence:  0.18E+02 at (19,36,2)
       Min divergence: -0.40E+01 at (25,16,13)
       Max VN number :  0.69E+00 at (23,13,13)
       Mesh    2
       Max CFL number:  0.82E+00 at (6,5,2)
       Max divergence:  0.51E+01 at (8,4,41)
       Min divergence: -0.69E+01 at (4,7,41)
       Max VN number :  0.18E+00 at (6,9,41)
 
       Time Step    40500   September 24, 2026  10:11:04
       Step Size:  0.289E-02 s, Total Time:  110.91735 s
       Pressure Iterations: 4
       Maximum Velocity Error:  0.83E-02 on Mesh 1 at (25,14,15)
       Maximum Pressure Error:  0.14E+04 on Mesh 2 at (5,5,39)
       Maximum CFL Number    :  0.81E+00 on Mesh 1 at (23,14,12)
       Maximum VN Number     :  0.82E+00 on Mesh 1 at (26,13,13)
       ---------------------------------------------------------------
       Mesh    1
       Max CFL number:  0.81E+00 at (23,14,12)
       Max divergence:  0.19E+02 at (28,33,2)
       Min divergence: -0.38E+01 at (23,17,10)
       Max VN number :  0.82E+00 at (26,13,13)
       Mesh    2
       Max CFL number:  0.80E+00 at (6,5,1)
       Max divergence:  0.48E+01 at (5,4,41)
       Min divergence: -0.67E+01 at (6,4,41)
       Max VN number :  0.20E+00 at (5,5,42)
 
       Time Step    40600   September 24, 2026  10:11:14
       Step Size:  0.238E-02 s, Total Time:  111.19746 s
       Pressure Iterations: 3
       Maximum Velocity Error:  0.80E-02 on Mesh 2 at (5,4,19)
       Maximum Pressure Error:  0.14E+04 on Mesh 2 at (8,5,28)
       Maximum CFL Number    :  0.71E+00 on Mesh 1 at (25,15,12)
       Maximum VN Number     :  0.80E+00 on Mesh 1 at (25,16,13)
       ---------------------------------------------------------------
       Mesh    1
       Max CFL number:  0.71E+00 at (25,15,12)
       Max divergence:  0.17E+02 at (21,33,2)
       Min divergence: -0.57E+01 at (26,16,12)
       Max VN number :  0.80E+00 at (25,16,13)
       Mesh    2
       Max CFL number:  0.64E+00 at (6,6,2)
       Max divergence:  0.48E+01 at (4,8,41)
       Min divergence: -0.56E+01 at (8,5,41)
       Max VN number :  0.13E+00 at (6,9,41)
 
       Time Step    40700   September 24, 2026  10:11:26
       Step Size:  0.260E-02 s, Total Time:  111.48286 s
       Pressure Iterations: 5
       Maximum Velocity Error:  0.83E-02 on Mesh 1 at (25,13,15)
       Maximum Pressure Error:  0.14E+04 on Mesh 2 at (6,4,25)
       Maximum CFL Number    :  0.80E+00 on Mesh 1 at (23,14,12)
       Maximum VN Number     :  0.92E+00 on Mesh 1 at (25,16,13)
       ---------------------------------------------------------------
       Mesh    1
       Max CFL number:  0.80E+00 at (23,14,12)
       Max divergence:  0.16E+02 at (24,33,2)
       Min divergence: -0.52E+01 at (26,16,13)
       Max VN number :  0.92E+00 at (25,16,13)
       Mesh    2
       Max CFL number:  0.73E+00 at (6,6,1)
       Max divergence:  0.50E+01 at (4,8,43)
       Min divergence: -0.71E+01 at (5,5,41)
       Max VN number :  0.22E+00 at (8,8,5)
 
       Time Step    40800   September 24, 2026  10:11:39
       Step Size:  0.276E-02 s, Total Time:  111.75270 s
       Pressure Iterations: 6
       Maximum Velocity Error:  0.10E-01 on Mesh 1 at (25,14,15)
       Maximum Pressure Error:  0.19E+04 on Mesh 2 at (6,4,9)
       Maximum CFL Number    :  0.83E+00 on Mesh 1 at (25,15,12)
       Maximum VN Number     :  0.72E+00 on Mesh 1 at (24,16,13)
       ---------------------------------------------------------------
       Mesh    1
       Max CFL number:  0.83E+00 at (25,15,12)
       Max divergence:  0.20E+02 at (19,32,2)
       Min divergence: -0.47E+01 at (23,14,12)
       Max VN number :  0.72E+00 at (24,16,13)
       Mesh    2
       Max CFL number:  0.75E+00 at (7,6,1)
       Max divergence:  0.48E+01 at (4,8,44)
       Min divergence: -0.71E+01 at (7,4,41)
       Max VN number :  0.17E+00 at (5,5,42)
 
       Time Step    40900   September 24, 2026  10:11:51
       Step Size:  0.292E-02 s, Total Time:  112.03091 s
       Pressure Iterations: 4
       Maximum Velocity Error:  0.85E-02 on Mesh 1 at (26,13,15)
       Maximum Pressure Error:  0.27E+04 on Mesh 2 at (6,4,7)
       Maximum CFL Number    :  0.85E+00 on Mesh 1 at (23,15,12)
       Maximum VN Number     :  0.95E+00 on Mesh 1 at (25,16,13)
       ---------------------------------------------------------------
       Mesh    1
       Max CFL number:  0.85E+00 at (23,15,12)
       Max divergence:  0.17E+02 at (19,36,2)
       Min divergence: -0.63E+01 at (26,16,12)
       Max VN number :  0.95E+00 at (25,16,13)
       Mesh    2
       Max CFL number:  0.80E+00 at (6,5,3)
       Max divergence:  0.60E+01 at (8,4,41)
       Min divergence: -0.71E+01 at (8,5,41)
       Max VN number :  0.18E+00 at (6,7,4)
 
       Time Step    41000   September 24, 2026  10:12:02
       Step Size:  0.279E-02 s, Total Time:  112.30664 s
       Pressure Iterations: 5
       Maximum Velocity Error:  0.11E-01 on Mesh 1 at (24,14,15)
       Maximum Pressure Error:  0.15E+04 on Mesh 2 at (7,4,6)
       Maximum CFL Number    :  0.84E+00 on Mesh 1 at (23,15,12)
       Maximum VN Number     :  0.80E+00 on Mesh 1 at (25,16,13)
       ---------------------------------------------------------------
       Mesh    1
       Max CFL number:  0.84E+00 at (23,15,12)
       Max divergence:  0.17E+02 at (23,33,2)
       Min divergence: -0.67E+01 at (26,16,12)
       Max VN number :  0.80E+00 at (25,16,13)
       Mesh    2
       Max CFL number:  0.78E+00 at (6,5,6)
       Max divergence:  0.55E+01 at (5,5,42)
       Min divergence: -0.58E+01 at (8,6,41)
       Max VN number :  0.20E+00 at (8,6,40)
 
       Time Step    41100   September 24, 2026  10:12:15
       Step Size:  0.303E-02 s, Total Time:  112.58687 s
       Pressure Iterations: 4
       Maximum Velocity Error:  0.69E-02 on Mesh 1 at (23,14,15)
       Maximum Pressure Error:  0.17E+04 on Mesh 2 at (7,4,5)
       Maximum CFL Number    :  0.88E+00 on Mesh 1 at (25,15,12)
       Maximum VN Number     :  0.85E+00 on Mesh 1 at (23,16,13)
       ---------------------------------------------------------------
       Mesh    1
       Max CFL number:  0.88E+00 at (25,15,12)
       Max divergence:  0.19E+02 at (27,33,2)
       Min divergence: -0.52E+01 at (26,16,12)
       Max VN number :  0.85E+00 at (23,16,13)
       Mesh    2
       Max CFL number:  0.83E+00 at (6,5,4)
       Max divergence:  0.64E+01 at (8,4,41)
       Min divergence: -0.65E+01 at (4,6,41)
       Max VN number :  0.19E+00 at (9,6,41)
 
       Time Step    41200   September 24, 2026  10:12:26
       Step Size:  0.304E-02 s, Total Time:  112.87632 s
       Pressure Iterations: 5
       Maximum Velocity Error:  0.12E-01 on Mesh 1 at (24,12,15)
       Maximum Pressure Error:  0.24E+04 on Mesh 2 at (6,4,6)
       Maximum CFL Number    :  0.87E+00 on Mesh 1 at (23,15,12)
       Maximum VN Number     :  0.79E+00 on Mesh 1 at (26,13,13)
       ---------------------------------------------------------------
       Mesh    1
       Max CFL number:  0.87E+00 at (23,15,12)
       Max divergence:  0.17E+02 at (21,33,2)
       Min divergence: -0.57E+01 at (26,16,12)
       Max VN number :  0.79E+00 at (26,13,13)
       Mesh    2
       Max CFL number:  0.85E+00 at (6,5,2)
       Max divergence:  0.51E+01 at (8,4,41)
       Min divergence: -0.59E+01 at (7,4,41)
       Max VN number :  0.39E+00 at (8,7,1)
 
       Time Step    41300   September 24, 2026  10:12:37
       Step Size:  0.273E-02 s, Total Time:  113.14580 s
       Pressure Iterations: 4
       Maximum Velocity Error:  0.12E-01 on Mesh 2 at (5,5,0)
       Maximum Pressure Error:  0.17E+04 on Mesh 1 at (23,13,13)
       Maximum CFL Number    :  0.79E+00 on Mesh 1 at (23,14,12)
       Maximum VN Number     :  0.84E+00 on Mesh 1 at (26,15,13)
       ---------------------------------------------------------------
       Mesh    1
       Max CFL number:  0.79E+00 at (23,14,12)
       Max divergence:  0.19E+02 at (29,33,2)
       Min divergence: -0.47E+01 at (26,16,13)
       Max VN number :  0.84E+00 at (26,15,13)
       Mesh    2
       Max CFL number:  0.76E+00 at (6,5,4)
       Max divergence:  0.56E+01 at (4,5,41)
       Min divergence: -0.71E+01 at (5,5,41)
       Max VN number :  0.19E+00 at (8,6,1)
 
       Time Step    41400   September 24, 2026  10:12:48
       Step Size:  0.275E-02 s, Total Time:  113.42215 s
       Pressure Iterations: 5
       Maximum Velocity Error:  0.94E-02 on Mesh 1 at (23,13,15)
       Maximum Pressure Error:  0.19E+04 on Mesh 2 at (6,4,7)
       Maximum CFL Number    :  0.84E+00 on Mesh 1 at (26,15,12)
       Maximum VN Number     :  0.84E+00 on Mesh 1 at (23,13,13)
       ---------------------------------------------------------------
       Mesh    1
       Max CFL number:  0.84E+00 at (26,15,12)
       Max divergence:  0.22E+02 at (19,35,2)
       Min divergence: -0.34E+01 at (26,13,10)
       Max VN number :  0.84E+00 at (23,13,13)
       Mesh    2
       Max CFL number:  0.83E+00 at (6,5,3)
       Max divergence:  0.43E+01 at (4,5,41)
       Min divergence: -0.73E+01 at (7,4,41)
       Max VN number :  0.19E+00 at (8,7,14)
 
       Time Step    41500   September 24, 2026  10:12:59
       Step Size:  0.281E-02 s, Total Time:  113.68124 s
       Pressure Iterations: 4
       Maximum Velocity Error:  0.99E-02 on Mesh 1 at (25,12,15)
       Maximum Pressure Error:  0.27E+04 on Mesh 2 at (7,4,4)
       Maximum CFL Number    :  0.85E+00 on Mesh 1 at (23,15,12)
       Maximum VN Number     :  0.89E+00 on Mesh 1 at (22,14,13)
       ---------------------------------------------------------------
       Mesh    1
       Max CFL number:  0.85E+00 at (23,15,12)
       Max divergence:  0.16E+02 at (23,33,2)
       Min divergence: -0.55E+01 at (25,16,12)
       Max VN number :  0.89E+00 at (22,14,13)
       Mesh    2
       Max CFL number:  0.79E+00 at (6,5,3)
       Max divergence:  0.48E+01 at (8,4,41)
       Min divergence: -0.81E+01 at (7,4,41)
       Max VN number :  0.18E+00 at (5,7,5)
 
       Time Step    41600   September 24, 2026  10:13:10
       Step Size:  0.282E-02 s, Total Time:  113.94828 s
       Pressure Iterations: 3
       Maximum Velocity Error:  0.12E-01 on Mesh 1 at (24,12,15)
       Maximum Pressure Error:  0.17E+04 on Mesh 2 at (6,4,4)
       Maximum CFL Number    :  0.87E+00 on Mesh 1 at (26,15,12)
       Maximum VN Number     :  0.77E+00 on Mesh 1 at (26,13,13)
       ---------------------------------------------------------------
       Mesh    1
       Max CFL number:  0.87E+00 at (26,15,12)
       Max divergence:  0.17E+02 at (19,33,2)
       Min divergence: -0.75E+01 at (26,16,12)
       Max VN number :  0.77E+00 at (26,13,13)
       Mesh    2
       Max CFL number:  0.80E+00 at (6,5,1)
       Max divergence:  0.73E+01 at (5,5,40)
       Min divergence: -0.62E+01 at (7,4,41)
       Max VN number :  0.20E+00 at (5,6,24)
 
       Time Step    41700   September 24, 2026  10:13:21
       Step Size:  0.256E-02 s, Total Time:  114.22306 s
       Pressure Iterations: 4
       Maximum Velocity Error:  0.76E-02 on Mesh 1 at (25,14,15)
       Maximum Pressure Error:  0.17E+04 on Mesh 2 at (8,6,24)
       Maximum CFL Number    :  0.75E+00 on Mesh 1 at (25,14,12)
       Maximum VN Number     :  0.91E+00 on Mesh 1 at (25,16,13)
       ---------------------------------------------------------------
       Mesh    1
       Max CFL number:  0.75E+00 at (25,14,12)
       Max divergence:  0.17E+02 at (24,33,2)
       Min divergence: -0.45E+01 at (26,13,10)
       Max VN number :  0.91E+00 at (25,16,13)
       Mesh    2
       Max CFL number:  0.74E+00 at (6,5,3)
       Max divergence:  0.74E+01 at (5,5,43)
       Min divergence: -0.50E+01 at (5,5,42)
       Max VN number :  0.18E+00 at (5,5,41)
 
       Time Step    41800   September 24, 2026  10:13:33
       Step Size:  0.286E-02 s, Total Time:  114.50543 s
       Pressure Iterations: 4
       Maximum Velocity Error:  0.11E-01 on Mesh 1 at (23,13,15)
       Maximum Pressure Error:  0.22E+04 on Mesh 2 at (8,6,19)
       Maximum CFL Number    :  0.84E+00 on Mesh 1 at (26,15,12)
       Maximum VN Number     :  0.82E+00 on Mesh 1 at (26,15,13)
       ---------------------------------------------------------------
       Mesh    1
       Max CFL number:  0.84E+00 at (26,15,12)
       Max divergence:  0.17E+02 at (22,33,2)
       Min divergence: -0.54E+01 at (26,15,12)
       Max VN number :  0.82E+00 at (26,15,13)
       Mesh    2
       Max CFL number:  0.82E+00 at (6,5,5)
       Max divergence:  0.57E+01 at (5,5,40)
       Min divergence: -0.61E+01 at (4,7,41)
       Max VN number :  0.19E+00 at (5,5,44)
 
       Time Step    41900   September 24, 2026  10:13:44
       Step Size:  0.278E-02 s, Total Time:  114.78781 s
       Pressure Iterations: 4
       Maximum Velocity Error:  0.12E-01 on Mesh 1 at (24,14,15)
       Maximum Pressure Error:  0.22E+04 on Mesh 2 at (5,5,38)
       Maximum CFL Number    :  0.84E+00 on Mesh 1 at (26,15,12)
       Maximum VN Number     :  0.66E+00 on Mesh 1 at (26,13,10)
       ---------------------------------------------------------------
       Mesh    1
       Max CFL number:  0.84E+00 at (26,15,12)
       Max divergence:  0.16E+02 at (22,33,2)
       Min divergence: -0.64E+01 at (26,14,13)
       Max VN number :  0.66E+00 at (26,13,10)
       Mesh    2
       Max CFL number:  0.77E+00 at (6,5,3)
       Max divergence:  0.47E+01 at (8,4,41)
       Min divergence: -0.74E+01 at (8,5,41)
       Max VN number :  0.18E+00 at (5,7,25)
 
       Time Step    42000   September 24, 2026  10:13:56
       Step Size:  0.258E-02 s, Total Time:  115.06112 s
       Pressure Iterations: 4
       Maximum Velocity Error:  0.52E-02 on Mesh 1 at (26,14,15)
       Maximum Pressure Error:  0.25E+04 on Mesh 2 at (7,4,4)
       Maximum CFL Number    :  0.80E+00 on Mesh 1 at (26,15,12)
       Maximum VN Number     :  0.86E+00 on Mesh 1 at (25,16,13)
       ---------------------------------------------------------------
       Mesh    1
       Max CFL number:  0.80E+00 at (26,15,12)
       Max divergence:  0.19E+02 at (27,33,2)
       Min divergence: -0.57E+01 at (26,15,12)
       Max VN number :  0.86E+00 at (25,16,13)
       Mesh    2
       Max CFL number:  0.72E+00 at (6,5,4)
       Max divergence:  0.63E+01 at (5,5,42)
       Min divergence: -0.67E+01 at (4,6,41)
       Max VN number :  0.16E+00 at (5,7,20)
 
       Time Step    42100   September 24, 2026  10:14:08
       Step Size:  0.246E-02 s, Total Time:  115.33572 s
       Pressure Iterations: 4
       Maximum Velocity Error:  0.11E-01 on Mesh 1 at (25,13,15)
       Maximum Pressure Error:  0.25E+04 on Mesh 2 at (7,4,7)
       Maximum CFL Number    :  0.76E+00 on Mesh 1 at (25,14,12)
       Maximum VN Number     :  0.80E+00 on Mesh 1 at (25,16,13)
       ---------------------------------------------------------------
       Mesh    1
       Max CFL number:  0.76E+00 at (25,14,12)
       Max divergence:  0.17E+02 at (20,37,2)
       Min divergence: -0.55E+01 at (25,14,12)
       Max VN number :  0.80E+00 at (25,16,13)
       Mesh    2
       Max CFL number:  0.69E+00 at (6,5,4)
       Max divergence:  0.61E+01 at (8,4,41)
       Min divergence: -0.65E+01 at (8,8,41)
       Max VN number :  0.36E+00 at (8,6,8)
 
       Time Step    42200   September 24, 2026  10:14:21
       Step Size:  0.278E-02 s, Total Time:  115.60044 s
       Pressure Iterations: 4
       Maximum Velocity Error:  0.99E-02 on Mesh 1 at (26,15,15)
       Maximum Pressure Error:  0.23E+04 on Mesh 2 at (6,4,11)
       Maximum CFL Number    :  0.83E+00 on Mesh 1 at (26,15,12)
       Maximum VN Number     :  0.82E+00 on Mesh 1 at (26,15,13)
       ---------------------------------------------------------------
       Mesh    1
       Max CFL number:  0.83E+00 at (26,15,12)
       Max divergence:  0.17E+02 at (23,33,2)
       Min divergence: -0.85E+01 at (26,15,13)
       Max VN number :  0.82E+00 at (26,15,13)
       Mesh    2
       Max CFL number:  0.81E+00 at (6,5,4)
       Max divergence:  0.58E+01 at (4,5,41)
       Min divergence: -0.68E+01 at (5,5,41)
       Max VN number :  0.20E+00 at (5,6,23)
 
       Time Step    42300   September 24, 2026  10:14:33
       Step Size:  0.288E-02 s, Total Time:  115.87935 s
       Pressure Iterations: 4
       Maximum Velocity Error:  0.97E-02 on Mesh 1 at (24,12,15)
       Maximum Pressure Error:  0.43E+04 on Mesh 2 at (6,4,5)
       Maximum CFL Number    :  0.86E+00 on Mesh 1 at (23,15,12)
       Maximum VN Number     :  0.85E+00 on Mesh 1 at (26,13,13)
       ---------------------------------------------------------------
       Mesh    1
       Max CFL number:  0.86E+00 at (23,15,12)
       Max divergence:  0.18E+02 at (29,36,2)
       Min divergence: -0.39E+01 at (26,13,10)
       Max VN number :  0.85E+00 at (26,13,13)
       Mesh    2
       Max CFL number:  0.84E+00 at (6,4,5)
       Max divergence:  0.92E+01 at (5,5,43)
       Min divergence: -0.73E+01 at (8,5,41)
       Max VN number :  0.21E+00 at (5,5,43)
 
       Time Step    42400   September 24, 2026  10:14:44
       Step Size:  0.284E-02 s, Total Time:  116.15551 s
       Pressure Iterations: 4
       Maximum Velocity Error:  0.64E-02 on Mesh 1 at (24,14,15)
       Maximum Pressure Error:  0.25E+04 on Mesh 2 at (9,6,9)
       Maximum CFL Number    :  0.85E+00 on Mesh 1 at (23,15,12)
       Maximum VN Number     :  0.95E+00 on Mesh 1 at (25,16,13)
       ---------------------------------------------------------------
       Mesh    1
       Max CFL number:  0.85E+00 at (23,15,12)
       Max divergence:  0.18E+02 at (22,36,3)
       Min divergence: -0.48E+01 at (26,16,13)
       Max VN number :  0.95E+00 at (25,16,13)
       Mesh    2
       Max CFL number:  0.80E+00 at (6,5,4)
       Max divergence:  0.55E+01 at (8,4,41)
       Min divergence: -0.81E+01 at (6,4,41)
       Max VN number :  0.25E+00 at (7,8,11)
 
       Time Step    42500   September 24, 2026  10:14:56
       Step Size:  0.289E-02 s, Total Time:  116.42356 s
       Pressure Iterations: 5
       Maximum Velocity Error:  0.12E-01 on Mesh 1 at (25,14,15)
       Maximum Pressure Error:  0.18E+04 on Mesh 2 at (8,5,13)
       Maximum CFL Number    :  0.84E+00 on Mesh 1 at (26,15,12)
       Maximum VN Number     :  0.84E+00 on Mesh 1 at (24,16,13)
       ---------------------------------------------------------------
       Mesh    1
       Max CFL number:  0.84E+00 at (26,15,12)
       Max divergence:  0.17E+02 at (23,36,3)
       Min divergence: -0.65E+01 at (26,16,12)
       Max VN number :  0.84E+00 at (24,16,13)
       Mesh    2
       Max CFL number:  0.83E+00 at (6,5,5)
       Max divergence:  0.57E+01 at (5,5,41)
       Min divergence: -0.94E+01 at (6,4,41)
       Max VN number :  0.22E+00 at (8,7,3)
 
       Time Step    42600   September 24, 2026  10:15:07
       Step Size:  0.250E-02 s, Total Time:  116.69367 s
       Pressure Iterations: 4
       Maximum Velocity Error:  0.80E-02 on Mesh 1 at (23,13,15)
       Maximum Pressure Error:  0.21E+04 on Mesh 2 at (8,6,14)
       Maximum CFL Number    :  0.77E+00 on Mesh 1 at (25,15,12)
       Maximum VN Number     :  0.90E+00 on Mesh 1 at (25,16,13)
       ---------------------------------------------------------------
       Mesh    1
       Max CFL number:  0.77E+00 at (25,15,12)
       Max divergence:  0.18E+02 at (20,37,2)
       Min divergence: -0.44E+01 at (26,13,10)
       Max VN number :  0.90E+00 at (25,16,13)
       Mesh    2
       Max CFL number:  0.70E+00 at (6,5,4)
       Max divergence:  0.47E+01 at (5,4,40)
       Min divergence: -0.72E+01 at (8,5,41)
       Max VN number :  0.17E+00 at (7,8,14)
 
       Time Step    42700   September 24, 2026  10:15:19
       Step Size:  0.268E-02 s, Total Time:  116.96268 s
       Pressure Iterations: 6
       Maximum Velocity Error:  0.95E-02 on Mesh 1 at (24,13,15)
       Maximum Pressure Error:  0.13E+04 on Mesh 2 at (6,8,13)
       Maximum CFL Number    :  0.83E+00 on Mesh 1 at (25,15,12)
       Maximum VN Number     :  0.69E+00 on Mesh 1 at (23,16,13)
       ---------------------------------------------------------------
       Mesh    1
       Max CFL number:  0.83E+00 at (25,15,12)
       Max divergence:  0.17E+02 at (19,36,2)
       Min divergence: -0.59E+01 at (26,15,13)
       Max VN number :  0.69E+00 at (23,16,13)
       Mesh    2
       Max CFL number:  0.76E+00 at (6,5,4)
       Max divergence:  0.56E+01 at (4,8,41)
       Min divergence: -0.66E+01 at (5,5,41)
       Max VN number :  0.22E+00 at (8,6,1)
 
       Time Step    42800   September 24, 2026  10:15:30
       Step Size:  0.254E-02 s, Total Time:  117.23368 s
       Pressure Iterations: 4
       Maximum Velocity Error:  0.11E-01 on Mesh 1 at (25,14,15)
       Maximum Pressure Error:  0.16E+04 on Mesh 2 at (8,6,17)
       Maximum CFL Number    :  0.80E+00 on Mesh 1 at (23,14,12)
       Maximum VN Number     :  0.97E+00 on Mesh 1 at (25,16,13)
       ---------------------------------------------------------------
       Mesh    1
       Max CFL number:  0.80E+00 at (23,14,12)
       Max divergence:  0.18E+02 at (20,36,2)
       Min divergence: -0.67E+01 at (26,16,12)
       Max VN number :  0.97E+00 at (25,16,13)
       Mesh    2
       Max CFL number:  0.69E+00 at (6,6,2)
       Max divergence:  0.52E+01 at (4,8,43)
       Min divergence: -0.49E+01 at (7,8,41)
       Max VN number :  0.16E+00 at (7,7,9)
 
       Time Step    42900   September 24, 2026  10:15:42
       Step Size:  0.252E-02 s, Total Time:  117.50490 s
       Pressure Iterations: 6
       Maximum Velocity Error:  0.78E-02 on Mesh 1 at (23,13,15)
       Maximum Pressure Error:  0.23E+04 on Mesh 2 at (6,4,4)
       Maximum CFL Number    :  0.79E+00 on Mesh 2 at (6,5,3)
       Maximum VN Number     :  0.94E+00 on Mesh 1 at (23,13,13)
       ---------------------------------------------------------------
       Mesh    1
       Max CFL number:  0.79E+00 at (23,14,12)
       Max divergence:  0.16E+02 at (26,33,2)
       Min divergence: -0.61E+01 at (26,15,13)
       Max VN number :  0.94E+00 at (23,13,13)
       Mesh    2
       Max CFL number:  0.79E+00 at (6,5,3)
       Max divergence:  0.53E+01 at (4,8,41)
       Min divergence: -0.66E+01 at (7,4,41)
       Max VN number :  0.19E+00 at (6,5,2)
 
       Time Step    43000   September 24, 2026  10:15:54
       Step Size:  0.272E-02 s, Total Time:  117.76943 s
       Pressure Iterations: 6
       Maximum Velocity Error:  0.66E-02 on Mesh 1 at (24,14,15)
       Maximum Pressure Error:  0.30E+04 on Mesh 2 at (6,4,5)
       Maximum CFL Number    :  0.83E+00 on Mesh 2 at (6,5,2)
       Maximum VN Number     :  0.85E+00 on Mesh 1 at (25,16,13)
       ---------------------------------------------------------------
       Mesh    1
       Max CFL number:  0.80E+00 at (26,15,12)
       Max divergence:  0.20E+02 at (20,33,2)
       Min divergence: -0.69E+01 at (26,16,12)
       Max VN number :  0.85E+00 at (25,16,13)
       Mesh    2
       Max CFL number:  0.83E+00 at (6,5,2)
       Max divergence:  0.58E+01 at (8,4,41)
       Min divergence: -0.10E+02 at (6,4,41)
       Max VN number :  0.19E+00 at (8,7,21)
 
       Time Step    43100   September 24, 2026  10:16:06
       Step Size:  0.289E-02 s, Total Time:  118.03451 s
       Pressure Iterations: 6
       Maximum Velocity Error:  0.66E-02 on Mesh 2 at (6,5,0)
       Maximum Pressure Error:  0.27E+04 on Mesh 2 at (6,4,8)
       Maximum CFL Number    :  0.89E+00 on Mesh 1 at (25,15,12)
       Maximum VN Number     :  0.76E+00 on Mesh 1 at (23,16,13)
       ---------------------------------------------------------------
       Mesh    1
       Max CFL number:  0.89E+00 at (25,15,12)
       Max divergence:  0.20E+02 at (19,36,2)
       Min divergence: -0.49E+01 at (26,16,12)
       Max VN number :  0.76E+00 at (23,16,13)
       Mesh    2
       Max CFL number:  0.81E+00 at (6,4,8)
       Max divergence:  0.55E+01 at (4,5,41)
       Min divergence: -0.77E+01 at (8,5,41)
       Max VN number :  0.20E+00 at (8,6,1)
 
       Time Step    43200   September 24, 2026  10:16:18
       Step Size:  0.279E-02 s, Total Time:  118.30696 s
       Pressure Iterations: 5
       Maximum Velocity Error:  0.11E-01 on Mesh 1 at (25,14,15)
       Maximum Pressure Error:  0.23E+04 on Mesh 2 at (6,4,8)
       Maximum CFL Number    :  0.83E+00 on Mesh 1 at (23,14,12)
       Maximum VN Number     :  0.94E+00 on Mesh 1 at (25,16,13)
       ---------------------------------------------------------------
       Mesh    1
       Max CFL number:  0.83E+00 at (23,14,12)
       Max divergence:  0.16E+02 at (23,33,2)
       Min divergence: -0.46E+01 at (25,16,11)
       Max VN number :  0.94E+00 at (25,16,13)
       Mesh    2
       Max CFL number:  0.79E+00 at (6,6,1)
       Max divergence:  0.52E+01 at (8,4,41)
       Min divergence: -0.69E+01 at (8,8,41)
       Max VN number :  0.19E+00 at (5,7,10)
 
       Time Step    43300   September 24, 2026  10:16:29
       Step Size:  0.277E-02 s, Total Time:  118.57658 s
       Pressure Iterations: 4
       Maximum Velocity Error:  0.85E-02 on Mesh 2 at (6,5,0)
       Maximum Pressure Error:  0.15E+04 on Mesh 2 at (8,5,7)
       Maximum CFL Number    :  0.84E+00 on Mesh 1 at (23,14,12)
       Maximum VN Number     :  0.76E+00 on Mesh 1 at (24,16,13)
       ---------------------------------------------------------------
       Mesh    1
       Max CFL number:  0.84E+00 at (23,14,12)
       Max divergence:  0.16E+02 at (26,33,2)
       Min divergence: -0.63E+01 at (26,15,13)
       Max VN number :  0.76E+00 at (24,16,13)
       Mesh    2
       Max CFL number:  0.76E+00 at (6,5,5)
       Max divergence:  0.54E+01 at (4,8,41)
       Min divergence: -0.64E+01 at (6,4,41)
       Max VN number :  0.17E+00 at (6,9,41)
 
       Time Step    43400   September 24, 2026  10:16:40
       Step Size:  0.269E-02 s, Total Time:  118.84788 s
       Pressure Iterations: 6
       Maximum Velocity Error:  0.85E-02 on Mesh 1 at (26,14,15)
       Maximum Pressure Error:  0.20E+04 on Mesh 2 at (5,4,2)
       Maximum CFL Number    :  0.84E+00 on Mesh 2 at (6,6,1)
       Maximum VN Number     :  0.91E+00 on Mesh 1 at (26,14,13)
       ---------------------------------------------------------------
       Mesh    1
       Max CFL number:  0.83E+00 at (23,14,12)
       Max divergence:  0.17E+02 at (19,35,2)
       Min divergence: -0.66E+01 at (23,14,13)
       Max VN number :  0.91E+00 at (26,14,13)
       Mesh    2
       Max CFL number:  0.84E+00 at (6,6,1)
       Max divergence:  0.83E+01 at (5,5,42)
       Min divergence: -0.61E+01 at (8,5,41)
       Max VN number :  0.20E+00 at (6,4,42)
 
       Time Step    43500   September 24, 2026  10:16:51
       Step Size:  0.265E-02 s, Total Time:  119.11003 s
       Pressure Iterations: 5
       Maximum Velocity Error:  0.11E-01 on Mesh 1 at (23,15,15)
       Maximum Pressure Error:  0.37E+04 on Mesh 2 at (6,4,3)
       Maximum CFL Number    :  0.87E+00 on Mesh 1 at (23,14,12)
       Maximum VN Number     :  0.78E+00 on Mesh 1 at (25,16,13)
       ---------------------------------------------------------------
       Mesh    1
       Max CFL number:  0.87E+00 at (23,14,12)
       Max divergence:  0.21E+02 at (22,33,2)
       Min divergence: -0.40E+01 at (23,14,12)
       Max VN number :  0.78E+00 at (25,16,13)
       Mesh    2
       Max CFL number:  0.75E+00 at (6,6,2)
       Max divergence:  0.47E+01 at (5,4,41)
       Min divergence: -0.80E+01 at (8,8,41)
       Max VN number :  0.20E+00 at (8,7,6)
 
       Time Step    43600   September 24, 2026  10:17:02
       Step Size:  0.262E-02 s, Total Time:  119.37301 s
       Pressure Iterations: 5
       Maximum Velocity Error:  0.10E-01 on Mesh 1 at (24,12,15)
       Maximum Pressure Error:  0.22E+04 on Mesh 2 at (6,4,3)
       Maximum CFL Number    :  0.77E+00 on Mesh 1 at (23,14,12)
       Maximum VN Number     :  0.83E+00 on Mesh 1 at (25,16,13)
       ---------------------------------------------------------------
       Mesh    1
       Max CFL number:  0.77E+00 at (23,14,12)
       Max divergence:  0.17E+02 at (22,32,2)
       Min divergence: -0.49E+01 at (23,14,13)
       Max VN number :  0.83E+00 at (25,16,13)
       Mesh    2
       Max CFL number:  0.76E+00 at (6,6,1)
       Max divergence:  0.59E+01 at (4,8,41)
       Min divergence: -0.59E+01 at (7,4,41)
       Max VN number :  0.16E+00 at (9,6,41)
 
       Time Step    43700   September 24, 2026  10:17:14
       Step Size:  0.299E-02 s, Total Time:  119.64820 s
       Pressure Iterations: 5
       Maximum Velocity Error:  0.11E-01 on Mesh 1 at (24,12,15)
       Maximum Pressure Error:  0.31E+04 on Mesh 2 at (7,4,4)
       Maximum CFL Number    :  0.90E+00 on Mesh 1 at (25,15,12)
       Maximum VN Number     :  0.92E+00 on Mesh 1 at (26,15,13)
       ---------------------------------------------------------------
       Mesh    1
       Max CFL number:  0.90E+00 at (25,15,12)
       Max divergence:  0.17E+02 at (29,35,2)
       Min divergence: -0.62E+01 at (26,15,13)
       Max VN number :  0.92E+00 at (26,15,13)
       Mesh    2
       Max CFL number:  0.84E+00 at (6,5,5)
       Max divergence:  0.44E+01 at (8,4,41)
       Min divergence: -0.65E+01 at (7,4,41)
       Max VN number :  0.18E+00 at (9,6,41)
 
       Time Step    43800   September 24, 2026  10:17:26
       Step Size:  0.288E-02 s, Total Time:  119.92825 s
       Pressure Iterations: 4
       Maximum Velocity Error:  0.11E-01 on Mesh 1 at (25,16,15)
       Maximum Pressure Error:  0.17E+04 on Mesh 2 at (6,4,11)
       Maximum CFL Number    :  0.83E+00 on Mesh 1 at (25,14,12)
       Maximum VN Number     :  0.87E+00 on Mesh 1 at (26,15,13)
       ---------------------------------------------------------------
       Mesh    1
       Max CFL number:  0.83E+00 at (25,14,12)
       Max divergence:  0.17E+02 at (22,33,2)
       Min divergence: -0.80E+01 at (26,15,13)
       Max VN number :  0.87E+00 at (26,15,13)
       Mesh    2
       Max CFL number:  0.82E+00 at (6,5,3)
       Max divergence:  0.56E+01 at (8,4,41)
       Min divergence: -0.80E+01 at (5,5,41)
       Max VN number :  0.19E+00 at (7,7,13)
 
       Time Step    43826   September 24, 2026  10:17:29
       Step Size:  0.253E-02 s, Total Time:  120.00000 s
       Pressure Iterations: 4
       Maximum Velocity Error:  0.12E-01 on Mesh 2 at (6,6,0)
       Maximum Pressure Error:  0.17E+04 on Mesh 2 at (6,4,8)
       Maximum CFL Number    :  0.72E+00 on Mesh 1 at (23,14,12)
       Maximum VN Number     :  0.74E+00 on Mesh 1 at (26,13,10)
       ---------------------------------------------------------------
       Mesh    1
       Max CFL number:  0.72E+00 at (23,14,12)
       Max divergence:  0.18E+02 at (19,36,2)
       Min divergence: -0.66E+01 at (19,35,6)
       Max VN number :  0.74E+00 at (26,13,10)
       Mesh    2
       Max CFL number:  0.71E+00 at (6,5,4)
       Max divergence:  0.57E+01 at (5,5,40)
       Min divergence: -0.64E+01 at (8,8,41)
       Max VN number :  0.18E+00 at (8,6,13)
 


 Time Stepping Wall Clock Time (s):     5028.223
 Total Elapsed Wall Clock Time (s):     5032.314

STOP: FDS completed successfully (CHID: v4_bake)
