s,kg/s,kg/s,kg/s,kg/s,kg/s,kg/s,kg/s,C,C,C,C,C,C,C,kW/m2,kW/m2,kW/m2,C,C,C,C,kW/m2,kW/m2,kW/m2,C,C,C,C,kW/m2,kW/m2,kW/m2,C,C,C,C,kW/m2,kW/m2,kW/m2,C,C,C,C,kW/m2,kW/m2,kW/m2,C,C,C,C,C,kW/m2,kW/m2,kW/m2,C,C,C,C,kW/m2,kW/m2,kW/m2,C,C,C,C,kW/m2,kW/m2,kW/m2,C,C,C,C,kW/m2,kW/m2,kW/m2,C,C,C,C,kW/m2,kW/m2,kW/m2,C,C,C,C,C
Time,mouth_net_y,mouth_outward_y_negative,mouth_inward_y_positive,mouth_soot_outward_negative,flue_net_z,flue_outward_z_positive,flue_soot_outward_positive,pizza_1_gas_temp,pizza_2_gas_temp,gas_L,gas_R,gas_REAR,gas_FLUE,pizza_1_C_surface,pizza_1_C_rad,pizza_1_C_conv,pizza_1_C_net,pizza_1_C_core,pizza_1_C_bottom,pizza_1_C_gas,pizza_1_L_surface,pizza_1_L_rad,pizza_1_L_conv,pizza_1_L_net,pizza_1_L_core,pizza_1_L_bottom,pizza_1_L_gas,pizza_1_R_surface,pizza_1_R_rad,pizza_1_R_conv,pizza_1_R_net,pizza_1_R_core,pizza_1_R_bottom,pizza_1_R_gas,pizza_1_F_surface,pizza_1_F_rad,pizza_1_F_conv,pizza_1_F_net,pizza_1_F_core,pizza_1_F_bottom,pizza_1_F_gas,pizza_1_B_surface,pizza_1_B_rad,pizza_1_B_conv,pizza_1_B_net,pizza_1_B_core,pizza_1_B_bottom,pizza_1_B_gas,pizza_1_surface,pizza_2_C_surface,pizza_2_C_rad,pizza_2_C_conv,pizza_2_C_net,pizza_2_C_core,pizza_2_C_bottom,pizza_2_C_gas,pizza_2_L_surface,pizza_2_L_rad,pizza_2_L_conv,pizza_2_L_net,pizza_2_L_core,pizza_2_L_bottom,pizza_2_L_gas,pizza_2_R_surface,pizza_2_R_rad,pizza_2_R_conv,pizza_2_R_net,pizza_2_R_core,pizza_2_R_bottom,pizza_2_R_gas,pizza_2_F_surface,pizza_2_F_rad,pizza_2_F_conv,pizza_2_F_net,pizza_2_F_core,pizza_2_F_bottom,pizza_2_F_gas,pizza_2_B_surface,pizza_2_B_rad,pizza_2_B_conv,pizza_2_B_net,pizza_2_B_core,pizza_2_B_bottom,pizza_2_B_gas,pizza_2_surface,floor_surface
 0.0000000E+000,-2.9112505E-005,-3.1928652E-004, 2.9017401E-004, 0.0000000E+000,-8.3265980E-006, 1.0646151E-005, 0.0000000E+000, 2.2647780E+002, 2.2624349E+002, 2.2647780E+002, 2.2624349E+002, 3.6391005E+002, 5.4571549E+002, 2.5000000E+001, 1.0640290E+001, 0.0000000E+000, 1.0640290E+001, 2.5000000E+001, 3.3148834E+002, 2.2647780E+002, 2.5000000E+001, 1.0778657E+001, 0.0000000E+000, 1.0778657E+001, 2.5000000E+001, 3.3148834E+002, 2.2647780E+002, 2.5000000E+001, 1.0522276E+001, 0.0000000E+000, 1.0522276E+001, 2.5000000E+001, 3.3148834E+002, 2.2647780E+002, 2.5000000E+001, 1.0108765E+001, 0.0000000E+000, 1.0108765E+001, 2.5000000E+001, 3.3148834E+002, 2.2647780E+002, 2.5000000E+001, 1.0857309E+001, 0.0000000E+000, 1.0857309E+001, 2.5000000E+001, 3.3148834E+002, 2.2647780E+002, 2.5000000E+001, 2.5000000E+001, 1.0665765E+001, 0.0000000E+000, 1.0665765E+001, 2.5000000E+001, 3.3686498E+002, 2.2624349E+002, 2.5000000E+001, 1.0538478E+001, 0.0000000E+000, 1.0538478E+001, 2.5000000E+001, 3.3686498E+002, 2.2624349E+002, 2.5000000E+001, 1.0776468E+001, 0.0000000E+000, 1.0776468E+001, 2.5000000E+001, 3.3686498E+002, 2.2624349E+002, 2.5000000E+001, 1.0149572E+001, 0.0000000E+000, 1.0149572E+001, 2.5000000E+001, 3.3686498E+002, 2.2624349E+002, 2.5000000E+001, 1.0874894E+001, 0.0000000E+000, 1.0874894E+001, 2.5000000E+001, 3.3686498E+002, 2.2624349E+002, 2.5000000E+001, 3.3149330E+002
 5.0279350E-001, 1.3702786E-002,-2.8376989E-003, 1.6540485E-002,-1.1778715E-033, 1.1110048E-002, 1.1114690E-002, 5.6048685E-035, 2.2708035E+002, 2.2683957E+002, 2.2708035E+002, 2.2683957E+002, 4.0196814E+002, 3.8395274E+002, 3.3270010E+001, 1.0693883E+001, 4.2692626E-001, 1.1120810E+001, 2.5005127E+001, 2.9279125E+002, 2.2708035E+002, 3.3329989E+001, 1.0767232E+001, 4.2717317E-001, 1.1194406E+001, 2.5005146E+001, 2.9279125E+002, 2.2712219E+002, 3.3224238E+001, 1.0639471E+001, 4.2676047E-001, 1.1066232E+001, 2.5005112E+001, 2.9279125E+002, 2.2708510E+002, 3.2790099E+001, 1.0082574E+001, 3.7168069E-001, 1.0454255E+001, 2.5005040E+001, 2.9279125E+002, 2.2640001E+002, 3.3505354E+001, 1.1021247E+001, 4.2866517E-001, 1.1449912E+001, 2.5005166E+001, 2.9279125E+002, 2.2715691E+002, 3.3270010E+001, 3.3272809E+001, 1.0697436E+001, 4.2607413E-001, 1.1123510E+001, 2.5005189E+001, 2.9747240E+002, 2.2683957E+002, 3.3223335E+001, 1.0638531E+001, 4.2582424E-001, 1.1064355E+001, 2.5005172E+001, 2.9747240E+002, 2.2683966E+002, 3.3326176E+001, 1.0763552E+001, 4.2636317E-001, 1.1189916E+001, 2.5005204E+001, 2.9747240E+002, 2.2687821E+002, 3.2812349E+001, 1.0112039E+001, 3.7201924E-001, 1.0484059E+001, 2.5005105E+001, 2.9747240E+002, 2.2607327E+002, 3.3490434E+001, 1.0999203E+001, 4.2778243E-001, 1.1426986E+001, 2.5005226E+001, 2.9747240E+002, 2.2691390E+002, 3.3272809E+001, 3.2986463E+002
 1.0013249E+000, 6.8664783E-003,-1.2542842E-002, 1.9409321E-002,-5.1648705E-016, 2.1144673E-002, 2.1144673E-002, 2.3959284E-016, 2.3027177E+002, 2.3280271E+002, 2.3027177E+002, 2.3280271E+002, 6.9103417E+002, 2.4472753E+002, 3.9068250E+001, 1.1552489E+001, 2.3297046E-001, 1.1785460E+001, 2.5068546E+001, 2.5655697E+002, 2.3027177E+002, 3.8868352E+001, 1.1321790E+001, 1.7305519E-001, 1.1494845E+001, 2.5068697E+001, 2.5655697E+002, 2.3428919E+002, 3.9094933E+001, 1.1724224E+001, 1.2297177E-001, 1.1847196E+001, 2.5068404E+001, 2.5655697E+002, 2.2535204E+002, 3.7821096E+001, 1.0566690E+001, 3.0438536E-002, 1.0597129E+001, 2.5067057E+001, 2.5655697E+002, 2.1265345E+002, 3.9888943E+001, 1.2308277E+001, 3.4155617E-001, 1.2649833E+001, 2.5069287E+001, 2.5655697E+002, 2.3784340E+002, 3.9068250E+001, 3.9029193E+001, 1.1490578E+001, 2.4454122E-001, 1.1735119E+001, 2.5069313E+001, 2.6058685E+002, 2.3280271E+002, 3.9099972E+001, 1.1679850E+001, 1.7098123E-001, 1.1850831E+001, 2.5069171E+001, 2.6058685E+002, 2.2767573E+002, 3.8923214E+001, 1.1332011E+001, 2.3096733E-001, 1.1562979E+001, 2.5069458E+001, 2.6058685E+002, 2.3437505E+002, 3.7837978E+001, 1.0566809E+001, 3.3042844E-002, 1.0599852E+001, 2.5067884E+001, 2.6058685E+002, 2.1667573E+002, 3.9780532E+001, 1.2179060E+001, 3.5487899E-001, 1.2533939E+001, 2.5069995E+001, 2.6058685E+002, 2.4145114E+002, 3.9029193E+001, 3.2889949E+002
 1.5002735E+000, 8.6255867E-003,-1.3075212E-002, 2.1700798E-002,-1.2776198E-007, 2.1166689E-002, 2.1166689E-002, 4.1464416E-006, 2.9936851E+002, 3.0050505E+002, 2.9936851E+002, 3.0050505E+002, 3.4247926E+002, 4.8451557E+002, 4.4109570E+001, 1.3094776E+001, 6.0000790E-002, 1.3154776E+001, 2.5259409E+001, 2.4477618E+002, 2.9936851E+002, 4.3537102E+001, 1.2417669E+001, 1.1104657E-001, 1.2528716E+001, 2.5259236E+001, 2.4477618E+002, 3.5794557E+002, 4.4534623E+001, 1.3692263E+001, 4.1049789E-002, 1.3733313E+001, 2.5259186E+001, 2.4477618E+002, 2.5869081E+002, 4.2434560E+001, 1.1928260E+001, 6.8702411E-002, 1.1996962E+001, 2.5252478E+001, 2.4477618E+002, 3.3570560E+002, 4.5200594E+001, 1.3813218E+001, 6.4311777E-002, 1.3877530E+001, 2.5263349E+001, 2.4477618E+002, 2.6642648E+002, 4.4109570E+001, 4.4053108E+001, 1.3048571E+001, 7.1761566E-002, 1.3120333E+001, 2.5261791E+001, 2.4841557E+002, 3.0050505E+002, 4.4513130E+001, 1.3680409E+001, 4.0068619E-002, 1.3720477E+001, 2.5261672E+001, 2.4841557E+002, 2.6501611E+002, 4.3651045E+001, 1.2532101E+001, 1.1931314E-001, 1.2651414E+001, 2.5261848E+001, 2.4841557E+002, 3.8992843E+002, 4.2437891E+001, 1.1923785E+001, 7.2074315E-002, 1.1995860E+001, 2.5255155E+001, 2.4841557E+002, 3.4677790E+002, 4.5065888E+001, 1.3716235E+001, 7.7153640E-002, 1.3793389E+001, 2.5265395E+001, 2.4841557E+002, 2.7359160E+002, 4.4053108E+001, 3.2892449E+002
 2.0006328E+000, 2.6148891E-002,-8.0086271E-003, 3.4157518E-002,-1.1507581E-006, 1.8570441E-002, 1.8570441E-002, 1.7246226E-005, 3.5360512E+002, 3.7131536E+002, 3.5360512E+002, 3.7131536E+002, 2.7587361E+002, 6.4568481E+002, 4.7728997E+001, 1.2694443E+001, 7.8659222E-002, 1.2773102E+001, 2.5602508E+001, 2.3733738E+002, 3.5360512E+002, 4.6840679E+001, 1.1996471E+001, 1.1008968E-001, 1.2106560E+001, 2.5600215E+001, 2.3733738E+002, 4.2515743E+002, 4.8537591E+001, 1.3340196E+001, 6.7365001E-002, 1.3407561E+001, 2.5603365E+001, 2.3733738E+002, 2.5045520E+002, 4.5996410E+001, 1.1887227E+001, 4.5408414E-002, 1.1932635E+001, 2.5584299E+001, 2.3733738E+002, 4.3998820E+002, 4.8671394E+001, 1.3032562E+001, 7.1507069E-002, 1.3104070E+001, 2.5613569E+001, 2.3733738E+002, 2.8225400E+002, 4.7728997E+001, 4.7984279E+001, 1.3054430E+001, 8.1486575E-002, 1.3135917E+001, 2.5606237E+001, 2.4065535E+002, 3.7131536E+002, 4.8788948E+001, 1.3663621E+001, 6.6823948E-002, 1.3730445E+001, 2.5607431E+001, 2.4065535E+002, 2.4996724E+002, 4.7265619E+001, 1.2376644E+001, 1.7557421E-001, 1.2552218E+001, 2.5604973E+001, 2.4065535E+002, 4.4966900E+002, 4.6329788E+001, 1.2286583E+001, 6.3290363E-002, 1.2349873E+001, 2.5588779E+001, 2.4065535E+002, 4.5124267E+002, 4.8853555E+001, 1.3356059E+001, 7.7205012E-002, 1.3433264E+001, 2.5616403E+001, 2.4065535E+002, 2.5580946E+002, 4.7984279E+001, 3.2884155E+002
 2.5017389E+000, 1.9304070E-002,-8.3330651E-003, 2.7637135E-002,-1.7230441E-006, 1.9061174E-002, 1.9061174E-002, 1.5626416E-005, 2.8309758E+002, 2.9174023E+002, 2.8309758E+002, 2.9174023E+002, 2.8957372E+002, 5.4993847E+002, 5.0273014E+001, 1.2168046E+001, 1.7341033E-002, 1.2185387E+001, 2.6093199E+001, 2.3151629E+002, 2.8309758E+002, 4.9264072E+001, 1.1580686E+001, 3.3447278E-002, 1.1614134E+001, 2.6085648E+001, 2.3151629E+002, 2.9089178E+002, 5.1146478E+001, 1.2704677E+001, 6.4781633E-003, 1.2711155E+001, 2.6098031E+001, 2.3151629E+002, 2.3530245E+002, 4.8453629E+001, 1.1401593E+001, 3.0726745E-003, 1.1404666E+001, 2.6058074E+001, 2.3151629E+002, 4.6422787E+002, 5.1345374E+001, 1.2652234E+001, 3.2939064E-002, 1.2685174E+001, 2.6114633E+001, 2.3151629E+002, 2.0677154E+002, 5.0273014E+001, 5.0604821E+001, 1.2413799E+001, 2.8413268E-002, 1.2442212E+001, 2.6098501E+001, 2.3464684E+002, 2.9174023E+002, 5.1440623E+001, 1.2921542E+001,-2.5564080E-003, 1.2918985E+001, 2.6103936E+001, 2.3464684E+002, 2.2924407E+002, 4.9799852E+001, 1.1921750E+001, 5.2196952E-002, 1.1973947E+001, 2.6093427E+001, 2.3464684E+002, 2.8582052E+002, 4.8806683E+001, 1.1598238E+001, 3.2771272E-003, 1.1601515E+001, 2.6064803E+001, 2.3464684E+002, 3.9538989E+002, 5.1645582E+001, 1.2945879E+001, 3.5200021E-002, 1.2981079E+001, 2.6118251E+001, 2.3464684E+002, 2.4562487E+002, 5.0604821E+001, 3.2839379E+002
 3.0006337E+000, 1.8150864E-002,-9.7360221E-003, 2.7886886E-002,-1.6412190E-006, 1.9236396E-002, 1.9236396E-002, 1.4181110E-005, 2.3762552E+002, 2.2201998E+002, 2.3762552E+002, 2.2201998E+002, 2.2481980E+002, 5.3504950E+002, 5.2842722E+001, 1.2312661E+001, 3.1634630E-003, 1.2315824E+001, 2.6715247E+001, 2.2683265E+002, 2.3762552E+002, 5.1713853E+001, 1.1767414E+001, 1.9429521E-002, 1.1786844E+001, 2.6699015E+001, 2.2683265E+002, 2.7060789E+002, 5.3841134E+001, 1.2796451E+001, 1.4859795E-003, 1.2797937E+001, 2.6727154E+001, 2.2683265E+002, 2.6957885E+002, 5.0692779E+001, 1.1274648E+001, 2.3004952E-002, 1.1297653E+001, 2.6658562E+001, 2.2683265E+002, 2.7172329E+002, 5.4132622E+001, 1.2929217E+001, 5.8214290E-003, 1.2935038E+001, 2.6749562E+001, 2.2683265E+002, 2.2821120E+002, 5.2842722E+001, 5.3152761E+001, 1.2377218E+001, 6.4280249E-004, 1.2377861E+001, 2.6723172E+001, 2.2983169E+002, 2.2201998E+002, 5.4114423E+001, 1.2834665E+001, 1.0830812E-002, 1.2845496E+001, 2.6735779E+001, 2.2983169E+002, 2.8121201E+002, 5.2271585E+001, 1.1986322E+001, 1.0246255E-002, 1.1996568E+001, 2.6711459E+001, 2.2983169E+002, 2.0392433E+002, 5.1128185E+001, 1.1493810E+001, 1.5725336E-002, 1.1509535E+001, 2.6668712E+001, 2.2983168E+002, 3.0719358E+002, 5.4341132E+001, 1.2901728E+001, 9.6477455E-003, 1.2911376E+001, 2.6754905E+001, 2.2983169E+002, 2.0790057E+002, 5.3152761E+001, 3.2817432E+002
 3.5003023E+000, 2.0048674E-002,-8.7993487E-003, 2.8848023E-002,-1.3469942E-006, 1.9259242E-002, 1.9259242E-002, 1.4807794E-005, 2.8371568E+002, 2.6142050E+002, 2.8371568E+002, 2.6142050E+002, 5.8094821E+002, 5.2556637E+002, 5.4936144E+001, 1.2019941E+001, 9.5468071E-003, 1.2029488E+001, 2.7452490E+001, 2.2293334E+002, 2.8371568E+002, 5.3844592E+001, 1.1607832E+001, 2.8743725E-002, 1.1636576E+001, 2.7424373E+001, 2.2293334E+002, 3.1538377E+002, 5.6022788E+001, 1.2536981E+001, 4.2973918E-003, 1.2541279E+001, 2.7474475E+001, 2.2293334E+002, 2.7851750E+002, 5.2666059E+001, 1.1122323E+001, 1.1438894E-002, 1.1133762E+001, 2.7369927E+001, 2.2293333E+002, 2.2172120E+002, 5.6226893E+001, 1.2475234E+001, 1.3308710E-002, 1.2488543E+001, 2.7502206E+001, 2.2293334E+002, 2.4359820E+002, 5.4936144E+001, 5.5209056E+001, 1.2152136E+001, 9.8041108E-003, 1.2161940E+001, 2.7464095E+001, 2.2583022E+002, 2.6142050E+002, 5.6340781E+001, 1.2725353E+001, 5.4994077E-003, 1.2730853E+001, 2.7486677E+001, 2.2583022E+002, 2.5578335E+002, 5.4354982E+001, 1.1819985E+001, 1.6951391E-002, 1.1836937E+001, 2.7443116E+001, 2.2583022E+002, 2.4791452E+002, 5.2956598E+001, 1.1185543E+001,-7.1548467E-003, 1.1178388E+001, 2.7384655E+001, 2.2583021E+002, 2.2820003E+002, 5.6509195E+001, 1.2676850E+001, 2.8765124E-002, 1.2705615E+001, 2.7510264E+001, 2.2583022E+002, 2.2327299E+002, 5.5209056E+001, 3.2798222E+002
 4.0016589E+000, 1.8040727E-002,-8.5336689E-003, 2.6574396E-002,-1.7624531E-006, 1.9310399E-002, 1.9310399E-002, 1.5394419E-005, 2.8449732E+002, 2.5395208E+002, 2.8449732E+002, 2.5395208E+002, 3.5103101E+002, 5.4053508E+002, 5.7130477E+001, 1.2218111E+001,-3.8486666E-003, 1.2214263E+001, 2.8292370E+001, 2.1957902E+002, 2.8449732E+002, 5.5805894E+001, 1.1569920E+001, 9.4009395E-003, 1.1579320E+001, 2.8249875E+001, 2.1957902E+002, 2.7465996E+002, 5.8255888E+001, 1.2650481E+001,-1.1216005E-002, 1.2639265E+001, 2.8327037E+001, 2.1957902E+002, 2.5161394E+002, 5.4662470E+001, 1.1270790E+001,-1.6751524E-002, 1.1254039E+001, 2.8179856E+001, 2.1957901E+002, 2.8067163E+002, 5.8539618E+001, 1.2745273E+001, 4.6852048E-003, 1.2749958E+001, 2.8359754E+001, 2.1957902E+002, 2.6316228E+002, 5.7130477E+001, 5.7382589E+001, 1.2234493E+001,-1.0685389E-002, 1.2223808E+001, 2.8308130E+001, 2.2239160E+002, 2.5395208E+002, 5.8430452E+001, 1.2556526E+001,-1.5382370E-002, 1.2541143E+001, 2.8343349E+001, 2.2239160E+002, 2.4930081E+002, 5.6471372E+001, 1.1918653E+001,-1.5608101E-002, 1.1903045E+001, 2.8275959E+001, 2.2239160E+002, 3.0816055E+002, 5.4978790E+001, 1.1336197E+001,-1.7557619E-002, 1.1318640E+001, 2.8199740E+001, 2.2239159E+002, 3.3129504E+002, 5.8815144E+001, 1.2800429E+001,-9.9108237E-004, 1.2799438E+001, 2.8371101E+001, 2.2239160E+002, 2.3094022E+002, 5.7382589E+001, 3.2769718E+002
 4.5016227E+000, 1.9458507E-002,-8.6416713E-003, 2.8100178E-002,-1.7265969E-006, 1.9220468E-002, 1.9220468E-002, 1.5855030E-005, 2.2183953E+002, 2.2474424E+002, 2.2183953E+002, 2.2474424E+002, 2.6188975E+002, 5.4716843E+002, 5.9036807E+001, 1.1955270E+001,-1.0921081E-002, 1.1944349E+001, 2.9219414E+001, 2.1663424E+002, 2.2183953E+002, 5.7639476E+001, 1.1430600E+001,-5.0038979E-004, 1.1430099E+001, 2.9160268E+001, 2.1663424E+002, 2.3418897E+002, 6.0333218E+001, 1.2515314E+001,-6.4191692E-003, 1.2508895E+001, 2.9268998E+001, 2.1663424E+002, 2.3155957E+002, 5.6519520E+001, 1.1153787E+001,-2.4012244E-002, 1.1129775E+001, 2.9073367E+001, 2.1663423E+002, 3.1369419E+002, 6.0455614E+001, 1.2387351E+001,-8.3373742E-003, 1.2379014E+001, 2.9306353E+001, 2.1663425E+002, 2.0923861E+002, 5.9036807E+001, 5.9406654E+001, 1.2244868E+001,-1.5310639E-003, 1.2243337E+001, 2.9239668E+001, 2.1937485E+002, 2.2474424E+002, 6.0679696E+001, 1.2837497E+001,-8.3784879E-004, 1.2836659E+001, 2.9289625E+001, 2.1937486E+002, 2.3718504E+002, 5.8366765E+001, 1.1792294E+001,-1.0493482E-002, 1.1781800E+001, 2.9194781E+001, 2.1937485E+002, 2.2926599E+002, 5.6874906E+001, 1.1360972E+001,-2.6885343E-002, 1.1334086E+001, 2.9098677E+001, 2.1937484E+002, 2.5892121E+002, 6.0842833E+001, 1.2694242E+001, 3.2532863E-003, 1.2697495E+001, 2.9321628E+001, 2.1937486E+002, 2.5184877E+002, 5.9406654E+001, 3.2761866E+002
 5.0023498E+000, 1.8144022E-002,-8.7748812E-003, 2.6918903E-002,-1.8930607E-006, 1.9406382E-002, 1.9406382E-002, 1.6158742E-005, 2.3039950E+002, 3.0765815E+002, 2.3039950E+002, 3.0765815E+002, 4.8001911E+002, 5.2179227E+002, 6.0635604E+001, 1.1718160E+001,-7.7058097E-003, 1.1710454E+001, 3.0220240E+001, 2.1400790E+002, 2.3039950E+002, 5.9214544E+001, 1.1218586E+001,-2.2663644E-004, 1.1218360E+001, 3.0142235E+001, 2.1400790E+002, 2.2373841E+002, 6.2077131E+001, 1.2337329E+001,-1.5404034E-002, 1.2321925E+001, 3.0286774E+001, 2.1400791E+002, 2.6919013E+002, 5.7985355E+001, 1.0842124E+001,-1.9317341E-002, 1.0822807E+001, 3.0037741E+001, 2.1400788E+002, 1.7833293E+002, 6.2136204E+001, 1.2211024E+001,-1.9745651E-003, 1.2209050E+001, 3.0328206E+001, 2.1400792E+002, 2.5671764E+002, 6.0635604E+001, 6.1216072E+001, 1.2074878E+001,-1.6182386E-002, 1.2058696E+001, 3.0245228E+001, 2.1668561E+002, 3.0765815E+002, 6.2489748E+001, 1.2484193E+001,-2.8019882E-003, 1.2481391E+001, 3.0311721E+001, 2.1668561E+002, 2.4990301E+002, 6.0079232E+001, 1.1618994E+001,-9.2328161E-003, 1.1609762E+001, 3.0186290E+001, 2.1668560E+002, 2.5956379E+002, 5.8532464E+001, 1.1160572E+001,-3.5965138E-002, 1.1124607E+001, 3.0068597E+001, 2.1668559E+002, 2.0570375E+002, 6.2744332E+001, 1.2592480E+001,-3.7249671E-003, 1.2588755E+001, 3.0347938E+001, 2.1668562E+002, 2.6854083E+002, 6.1216072E+001, 3.2737490E+002
 5.5008330E+000, 1.6514246E-002,-9.0001182E-003, 2.5514364E-002,-1.6986200E-006, 1.9539500E-002, 1.9539500E-002, 1.5677515E-005, 2.8306773E+002, 2.2578528E+002, 2.8306773E+002, 2.2578528E+002, 3.5310321E+002, 5.1214279E+002, 6.2536698E+001, 1.1907305E+001,-1.5250131E-002, 1.1892055E+001, 3.1281525E+001, 2.1163828E+002, 2.8306773E+002, 6.0939534E+001, 1.1315899E+001,-2.4951415E-002, 1.1290947E+001, 3.1182990E+001, 2.1163827E+002, 2.4536502E+002, 6.4026813E+001, 1.2426991E+001,-3.3572513E-002, 1.2393418E+001, 3.1367045E+001, 2.1163829E+002, 2.5585523E+002, 5.9689244E+001, 1.0988574E+001,-3.9510792E-002, 1.0949064E+001, 3.1060318E+001, 2.1163825E+002, 2.7494167E+002, 6.4122170E+001, 1.2391091E+001,-5.0698508E-003, 1.2386021E+001, 3.1411625E+001, 2.1163830E+002, 2.4118654E+002, 6.2536698E+001, 6.3168231E+001, 1.2216149E+001,-1.9885250E-002, 1.2196264E+001, 3.1312398E+001, 2.1426005E+002, 2.2578528E+002, 6.4536590E+001, 1.2682743E+001,-1.2308963E-002, 1.2670434E+001, 3.1397084E+001, 2.1426006E+002, 2.5650851E+002, 6.1941492E+001, 1.1772342E+001,-2.0926723E-002, 1.1751416E+001, 3.1237979E+001, 2.1426005E+002, 2.4421536E+002, 6.0308465E+001, 1.1296351E+001,-4.2414874E-002, 1.1253936E+001, 3.1097494E+001, 2.1426002E+002, 3.1391059E+002, 6.4809759E+001, 1.2753152E+001,-9.9878804E-003, 1.2743164E+001, 3.1437222E+001, 2.1426007E+002, 2.1029917E+002, 6.3168231E+001, 3.2727693E+002
 6.0014304E+000, 1.8238083E-002,-8.1558127E-003, 2.6393896E-002,-1.7496187E-006, 1.9373717E-002, 1.9373717E-002, 1.6110368E-005, 1.8844296E+002, 2.5321636E+002, 1.8844296E+002, 2.5321636E+002, 4.5170512E+002, 5.3022338E+002, 6.4175189E+001, 1.1739688E+001,-2.4596217E-002, 1.1715092E+001, 3.2394843E+001, 2.0947802E+002, 1.8844296E+002, 6.2529854E+001, 1.1197443E+001,-1.0243031E-002, 1.1187200E+001, 3.2274135E+001, 2.0947800E+002, 2.5730954E+002, 6.5832281E+001, 1.2347520E+001,-5.5117865E-003, 1.2342008E+001, 3.2501263E+001, 2.0947803E+002, 2.4311241E+002, 6.1268037E+001, 1.0889263E+001,-2.5575096E-002, 1.0863687E+001, 3.2132746E+001, 2.0947796E+002, 2.1534152E+002, 6.5843648E+001, 1.2248709E+001,-1.9726306E-002, 1.2228983E+001, 3.2548164E+001, 2.0947805E+002, 2.3269075E+002, 6.4175189E+001, 6.5001588E+001, 1.2204382E+001,-3.0270053E-002, 1.2174112E+001, 3.2433006E+001, 2.1204936E+002, 2.5321636E+002, 6.6448664E+001, 1.2644663E+001,-3.7396880E-003, 1.2640923E+001, 3.2537294E+001, 2.1204937E+002, 2.7658629E+002, 6.3697417E+001, 1.1722336E+001,-5.6140253E-003, 1.1716722E+001, 3.2341673E+001, 2.1204934E+002, 2.7640416E+002, 6.2044342E+001, 1.1288162E+001,-2.0930263E-002, 1.1267231E+001, 3.2177337E+001, 2.1204930E+002, 2.6116606E+002, 6.6718783E+001, 1.2713203E+001,-6.3607559E-003, 1.2706842E+001, 3.2581306E+001, 2.1204939E+002, 2.5300335E+002, 6.5001588E+001, 3.2718150E+002
 6.5002831E+000, 1.8206311E-002,-8.2142580E-003, 2.6420569E-002,-1.9238214E-006, 1.9413812E-002, 1.9413812E-002, 1.6496773E-005, 2.6296561E+002, 2.5817870E+002, 2.6296561E+002, 2.5817870E+002, 3.7444962E+002, 5.1470965E+002, 6.5920842E+001, 1.1879699E+001,-1.2942437E-002, 1.1866756E+001, 3.3552135E+001, 2.0749435E+002, 2.6296561E+002, 6.4136697E+001, 1.1253859E+001,-1.7397576E-002, 1.1236461E+001, 3.3407727E+001, 2.0749432E+002, 2.3161399E+002, 6.7624900E+001, 1.2470440E+001,-3.6010256E-002, 1.2434429E+001, 3.3681247E+001, 2.0749437E+002, 2.3934019E+002, 6.2834915E+001, 1.0969787E+001,-5.6016858E-002, 1.0913770E+001, 3.3247294E+001, 2.0749427E+002, 2.0423431E+002, 6.7628015E+001, 1.2355072E+001,-1.9401925E-002, 1.2335670E+001, 3.3729665E+001, 2.0749439E+002, 2.5819378E+002, 6.5920842E+001, 6.6721716E+001, 1.2149537E+001,-9.0848763E-003, 1.2140453E+001, 3.3599237E+001, 2.1001977E+002, 2.5817870E+002, 6.8169090E+001, 1.2586071E+001,-1.7806941E-002, 1.2568265E+001, 3.3724403E+001, 2.1001979E+002, 2.6399480E+002, 6.5349426E+001, 1.1684881E+001,-5.5184955E-003, 1.1679363E+001, 3.3489667E+001, 2.1001975E+002, 3.0747681E+002, 6.3623873E+001, 1.1238703E+001,-4.5375444E-002, 1.1193328E+001, 3.3300694E+001, 2.1001969E+002, 2.7515225E+002, 6.8499610E+001, 1.2662512E+001, 3.3194428E-003, 1.2665831E+001, 3.3772257E+001, 2.1001981E+002, 2.2266964E+002, 6.6721716E+001, 3.2699864E+002
 7.0021006E+000, 1.8064377E-002,-8.3291705E-003, 2.6393548E-002,-1.7446203E-006, 1.9236255E-002, 1.9236255E-002, 1.7453147E-005, 2.5861330E+002, 2.3169000E+002, 2.5861330E+002, 2.3169000E+002, 3.7704588E+002, 5.4059757E+002, 6.7503367E+001, 1.1702414E+001,-5.0234209E-002, 1.1652179E+001, 3.4747235E+001, 2.0566199E+002, 2.5861330E+002, 6.5674208E+001, 1.1174093E+001,-3.8462048E-002, 1.1135631E+001, 3.4577703E+001, 2.0566195E+002, 3.1746693E+002, 6.9278125E+001, 1.2207072E+001,-3.6863693E-002, 1.2170208E+001, 3.4900635E+001, 2.0566202E+002, 2.5362371E+002, 6.4358878E+001, 1.0859496E+001,-5.4210519E-002, 1.0805285E+001, 3.4398003E+001, 2.0566188E+002, 2.4296380E+002, 6.9273098E+001, 1.2195130E+001,-3.4052971E-002, 1.2161077E+001, 3.4949779E+001, 2.0566205E+002, 2.2199586E+002, 6.7503367E+001, 6.8289317E+001, 1.1893960E+001,-2.6465790E-002, 1.1867495E+001, 3.4804853E+001, 2.0814528E+002, 2.3169000E+002, 6.9820729E+001, 1.2339225E+001,-3.7276130E-002, 1.2301949E+001, 3.4951807E+001, 2.0814531E+002, 2.3956159E+002, 6.6883533E+001, 1.1512306E+001,-3.0927595E-002, 1.1481378E+001, 3.4675844E+001, 2.0814525E+002, 2.2735817E+002, 6.5108769E+001, 1.1038120E+001,-5.5655749E-002, 1.0982464E+001, 3.4461629E+001, 2.0814518E+002, 2.6750021E+002, 7.0158728E+001, 1.2448223E+001,-2.2657130E-003, 1.2445957E+001, 3.5003624E+001, 2.0814534E+002, 2.2255831E+002, 6.8289317E+001, 3.2682789E+002
 7.5017868E+000, 1.7032448E-002,-9.2093332E-003, 2.6241781E-002,-2.0108640E-006, 1.9409955E-002, 1.9409955E-002, 1.6410223E-005, 2.4846516E+002, 2.4942072E+002, 2.4846516E+002, 2.4942072E+002, 3.4768941E+002, 5.2044684E+002, 6.9001294E+001, 1.1604678E+001,-2.5312912E-002, 1.1579366E+001, 3.5973385E+001, 2.0396305E+002, 2.4846516E+002, 6.7178102E+001, 1.1131704E+001,-1.7769617E-002, 1.1113935E+001, 3.5777427E+001, 2.0396299E+002, 2.6426034E+002, 7.0782716E+001, 1.2099938E+001,-4.3082972E-002, 1.2056855E+001, 3.6152454E+001, 2.0396309E+002, 2.6591099E+002, 6.5774142E+001, 1.0768118E+001,-4.2558199E-002, 1.0725559E+001, 3.5578396E+001, 2.0396290E+002, 2.4853885E+002, 7.0844166E+001, 1.2110023E+001,-1.8838401E-002, 1.2091184E+001, 3.6201550E+001, 2.0396314E+002, 2.3172804E+002, 6.9001294E+001, 6.9939393E+001, 1.2021274E+001,-4.1108098E-002, 1.1980166E+001, 3.6042670E+001, 2.0640752E+002, 2.4942072E+002, 7.1524781E+001, 1.2462049E+001,-3.7049388E-002, 1.2425000E+001, 3.6212217E+001, 2.0640756E+002, 2.3342429E+002, 6.8497389E+001, 1.1603338E+001,-3.6428995E-002, 1.1566910E+001, 3.5893196E+001, 2.0640748E+002, 2.6464270E+002, 6.6616023E+001, 1.1095135E+001,-5.8581635E-002, 1.1036553E+001, 3.5653246E+001, 2.0640738E+002, 2.3979320E+002, 7.1930433E+001, 1.2614320E+001,-8.4604098E-003, 1.2605860E+001, 3.6268091E+001, 2.0640760E+002, 2.6054742E+002, 6.9939393E+001, 3.2678202E+002
 8.0005724E+000, 1.9198777E-002,-8.2579414E-003, 2.7456718E-002,-1.8642978E-006, 1.9642336E-002, 1.9642336E-002, 1.6151148E-005, 2.7570218E+002, 2.9317428E+002, 2.7570218E+002, 2.9317428E+002, 3.7151090E+002, 5.1909832E+002, 7.0546591E+001, 1.1624132E+001,-2.5796021E-002, 1.1598336E+001, 3.7219754E+001, 2.0238852E+002, 2.7570218E+002, 6.8629965E+001, 1.1096798E+001,-4.1393313E-002, 1.1055405E+001, 3.6996656E+001, 2.0238845E+002, 2.3260380E+002, 7.2444123E+001, 1.2222717E+001,-3.9995887E-002, 1.2182721E+001, 3.7425316E+001, 2.0238859E+002, 2.5885376E+002, 6.7184437E+001, 1.0762723E+001,-6.9717470E-002, 1.0693005E+001, 3.6778204E+001, 2.0238833E+002, 2.3811013E+002, 7.2449749E+001, 1.2110470E+001,-1.5196401E-002, 1.2095274E+001, 3.7474020E+001, 2.0238864E+002, 2.4629222E+002, 7.0546591E+001, 7.1759559E+001, 1.2237786E+001,-4.1764999E-002, 1.2196021E+001, 3.7301804E+001, 2.0479719E+002, 2.9317428E+002, 7.3426272E+001, 1.2754798E+001,-5.2598871E-002, 1.2702199E+001, 3.7494509E+001, 2.0479725E+002, 2.4328750E+002, 7.0110018E+001, 1.1642438E+001,-4.6215111E-002, 1.1596223E+001, 3.7131203E+001, 2.0479713E+002, 2.5532966E+002, 6.8311531E+001, 1.1342835E+001,-6.9511391E-002, 1.1273323E+001, 3.6865058E+001, 2.0479700E+002, 2.4119472E+002, 7.3730450E+001, 1.2678519E+001,-2.9593938E-002, 1.2648925E+001, 3.7554717E+001, 2.0479730E+002, 2.6130574E+002, 7.1759559E+001, 3.2665074E+002
 8.5023999E+000, 1.8168682E-002,-8.1262005E-003, 2.6294883E-002,-1.6612933E-006, 1.9360649E-002, 1.9360649E-002, 1.7121867E-005, 2.4587823E+002, 2.7291164E+002, 2.4587823E+002, 2.7291164E+002, 2.9208384E+002, 5.2423538E+002, 7.2007607E+001, 1.1554197E+001,-7.6030443E-002, 1.1478167E+001, 3.8487745E+001, 2.0091727E+002, 2.4587823E+002, 7.0057376E+001, 1.1060499E+001,-6.5561970E-002, 1.0994937E+001, 3.8236901E+001, 2.0091717E+002, 2.6112537E+002, 7.4047944E+001, 1.2174959E+001,-5.8423330E-002, 1.2116536E+001, 3.8720563E+001, 2.0091736E+002, 2.5205187E+002, 6.8535706E+001, 1.0691609E+001,-1.0118165E-001, 1.0590428E+001, 3.7998731E+001, 2.0091702E+002, 2.5732120E+002, 7.3998611E+001, 1.2063631E+001,-4.6616521E-002, 1.2017015E+001, 3.8768695E+001, 2.0091742E+002, 2.0404750E+002, 7.2007607E+001, 7.3253411E+001, 1.1980616E+001,-4.6170174E-002, 1.1934446E+001, 3.8584306E+001, 2.0329264E+002, 2.7291164E+002, 7.4949432E+001, 1.2437716E+001,-7.0623267E-002, 1.2367093E+001, 3.8800731E+001, 2.0329272E+002, 2.5420173E+002, 7.1551082E+001, 1.1485418E+001,-4.6904606E-002, 1.1438514E+001, 3.8391606E+001, 2.0329256E+002, 2.6218698E+002, 6.9748265E+001, 1.1135643E+001,-6.9534473E-002, 1.1066109E+001, 3.8099012E+001, 2.0329240E+002, 2.2717072E+002, 7.5269766E+001, 1.2454638E+001,-3.7774909E-002, 1.2416863E+001, 3.8865504E+001, 2.0329278E+002, 2.4301422E+002, 7.3253411E+001, 3.2648937E+002
 9.0000317E+000, 1.7696628E-002,-8.2070249E-003, 2.5903653E-002,-1.8063087E-006, 1.9288406E-002, 1.9288406E-002, 1.6957413E-005, 2.5269119E+002, 2.5723038E+002, 2.5269119E+002, 2.5723038E+002, 2.3936783E+002, 5.2699219E+002, 7.3562673E+001, 1.1681480E+001,-8.0146061E-002, 1.1601334E+001, 3.9768958E+001, 1.9954328E+002, 2.5269119E+002, 7.1514909E+001, 1.1095000E+001,-6.2263622E-002, 1.1032736E+001, 3.9489936E+001, 1.9954315E+002, 2.3969740E+002, 7.5867394E+001, 1.2492571E+001,-5.9385205E-002, 1.2433186E+001, 4.0029971E+001, 1.9954340E+002, 2.4691535E+002, 6.9979635E+001, 1.0755639E+001,-7.2113067E-002, 1.0683526E+001, 3.9231760E+001, 1.9954297E+002, 2.2043388E+002, 7.5629280E+001, 1.2213011E+001,-7.3925915E-002, 1.2139085E+001, 4.0077077E+001, 1.9954347E+002, 2.4059856E+002, 7.3562673E+001, 7.4786100E+001, 1.1985718E+001,-5.3415152E-002, 1.1932302E+001, 3.9881814E+001, 2.0188768E+002, 2.5723038E+002, 7.6628042E+001, 1.2594632E+001,-8.5160163E-002, 1.2509472E+001, 4.0122457E+001, 2.0188780E+002, 2.7864304E+002, 7.3015938E+001, 1.1478474E+001,-5.8288618E-002, 1.1420186E+001, 3.9665955E+001, 2.0188758E+002, 2.5114254E+002, 7.1136988E+001, 1.1054075E+001,-7.3071609E-002, 1.0981004E+001, 3.9347213E+001, 2.0188738E+002, 2.4185326E+002, 7.6899039E+001, 1.2524550E+001,-4.3262881E-002, 1.2481287E+001, 4.0191686E+001, 2.0188786E+002, 2.2194525E+002, 7.4786100E+001, 3.2653034E+002
 9.5013274E+000, 1.8369701E-002,-8.4241519E-003, 2.6793852E-002,-1.9072988E-006, 1.9481966E-002, 1.9481966E-002, 1.7901937E-005, 2.6701754E+002, 2.7077248E+002, 2.6701754E+002, 2.7077248E+002, 3.9530988E+002, 5.5928951E+002, 7.5135840E+001, 1.1682534E+001,-5.6986917E-002, 1.1625547E+001, 4.1060675E+001, 1.9825629E+002, 2.6701754E+002, 7.2942204E+001, 1.1058108E+001,-6.2223477E-002, 1.0995884E+001, 4.0753076E+001, 1.9825612E+002, 2.3797340E+002, 7.7525920E+001, 1.2389158E+001,-7.0711398E-002, 1.2318446E+001, 4.1351333E+001, 1.9825644E+002, 2.4933090E+002, 7.1459349E+001, 1.0830509E+001,-9.6812928E-002, 1.0733697E+001, 4.0474673E+001, 1.9825589E+002, 2.4417960E+002, 7.7212159E+001, 1.2160214E+001,-5.7015993E-002, 1.2103198E+001, 4.1396466E+001, 1.9825652E+002, 2.5492579E+002, 7.5135840E+001, 7.6356386E+001, 1.2006676E+001,-6.0228638E-002, 1.1946447E+001, 4.1191213E+001, 2.0057181E+002, 2.7077248E+002, 7.8490207E+001, 1.2768341E+001,-6.2384837E-002, 1.2705957E+001, 4.1456726E+001, 2.0057195E+002, 2.4243109E+002, 7.4449524E+001, 1.1404384E+001,-5.4871156E-002, 1.1349513E+001, 4.0951249E+001, 2.0057168E+002, 2.4355342E+002, 7.2654579E+001, 1.1163960E+001,-9.3025166E-002, 1.1070935E+001, 4.0606659E+001, 2.0057142E+002, 2.6359830E+002, 7.8441598E+001, 1.2447795E+001,-4.8448991E-002, 1.2399346E+001, 4.1530065E+001, 2.0057203E+002, 2.4337225E+002, 7.6356386E+001, 3.2643319E+002
 1.0002386E+001, 1.6982369E-002,-8.5548919E-003, 2.5537261E-002,-1.8573677E-006, 1.9279674E-002, 1.9279674E-002, 1.7046943E-005, 2.7189016E+002, 2.6388230E+002, 2.7189016E+002, 2.6388230E+002, 4.5135232E+002, 5.1591181E+002, 7.6544149E+001, 1.1583785E+001,-9.4174134E-002, 1.1489611E+001, 4.2365240E+001, 1.9704331E+002, 2.7189016E+002, 7.4331626E+001, 1.1046762E+001,-9.0854474E-002, 1.0955907E+001, 4.2028323E+001, 1.9704310E+002, 2.8453259E+002, 7.8952745E+001, 1.2167357E+001,-6.4471835E-002, 1.2102885E+001, 4.2687325E+001, 1.9704350E+002, 2.5283953E+002, 7.2777910E+001, 1.0701108E+001,-9.7655059E-002, 1.0603453E+001, 4.1729698E+001, 1.9704282E+002, 2.4069587E+002, 7.8705537E+001, 1.2082860E+001,-6.4886368E-002, 1.2017974E+001, 4.2729153E+001, 1.9704360E+002, 2.2448377E+002, 7.6544149E+001, 7.8107822E+001, 1.2279220E+001,-8.2480109E-002, 1.2196740E+001, 4.2514448E+001, 1.9933171E+002, 2.6388230E+002, 8.0162291E+001, 1.2764922E+001,-8.9521609E-002, 1.2675400E+001, 4.2806242E+001, 1.9933189E+002, 2.3510441E+002, 7.6041866E+001, 1.1611583E+001,-6.7159921E-002, 1.1544424E+001, 4.2249269E+001, 1.9933155E+002, 2.6648787E+002, 7.4181118E+001, 1.1302941E+001,-1.3276502E-001, 1.1170176E+001, 4.1879220E+001, 1.9933123E+002, 2.7908610E+002, 8.0299912E+001, 1.2785786E+001,-6.6968416E-002, 1.2718817E+001, 4.2882490E+001, 1.9933199E+002, 2.2658215E+002, 7.8107822E+001, 3.2633965E+002
 1.0501136E+001, 1.7935494E-002,-8.2281431E-003, 2.6163637E-002,-1.8925185E-006, 1.9256307E-002, 1.9256307E-002, 1.6510850E-005, 2.6142588E+002, 2.6420705E+002, 2.6142588E+002, 2.6420705E+002, 3.8145493E+002, 5.0145993E+002, 7.7973693E+001, 1.1585758E+001,-7.8354319E-002, 1.1507404E+001, 4.3672261E+001, 1.9590446E+002, 2.6142588E+002, 7.5754083E+001, 1.1076479E+001,-7.1192468E-002, 1.1005287E+001, 4.3305526E+001, 1.9590419E+002, 2.8373629E+002, 8.0295942E+001, 1.2045085E+001,-8.1830177E-002, 1.1963255E+001, 4.4026920E+001, 1.9590469E+002, 2.3256547E+002, 7.4074324E+001, 1.0641014E+001,-9.8054560E-002, 1.0542959E+001, 4.2986881E+001, 1.9590386E+002, 2.4611295E+002, 8.0243409E+001, 1.2168395E+001,-7.4276397E-002, 1.2094119E+001, 4.4064510E+001, 1.9590480E+002, 2.3657904E+002, 7.7973693E+001, 7.9499693E+001, 1.2009005E+001,-9.8408573E-002, 1.1910597E+001, 4.3841415E+001, 1.9816750E+002, 2.6420705E+002, 8.1477805E+001, 1.2355982E+001,-8.9932554E-002, 1.2266049E+001, 4.4160579E+001, 1.9816772E+002, 2.5986163E+002, 7.7475558E+001, 1.1530205E+001,-9.8675098E-002, 1.1431530E+001, 4.3549860E+001, 1.9816729E+002, 2.6342804E+002, 7.5522166E+001, 1.1078363E+001,-1.1556389E-001, 1.0962799E+001, 4.3154997E+001, 1.9816691E+002, 2.6834302E+002, 8.1794852E+001, 1.2590221E+001,-9.2513892E-002, 1.2497707E+001, 4.4238685E+001, 1.9816783E+002, 2.0898143E+002, 7.9499693E+001, 3.2623017E+002
 1.1001650E+001, 1.7599346E-002,-8.8320364E-003, 2.6431383E-002,-2.0040839E-006, 1.9610581E-002, 1.9610581E-002, 1.6033412E-005, 2.7418570E+002, 2.8226715E+002, 2.7418570E+002, 2.8226715E+002, 3.9468484E+002, 5.1857934E+002, 7.9611938E+001, 1.1795048E+001,-9.6920935E-002, 1.1698127E+001, 4.4981885E+001, 1.9483083E+002, 2.7418570E+002, 7.7260654E+001, 1.1180365E+001,-9.4370520E-002, 1.1085994E+001, 4.4585088E+001, 1.9483050E+002, 3.0407470E+002, 8.1937833E+001, 1.2290012E+001,-1.1029870E-001, 1.2179713E+001, 4.5369544E+001, 1.9483112E+002, 2.6201297E+002, 7.5627220E+001, 1.0915229E+001,-1.2158330E-001, 1.0793646E+001, 4.4246328E+001, 1.9483011E+002, 2.8413965E+002, 8.1889212E+001, 1.2285878E+001,-8.1301635E-002, 1.2204576E+001, 4.5402826E+001, 1.9483125E+002, 2.2699254E+002, 7.9611938E+001, 8.0860651E+001, 1.1829421E+001,-7.8272262E-002, 1.1751148E+001, 4.5172407E+001, 1.9707005E+002, 2.8226715E+002, 8.2884484E+001, 1.2300397E+001,-9.1048151E-002, 1.2209349E+001, 4.5519313E+001, 1.9707033E+002, 2.5914531E+002, 7.8794015E+001, 1.1330900E+001,-7.7880636E-002, 1.1253020E+001, 4.4853559E+001, 1.9706980E+002, 2.5154062E+002, 7.6857100E+001, 1.1001409E+001,-1.0886982E-001, 1.0892540E+001, 4.4434293E+001, 1.9706935E+002, 2.3763792E+002, 8.3125774E+001, 1.2294599E+001,-6.8836173E-002, 1.2225763E+001, 4.5599085E+001, 1.9707045E+002, 2.3528157E+002, 8.0860651E+001, 3.2612485E+002
 1.1501982E+001, 1.8728339E-002,-8.5603933E-003, 2.7288733E-002,-2.0814672E-006, 1.9317677E-002, 1.9317677E-002, 1.6844456E-005, 2.3125857E+002, 2.3872141E+002, 2.3125857E+002, 2.3872141E+002, 3.2591189E+002, 5.2645592E+002, 8.1075471E+001, 1.1688665E+001,-9.4288059E-002, 1.1594377E+001, 4.6295387E+001, 1.9381464E+002, 2.3125857E+002, 7.8602892E+001, 1.1041483E+001,-8.9823527E-002, 1.0951659E+001, 4.5868159E+001, 1.9381425E+002, 2.5793568E+002, 8.3453451E+001, 1.2202725E+001,-1.0309989E-001, 1.2099625E+001, 4.6715960E+001, 1.9381500E+002, 2.6743600E+002, 7.7032348E+001, 1.0814325E+001,-9.8267783E-002, 1.0716057E+001, 4.5509161E+001, 1.9381379E+002, 1.9499614E+002, 8.3401752E+001, 1.2194831E+001,-8.7692205E-002, 1.2107139E+001, 4.6745359E+001, 1.9381514E+002, 2.2171245E+002, 8.1075471E+001, 8.2270781E+001, 1.1818991E+001,-8.4586920E-002, 1.1734404E+001, 4.6507516E+001, 1.9603140E+002, 2.3872141E+002, 8.4332975E+001, 1.2280253E+001,-1.0118143E-001, 1.2179072E+001, 4.6882123E+001, 1.9603174E+002, 2.4009993E+002, 8.0161304E+001, 1.1343341E+001,-9.4910595E-002, 1.1248431E+001, 4.6160785E+001, 1.9603110E+002, 2.3989548E+002, 7.8114796E+001, 1.0921187E+001,-1.4657020E-001, 1.0774617E+001, 4.5717345E+001, 1.9603057E+002, 2.3967327E+002, 8.4647569E+001, 1.2369126E+001,-7.6711448E-002, 1.2292414E+001, 4.6963722E+001, 1.9603189E+002, 2.1540676E+002, 8.2270781E+001, 3.2608902E+002
 1.2000185E+001, 1.7696618E-002,-8.8095735E-003, 2.6506192E-002,-1.9782323E-006, 1.9442918E-002, 1.9442918E-002, 1.6722013E-005, 2.4055624E+002, 2.8739787E+002, 2.4055624E+002, 2.8739787E+002, 5.0709170E+002, 5.2960711E+002, 8.2398683E+001, 1.1524826E+001,-9.1308279E-002, 1.1433518E+001, 4.7606446E+001, 1.9285470E+002, 2.4055624E+002, 7.9921927E+001, 1.0977857E+001,-8.3973301E-002, 1.0893884E+001, 4.7148328E+001, 1.9285423E+002, 2.6568930E+002, 8.4865046E+001, 1.2124009E+001,-1.1489116E-001, 1.2009118E+001, 4.8059575E+001, 1.9285513E+002, 2.5275556E+002, 7.8292647E+001, 1.0671759E+001,-1.0172344E-001, 1.0570036E+001, 4.6769480E+001, 1.9285370E+002, 2.0078604E+002, 8.4778642E+001, 1.2045814E+001,-8.8362960E-002, 1.1957451E+001, 4.8085529E+001, 1.9285529E+002, 2.1530811E+002, 8.2398683E+001, 8.3756248E+001, 1.1960368E+001,-1.1146598E-001, 1.1848902E+001, 4.7839396E+001, 1.9505032E+002, 2.8739787E+002, 8.5937339E+001, 1.2531909E+001,-1.3828981E-001, 1.2393619E+001, 4.8241519E+001, 1.9505073E+002, 2.6437899E+002, 8.1624899E+001, 1.1476161E+001,-1.1167463E-001, 1.1364486E+001, 4.7464516E+001, 1.9504996E+002, 2.7217407E+002, 7.9483607E+001, 1.0995663E+001,-1.3978511E-001, 1.0855878E+001, 4.6997081E+001, 1.9504934E+002, 2.4076356E+002, 8.6233416E+001, 1.2557293E+001,-9.5762645E-002, 1.2461531E+001, 4.8325160E+001, 1.9505089E+002, 2.2614748E+002, 8.3756248E+001, 3.2602854E+002
 1.2501167E+001, 1.8291425E-002,-8.6707300E-003, 2.6962155E-002,-1.9781373E-006, 1.9425294E-002, 1.9425294E-002, 1.6423164E-005, 2.6730045E+002, 2.7207134E+002, 2.6730045E+002, 2.7207134E+002, 2.6940006E+002, 5.1031319E+002, 8.3758347E+001, 1.1531255E+001,-1.0496477E-001, 1.1426291E+001, 4.8917050E+001, 1.9194372E+002, 2.6730045E+002, 8.1216919E+001, 1.0950374E+001,-1.1092782E-001, 1.0839447E+001, 4.8427607E+001, 1.9194317E+002, 2.8093409E+002, 8.6197404E+001, 1.2032909E+001,-1.4062828E-001, 1.1892281E+001, 4.9402511E+001, 1.9194423E+002, 2.4723463E+002, 7.9576809E+001, 1.0666842E+001,-1.1150319E-001, 1.0555339E+001, 4.8029305E+001, 1.9194255E+002, 2.9128173E+002, 8.6162667E+001, 1.2020570E+001,-1.0323456E-001, 1.1917335E+001, 4.9425353E+001, 1.9194440E+002, 2.3872055E+002, 8.3758347E+001, 8.5167296E+001, 1.1835345E+001,-1.0974208E-001, 1.1725603E+001, 4.9170279E+001, 1.9411936E+002, 2.7207134E+002, 8.7248273E+001, 1.2190523E+001,-1.1685347E-001, 1.2073670E+001, 4.9599928E+001, 1.9411983E+002, 2.6054879E+002, 8.3018914E+001, 1.1409999E+001,-1.2025642E-001, 1.1289743E+001, 4.8767128E+001, 1.9411893E+002, 2.6781437E+002, 8.0855249E+001, 1.0976184E+001,-1.3801555E-001, 1.0838169E+001, 4.8275549E+001, 1.9411820E+002, 2.7760957E+002, 8.7666655E+001, 1.2356725E+001,-9.6287953E-002, 1.2260437E+001, 4.9685841E+001, 1.9412002E+002, 2.2771286E+002, 8.5167296E+001, 3.2589116E+002
 1.3001873E+001, 1.8639726E-002,-8.3938875E-003, 2.7033614E-002,-1.9667563E-006, 1.9413092E-002, 1.9413092E-002, 1.6556616E-005, 2.5738049E+002, 2.4525910E+002, 2.5738049E+002, 2.4525910E+002, 2.3598010E+002, 5.2952398E+002, 8.5090993E+001, 1.1476446E+001,-1.2610185E-001, 1.1350344E+001, 5.0227942E+001, 1.9107618E+002, 2.5738049E+002, 8.2490720E+001, 1.0895438E+001,-1.2577989E-001, 1.0769658E+001, 4.9706864E+001, 1.9107553E+002, 2.7339704E+002, 8.7667326E+001, 1.2151357E+001,-1.7903958E-001, 1.1972318E+001, 5.0745505E+001, 1.9107678E+002, 2.6626003E+002, 8.0824019E+001, 1.0581707E+001,-1.3439481E-001, 1.0447312E+001, 4.9289409E+001, 1.9107482E+002, 2.4019076E+002, 8.7544200E+001, 1.1997440E+001,-1.3479862E-001, 1.1862641E+001, 5.0765536E+001, 1.9107697E+002, 2.3198555E+002, 8.5090993E+001, 8.6743504E+001, 1.2080027E+001,-1.1701993E-001, 1.1963007E+001, 5.0501506E+001, 1.9323284E+002, 2.4525910E+002, 8.9042362E+001, 1.2699331E+001,-1.1523696E-001, 1.2584094E+001, 5.0958552E+001, 1.9323340E+002, 2.2911318E+002, 8.4462673E+001, 1.1489212E+001,-1.1797536E-001, 1.1371237E+001, 5.0070035E+001, 1.9323234E+002, 2.6274296E+002, 8.2338723E+001, 1.1175651E+001,-1.4827206E-001, 1.1027379E+001, 4.9554080E+001, 1.9323150E+002, 2.9510706E+002, 8.9278566E+001, 1.2584858E+001,-1.0318396E-001, 1.2481674E+001, 5.1047176E+001, 1.9323362E+002, 2.2592593E+002, 8.6743504E+001, 3.2584627E+002
 1.3501824E+001, 1.7762763E-002,-8.1671300E-003, 2.5929893E-002,-1.8386937E-006, 1.9462798E-002, 1.9462798E-002, 1.7485688E-005, 2.5916959E+002, 2.4007351E+002, 2.5916959E+002, 2.4007351E+002, 3.4718127E+002, 5.4141414E+002, 8.6482264E+001, 1.1500491E+001,-1.3102110E-001, 1.1369470E+001, 5.1533202E+001, 1.9027732E+002, 2.5916959E+002, 8.3803825E+001, 1.0889905E+001,-1.2096055E-001, 1.0768945E+001, 5.0980326E+001, 1.9027654E+002, 2.7993962E+002, 8.9128142E+001, 1.2123824E+001,-1.8357435E-001, 1.1940250E+001, 5.2082614E+001, 1.9028039E+002, 2.4741552E+002, 8.2169089E+001, 1.0649457E+001,-1.1759485E-001, 1.0531862E+001, 5.0544128E+001, 1.9027362E+002, 2.4418132E+002, 8.8944672E+001, 1.1965203E+001,-1.2857590E-001, 1.1836627E+001, 5.2099941E+001, 1.9028060E+002, 2.5676098E+002, 8.6482264E+001, 8.8180082E+001, 1.1953668E+001,-1.1792362E-001, 1.1835744E+001, 5.1828088E+001, 1.9283825E+002, 2.4007351E+002, 9.0510196E+001, 1.2477503E+001,-1.3353672E-001, 1.2343966E+001, 5.2312483E+001, 1.9283921E+002, 2.2452543E+002, 8.5822694E+001, 1.1388424E+001,-1.1485829E-001, 1.1273566E+001, 5.1368293E+001, 1.9283737E+002, 2.7220234E+002, 8.3716716E+001, 1.1070989E+001,-1.4276403E-001, 1.0928225E+001, 5.0828046E+001, 1.9282163E+002, 2.0240725E+002, 9.0738578E+001, 1.2460037E+001,-1.0713468E-001, 1.2352903E+001, 5.2403937E+001, 1.9285425E+002, 2.4771010E+002, 8.8180082E+001, 3.2588409E+002
 1.4001563E+001, 1.8321518E-002,-7.9156103E-003, 2.6237128E-002,-1.9045244E-006, 1.9191439E-002, 1.9191439E-002, 1.7316386E-005, 2.5061859E+002, 2.2619141E+002, 2.5061859E+002, 2.2619141E+002, 4.0750438E+002, 5.3103288E+002, 8.7802025E+001, 1.1442956E+001,-1.2866340E-001, 1.1314292E+001, 5.2834127E+001, 1.9060153E+002, 2.5061859E+002, 8.5079939E+001, 1.0847006E+001,-1.1441690E-001, 1.0732590E+001, 5.2249294E+001, 1.9059965E+002, 2.5140818E+002, 9.0438929E+001, 1.2034882E+001,-2.0375583E-001, 1.1831126E+001, 5.3415449E+001, 1.9062494E+002, 2.2293811E+002, 8.3369263E+001, 1.0515475E+001,-1.3296256E-001, 1.0382512E+001, 5.1794721E+001, 1.9057758E+002, 2.0980325E+002, 9.0366504E+001, 1.2000801E+001,-1.3052984E-001, 1.1870272E+001, 5.3429891E+001, 1.9062526E+002, 2.2060228E+002, 8.7802025E+001, 8.9678143E+001, 1.2024651E+001,-1.2077214E-001, 1.1903879E+001, 5.3157075E+001, 1.9419273E+002, 2.2619141E+002, 9.1976807E+001, 1.2445618E+001,-1.2391618E-001, 1.2321702E+001, 5.3669012E+001, 1.9419537E+002, 2.3285127E+002, 8.7218034E+001, 1.1428639E+001,-1.3095594E-001, 1.1297683E+001, 5.2668694E+001, 1.9419032E+002, 2.3970644E+002, 8.5070508E+001, 1.1093292E+001,-1.8086673E-001, 1.0912425E+001, 5.2104457E+001, 1.9415734E+002, 3.1866452E+002, 9.2332001E+001, 1.2574674E+001,-9.2579439E-002, 1.2482095E+001, 5.3763148E+001, 1.9422582E+002, 2.3727513E+002, 8.9678143E+001, 3.2584383E+002
 1.4500602E+001, 1.8142548E-002,-8.3022659E-003, 2.6444814E-002,-1.8484969E-006, 1.9336748E-002, 1.9336748E-002, 1.6752384E-005, 2.6457898E+002, 2.4379523E+002, 2.6457898E+002, 2.4379523E+002, 3.1318278E+002, 5.2306440E+002, 8.9159305E+001, 1.1469291E+001,-1.4600157E-001, 1.1323290E+001, 5.4140696E+001, 1.9232660E+002, 2.6457898E+002, 8.6371085E+001, 1.0857878E+001,-1.3690663E-001, 1.0720971E+001, 5.3523760E+001, 1.9232230E+002, 2.2638186E+002, 9.1884873E+001, 1.2119886E+001,-2.0172058E-001, 1.1918165E+001, 5.4753926E+001, 1.9235941E+002, 2.2968783E+002, 8.4661213E+001, 1.0590749E+001,-1.5809487E-001, 1.0432654E+001, 5.3051079E+001, 1.9229137E+002, 1.8669995E+002, 9.1702984E+001, 1.1962433E+001,-1.7350348E-001, 1.1788930E+001, 5.4765471E+001, 1.9235996E+002, 2.2556223E+002, 8.9159305E+001, 9.1227401E+001, 1.2166993E+001,-1.4653291E-001, 1.2020460E+001, 5.4500461E+001, 1.9622260E+002, 2.4379523E+002, 9.3610208E+001, 1.2715109E+001,-1.6714544E-001, 1.2547963E+001, 5.5039942E+001, 1.9622752E+002, 2.3333760E+002, 8.8620043E+001, 1.1503464E+001,-1.6260851E-001, 1.1340855E+001, 5.3983050E+001, 1.9621806E+002, 2.2665562E+002, 8.6536534E+001, 1.1265763E+001,-1.9877361E-001, 1.1066990E+001, 5.3395192E+001, 1.9617992E+002, 2.3576437E+002, 9.3899161E+001, 1.2665720E+001,-1.3551149E-001, 1.2530208E+001, 5.5136858E+001, 1.9626084E+002, 2.0743931E+002, 9.1227401E+001, 3.2569913E+002
 1.5000904E+001, 1.8337072E-002,-8.0106293E-003, 2.6347701E-002,-1.7298123E-006, 1.9329953E-002, 1.9329953E-002, 1.7927234E-005, 2.5865651E+002, 2.5259111E+002, 2.5865651E+002, 2.5259111E+002, 3.1301677E+002, 5.3778542E+002, 9.0489263E+001, 1.1385669E+001,-1.4752807E-001, 1.1238141E+001, 5.5464881E+001, 1.9434678E+002, 2.5865651E+002, 8.7614530E+001, 1.0782717E+001,-1.5652608E-001, 1.0626191E+001, 5.4815691E+001, 1.9433960E+002, 2.7378702E+002, 9.3367877E+001, 1.2072935E+001,-1.6456479E-001, 1.1908370E+001, 5.6110021E+001, 1.9438277E+002, 2.2485634E+002, 8.5929415E+001, 1.0551600E+001,-1.6835073E-001, 1.0383250E+001, 5.4325068E+001, 1.9430585E+002, 2.0332826E+002, 9.3051681E+001, 1.1831830E+001,-1.4688330E-001, 1.1684947E+001, 5.6118593E+001, 1.9438356E+002, 2.3017561E+002, 9.0489263E+001, 9.2637071E+001, 1.2076214E+001,-1.5422354E-001, 1.1921991E+001, 5.5868320E+001, 1.9828499E+002, 2.5259111E+002, 9.5033946E+001, 1.2545081E+001,-1.9714923E-001, 1.2347932E+001, 5.6435266E+001, 1.9829241E+002, 2.4023119E+002, 8.9942231E+001, 1.1389708E+001,-1.4301834E-001, 1.1246690E+001, 5.5321177E+001, 1.9827812E+002, 2.3925534E+002, 8.7836526E+001, 1.1101159E+001,-1.8275406E-001, 1.0918405E+001, 5.4710233E+001, 1.9823800E+002, 1.7530800E+002, 9.5373450E+001, 1.2620430E+001,-1.4634600E-001, 1.2474084E+001, 5.6535148E+001, 1.9832526E+002, 2.3728842E+002, 9.2637071E+001, 3.2571848E+002
 1.5501801E+001, 1.6543800E-002,-8.0255887E-003, 2.4569388E-002,-1.7551937E-006, 1.9353029E-002, 1.9353029E-002, 1.7051978E-005, 2.4957730E+002, 2.9285696E+002, 2.4957730E+002, 2.9285696E+002, 3.0627050E+002, 5.1547568E+002, 9.1743209E+001, 1.1331407E+001,-1.4788080E-001, 1.1183527E+001, 5.6814688E+001, 1.9630531E+002, 2.4957730E+002, 8.8827218E+001, 1.0725462E+001,-1.4389760E-001, 1.0581565E+001, 5.6132955E+001, 1.9629508E+002, 2.5074515E+002, 9.4742621E+001, 1.2057151E+001,-1.4912431E-001, 1.1908027E+001, 5.7492131E+001, 1.9634286E+002, 2.3475015E+002, 8.7113200E+001, 1.0465328E+001,-1.6169593E-001, 1.0303632E+001, 5.5624651E+001, 1.9626013E+002, 1.9211291E+002, 9.4408993E+001, 1.1871030E+001,-1.3305304E-001, 1.1737977E+001, 5.7497193E+001, 1.9634388E+002, 2.2135564E+002, 9.1743209E+001, 9.4065270E+001, 1.2031828E+001,-1.6542349E-001, 1.1866404E+001, 5.7267122E+001, 2.0021079E+002, 2.9285696E+002, 9.6575679E+001, 1.2660326E+001,-1.9760009E-001, 1.2462726E+001, 5.7861552E+001, 2.0022081E+002, 2.2776974E+002, 9.1288241E+001, 1.1393291E+001,-1.7943253E-001, 1.1213858E+001, 5.6689380E+001, 2.0020149E+002, 2.3291723E+002, 8.9167374E+001, 1.1101625E+001,-2.1106680E-001, 1.0890559E+001, 5.6055962E+001, 2.0016024E+002, 2.5274731E+002, 9.6866164E+001, 1.2581325E+001,-1.4196864E-001, 1.2439357E+001, 5.7964488E+001, 2.0025230E+002, 2.4436866E+002, 9.4065270E+001, 3.2567296E+002
 1.6002321E+001, 1.8521463E-002,-7.9170558E-003, 2.6438519E-002,-1.7659776E-006, 1.9176280E-002, 1.9176280E-002, 1.7496154E-005, 2.7851863E+002, 2.8166689E+002, 2.7851863E+002, 2.8166689E+002, 3.9656588E+002, 5.3906379E+002, 9.3050259E+001, 1.1307431E+001,-1.4082586E-001, 1.1166605E+001, 5.8190961E+001, 1.9810401E+002, 2.7851863E+002, 9.0053314E+001, 1.0707159E+001,-1.7040864E-001, 1.0536750E+001, 5.7476493E+001, 1.9809066E+002, 2.6573149E+002, 9.6181456E+001, 1.2089311E+001,-1.8653205E-001, 1.1902779E+001, 5.8901328E+001, 1.9814278E+002, 2.5622756E+002, 8.8309498E+001, 1.0416572E+001,-1.8347132E-001, 1.0233101E+001, 5.6950862E+001, 1.9805490E+002, 2.3080442E+002, 9.5750006E+001, 1.1816149E+001,-1.3203344E-001, 1.1684116E+001, 5.8902112E+001, 1.9814399E+002, 2.2675998E+002, 9.3050259E+001, 9.5541944E+001, 1.2078141E+001,-1.5758828E-001, 1.1920552E+001, 5.8696743E+001, 2.0195609E+002, 2.8166689E+002, 9.8154651E+001, 1.2707097E+001,-1.9548191E-001, 1.2511615E+001, 5.9318654E+001, 2.0196876E+002, 2.5672129E+002, 9.2674241E+001, 1.1419400E+001,-1.6060885E-001, 1.1258791E+001, 5.8087508E+001, 2.0194429E+002, 2.5939758E+002, 9.0514796E+001, 1.1095351E+001,-2.0820628E-001, 1.0887145E+001, 5.7432230E+001, 2.0190204E+002, 2.2262882E+002, 9.8382269E+001, 1.2616437E+001,-1.5948603E-001, 1.2456951E+001, 5.9424721E+001, 2.0199874E+002, 2.3556159E+002, 9.5541944E+001, 3.2565382E+002
 1.6501697E+001, 1.7448143E-002,-8.1500730E-003, 2.5598216E-002,-1.6891404E-006, 1.9267173E-002, 1.9267173E-002, 1.6963066E-005, 2.4066528E+002, 2.5008895E+002, 2.4066528E+002, 2.5008895E+002, 2.4697017E+002, 5.1789111E+002, 9.4285764E+001, 1.1288286E+001,-1.7917206E-001, 1.1109114E+001, 5.9592342E+001, 1.9972319E+002, 2.4066528E+002, 9.1256723E+001, 1.0679300E+001,-1.7676265E-001, 1.0502537E+001, 5.8845022E+001, 1.9970666E+002, 2.6416417E+002, 9.7474482E+001, 1.2009512E+001,-1.8988735E-001, 1.1819624E+001, 6.0336417E+001, 1.9976322E+002, 2.4079332E+002, 8.9435739E+001, 1.0353120E+001,-2.0604994E-001, 1.0147070E+001, 5.8302390E+001, 1.9967010E+002, 2.1535317E+002, 9.7084865E+001, 1.1836507E+001,-1.4916632E-001, 1.1687341E+001, 6.0332049E+001, 1.9976459E+002, 2.2138176E+002, 9.4285764E+001, 9.6938366E+001, 1.2092763E+001,-1.6639224E-001, 1.1926371E+001, 6.0154864E+001, 2.0351949E+002, 2.5008895E+002, 9.9535548E+001, 1.2643423E+001,-2.4358186E-001, 1.2399842E+001, 6.0804529E+001, 2.0353486E+002, 2.4991400E+002, 9.3964459E+001, 1.1390346E+001,-1.8918931E-001, 1.1201156E+001, 5.9513375E+001, 2.0350513E+002, 2.4089390E+002, 9.1758669E+001, 1.1060283E+001,-2.3546083E-001, 1.0824822E+001, 5.8836821E+001, 2.0346177E+002, 2.5935603E+002, 9.9888841E+001, 1.2715248E+001,-1.5379267E-001, 1.2561456E+001, 6.0913475E+001, 2.0356342E+002, 2.4352350E+002, 9.6938366E+001, 3.2556315E+002
 1.7001706E+001, 1.6977471E-002,-8.3939056E-003, 2.5371376E-002,-1.7709548E-006, 1.9412888E-002, 1.9412888E-002, 1.7490083E-005, 2.3503847E+002, 2.4264408E+002, 2.3503847E+002, 2.4264408E+002, 3.4636693E+002, 5.4310892E+002, 9.5652192E+001, 1.1355952E+001,-1.9909884E-001, 1.1156853E+001, 6.1019963E+001, 2.0117366E+002, 2.3503847E+002, 9.2517054E+001, 1.0701524E+001,-2.0297183E-001, 1.0498552E+001, 6.0239688E+001, 2.0115389E+002, 2.4618734E+002, 9.8989483E+001, 1.2160311E+001,-2.2957509E-001, 1.1930735E+001, 6.1798530E+001, 2.0121515E+002, 2.5876032E+002, 9.0772177E+001, 1.0470753E+001,-1.8639804E-001, 1.0284355E+001, 5.9680169E+001, 2.0111642E+002, 2.3234372E+002, 9.8521047E+001, 1.1929569E+001,-1.8280274E-001, 1.1746766E+001, 6.1788320E+001, 2.0121665E+002, 2.4373390E+002, 9.5652192E+001, 9.8442364E+001, 1.2135467E+001,-2.0118412E-001, 1.1934283E+001, 6.1642070E+001, 2.0491836E+002, 2.4264408E+002, 1.0124335E+002, 1.2889050E+001,-2.3447499E-001, 1.2654575E+001, 6.2319758E+001, 2.0493649E+002, 2.5173928E+002, 9.5401548E+001, 1.1489021E+001,-2.2602250E-001, 1.1262998E+001, 6.0967572E+001, 2.0490138E+002, 2.4676640E+002, 9.3216857E+001, 1.1182551E+001,-2.2939763E-001, 1.0953154E+001, 6.0270097E+001, 2.0485672E+002, 2.4653127E+002, 1.0141179E+002, 1.2688355E+001,-1.9271545E-001, 1.2495639E+001, 6.2431434E+001, 2.0496381E+002, 2.1874075E+002, 9.8442364E+001, 3.2555964E+002
 1.7502314E+001, 1.8453062E-002,-8.0433838E-003, 2.6496446E-002,-1.8241524E-006, 1.9263678E-002, 1.9263678E-002, 1.7220238E-005, 2.6677514E+002, 2.4205719E+002, 2.6677514E+002, 2.4205719E+002, 3.1033135E+002, 5.1007308E+002, 9.7109554E+001, 1.1554066E+001,-1.7344678E-001, 1.1380619E+001, 6.2475390E+001, 2.0247477E+002, 2.6677514E+002, 9.3855902E+001, 1.0825591E+001,-1.8587443E-001, 1.0639716E+001, 6.1661904E+001, 2.0245171E+002, 2.5619848E+002, 1.0039929E+002, 1.2223034E+001,-2.0655969E-001, 1.2016474E+001, 6.3289342E+001, 2.0251797E+002, 2.4430345E+002, 9.2137480E+001, 1.0633138E+001,-1.7826415E-001, 1.0454874E+001, 6.1085709E+001, 2.0241314E+002, 2.2174152E+002, 9.9988999E+001, 1.2056466E+001,-1.7327746E-001, 1.1883188E+001, 6.3272643E+001, 2.0251957E+002, 2.4137677E+002, 9.7109554E+001, 9.9453888E+001, 1.1601078E+001,-1.7418556E-001, 1.1426892E+001, 6.3159529E+001, 2.0617422E+002, 2.4205719E+002, 1.0211356E+002, 1.2208331E+001,-2.5064795E-001, 1.1957683E+001, 6.3865683E+001, 2.0619515E+002, 2.7893061E+002, 9.6488659E+001, 1.1105580E+001,-1.7406550E-001, 1.0931515E+001, 6.2451219E+001, 2.0615452E+002, 2.5908321E+002, 9.4213108E+001, 1.0717221E+001,-2.3468044E-001, 1.0482541E+001, 6.1733181E+001, 2.0610834E+002, 2.0638907E+002, 1.0217211E+002, 1.2095683E+001,-1.7793896E-001, 1.1917744E+001, 6.3979737E+001, 2.0622143E+002, 2.4125428E+002, 9.9453888E+001, 3.2550941E+002
 1.8000707E+001, 1.7141434E-002,-8.4600636E-003, 2.5601498E-002,-1.8478229E-006, 1.9333890E-002, 1.9333890E-002, 1.7297148E-005, 2.7359621E+002, 2.7930861E+002, 2.7359621E+002, 2.7930861E+002, 3.8239114E+002, 5.4563069E+002, 9.8512432E+001, 1.1491684E+001,-1.9489472E-001, 1.1296789E+001, 6.3953220E+001, 2.0364188E+002, 2.7359621E+002, 9.5166747E+001, 1.0788488E+001,-2.0444647E-001, 1.0584042E+001, 6.3106234E+001, 2.0361547E+002, 2.8571142E+002, 1.0184687E+002, 1.2198091E+001,-2.2950611E-001, 1.1968585E+001, 6.4802965E+001, 2.0368705E+002, 2.5905968E+002, 9.3438844E+001, 1.0565654E+001,-2.3208919E-001, 1.0333565E+001, 6.2513857E+001, 2.0357563E+002, 2.2671886E+002, 1.0146953E+002, 1.2063800E+001,-1.7462970E-001, 1.1889170E+001, 6.4779499E+001, 2.0368871E+002, 2.1454138E+002, 9.8512432E+001, 1.0069545E+002, 1.1679123E+001,-2.5017887E-001, 1.1428944E+001, 6.4699819E+001, 2.0730289E+002, 2.7930861E+002, 1.0240949E+002, 1.2421550E+001,-2.6727626E-001, 1.2154274E+001, 6.5433128E+001, 2.0732669E+002, 2.7366941E+002, 9.7671504E+001, 1.1088137E+001,-2.4365122E-001, 1.0844486E+001, 6.3957491E+001, 2.0728041E+002, 2.4697496E+002, 9.5395394E+001, 1.0781423E+001,-2.7763487E-001, 1.0503788E+001, 6.3219218E+001, 2.0723249E+002, 2.8394943E+002, 1.0235759E+002, 1.2241534E+001,-1.8184011E-001, 1.2059694E+001, 6.5548193E+001, 2.0735212E+002, 2.7775283E+002, 1.0069545E+002, 3.2547898E+002
 1.8502385E+001, 1.9002571E-002,-7.7537814E-003, 2.6756353E-002,-1.8314609E-006, 1.9336488E-002, 1.9336488E-002, 1.6920805E-005, 2.3658989E+002, 2.8355624E+002, 2.3658989E+002, 2.8355624E+002, 2.5761778E+002, 5.3212309E+002, 9.9777727E+001, 1.1344289E+001,-2.2455475E-001, 1.1119734E+001, 6.5456191E+001, 2.0469613E+002, 2.3658989E+002, 9.6419905E+001, 1.0695304E+001,-1.9121936E-001, 1.0504085E+001, 6.4575099E+001, 2.0466630E+002, 2.5217482E+002, 1.0220055E+002, 1.1988942E+001,-2.2227322E-001, 1.1766669E+001, 6.6341020E+001, 2.0474352E+002, 2.5219305E+002, 9.4639406E+001, 1.0459595E+001,-2.5301069E-001, 1.0206585E+001, 6.3967121E+001, 2.0462501E+002, 2.4621715E+002, 1.0214630E+002, 1.1910249E+001,-1.9956909E-001, 1.1710680E+001, 6.6311169E+001, 2.0474523E+002, 2.2350412E+002, 9.9777727E+001, 1.0186175E+002, 1.1735249E+001,-2.2272054E-001, 1.1512528E+001, 6.6263683E+001, 2.0832499E+002, 2.8355624E+002, 1.0245512E+002, 1.2387431E+001,-2.4264068E-001, 1.2144790E+001, 6.7015966E+001, 2.0835173E+002, 2.4853507E+002, 9.8963698E+001, 1.1139077E+001,-2.2269133E-001, 1.0916386E+001, 6.5487445E+001, 2.0829964E+002, 2.6982099E+002, 9.6662611E+001, 1.0770166E+001,-2.1376712E-001, 1.0556399E+001, 6.4728995E+001, 2.0824978E+002, 2.3919914E+002, 1.0243701E+002, 1.2316045E+001,-2.1021885E-001, 1.2105826E+001, 6.7130475E+001, 2.0837649E+002, 2.1440686E+002, 1.0186175E+002, 3.2544226E+002
 1.9000357E+001, 1.8945396E-002,-8.1541855E-003, 2.7099581E-002,-1.8037535E-006, 1.9382894E-002, 1.9382894E-002, 1.7225976E-005, 2.5366434E+002, 2.5920693E+002, 2.5366434E+002, 2.5920693E+002, 3.3790875E+002, 5.2620128E+002, 1.0114560E+002, 1.1475071E+001,-2.3548709E-001, 1.1239583E+001, 6.6979825E+001, 2.0565224E+002, 2.5366434E+002, 9.7707768E+001, 1.0745449E+001,-2.0819999E-001, 1.0537249E+001, 6.6064188E+001, 2.0561890E+002, 2.6635708E+002, 1.0239379E+002, 1.2254894E+001,-2.2584867E-001, 1.2029045E+001, 6.7892706E+001, 2.0570209E+002, 2.5410327E+002, 9.5918255E+001, 1.0522336E+001,-2.4259882E-001, 1.0279738E+001, 6.5441040E+001, 2.0557600E+002, 1.9282144E+002, 1.0226234E+002, 1.2039481E+001,-2.0288311E-001, 1.1836597E+001, 6.7858421E+001, 2.0570380E+002, 2.3081505E+002, 1.0114560E+002, 1.0194438E+002, 1.1491008E+001,-2.0103415E-001, 1.1289974E+001, 6.7843881E+001, 2.0925454E+002, 2.5920693E+002, 1.0244442E+002, 1.2252743E+001,-2.5368783E-001, 1.1999056E+001, 6.8602305E+001, 2.0928429E+002, 2.4133041E+002, 1.0011663E+002, 1.0919291E+001,-1.9911675E-001, 1.0720174E+001, 6.7036027E+001, 2.0922623E+002, 2.4721416E+002, 9.7866134E+001, 1.0655675E+001,-2.2546953E-001, 1.0430206E+001, 6.6257606E+001, 2.0917425E+002, 1.7451764E+002, 1.0232444E+002, 1.1966986E+001,-1.9033190E-001, 1.1776654E+001, 6.8715164E+001, 2.0930852E+002, 2.2599579E+002, 1.0194438E+002, 3.2536870E+002
 1.9501440E+001, 1.6192933E-002,-8.8358811E-003, 2.5028814E-002,-1.8990473E-006, 1.9433485E-002, 1.9433485E-002, 1.6581742E-005, 2.6210317E+002, 2.7832928E+002, 2.6210317E+002, 2.7832928E+002, 2.4658787E+002, 5.3365343E+002, 1.0194765E+002, 1.1570342E+001,-2.3463056E-001, 1.1335711E+001, 6.8520825E+001, 2.0652397E+002, 2.6210317E+002, 9.9024620E+001, 1.0776931E+001,-2.3577540E-001, 1.0541156E+001, 6.7570848E+001, 2.0648704E+002, 2.6889365E+002, 1.0245471E+002, 1.2242765E+001,-2.0996621E-001, 1.2032799E+001, 6.9447825E+001, 2.0657649E+002, 2.4250851E+002, 9.7269472E+001, 1.0606412E+001,-2.6758940E-001, 1.0338823E+001, 6.6932810E+001, 2.0644239E+002, 2.4432061E+002, 1.0240423E+002, 1.2193788E+001,-1.9984361E-001, 1.1993945E+001, 6.9410773E+001, 2.0657817E+002, 2.2095746E+002, 1.0194765E+002, 1.0194013E+002, 1.1421788E+001,-2.1922550E-001, 1.1202563E+001, 6.9425996E+001, 2.1010385E+002, 2.7832928E+002, 1.0244708E+002, 1.2130715E+001,-2.3886753E-001, 1.1891847E+001, 7.0177593E+001, 2.1013616E+002, 2.6344865E+002, 1.0122613E+002, 1.0844852E+001,-2.0496212E-001, 1.0639890E+001, 6.8597132E+001, 2.1007275E+002, 2.3683150E+002, 9.8961727E+001, 1.0511137E+001,-2.3564932E-001, 1.0275487E+001, 6.7800599E+001, 2.1001871E+002, 2.3962032E+002, 1.0238795E+002, 1.1987790E+001,-2.0221613E-001, 1.1785573E+001, 7.0287503E+001, 2.1015987E+002, 2.2064997E+002, 1.0194013E+002, 3.2525357E+002
 2.0000702E+001, 1.8025046E-002,-8.1387488E-003, 2.6163795E-002,-1.8369189E-006, 1.9400745E-002, 1.9400745E-002, 1.6835337E-005, 2.4278262E+002, 2.5280698E+002, 2.4278262E+002, 2.5280698E+002, 4.1333927E+002, 5.2920173E+002, 1.0193128E+002, 1.1428526E+001,-2.1796322E-001, 1.1210563E+001, 7.0062849E+001, 2.0732259E+002, 2.4278262E+002, 1.0029219E+002, 1.0692946E+001,-2.2314938E-001, 1.0469797E+001, 6.9087319E+001, 2.0728288E+002, 2.6646454E+002, 1.0253271E+002, 1.2238179E+001,-2.0051578E-001, 1.2037663E+001, 7.0983835E+001, 2.0737650E+002, 2.5970964E+002, 9.8564776E+001, 1.0507629E+001,-2.3856172E-001, 1.0269067E+001, 6.8437430E+001, 2.0723693E+002, 2.4763002E+002, 1.0238279E+002, 1.1993968E+001,-1.7448847E-001, 1.1819480E+001, 7.0945194E+001, 2.0737812E+002, 2.5064710E+002, 1.0193128E+002, 1.0207687E+002, 1.1571959E+001,-2.2827753E-001, 1.1343682E+001, 7.0960339E+001, 2.1087069E+002, 2.5280698E+002, 1.0260774E+002, 1.2278485E+001,-2.3759210E-001, 1.2040893E+001, 7.1692551E+001, 2.1090255E+002, 2.6102875E+002, 1.0165663E+002, 1.0972502E+001,-2.0676003E-001, 1.0765742E+001, 7.0129395E+001, 2.1083918E+002, 2.5319606E+002, 1.0028020E+002, 1.0611311E+001,-2.3335532E-001, 1.0377955E+001, 6.9322887E+001, 2.1078592E+002, 3.0030983E+002, 1.0256094E+002, 1.2167559E+001,-2.0814324E-001, 1.1959416E+001, 7.1798038E+001, 2.1092523E+002, 2.3435415E+002, 1.0207687E+002, 3.2526364E+002
 2.0502048E+001, 1.8954868E-002,-7.6091258E-003, 2.6563994E-002,-1.8409630E-006, 1.9123928E-002, 1.9123928E-002, 1.7541528E-005, 2.6680341E+002, 2.7276184E+002, 2.6680341E+002, 2.7276184E+002, 3.7583247E+002, 5.3187232E+002, 1.0199031E+002, 1.1397030E+001,-1.8345495E-001, 1.1213575E+001, 7.1547822E+001, 2.0803626E+002, 2.6680341E+002, 1.0133844E+002, 1.0636141E+001,-2.1598247E-001, 1.0420158E+001, 7.0563853E+001, 2.0799705E+002, 2.8990251E+002, 1.0248076E+002, 1.2043124E+001,-2.5028088E-001, 1.1792843E+001, 7.2448454E+001, 2.0808791E+002, 2.2601142E+002, 9.9794032E+001, 1.0433050E+001,-2.6917568E-001, 1.0163874E+001, 6.9907439E+001, 2.0795258E+002, 2.8026215E+002, 1.0246628E+002, 1.1977286E+001,-1.4674773E-001, 1.1830538E+001, 7.2409074E+001, 2.0808946E+002, 2.3002709E+002, 1.0199031E+002, 1.0219957E+002, 1.1669909E+001,-2.1880300E-001, 1.1451106E+001, 7.2418506E+001, 2.1153941E+002, 2.7276184E+002, 1.0264192E+002, 1.2201398E+001,-2.4800172E-001, 1.1953396E+001, 7.3126820E+001, 2.1156911E+002, 2.5729266E+002, 1.0173296E+002, 1.1019007E+001,-1.9833547E-001, 1.0820671E+001, 7.1598077E+001, 2.1150913E+002, 2.6059897E+002, 1.0130752E+002, 1.0637871E+001,-2.9194926E-001, 1.0345921E+001, 7.0789464E+001, 2.1145896E+002, 2.3087712E+002, 1.0270594E+002, 1.2263766E+001,-1.8749189E-001, 1.2076275E+001, 7.3227653E+001, 2.1159056E+002, 2.2021517E+002, 1.0219957E+002, 3.2518419E+002
 2.1001857E+001, 1.7194088E-002,-7.8698306E-003, 2.5063919E-002,-1.8649792E-006, 1.9600866E-002, 1.9600866E-002, 1.6341402E-005, 2.2407561E+002, 2.6855589E+002, 2.2407561E+002, 2.6855589E+002, 2.6518243E+002, 5.1495226E+002, 1.0202294E+002, 1.1379713E+001,-2.2141940E-001, 1.1158293E+001, 7.2962870E+001, 2.0865521E+002, 2.2407561E+002, 1.0144522E+002, 1.0632753E+001,-2.7325279E-001, 1.0359500E+001, 7.1985706E+001, 2.0861789E+002, 2.4626066E+002, 1.0259879E+002, 1.2111740E+001,-2.4234253E-001, 1.1869397E+001, 7.3836716E+001, 2.0870338E+002, 2.4780977E+002, 1.0093347E+002, 1.0388482E+001,-2.8921828E-001, 1.0099264E+001, 7.1325491E+001, 2.0857622E+002, 2.4857318E+002, 1.0254446E+002, 1.2004700E+001,-1.7467804E-001, 1.1830022E+001, 7.3797191E+001, 2.0870486E+002, 2.2710565E+002, 1.0202294E+002, 1.0233523E+002, 1.1816617E+001,-2.6346878E-001, 1.1553148E+001, 7.3802557E+001, 2.1211206E+002, 2.6855589E+002, 1.0285766E+002, 1.2443559E+001,-2.5578102E-001, 1.2187778E+001, 7.4484463E+001, 2.1213931E+002, 2.6720334E+002, 1.0183616E+002, 1.1159153E+001,-2.6035429E-001, 1.0898799E+001, 7.3000931E+001, 2.1208336E+002, 2.7628412E+002, 1.0160484E+002, 1.0905579E+001,-2.7692033E-001, 1.0628658E+001, 7.2201479E+001, 2.1203670E+002, 2.8391980E+002, 1.0283418E+002, 1.2377221E+001,-2.3702593E-001, 1.2140196E+001, 7.4580576E+001, 2.1215957E+002, 1.9778422E+002, 1.0233523E+002, 3.2520629E+002
 2.1502502E+001, 1.9276446E-002,-8.3191619E-003, 2.7595608E-002,-1.9910756E-006, 1.9175323E-002, 1.9175323E-002, 1.7573784E-005, 2.7643312E+002, 2.0974083E+002, 2.7643312E+002, 2.0974083E+002, 2.9877985E+002, 5.3628918E+002, 1.0202100E+002, 1.1240264E+001,-2.2443077E-001, 1.1015833E+001, 7.4306868E+001, 2.0918320E+002, 2.7643312E+002, 1.0147937E+002, 1.0575616E+001,-2.4705929E-001, 1.0328557E+001, 7.3348156E+001, 2.0914799E+002, 2.5872180E+002, 1.0259628E+002, 1.1912208E+001,-2.2263824E-001, 1.1689570E+001, 7.5150016E+001, 2.0922781E+002, 2.6144120E+002, 1.0127461E+002, 1.0304878E+001,-2.4263297E-001, 1.0062245E+001, 7.2692324E+001, 2.0910928E+002, 2.0171051E+002, 1.0252443E+002, 1.1823006E+001,-1.9635411E-001, 1.1626652E+001, 7.5110762E+001, 2.0922923E+002, 2.2969249E+002, 1.0202100E+002, 1.0227674E+002, 1.1516152E+001,-2.2453270E-001, 1.1291620E+001, 7.5113265E+001, 2.1259644E+002, 2.0974083E+002, 1.0284878E+002, 1.2220839E+001,-2.3485884E-001, 1.1985980E+001, 7.5767548E+001, 2.1262132E+002, 2.7977817E+002, 1.0180674E+002, 1.0931360E+001,-2.1003139E-001, 1.0721329E+001, 7.4335778E+001, 2.1256928E+002, 2.3674765E+002, 1.0149753E+002, 1.0540934E+001,-2.1089972E-001, 1.0330034E+001, 7.3554360E+001, 2.1252599E+002, 1.4518413E+002, 1.0279742E+002, 1.2096234E+001,-2.0138810E-001, 1.1894846E+001, 7.5858984E+001, 2.1264049E+002, 2.3052658E+002, 1.0227674E+002, 3.2515151E+002
 2.2000231E+001, 1.7645013E-002,-8.8297873E-003, 2.6474801E-002,-1.9109051E-006, 1.9323969E-002, 1.9323969E-002, 1.6991159E-005, 2.6780358E+002, 2.5638881E+002, 2.6780358E+002, 2.5638881E+002, 3.3453053E+002, 5.2142862E+002, 1.0212509E+002, 1.1272190E+001,-2.0632283E-001, 1.1065867E+001, 7.5579792E+001, 2.0962862E+002, 2.6780358E+002, 1.0154597E+002, 1.0567201E+001,-2.2286711E-001, 1.0344334E+001, 7.4647135E+001, 2.0959542E+002, 2.5357640E+002, 1.0268531E+002, 1.1928165E+001,-2.4277088E-001, 1.1685394E+001, 7.6390180E+001, 2.0966992E+002, 2.2787721E+002, 1.0131649E+002, 1.0317835E+001,-2.6087251E-001, 1.0056962E+001, 7.4003848E+001, 2.0955948E+002, 2.5773448E+002, 1.0263215E+002, 1.1843322E+001,-1.8842826E-001, 1.1654894E+001, 7.6351469E+001, 2.0967129E+002, 2.2138816E+002, 1.0212509E+002, 1.0243691E+002, 1.1651631E+001,-2.2392943E-001, 1.1427701E+001, 7.6351978E+001, 2.1300184E+002, 2.5638881E+002, 1.0299881E+002, 1.2323015E+001,-2.4477063E-001, 1.2078244E+001, 7.6978374E+001, 2.1302457E+002, 2.5901021E+002, 1.0194287E+002, 1.1032183E+001,-1.9273595E-001, 1.0839447E+001, 7.5601797E+001, 2.1297610E+002, 2.3712219E+002, 1.0159457E+002, 1.0684988E+001,-2.8172055E-001, 1.0403268E+001, 7.4844164E+001, 2.1293587E+002, 2.8192280E+002, 1.0296306E+002, 1.2209492E+001,-1.9388437E-001, 1.2015607E+001, 7.7065236E+001, 2.1304276E+002, 2.1400653E+002, 1.0243691E+002, 3.2509090E+002
 2.2501074E+001, 1.7454812E-002,-8.3056998E-003, 2.5760512E-002,-1.7784039E-006, 1.9332198E-002, 1.9332198E-002, 1.6580923E-005, 2.3684771E+002, 2.3715186E+002, 2.3684771E+002, 2.3715186E+002, 3.7259608E+002, 5.1934617E+002, 1.0224730E+002, 1.1354099E+001,-2.1163615E-001, 1.1142463E+001, 7.6786894E+001, 2.1000172E+002, 2.3684771E+002, 1.0162473E+002, 1.0613015E+001,-2.4147226E-001, 1.0371542E+001, 7.5885081E+001, 2.0997033E+002, 2.6708850E+002, 1.0284985E+002, 1.2071303E+001,-2.5820287E-001, 1.1813101E+001, 7.7563651E+001, 2.1004003E+002, 2.4518992E+002, 1.0135162E+002, 1.0295194E+001,-2.7270480E-001, 1.0022489E+001, 7.5259852E+001, 2.0993691E+002, 2.2839876E+002, 1.0282278E+002, 1.2042115E+001,-2.0804564E-001, 1.1834070E+001, 7.7525661E+001, 2.1004135E+002, 2.2996801E+002, 1.0224730E+002, 1.0246144E+002, 1.1537752E+001,-2.3418863E-001, 1.1303563E+001, 7.7524795E+001, 2.1333844E+002, 2.3715186E+002, 1.0305045E+002, 1.2213651E+001,-2.3035540E-001, 1.1983295E+001, 7.8123605E+001, 2.1335925E+002, 2.5144579E+002, 1.0197447E+002, 1.0965513E+001,-2.1370444E-001, 1.0751809E+001, 7.6803641E+001, 2.1331394E+002, 2.0650027E+002, 1.0159671E+002, 1.0546587E+001,-2.6400025E-001, 1.0282586E+001, 7.6073369E+001, 2.1327646E+002, 2.0269544E+002, 1.0304014E+002, 1.2173406E+001,-2.0745452E-001, 1.1965952E+001, 7.8206024E+001, 2.1337657E+002, 2.2294852E+002, 1.0246144E+002, 3.2504356E+002
 2.3001130E+001, 1.7846492E-002,-7.5405119E-003, 2.5387004E-002,-1.7872454E-006, 1.9523609E-002, 1.9523609E-002, 1.6158571E-005, 2.6291587E+002, 2.6942232E+002, 2.6291587E+002, 2.6942232E+002, 2.9376370E+002, 5.1995504E+002, 1.0240237E+002, 1.1474717E+001,-2.1762054E-001, 1.1257096E+001, 7.7933322E+001, 2.1031171E+002, 2.6291587E+002, 1.0172997E+002, 1.0673015E+001,-2.4395385E-001, 1.0429061E+001, 7.7065156E+001, 2.1028192E+002, 2.4842897E+002, 1.0303347E+002, 1.2191166E+001,-2.3183069E-001, 1.1959336E+001, 7.8676390E+001, 2.1034736E+002, 2.5886698E+002, 1.0147412E+002, 1.0415236E+001,-2.8260425E-001, 1.0132631E+001, 7.6461512E+001, 2.1025074E+002, 2.0941854E+002, 1.0295727E+002, 1.2085618E+001,-2.0053784E-001, 1.1885080E+001, 7.8639232E+001, 2.1034863E+002, 2.4302352E+002, 1.0240237E+002, 1.0257439E+002, 1.1532382E+001,-1.9854933E-001, 1.1333832E+001, 7.8637419E+001, 2.1361511E+002, 2.6942232E+002, 1.0315214E+002, 1.2211723E+001,-2.4197001E-001, 1.1969753E+001, 7.9209313E+001, 2.1363422E+002, 2.4158339E+002, 1.0205263E+002, 1.0949653E+001,-2.0872657E-001, 1.0740927E+001, 7.7946015E+001, 2.1359169E+002, 2.3550146E+002, 1.0168118E+002, 1.0534508E+001,-2.2853411E-001, 1.0305974E+001, 7.7245145E+001, 2.1355664E+002, 1.5605932E+002, 1.0317357E+002, 1.2178916E+001,-1.6573438E-001, 1.2013182E+001, 7.9287441E+001, 2.1365076E+002, 2.4821393E+002, 1.0257439E+002, 3.2506331E+002
 2.3500719E+001, 1.8387374E-002,-7.9501405E-003, 2.6337514E-002,-1.8612359E-006, 1.9286826E-002, 1.9286826E-002, 1.7659391E-005, 2.7919693E+002, 2.7052988E+002, 2.7919693E+002, 2.7052988E+002, 2.9910346E+002, 5.5175288E+002, 1.0248111E+002, 1.1442113E+001,-2.1650379E-001, 1.1225609E+001, 7.9017549E+001, 2.1056497E+002, 2.7919693E+002, 1.0178247E+002, 1.0614021E+001,-2.3424438E-001, 1.0379777E+001, 7.8184235E+001, 2.1053655E+002, 2.7183652E+002, 1.0322174E+002, 1.2342736E+001,-2.3565720E-001, 1.2107079E+001, 7.9727611E+001, 2.1059826E+002, 2.5748275E+002, 1.0159646E+002, 1.0490929E+001,-2.6357504E-001, 1.0227354E+001, 7.7604170E+001, 2.1050736E+002, 2.2619406E+002, 1.0302071E+002, 1.2001980E+001,-2.0113058E-001, 1.1800850E+001, 7.9691346E+001, 2.1059950E+002, 2.0982312E+002, 1.0248111E+002, 1.0280450E+002, 1.1784367E+001,-2.1250199E-001, 1.1571865E+001, 7.9688865E+001, 2.1383802E+002, 2.7052988E+002, 1.0344678E+002, 1.2557138E+001,-2.5041735E-001, 1.2306721E+001, 8.0234898E+001, 2.1385563E+002, 2.4793162E+002, 1.0218158E+002, 1.1084729E+001,-2.7088617E-001, 1.0813843E+001, 7.9027074E+001, 2.1381553E+002, 2.9107686E+002, 1.0188404E+002, 1.0788920E+001,-2.5268575E-001, 1.0536234E+001, 7.8356403E+001, 2.1378262E+002, 2.5360766E+002, 1.0337197E+002, 1.2358707E+001,-1.9268901E-001, 1.2166018E+001, 8.0308923E+001, 2.1387148E+002, 2.2297787E+002, 1.0280450E+002, 3.2507067E+002
 2.4002108E+001, 1.7440360E-002,-8.1396391E-003, 2.5579999E-002,-1.8943833E-006, 1.9293267E-002, 1.9293267E-002, 1.7724346E-005, 2.2461672E+002, 2.3561946E+002, 2.2461672E+002, 2.3561946E+002, 3.5726752E+002, 5.3557669E+002, 1.0248572E+002, 1.1258758E+001,-2.1734361E-001, 1.1041415E+001, 8.0045439E+001, 2.1076894E+002, 2.2461672E+002, 1.0181604E+002, 1.0496132E+001,-2.1206784E-001, 1.0284064E+001, 7.9247223E+001, 2.1074171E+002, 2.0662154E+002, 1.0318970E+002, 1.2022573E+001,-2.0965132E-001, 1.1812922E+001, 8.0723523E+001, 2.1080016E+002, 2.4770557E+002, 1.0158208E+002, 1.0294634E+001,-2.4483271E-001, 1.0049802E+001, 7.8691759E+001, 2.1071427E+002, 1.6616773E+002, 1.0306856E+002, 1.1870677E+001,-1.8984529E-001, 1.1680832E+001, 8.0688157E+001, 2.1080136E+002, 2.1306852E+002, 1.0248572E+002, 1.0276822E+002, 1.1518023E+001,-2.1670072E-001, 1.1301322E+001, 8.0685190E+001, 2.1401419E+002, 2.3561946E+002, 1.0338900E+002, 1.2219416E+001,-2.5389830E-001, 1.1965518E+001, 8.1206536E+001, 2.1403049E+002, 2.6163373E+002, 1.0218989E+002, 1.0880417E+001,-2.2602969E-001, 1.0654388E+001, 8.0052422E+001, 2.1399249E+002, 2.3661593E+002, 1.0182685E+002, 1.0522487E+001,-2.5758627E-001, 1.0264901E+001, 7.9412035E+001, 2.1396147E+002, 2.1595213E+002, 1.0337233E+002, 1.2154374E+001,-2.0720375E-001, 1.1947170E+001, 8.1276640E+001, 2.1404572E+002, 2.5904326E+002, 1.0276822E+002, 3.2504629E+002
 2.4501139E+001, 1.7382397E-002,-7.9790470E-003, 2.5361444E-002,-1.8156542E-006, 1.9491202E-002, 1.9491202E-002, 1.5761646E-005, 2.8211622E+002, 2.6386790E+002, 2.8211622E+002, 2.6386790E+002, 4.5360721E+002, 4.9094486E+002, 1.0257880E+002, 1.1247317E+001,-2.1949558E-001, 1.1027822E+001, 8.1018018E+001, 2.1092918E+002, 2.8211622E+002, 1.0193906E+002, 1.0537002E+001,-1.8549831E-001, 1.0351503E+001, 8.0254354E+001, 2.1090298E+002, 2.6944103E+002, 1.0320035E+002, 1.1880828E+001,-2.5337986E-001, 1.1627449E+001, 8.1665497E+001, 2.1095858E+002, 2.3963711E+002, 1.0162460E+002, 1.0226091E+001,-2.4039821E-001, 9.9856924E+000, 7.9723737E+001, 2.1087707E+002, 1.8284128E+002, 1.0319226E+002, 1.1889175E+001,-1.9418271E-001, 1.1694992E+001, 8.1630993E+001, 2.1095974E+002, 2.6077729E+002, 1.0257880E+002, 1.0321048E+002, 1.2124575E+001,-2.0646080E-001, 1.1918114E+001, 8.1627663E+001, 2.1414891E+002, 2.6386790E+002, 1.0376904E+002, 1.2654290E+001,-2.0694861E-001, 1.2447341E+001, 8.2125649E+001, 2.1416406E+002, 2.4440898E+002, 1.0254238E+002, 1.1335711E+001,-2.0727278E-001, 1.1128438E+001, 8.1022915E+001, 2.1412789E+002, 2.7234293E+002, 1.0215128E+002, 1.0956089E+001,-2.4576906E-001, 1.0710320E+001, 8.0412293E+001, 2.1409854E+002, 2.5166139E+002, 1.0384092E+002, 1.2762785E+001,-1.8094112E-001, 1.2581844E+001, 8.2192019E+001, 2.1417874E+002, 2.2523933E+002, 1.0321048E+002, 3.2499033E+002
 2.5000319E+001, 1.6744203E-002,-8.8572195E-003, 2.5601422E-002,-1.9863073E-006, 1.9432325E-002, 1.9432325E-002, 1.6146798E-005, 2.5433518E+002, 2.5719847E+002, 2.5433518E+002, 2.5719847E+002, 4.8124852E+002, 5.0208400E+002, 1.0282681E+002, 1.1550687E+001,-2.4916810E-001, 1.1301519E+001, 8.1936829E+001, 2.1105074E+002, 2.5433518E+002, 1.0211528E+002, 1.0714142E+001,-2.0263242E-001, 1.0511510E+001, 8.1206639E+001, 2.1102541E+002, 2.6030562E+002, 1.0348891E+002, 1.2221555E+001,-2.6022799E-001, 1.1961327E+001, 8.2555281E+001, 2.1107853E+002, 2.2659730E+002, 1.0182047E+002, 1.0456134E+001,-2.5963230E-001, 1.0196502E+001, 8.0700553E+001, 2.1100086E+002, 2.1147928E+002, 1.0349315E+002, 1.2269186E+001,-2.2389828E-001, 1.2045288E+001, 8.2521597E+001, 2.1107967E+002, 2.3375005E+002, 1.0282681E+002, 1.0318749E+002, 1.1856747E+001,-1.9633323E-001, 1.1660413E+001, 8.2518004E+001, 2.1424698E+002, 2.5719847E+002, 1.0372046E+002, 1.2355849E+001,-2.2073195E-001, 1.2135117E+001, 8.2994035E+001, 2.1426113E+002, 2.6126051E+002, 1.0256462E+002, 1.1194776E+001,-2.2070576E-001, 1.0974070E+001, 8.1939999E+001, 2.1422653E+002, 2.7705135E+002, 1.0219785E+002, 1.0859071E+001,-2.4716394E-001, 1.0611907E+001, 8.1358200E+001, 2.1419865E+002, 2.6854830E+002, 1.0383098E+002, 1.2514709E+001,-1.7795397E-001, 1.2336755E+001, 8.3056876E+001, 2.1427531E+002, 2.2240363E+002, 1.0318749E+002, 3.2495846E+002
 2.5502135E+001, 1.8838291E-002,-8.5846915E-003, 2.7422982E-002,-2.2462608E-006, 1.9405830E-002, 1.9405830E-002, 1.7117171E-005, 2.7060141E+002, 2.4901337E+002, 2.7060141E+002, 2.4901337E+002, 3.4166279E+002, 5.3259811E+002, 1.0286851E+002, 1.1386399E+001,-2.2990923E-001, 1.1156490E+001, 8.2809307E+001, 2.1113872E+002, 2.7060141E+002, 1.0216674E+002, 1.0640489E+001,-2.2294410E-001, 1.0417545E+001, 8.2111359E+001, 2.1111414E+002, 2.6521573E+002, 1.0355385E+002, 1.2112336E+001,-2.7909563E-001, 1.1833240E+001, 8.3400239E+001, 2.1116509E+002, 2.2960950E+002, 1.0189793E+002, 1.0421521E+001,-2.6059976E-001, 1.0160922E+001, 8.1629252E+001, 2.1109080E+002, 1.9673222E+002, 1.0348004E+002, 1.1989128E+001,-2.0931725E-001, 1.1779811E+001, 8.3367349E+001, 2.1116620E+002, 2.2550884E+002, 1.0286851E+002, 1.0326524E+002, 1.1775334E+001,-2.0766141E-001, 1.1567673E+001, 8.3363577E+001, 2.1431315E+002, 2.4901337E+002, 1.0385925E+002, 1.2375425E+001,-2.4154827E-001, 1.2133876E+001, 8.3818942E+001, 2.1432640E+002, 2.5792448E+002, 1.0265269E+002, 1.1126151E+001,-1.9772897E-001, 1.0928422E+001, 8.2811029E+001, 2.1429318E+002, 2.4492768E+002, 1.0227419E+002, 1.0822805E+001,-2.6158249E-001, 1.0561223E+001, 8.2257010E+001, 2.1426660E+002, 2.1387181E+002, 1.0385796E+002, 1.2316916E+001,-1.9005768E-001, 1.2126859E+001, 8.3878458E+001, 2.1434015E+002, 2.0544861E+002, 1.0326524E+002, 3.2501013E+002
 2.6002560E+001, 1.8407114E-002,-8.1401443E-003, 2.6547258E-002,-2.0448578E-006, 1.9402905E-002, 1.9402905E-002, 1.7032112E-005, 2.6331081E+002, 2.9278914E+002, 2.6331081E+002, 2.9278914E+002, 3.1136213E+002, 5.3620053E+002, 1.0295556E+002, 1.1318492E+001,-2.1008331E-001, 1.1108409E+001, 8.3636669E+001, 2.1119679E+002, 2.6331081E+002, 1.0221444E+002, 1.0527532E+001,-2.0782661E-001, 1.0319705E+001, 8.2969472E+001, 2.1117285E+002, 2.7390775E+002, 1.0375946E+002, 1.2190858E+001,-2.0921727E-001, 1.1981641E+001, 8.4201677E+001, 2.1122190E+002, 2.4969296E+002, 1.0193615E+002, 1.0349224E+001,-2.9120851E-001, 1.0058015E+001, 8.2510518E+001, 2.1115058E+002, 1.8560503E+002, 1.0358084E+002, 1.1911025E+001,-1.7803102E-001, 1.1732994E+001, 8.4169543E+001, 2.1122299E+002, 2.2938372E+002, 1.0295556E+002, 1.0347829E+002, 1.1954913E+001,-2.1087542E-001, 1.1744037E+001, 8.4165652E+001, 2.1435089E+002, 2.9278914E+002, 1.0417544E+002, 1.2752760E+001,-2.7044442E-001, 1.2482315E+001, 8.4601658E+001, 2.1436335E+002, 2.6215463E+002, 1.0275097E+002, 1.1131200E+001,-2.2074622E-001, 1.0910454E+001, 8.3637155E+001, 2.1433133E+002, 2.1705145E+002, 1.0241330E+002, 1.0885039E+001,-2.4998604E-001, 1.0635053E+001, 8.3109676E+001, 2.1430591E+002, 2.0982882E+002, 1.0410648E+002, 1.2556065E+001,-2.0860936E-001, 1.2347456E+001, 8.4658054E+001, 2.1437670E+002, 2.2269068E+002, 1.0347829E+002, 3.2499920E+002
 2.6501830E+001, 1.8059720E-002,-7.9035839E-003, 2.5963304E-002,-1.7830693E-006, 1.9341952E-002, 1.9341952E-002, 1.7325175E-005, 2.7151240E+002, 2.6301014E+002, 2.7151240E+002, 2.6301014E+002, 3.8155463E+002, 5.2424447E+002, 1.0294474E+002, 1.1115650E+001,-2.3707737E-001, 1.0878572E+001, 8.4418593E+001, 2.1122823E+002, 2.7151240E+002, 1.0222438E+002, 1.0393034E+001,-2.4034013E-001, 1.0152694E+001, 8.3780426E+001, 2.1120483E+002, 2.7397877E+002, 1.0371595E+002, 1.1916560E+001,-2.5079256E-001, 1.1665768E+001, 8.4959373E+001, 2.1125222E+002, 2.6745369E+002, 1.0193357E+002, 1.0177745E+001,-3.0075571E-001, 9.8769891E+000, 8.3343572E+001, 2.1118350E+002, 2.3430999E+002, 1.0358565E+002, 1.1710703E+001,-1.9635747E-001, 1.1514346E+001, 8.4927939E+001, 2.1125329E+002, 2.3790282E+002, 1.0294474E+002, 1.0348452E+002, 1.1752977E+001,-2.3258275E-001, 1.1520395E+001, 8.4923975E+001, 2.1436339E+002, 2.6301014E+002, 1.0412924E+002, 1.2388312E+001,-2.4751468E-001, 1.2140798E+001, 8.5341977E+001, 2.1437515E+002, 2.6106516E+002, 1.0280146E+002, 1.1013056E+001,-2.1723844E-001, 1.0795818E+001, 8.4418007E+001, 2.1434417E+002, 2.5110739E+002, 1.0242731E+002, 1.0739387E+001,-2.8375811E-001, 1.0455629E+001, 8.3915653E+001, 2.1431978E+002, 2.4700337E+002, 1.0413778E+002, 1.2373798E+001,-2.1778160E-001, 1.2156017E+001, 8.5395452E+001, 2.1438815E+002, 2.4219794E+002, 1.0348452E+002, 3.2484596E+002
 2.7001774E+001, 1.7883259E-002,-8.1844949E-003, 2.6067753E-002,-1.8630556E-006, 1.9388603E-002, 1.9388603E-002, 1.7012785E-005, 2.6298701E+002, 2.6938478E+002, 2.6298701E+002, 2.6938478E+002, 3.6310965E+002, 5.2642556E+002, 1.0309776E+002, 1.1191884E+001,-2.4489381E-001, 1.0946990E+001, 8.5159398E+001, 2.1123624E+002, 2.6298701E+002, 1.0234205E+002, 1.0427007E+001,-2.4718514E-001, 1.0179822E+001, 8.4548558E+001, 2.1121330E+002, 2.8041383E+002, 1.0388131E+002, 1.1996006E+001,-2.6386937E-001, 1.1732136E+001, 8.5677572E+001, 2.1125924E+002, 2.5629505E+002, 1.0203206E+002, 1.0183762E+001,-3.0389867E-001, 9.8798630E+000, 8.4132713E+001, 2.1119282E+002, 2.6430685E+002, 1.0378619E+002, 1.1849330E+001,-1.9850452E-001, 1.1650825E+001, 8.5646769E+001, 2.1126028E+002, 2.2187707E+002, 1.0309776E+002, 1.0363110E+002, 1.1780733E+001,-2.2987971E-001, 1.1550853E+001, 8.5642791E+001, 2.1435364E+002, 2.6938478E+002, 1.0431986E+002, 1.2461632E+001,-2.2896983E-001, 1.2232662E+001, 8.6044065E+001, 2.1436479E+002, 2.4697240E+002, 1.0295950E+002, 1.1110707E+001,-2.3855392E-001, 1.0872153E+001, 8.5157878E+001, 2.1433471E+002, 2.7119470E+002, 1.0250503E+002, 1.0695335E+001,-2.9393949E-001, 1.0401395E+001, 8.4679264E+001, 2.1431123E+002, 2.1026474E+002, 1.0430293E+002, 1.2405818E+001,-2.0703583E-001, 1.2198782E+001, 8.6094793E+001, 2.1437745E+002, 2.1950401E+002, 1.0363110E+002, 3.2484970E+002
 2.7500548E+001, 1.7819034E-002,-8.6805266E-003, 2.6499560E-002,-1.9048923E-006, 1.9482539E-002, 1.9482539E-002, 1.6738470E-005, 2.4898178E+002, 2.2530265E+002, 2.4898178E+002, 2.2530265E+002, 3.1454789E+002, 5.2852945E+002, 1.0341038E+002, 1.1547925E+001,-2.4039495E-001, 1.1307530E+001, 8.5861555E+001, 2.1122353E+002, 2.4898178E+002, 1.0259170E+002, 1.0691197E+001,-2.4426843E-001, 1.0446928E+001, 8.5276331E+001, 2.1120098E+002, 2.9883094E+002, 1.0422195E+002, 1.2364389E+001,-2.4108906E-001, 1.2123300E+001, 8.6358701E+001, 2.1124563E+002, 2.5694964E+002, 1.0225970E+002, 1.0413428E+001,-2.9614008E-001, 1.0117288E+001, 8.4880366E+001, 2.1118125E+002, 3.1307263E+002, 1.0414506E+002, 1.2281397E+001,-2.0786735E-001, 1.2073529E+001, 8.6328459E+001, 2.1124666E+002, 2.2634734E+002, 1.0341038E+002, 1.0370062E+002, 1.1655951E+001,-2.0964003E-001, 1.1446311E+001, 8.6324525E+001, 2.1432420E+002, 2.2530265E+002, 1.0436893E+002, 1.2342335E+001,-2.6900583E-001, 1.2073329E+001, 8.6710300E+001, 2.1433481E+002, 2.5477974E+002, 1.0301497E+002, 1.1003718E+001,-2.4516556E-001, 1.0758553E+001, 8.5859224E+001, 2.1430552E+002, 2.3655972E+002, 1.0259399E+002, 1.0665241E+001,-3.0150992E-001, 1.0363731E+001, 8.5402958E+001, 2.1428286E+002, 2.4055766E+002, 1.0437685E+002, 1.2277206E+001,-1.9457290E-001, 1.2082633E+001, 8.6758446E+001, 2.1434718E+002, 2.0521377E+002, 1.0370062E+002, 3.2490944E+002
 2.8001857E+001, 1.9526276E-002,-8.5302594E-003, 2.8056536E-002,-1.9409810E-006, 1.9400288E-002, 1.9400288E-002, 1.6833459E-005, 2.1964473E+002, 2.4450162E+002, 2.1964473E+002, 2.4450162E+002, 4.7002184E+002, 5.2667049E+002, 1.0341398E+002, 1.1329369E+001,-2.5018038E-001, 1.1079189E+001, 8.6528694E+001, 2.1119235E+002, 2.1964473E+002, 1.0267003E+002, 1.0623544E+001,-2.3981569E-001, 1.0383729E+001, 8.5967441E+001, 2.1117013E+002, 2.8501363E+002, 1.0414098E+002, 1.1981999E+001,-2.6960632E-001, 1.1712392E+001, 8.7006300E+001, 2.1121366E+002, 2.5477913E+002, 1.0228002E+002, 1.0278212E+001,-3.2186645E-001, 9.9563453E+000, 8.5590248E+001, 2.1115108E+002, 2.9499332E+002, 1.0413681E+002, 1.2024719E+001,-2.2173888E-001, 1.1802980E+001, 8.6976555E+001, 2.1121467E+002, 2.3986906E+002, 1.0341398E+002, 1.0365432E+002, 1.1344900E+001,-2.2333044E-001, 1.1121570E+001, 8.6972685E+001, 2.1427721E+002, 2.4450162E+002, 1.0434538E+002, 1.2005501E+001,-2.3371477E-001, 1.1771786E+001, 8.7344109E+001, 2.1428732E+002, 2.5691989E+002, 1.0299832E+002, 1.0756606E+001,-2.4670793E-001, 1.0509898E+001, 8.6525637E+001, 2.1425873E+002, 2.4041381E+002, 1.0257397E+002, 1.0381647E+001,-2.5863388E-001, 1.0123013E+001, 8.6090381E+001, 2.1423681E+002, 1.8256775E+002, 1.0432232E+002, 1.1941739E+001,-2.1403861E-001, 1.1727700E+001, 8.7389822E+001, 2.1429943E+002, 2.3077137E+002, 1.0365432E+002, 3.2478439E+002
 2.8500394E+001, 1.7703861E-002,-8.2113787E-003, 2.5915240E-002,-1.8889124E-006, 1.9455328E-002, 1.9455328E-002, 1.6761200E-005, 2.5275548E+002, 2.6644993E+002, 2.5275548E+002, 2.6644993E+002, 4.5802343E+002, 5.2015740E+002, 1.0368421E+002, 1.1587838E+001,-2.4932549E-001, 1.1338512E+001, 8.7161831E+001, 2.1114484E+002, 2.5275548E+002, 1.0283752E+002, 1.0703200E+001,-2.2689348E-001, 1.0476307E+001, 8.6622900E+001, 2.1112289E+002, 2.6395090E+002, 1.0447321E+002, 1.2367986E+001,-3.0193676E-001, 1.2066049E+001, 8.7621350E+001, 2.1116543E+002, 2.4887096E+002, 1.0254930E+002, 1.0570939E+001,-3.1671295E-001, 1.0254226E+001, 8.6263344E+001, 2.1110445E+002, 2.7761164E+002, 1.0436130E+002, 1.2174637E+001,-2.2011424E-001, 1.1954523E+001, 8.7592047E+001, 2.1116642E+002, 2.5172468E+002, 1.0368421E+002, 1.0383120E+002, 1.1471265E+001,-2.6134034E-001, 1.1209925E+001, 8.7588203E+001, 2.1421471E+002, 2.6644993E+002, 1.0456288E+002, 1.2170521E+001,-2.5845379E-001, 1.1912067E+001, 8.7946393E+001, 2.1422438E+002, 2.5957687E+002, 1.0315479E+002, 1.0813590E+001,-2.3281826E-001, 1.0580772E+001, 8.7158075E+001, 2.1419638E+002, 2.4043401E+002, 1.0274748E+002, 1.0516511E+001,-2.7792248E-001, 1.0238588E+001, 8.6742491E+001, 2.1417513E+002, 2.5373104E+002, 1.0449891E+002, 1.2031639E+001,-2.3828442E-001, 1.1793355E+001, 8.7989817E+001, 2.1423624E+002, 2.1169491E+002, 1.0383120E+002, 3.2487666E+002
 2.9002787E+001, 1.8425581E-002,-7.9275185E-003, 2.6353099E-002,-1.9630749E-006, 1.9519654E-002, 1.9519654E-002, 1.6823209E-005, 2.5233059E+002, 2.3808377E+002, 2.5233059E+002, 2.3808377E+002, 2.4324892E+002, 5.3144935E+002, 1.0374907E+002, 1.1463560E+001,-2.3963847E-001, 1.1223922E+001, 8.7763890E+001, 2.1108268E+002, 2.5233059E+002, 1.0291584E+002, 1.0611685E+001,-2.0228107E-001, 1.0409404E+001, 8.7245719E+001, 2.1106098E+002, 2.5501780E+002, 1.0450442E+002, 1.2132961E+001,-2.6037114E-001, 1.1872589E+001, 8.8206674E+001, 2.1110263E+002, 2.4679699E+002, 1.0259351E+002, 1.0431025E+001,-3.0198050E-001, 1.0129045E+001, 8.6902709E+001, 2.1104308E+002, 2.2555041E+002, 1.0447335E+002, 1.2130672E+001,-2.1971422E-001, 1.1910958E+001, 8.8177769E+001, 2.1110361E+002, 2.3979829E+002, 1.0374907E+002, 1.0397517E+002, 1.1477883E+001,-2.3359446E-001, 1.1244288E+001, 8.8173864E+001, 2.1413829E+002, 2.3808377E+002, 1.0473701E+002, 1.2230392E+001,-2.4086319E-001, 1.1989529E+001, 8.8519870E+001, 2.1414757E+002, 2.6564227E+002, 1.0327778E+002, 1.0819836E+001,-2.2832549E-001, 1.0591510E+001, 8.7759412E+001, 2.1412010E+002, 2.5196386E+002, 1.0282399E+002, 1.0464429E+001,-2.9048508E-001, 1.0173944E+001, 8.7362236E+001, 2.1409944E+002, 2.4408705E+002, 1.0465776E+002, 1.2069743E+001,-2.2939158E-001, 1.1840352E+001, 8.8561129E+001, 2.1415920E+002, 2.3642314E+002, 1.0397517E+002, 3.2482303E+002
 2.9500815E+001, 1.7002174E-002,-8.1771505E-003, 2.5179324E-002,-1.9336127E-006, 1.9429523E-002, 1.9429523E-002, 1.6775043E-005, 2.2347244E+002, 2.8560010E+002, 2.2347244E+002, 2.8560010E+002, 3.5820539E+002, 5.0996200E+002, 1.0387587E+002, 1.1448176E+001,-2.3644701E-001, 1.1211729E+001, 8.8335838E+001, 2.1100764E+002, 2.2347244E+002, 1.0300895E+002, 1.0565781E+001,-2.0511885E-001, 1.0360662E+001, 8.7836891E+001, 2.1098613E+002, 2.4070514E+002, 1.0472985E+002, 1.2244146E+001,-2.2269660E-001, 1.2021450E+001, 8.8763191E+001, 2.1102701E+002, 2.6217874E+002, 1.0264837E+002, 1.0348533E+001,-3.2667907E-001, 1.0021854E+001, 8.7509355E+001, 2.1096873E+002, 1.9409886E+002, 1.0462798E+002, 1.2128503E+001,-2.0032738E-001, 1.1928175E+001, 8.8734645E+001, 2.1102797E+002, 2.1945927E+002, 1.0387587E+002, 1.0412482E+002, 1.1477236E+001,-2.0982228E-001, 1.1267413E+001, 8.8730563E+001, 2.1404966E+002, 2.8560010E+002, 1.0489759E+002, 1.2239973E+001,-2.3665290E-001, 1.2003320E+001, 8.9065399E+001, 2.1405858E+002, 2.2573059E+002, 1.0337575E+002, 1.0789525E+001,-2.4847701E-001, 1.0541048E+001, 8.8330579E+001, 2.1403157E+002, 2.6942937E+002, 1.0293363E+002, 1.0469079E+001,-3.1014047E-001, 1.0158938E+001, 8.7950571E+001, 2.1401145E+002, 2.2100240E+002, 1.0482334E+002, 1.2075719E+001,-2.0016530E-001, 1.1875554E+001, 8.9104604E+001, 2.1407001E+002, 2.3402334E+002, 1.0412482E+002, 3.2479754E+002
 3.0000011E+001, 1.7631716E-002,-8.1353753E-003, 2.5767091E-002,-1.8692592E-006, 1.9510316E-002, 1.9510316E-002, 1.7056814E-005, 2.5383959E+002, 2.3941406E+002, 2.5383959E+002, 2.3941406E+002, 4.2195974E+002, 5.3101036E+002, 1.0400569E+002, 1.1438542E+001,-2.3054718E-001, 1.1207995E+001, 8.8878096E+001, 2.1092140E+002, 2.5383959E+002, 1.0312640E+002, 1.0579567E+001,-2.2114603E-001, 1.0358421E+001, 8.8396858E+001, 2.1090005E+002, 2.8430220E+002, 1.0486965E+002, 1.2253705E+001,-2.3807520E-001, 1.2015630E+001, 8.9291285E+001, 2.1094024E+002, 2.4288145E+002, 1.0280744E+002, 1.0411900E+001,-3.0607352E-001, 1.0105827E+001, 8.8083726E+001, 2.1088309E+002, 2.0167402E+002, 1.0474417E+002, 1.2075067E+001,-1.9697373E-001, 1.1878094E+001, 8.9263065E+001, 2.1094119E+002, 2.3759325E+002, 1.0400569E+002, 1.0433845E+002, 1.1635062E+001,-2.1460082E-001, 1.1420461E+001, 8.9258680E+001, 2.1395046E+002, 2.3941406E+002, 1.0510346E+002, 1.2370041E+001,-2.4168755E-001, 1.2128353E+001, 8.9583340E+001, 2.1395907E+002, 2.5355920E+002, 1.0357196E+002, 1.0919328E+001,-2.3840242E-001, 1.0680926E+001, 8.8871982E+001, 2.1393246E+002, 2.3253661E+002, 1.0312931E+002, 1.0600435E+001,-2.9143175E-001, 1.0309003E+001, 8.8507918E+001, 2.1391283E+002, 2.2702097E+002, 1.0509139E+002, 1.2296181E+001,-1.8458176E-001, 1.2111599E+001, 8.9620591E+001, 2.1397031E+002, 2.1513132E+002, 1.0433845E+002, 3.2483754E+002
 3.0500688E+001, 1.8789405E-002,-7.9652500E-003, 2.6754655E-002,-1.7840644E-006, 1.9253058E-002, 1.9253058E-002, 1.7380520E-005, 2.4992121E+002, 2.6852512E+002, 2.4992121E+002, 2.6852512E+002, 3.0901745E+002, 5.2127707E+002, 1.0404631E+002, 1.1271927E+001,-2.3647512E-001, 1.1035452E+001, 8.9395623E+001, 2.1082473E+002, 2.4992121E+002, 1.0320189E+002, 1.0518308E+001,-2.4276156E-001, 1.0275547E+001, 8.8930754E+001, 2.1080352E+002, 2.8603639E+002, 1.0484207E+002, 1.1976247E+001,-2.8353587E-001, 1.1692711E+001, 8.9795772E+001, 2.1084310E+002, 2.5884774E+002, 1.0279860E+002, 1.0174789E+001,-3.0084518E-001, 9.8739434E+000, 8.8631090E+001, 2.1078697E+002, 2.2849384E+002, 1.0485370E+002, 1.2031305E+001,-2.1562449E-001, 1.1815680E+001, 8.9767842E+001, 2.1084404E+002, 2.4842406E+002, 1.0404631E+002, 1.0443158E+002, 1.1555642E+001,-2.2137420E-001, 1.1334268E+001, 8.9763025E+001, 2.1384135E+002, 2.6852512E+002, 1.0510417E+002, 1.2092380E+001,-2.4438718E-001, 1.1847993E+001, 9.0078384E+001, 2.1384967E+002, 2.5806670E+002, 1.0365685E+002, 1.0879024E+001,-2.7719928E-001, 1.0601825E+001, 8.9388567E+001, 2.1382341E+002, 2.5740864E+002, 1.0322618E+002, 1.0533910E+001,-2.6941607E-001, 1.0264494E+001, 8.9039377E+001, 2.1380423E+002, 2.4190702E+002, 1.0516733E+002, 1.2172466E+001,-1.9864384E-001, 1.1973822E+001, 9.0113771E+001, 2.1386074E+002, 2.2047329E+002, 1.0443158E+002, 3.2471888E+002
 3.1000796E+001, 1.7351341E-002,-8.7687479E-003, 2.6120089E-002,-2.0124990E-006, 1.9648072E-002, 1.9648072E-002, 1.6042513E-005, 2.3237964E+002, 2.6147762E+002, 2.3237964E+002, 2.6147762E+002, 2.6121981E+002, 5.1994498E+002, 1.0424592E+002, 1.1391926E+001,-2.3491499E-001, 1.1157011E+001, 8.9888990E+001, 2.1071892E+002, 2.3237964E+002, 1.0335571E+002, 1.0586001E+001,-2.5415797E-001, 1.0331843E+001, 8.9439187E+001, 2.1069781E+002, 2.5963483E+002, 1.0516703E+002, 1.2260147E+001,-2.2867644E-001, 1.2031471E+001, 9.0277185E+001, 2.1073685E+002, 2.4905213E+002, 1.0302166E+002, 1.0387731E+001,-3.1447621E-001, 1.0073255E+001, 8.9152074E+001, 2.1068162E+002, 2.5721579E+002, 1.0500885E+002, 1.2032823E+001,-2.0258851E-001, 1.1830235E+001, 9.0249513E+001, 2.1073778E+002, 2.2438490E+002, 1.0424592E+002, 1.0475147E+002, 1.1903384E+001,-2.2981061E-001, 1.1673573E+001, 9.0244154E+001, 2.1372357E+002, 2.6147762E+002, 1.0550796E+002, 1.2595564E+001,-2.5999486E-001, 1.2335569E+001, 9.0551050E+001, 2.1373163E+002, 2.3899895E+002, 1.0392900E+002, 1.1126235E+001,-2.5476899E-001, 1.0871466E+001, 8.9880916E+001, 2.1370568E+002, 2.5163716E+002, 1.0355019E+002, 1.0888474E+001,-2.4858158E-001, 1.0639893E+001, 8.9545559E+001, 2.1368690E+002, 1.8334041E+002, 1.0550417E+002, 1.2527788E+001,-2.0275753E-001, 1.2325030E+001, 9.0584671E+001, 2.1374254E+002, 2.1817218E+002, 1.0475147E+002, 3.2477861E+002
 3.1502333E+001, 1.8349444E-002,-8.0050550E-003, 2.6354499E-002,-2.1488226E-006, 1.9409457E-002, 1.9409457E-002, 1.7203114E-005, 2.6945667E+002, 3.0153665E+002, 2.6945667E+002, 3.0153665E+002, 3.0008261E+002, 5.2084643E+002, 1.0427823E+002, 1.1190367E+001,-2.2465446E-001, 1.0965713E+001, 9.0359600E+001, 2.1060495E+002, 2.6945667E+002, 1.0335775E+002, 1.0352361E+001,-2.4351733E-001, 1.0108843E+001, 8.9923627E+001, 2.1058392E+002, 2.6840072E+002, 1.0521062E+002, 1.2054107E+001,-2.2614955E-001, 1.1827957E+001, 9.0736874E+001, 2.1062249E+002, 2.5772262E+002, 1.0302280E+002, 1.0149360E+001,-2.9562549E-001, 9.8537349E+000, 8.9648189E+001, 2.1056807E+002, 2.2085268E+002, 1.0506219E+002, 1.1863710E+001,-1.9938744E-001, 1.1664323E+001, 9.0709426E+001, 2.1062340E+002, 2.3888623E+002, 1.0427823E+002, 1.0479752E+002, 1.1722391E+001,-2.4181764E-001, 1.1480573E+001, 9.0703442E+001, 2.1359808E+002, 3.0153665E+002, 1.0563658E+002, 1.2512675E+001,-2.4359450E-001, 1.2269081E+001, 9.1002656E+001, 2.1360591E+002, 2.6458393E+002, 1.0401478E+002, 1.0983920E+001,-2.0666695E-001, 1.0777253E+001, 9.0350450E+001, 2.1358022E+002, 2.6809656E+002, 1.0362544E+002, 1.0778021E+001,-2.4738061E-001, 1.0530640E+001, 9.0027953E+001, 2.1356181E+002, 2.0204632E+002, 1.0553313E+002, 1.2292777E+001,-2.0538654E-001, 1.2087390E+001, 9.1034613E+001, 2.1361667E+002, 2.1393984E+002, 1.0479752E+002, 3.2475316E+002
 3.2001745E+001, 1.8645504E-002,-7.8798476E-003, 2.6525352E-002,-1.8182363E-006, 1.9357851E-002, 1.9357851E-002, 1.7022125E-005, 2.6887490E+002, 3.1326342E+002, 2.6887490E+002, 3.1326342E+002, 3.0778623E+002, 5.2108993E+002, 1.0449992E+002, 1.1351723E+001,-2.3594467E-001, 1.1115778E+001, 9.0808197E+001, 2.1048391E+002, 2.6887490E+002, 1.0353116E+002, 1.0467177E+001,-2.6802890E-001, 1.0199148E+001, 9.0384869E+001, 2.1046295E+002, 2.5927699E+002, 1.0540236E+002, 1.2177004E+001,-2.7605837E-001, 1.1900946E+001, 9.1175549E+001, 2.1050110E+002, 2.4277786E+002, 1.0322383E+002, 1.0313175E+001,-3.0895379E-001, 1.0004221E+001, 9.0120268E+001, 2.1044741E+002, 2.7691598E+002, 1.0527969E+002, 1.1976348E+001,-1.9488290E-001, 1.1781465E+001, 9.1148277E+001, 2.1050200E+002, 2.3865975E+002, 1.0449992E+002, 1.0496609E+002, 1.1739288E+001,-2.1320730E-001, 1.1526080E+001, 9.1141627E+001, 2.1346595E+002, 3.1326342E+002, 1.0580941E+002, 1.2520197E+001,-2.2183601E-001, 1.2298361E+001, 9.1433915E+001, 2.1347357E+002, 2.5011400E+002, 1.0411862E+002, 1.0936961E+001,-2.1341728E-001, 1.0723544E+001, 9.0797948E+001, 2.1344811E+002, 2.5463390E+002, 1.0370014E+002, 1.0698717E+001,-2.6560423E-001, 1.0433113E+001, 9.0487389E+001, 2.1343003E+002, 2.3337792E+002, 1.0571926E+002, 1.2329797E+001,-1.8601327E-001, 1.2143784E+001, 9.1464292E+001, 2.1348419E+002, 2.3412581E+002, 1.0496609E+002, 3.2473033E+002
 3.2500611E+001, 1.7092917E-002,-8.3338714E-003, 2.5426788E-002,-1.8072456E-006, 1.9371243E-002, 1.9371243E-002, 1.7186104E-005, 2.4057697E+002, 2.7793805E+002, 2.4057697E+002, 2.7793805E+002, 3.6626009E+002, 5.2691261E+002, 1.0454739E+002, 1.1200871E+001,-2.4038000E-001, 1.0960491E+001, 9.1235274E+001, 2.1035691E+002, 2.4057697E+002, 1.0363164E+002, 1.0376049E+001,-2.1535360E-001, 1.0160695E+001, 9.0823444E+001, 2.1033599E+002, 2.7423321E+002, 1.0549225E+002, 1.2074228E+001,-2.6906043E-001, 1.1805168E+001, 9.1593667E+001, 2.1037377E+002, 2.4679888E+002, 1.0329520E+002, 1.0181692E+001,-2.6453668E-001, 9.9171553E+000, 9.0568878E+001, 2.1032073E+002, 2.2498157E+002, 1.0534778E+002, 1.1860620E+001,-2.1015121E-001, 1.1650469E+001, 9.1566517E+001, 2.1037466E+002, 2.3475693E+002, 1.0454739E+002, 1.0499754E+002, 1.1559728E+001,-2.3710625E-001, 1.1322621E+001, 9.1559181E+001, 2.1332826E+002, 2.7793805E+002, 1.0584486E+002, 1.2374738E+001,-2.8641601E-001, 1.2088322E+001, 9.1844356E+001, 2.1333569E+002, 2.5650753E+002, 1.0417754E+002, 1.0852124E+001,-2.6021491E-001, 1.0591909E+001, 9.1223918E+001, 2.1331042E+002, 2.3631330E+002, 1.0375576E+002, 1.0567683E+001,-2.6656508E-001, 1.0301118E+001, 9.0924410E+001, 2.1329265E+002, 2.1222358E+002, 1.0578364E+002, 1.2195671E+001,-2.0671372E-001, 1.1988958E+001, 9.1873107E+001, 2.1334618E+002, 1.9853815E+002, 1.0499754E+002, 3.2478863E+002
 3.3001899E+001, 1.8430382E-002,-7.9574194E-003, 2.6387801E-002,-1.8534696E-006, 1.9327757E-002, 1.9327757E-002, 1.6971824E-005, 2.9247085E+002, 2.6402042E+002, 2.9247085E+002, 2.6402042E+002, 2.4359513E+002, 5.1018921E+002, 1.0478454E+002, 1.1343097E+001,-2.0336288E-001, 1.1139734E+001, 9.1644071E+001, 2.1022409E+002, 2.9247085E+002, 1.0379706E+002, 1.0455749E+001,-2.2348658E-001, 1.0232262E+001, 9.1242709E+001, 2.1020320E+002, 2.7650296E+002, 1.0571425E+002, 1.2166986E+001,-2.3197191E-001, 1.1935015E+001, 9.1992768E+001, 2.1024065E+002, 2.6874589E+002, 1.0345275E+002, 1.0262196E+001,-2.7850040E-001, 9.9836956E+000, 9.0997473E+001, 2.1018819E+002, 2.2752172E+002, 1.0558517E+002, 1.1999298E+001,-1.9219845E-001, 1.1807100E+001, 9.1966436E+001, 2.1024153E+002, 2.3116651E+002, 1.0478454E+002, 1.0517202E+002, 1.1631152E+001,-2.5191606E-001, 1.1379236E+001, 9.1959191E+001, 2.1318508E+002, 2.6402042E+002, 1.0605987E+002, 1.2466356E+001,-2.6744432E-001, 1.2198911E+001, 9.2230073E+001, 2.1319234E+002, 2.7118499E+002, 1.0435965E+002, 1.0927427E+001,-2.4537227E-001, 1.0682055E+001, 9.1631595E+001, 2.1316724E+002, 2.5843323E+002, 1.0388693E+002, 1.0577446E+001,-2.6818107E-001, 1.0309265E+001, 9.1342357E+001, 2.1314975E+002, 2.1092313E+002, 1.0594913E+002, 1.2241346E+001,-2.3221683E-001, 1.2009129E+001, 9.2257054E+001, 2.1320271E+002, 2.2029567E+002, 1.0517202E+002, 3.2476869E+002
 3.3500941E+001, 1.8129271E-002,-8.0363536E-003, 2.6165625E-002,-1.8473809E-006, 1.9311386E-002, 1.9311386E-002, 1.7622813E-005, 2.3176119E+002, 2.3955166E+002, 2.3176119E+002, 2.3955166E+002, 4.4206518E+002, 5.3916054E+002, 1.0496733E+002, 1.1437206E+001,-2.2428151E-001, 1.1212925E+001, 9.2035011E+001, 2.1008633E+002, 2.3176119E+002, 1.0393215E+002, 1.0465165E+001,-2.2196206E-001, 1.0243203E+001, 9.1643140E+001, 2.1006546E+002, 2.4816867E+002, 1.0593452E+002, 1.2319832E+001,-2.6506816E-001, 1.2054764E+001, 9.2366090E+001, 2.1010262E+002, 2.5930959E+002, 1.0363587E+002, 1.0372503E+001,-2.8323674E-001, 1.0089266E+001, 9.1406558E+001, 2.1005068E+002, 1.8596960E+002, 1.0578047E+002, 1.2096218E+001,-2.0522432E-001, 1.1890993E+001, 9.2341709E+001, 2.1010349E+002, 2.1930266E+002, 1.0496733E+002, 1.0526404E+002, 1.1518540E+001,-2.3922956E-001, 1.1279311E+001, 9.2338160E+001, 2.1303729E+002, 2.3955166E+002, 1.0611786E+002, 1.2294834E+001,-2.7475949E-001, 1.2020074E+001, 9.2589043E+001, 2.1304439E+002, 2.5470716E+002, 1.0445678E+002, 1.0844911E+001,-2.3522980E-001, 1.0609681E+001, 9.2021413E+001, 2.1301943E+002, 2.5559466E+002, 1.0394733E+002, 1.0472258E+001,-2.9343493E-001, 1.0178823E+001, 9.1741687E+001, 2.1300219E+002, 2.5349024E+002, 1.0605827E+002, 1.2166062E+001,-2.3370669E-001, 1.1932355E+001, 9.2614386E+001, 2.1305465E+002, 2.1971264E+002, 1.0526404E+002, 3.2476788E+002
 3.4001068E+001, 1.7919923E-002,-8.0761768E-003, 2.5996100E-002,-1.8191907E-006, 1.9495014E-002, 1.9495014E-002, 1.6630479E-005, 2.6739003E+002, 2.5843637E+002, 2.6739003E+002, 2.5843637E+002, 2.4098490E+002, 5.1631122E+002, 1.0505370E+002, 1.1381401E+001,-2.6701829E-001, 1.1114382E+001, 9.2405773E+001, 2.0994440E+002, 2.6739003E+002, 1.0406995E+002, 1.0506725E+001,-2.4286280E-001, 1.0263862E+001, 9.2025386E+001, 2.0992353E+002, 2.6078903E+002, 1.0596246E+002, 1.2151598E+001,-3.1060368E-001, 1.1840995E+001, 9.2713063E+001, 2.0996044E+002, 2.4666636E+002, 1.0372884E+002, 1.0298333E+001,-2.6746624E-001, 1.0030866E+001, 9.1796815E+001, 2.0990897E+002, 2.0867759E+002, 1.0587850E+002, 1.2060567E+001,-2.5887918E-001, 1.1801688E+001, 9.2690486E+001, 2.0996130E+002, 2.2108437E+002, 1.0505370E+002, 1.0547971E+002, 1.1658543E+001,-2.3373735E-001, 1.1424806E+001, 9.2690921E+001, 2.1288563E+002, 2.5843637E+002, 1.0630633E+002, 1.2356672E+001,-2.5134483E-001, 1.2105327E+001, 9.2922946E+001, 2.1289259E+002, 2.5121293E+002, 1.0460340E+002, 1.0920314E+001,-2.8244244E-001, 1.0637872E+001, 9.2393359E+001, 2.1286775E+002, 2.5779406E+002, 1.0412872E+002, 1.0611870E+001,-3.2717734E-001, 1.0284693E+001, 9.2123019E+001, 2.1285075E+002, 3.0317211E+002, 1.0627993E+002, 1.2302392E+001,-2.2364492E-001, 1.2078747E+001, 9.2946782E+001, 2.1290275E+002, 2.3519043E+002, 1.0547971E+002, 3.2472520E+002
 3.4500576E+001, 1.8648991E-002,-8.2504752E-003, 2.6899466E-002,-1.8744760E-006, 1.9384083E-002, 1.9384083E-002, 1.7505246E-005, 2.3375578E+002, 2.7710136E+002, 2.3375578E+002, 2.7710136E+002, 4.1574874E+002, 5.5522339E+002, 1.0513475E+002, 1.1251855E+001,-2.4788752E-001, 1.1003968E+001, 9.2751804E+001, 2.0979861E+002, 2.3375578E+002, 1.0411884E+002, 1.0360509E+001,-2.4971200E-001, 1.0110797E+001, 9.2391171E+001, 2.0977774E+002, 2.4285631E+002, 1.0616118E+002, 1.2207292E+001,-2.7751019E-001, 1.1929781E+001, 9.3036382E+001, 2.0981443E+002, 2.4642445E+002, 1.0377932E+002, 1.0225146E+001,-3.3671866E-001, 9.8884273E+000, 9.2170041E+001, 2.0976338E+002, 2.1674395E+002, 1.0594476E+002, 1.1899613E+001,-2.4550804E-001, 1.1654105E+001, 9.3015452E+001, 2.0981528E+002, 2.4176859E+002, 1.0513475E+002, 1.0565348E+002, 1.1712432E+001,-2.3769399E-001, 1.1474738E+001, 9.3019594E+001, 2.1273039E+002, 2.7710136E+002, 1.0654085E+002, 1.2507168E+001,-2.5176550E-001, 1.2255402E+001, 9.3234354E+001, 2.1273722E+002, 2.5227820E+002, 1.0478683E+002, 1.0981546E+001,-2.5879793E-001, 1.0722748E+001, 9.2743150E+001, 2.1271248E+002, 2.8021607E+002, 1.0433437E+002, 1.0706755E+001,-2.9090871E-001, 1.0415846E+001, 9.2487873E+001, 2.1269570E+002, 2.5867472E+002, 1.0645007E+002, 1.2327183E+001,-2.1532777E-001, 1.2111855E+001, 9.3256799E+001, 2.1274728E+002, 2.2652752E+002, 1.0565348E+002, 3.2480815E+002
 3.5002357E+001, 1.9225172E-002,-8.0545230E-003, 2.7279695E-002,-1.9491908E-006, 1.9387158E-002, 1.9387158E-002, 1.6863924E-005, 2.3106589E+002, 2.2681125E+002, 2.3106589E+002, 2.2681125E+002, 3.2642957E+002, 5.1106470E+002, 1.0520943E+002, 1.1128235E+001,-2.4393963E-001, 1.0884295E+001, 9.3074523E+001, 2.0964925E+002, 2.3106589E+002, 1.0417236E+002, 1.0229977E+001,-2.5737159E-001, 9.9726054E+000, 9.2739103E+001, 2.0962836E+002, 2.5350049E+002, 1.0621320E+002, 1.2012997E+001,-2.5971447E-001, 1.1753283E+001, 9.3338280E+001, 2.0966486E+002, 2.4224826E+002, 1.0385655E+002, 1.0116843E+001,-3.1753469E-001, 9.7993084E+000, 9.2527670E+001, 2.0961419E+002, 1.8981688E+002, 1.0601460E+002, 1.1727858E+001,-2.1545177E-001, 1.1512406E+001, 9.3318855E+001, 2.0966571E+002, 2.3124620E+002, 1.0520943E+002, 1.0578827E+002, 1.1687326E+001,-2.1814760E-001, 1.1469178E+001, 9.3326451E+001, 2.1257183E+002, 2.2681125E+002, 1.0665081E+002, 1.2464969E+001,-2.7646840E-001, 1.2188501E+001, 9.3525396E+001, 2.1257853E+002, 2.2228440E+002, 1.0487509E+002, 1.0885526E+001,-2.4340826E-001, 1.0642117E+001, 9.3069417E+001, 2.1255387E+002, 2.2604084E+002, 1.0435212E+002, 1.0535270E+001,-3.2444006E-001, 1.0210830E+001, 9.2833021E+001, 2.1253730E+002, 2.6366105E+002, 1.0663553E+002, 1.2390849E+001,-2.0292158E-001, 1.2187927E+001, 9.3546556E+001, 2.1258851E+002, 2.1671547E+002, 1.0578827E+002, 3.2470889E+002
 3.5502071E+001, 1.6648036E-002,-8.3897279E-003, 2.5037764E-002,-1.7414648E-006, 1.9249616E-002, 1.9249616E-002, 1.6933866E-005, 2.0914800E+002, 2.2995865E+002, 2.0914800E+002, 2.2995865E+002, 3.5059006E+002, 5.2523229E+002, 1.0526900E+002, 1.0987914E+001,-2.3488059E-001, 1.0753034E+001, 9.3375362E+001, 2.0949696E+002, 2.0914800E+002, 1.0426306E+002, 1.0171519E+001,-2.5980907E-001, 9.9117097E+000, 9.3063855E+001, 2.0947605E+002, 2.3175075E+002, 1.0634538E+002, 1.1958826E+001,-2.1970965E-001, 1.1739116E+001, 9.3620066E+001, 2.0951238E+002, 2.4611888E+002, 1.0392348E+002, 9.9842246E+000,-2.8982826E-001, 9.6943963E+000, 9.2867399E+001, 2.0946204E+002, 1.9630929E+002, 1.0612146E+002, 1.1665231E+001,-2.0502407E-001, 1.1460207E+001, 9.3602013E+001, 2.0951322E+002, 2.2345787E+002, 1.0526900E+002, 1.0621607E+002, 1.2264208E+001,-2.7174153E-001, 1.1992467E+001, 9.3612825E+001, 2.1241057E+002, 2.2995865E+002, 1.0709622E+002, 1.2995501E+001,-2.6341811E-001, 1.2732083E+001, 9.3797313E+001, 2.1241717E+002, 2.3293752E+002, 1.0521386E+002, 1.1316590E+001,-2.9745269E-001, 1.1019137E+001, 9.3373558E+001, 2.1239257E+002, 2.3793946E+002, 1.0482323E+002, 1.1157827E+001,-3.1950641E-001, 1.0838321E+001, 9.3154701E+001, 2.1237618E+002, 2.8619847E+002, 1.0706353E+002, 1.2913757E+001,-2.1607114E-001, 1.2697686E+001, 9.3817287E+001, 2.1242705E+002, 1.9530201E+002, 1.0621607E+002, 3.2472633E+002
 3.6000428E+001, 1.7211848E-002,-8.2881535E-003, 2.5500002E-002,-2.0298512E-006, 1.9410622E-002, 1.9410622E-002, 1.6566354E-005, 2.5350267E+002, 2.2867288E+002, 2.5350267E+002, 2.2867288E+002, 3.8502735E+002, 5.0879941E+002, 1.0553901E+002, 1.1236050E+001,-2.2792375E-001, 1.1008127E+001, 9.3655082E+001, 2.0934269E+002, 2.5350267E+002, 1.0446464E+002, 1.0324554E+001,-2.6797365E-001, 1.0056580E+001, 9.3365388E+001, 2.0932175E+002, 2.8566410E+002, 1.0656323E+002, 1.2145142E+001,-2.6602313E-001, 1.1879119E+001, 9.3882426E+001, 2.0935793E+002, 2.3789619E+002, 1.0415748E+002, 1.0182280E+001,-2.7925201E-001, 9.9030283E+000, 9.3183414E+001, 2.0930789E+002, 1.8900467E+002, 1.0638873E+002, 1.1901806E+001,-2.0282037E-001, 1.1698986E+001, 9.3865615E+001, 2.0935876E+002, 2.5674401E+002, 1.0553901E+002, 1.0614760E+002, 1.1823491E+001,-2.3311892E-001, 1.1590372E+001, 9.3879416E+001, 2.1224758E+002, 2.2867288E+002, 1.0699047E+002, 1.2505221E+001,-2.5741650E-001, 1.2247805E+001, 9.4050745E+001, 2.1225408E+002, 2.3477300E+002, 1.0522225E+002, 1.1021331E+001,-2.4091989E-001, 1.0780412E+001, 9.3656344E+001, 2.1222954E+002, 2.2298790E+002, 1.0480056E+002, 1.0797199E+001,-2.5583479E-001, 1.0541364E+001, 9.3453510E+001, 2.1221332E+002, 1.4676691E+002, 1.0694638E+002, 1.2412604E+001,-2.1550304E-001, 1.2197101E+001, 9.4069628E+001, 2.1226389E+002, 2.1289954E+002, 1.0614760E+002, 3.2474554E+002
 3.6502044E+001, 1.6841946E-002,-8.7585013E-003, 2.5600447E-002,-2.0029322E-006, 1.9292402E-002, 1.9292402E-002, 1.6962464E-005, 2.7032135E+002, 2.6987111E+002, 2.7032135E+002, 2.6987111E+002, 3.9196226E+002, 5.2123758E+002, 1.0571761E+002, 1.1340101E+001,-2.4979870E-001, 1.1090303E+001, 9.3916827E+001, 2.0918597E+002, 2.7032135E+002, 1.0467628E+002, 1.0450318E+001,-2.3307930E-001, 1.0217238E+001, 9.3647127E+001, 2.0916499E+002, 3.0345103E+002, 1.0674380E+002, 1.2225884E+001,-2.7720772E-001, 1.1948676E+001, 9.4128280E+001, 2.0920105E+002, 2.6105484E+002, 1.0430160E+002, 1.0213979E+001,-2.7484764E-001, 9.9391314E+000, 9.3478456E+001, 2.0915128E+002, 1.9765748E+002, 1.0660969E+002, 1.2058514E+001,-2.1503241E-001, 1.1843482E+001, 9.4112598E+001, 2.0920187E+002, 2.4126085E+002, 1.0571761E+002, 1.0638751E+002, 1.2027203E+001,-2.5310595E-001, 1.1774097E+001, 9.4129196E+001, 2.1208234E+002, 2.6987111E+002, 1.0725645E+002, 1.2716807E+001,-2.4769500E-001, 1.2469112E+001, 9.4288491E+001, 2.1208875E+002, 2.5150691E+002, 1.0543799E+002, 1.1147876E+001,-2.1329059E-001, 1.0934585E+001, 9.3920953E+001, 2.1206425E+002, 2.8532312E+002, 1.0503352E+002, 1.0992968E+001,-2.6361807E-001, 1.0729350E+001, 9.3732830E+001, 2.1204819E+002, 2.2461918E+002, 1.0720837E+002, 1.2635659E+001,-2.2683153E-001, 1.2408827E+001, 9.4306366E+001, 2.1209848E+002, 2.1945790E+002, 1.0638751E+002, 3.2468427E+002
 3.7000290E+001, 1.8518969E-002,-8.5498772E-003, 2.7068846E-002,-2.0211536E-006, 1.9251167E-002, 1.9251167E-002, 1.7083214E-005, 2.6306138E+002, 2.2061804E+002, 2.6306138E+002, 2.2061804E+002, 3.9023234E+002, 5.2267654E+002, 1.0575476E+002, 1.1158657E+001,-2.4141370E-001, 1.0917244E+001, 9.4161561E+001, 2.0902742E+002, 2.6306138E+002, 1.0477085E+002, 1.0397672E+001,-2.3499474E-001, 1.0162678E+001, 9.3910141E+001, 2.0900640E+002, 2.7719362E+002, 1.0665552E+002, 1.1820542E+001,-2.8886337E-001, 1.1531679E+001, 9.4358505E+001, 2.0904235E+002, 2.5129331E+002, 1.0434939E+002, 1.0109092E+001,-3.0817524E-001, 9.8009166E+000, 9.3753666E+001, 2.0899283E+002, 2.7173945E+002, 1.0665539E+002, 1.1897924E+001,-2.1981189E-001, 1.1678112E+001, 9.4343847E+001, 2.0904316E+002, 2.3030564E+002, 1.0575476E+002, 1.0632634E+002, 1.1632090E+001,-2.2230159E-001, 1.1409788E+001, 9.4363058E+001, 2.1191548E+002, 2.2061804E+002, 1.0714581E+002, 1.2258518E+001,-2.5237278E-001, 1.2006145E+001, 9.4511381E+001, 2.1192180E+002, 2.6120484E+002, 1.0546066E+002, 1.0948460E+001,-2.1213983E-001, 1.0736320E+001, 9.4168362E+001, 2.1189733E+002, 2.4289644E+002, 1.0491590E+002, 1.0531664E+001,-2.6106510E-001, 1.0270599E+001, 9.3993714E+001, 2.1188142E+002, 1.6838123E+002, 1.0724210E+002, 1.2419660E+001,-2.0523035E-001, 1.2214429E+001, 9.4528325E+001, 2.1193146E+002, 2.2453829E+002, 1.0632634E+002, 3.2462571E+002
 3.7502193E+001, 1.7777918E-002,-8.5220198E-003, 2.6299938E-002,-1.8300614E-006, 1.9769581E-002, 1.9769581E-002, 1.5721891E-005, 2.5741876E+002, 2.4276907E+002, 2.5741876E+002, 2.4276907E+002, 3.5155039E+002, 5.1466582E+002, 1.0593376E+002, 1.1243614E+001,-2.4708532E-001, 1.0996529E+001, 9.4390724E+001, 2.0886726E+002, 2.5741876E+002, 1.0488515E+002, 1.0402834E+001,-2.6440632E-001, 1.0138427E+001, 9.4156010E+001, 2.0884619E+002, 2.5231109E+002, 1.0697237E+002, 1.2104232E+001,-2.4789099E-001, 1.1856341E+001, 9.4574429E+001, 2.0888205E+002, 2.5933515E+002, 1.0453678E+002, 1.0211067E+001,-2.8987307E-001, 9.9211940E+000, 9.4010712E+001, 2.0883274E+002, 2.1624406E+002, 1.0679245E+002, 1.1885501E+001,-2.2323290E-001, 1.1662268E+001, 9.4560698E+001, 2.0888285E+002, 2.3463988E+002, 1.0593376E+002, 1.0651354E+002, 1.1755804E+001,-2.5950741E-001, 1.1496297E+001, 9.4582354E+001, 2.1174718E+002, 2.4276907E+002, 1.0738639E+002, 1.2491095E+001,-3.1402460E-001, 1.2177070E+001, 9.4720679E+001, 2.1175342E+002, 2.4755680E+002, 1.0560695E+002, 1.1040729E+001,-2.7927999E-001, 1.0761449E+001, 9.4400023E+001, 2.1172898E+002, 2.4683276E+002, 1.0506339E+002, 1.0662594E+001,-3.5006112E-001, 1.0312533E+001, 9.4237718E+001, 2.1171320E+002, 2.3582254E+002, 1.0737381E+002, 1.2401447E+001,-2.2440453E-001, 1.2177043E+001, 9.4736762E+001, 2.1176301E+002, 2.1830700E+002, 1.0651354E+002, 3.2464427E+002
 3.8001247E+001, 1.9250789E-002,-7.9068021E-003, 2.7157592E-002,-1.9034269E-006, 1.9315800E-002, 1.9315800E-002, 1.7645283E-005, 2.6629872E+002, 2.6106380E+002, 2.6629872E+002, 2.6106380E+002, 3.1489708E+002, 5.4288889E+002, 1.0608535E+002, 1.1280200E+001,-2.3707556E-001, 1.1043125E+001, 9.4605703E+001, 2.0870566E+002, 2.6629872E+002, 1.0501186E+002, 1.0385295E+001,-2.3434785E-001, 1.0150947E+001, 9.4386256E+001, 2.0868454E+002, 2.7713981E+002, 1.0713950E+002, 1.2155155E+001,-2.3748288E-001, 1.1917672E+001, 9.4777331E+001, 2.0872032E+002, 2.6002773E+002, 1.0468132E+002, 1.0228560E+001,-2.6144711E-001, 9.9671132E+000, 9.4251205E+001, 2.0867121E+002, 2.0757047E+002, 1.0698529E+002, 1.1986910E+001,-2.1024260E-001, 1.1776667E+001, 9.4764440E+001, 2.0872111E+002, 2.4703670E+002, 1.0608535E+002, 1.0656471E+002, 1.1618768E+001,-2.7053354E-001, 1.1348234E+001, 9.4788387E+001, 2.1157761E+002, 2.6106380E+002, 1.0746842E+002, 1.2370366E+001,-2.9087835E-001, 1.2079488E+001, 9.4917605E+001, 2.1158378E+002, 2.5302014E+002, 1.0566457E+002, 1.0933748E+001,-2.9899004E-001, 1.0634758E+001, 9.4617341E+001, 2.1155935E+002, 2.7300337E+002, 1.0517795E+002, 1.0568335E+001,-2.7382506E-001, 1.0294510E+001, 9.4466342E+001, 2.1154370E+002, 2.5402807E+002, 1.0743023E+002, 1.2287405E+001,-2.5542748E-001, 1.2031978E+001, 9.4932892E+001, 2.1159331E+002, 2.3835158E+002, 1.0656471E+002, 3.2466495E+002
 3.8501979E+001, 1.8276014E-002,-8.4483774E-003, 2.6724391E-002,-1.9407413E-006, 1.9171671E-002, 1.9171671E-002, 1.7271471E-005, 2.5982649E+002, 2.4808122E+002, 2.5982649E+002, 2.4808122E+002, 4.1191974E+002, 5.1552272E+002, 1.0623765E+002, 1.1318866E+001,-2.3541382E-001, 1.1083452E+001, 9.4807227E+001, 2.0854317E+002, 2.5982649E+002, 1.0512145E+002, 1.0368161E+001,-2.4039118E-001, 1.0127770E+001, 9.4601690E+001, 2.0852200E+002, 2.6963831E+002, 1.0728179E+002, 1.2194042E+001,-2.7020793E-001, 1.1923834E+001, 9.4967874E+001, 2.0855770E+002, 2.5735700E+002, 1.0479908E+002, 1.0231696E+001,-2.6908787E-001, 9.9626082E+000, 9.4476010E+001, 2.0850877E+002, 2.2212269E+002, 1.0711334E+002, 1.1980458E+001,-2.2172890E-001, 1.1758730E+001, 9.4955738E+001, 2.0855849E+002, 2.3949835E+002, 1.0623765E+002, 1.0676626E+002, 1.1715931E+001,-2.3882554E-001, 1.1477106E+001, 9.4981830E+001, 2.1140732E+002, 2.4808122E+002, 1.0773226E+002, 1.2587791E+001,-2.8100581E-001, 1.2306786E+001, 9.5102780E+001, 2.1141343E+002, 2.5452911E+002, 1.0580171E+002, 1.0890108E+001,-2.3307935E-001, 1.0657029E+001, 9.4821052E+001, 2.1138901E+002, 2.2691731E+002, 1.0533046E+002, 1.0622310E+001,-2.6985523E-001, 1.0352455E+001, 9.4680381E+001, 2.1137348E+002, 2.3839321E+002, 1.0764098E+002, 1.2385821E+001,-2.2134488E-001, 1.2164476E+001, 9.5117334E+001, 2.1142290E+002, 2.6517942E+002, 1.0676626E+002, 3.2461637E+002
 3.9000484E+001, 1.7066128E-002,-8.2526036E-003, 2.5318731E-002,-1.7488907E-006, 1.9459573E-002, 1.9459573E-002, 1.7053028E-005, 2.7140853E+002, 2.9778759E+002, 2.7140853E+002, 2.9778759E+002, 2.7284680E+002, 5.2089467E+002, 1.0630739E+002, 1.1186606E+001,-2.1785262E-001, 1.0968753E+001, 9.4996541E+001, 2.0837989E+002, 2.7140853E+002, 1.0516819E+002, 1.0262398E+001,-2.7083965E-001, 9.9915584E+000, 9.4803676E+001, 2.0835867E+002, 2.5266157E+002, 1.0736190E+002, 1.2111921E+001,-2.9875075E-001, 1.1813171E+001, 9.5147204E+001, 2.0839431E+002, 2.2540815E+002, 1.0488800E+002, 1.0167752E+001,-2.6714337E-001, 9.9006091E+000, 9.4686568E+001, 2.0834555E+002, 1.9170852E+002, 1.0719214E+002, 1.1854577E+001,-2.0348097E-001, 1.1651096E+001, 9.5135747E+001, 2.0839509E+002, 2.3050767E+002, 1.0630739E+002, 1.0691722E+002, 1.1773246E+001,-2.6605427E-001, 1.1507192E+001, 9.5163850E+001, 2.1123642E+002, 2.9778759E+002, 1.0788110E+002, 1.2615943E+001,-2.9649561E-001, 1.2319448E+001, 9.5277298E+001, 2.1124246E+002, 2.6707039E+002, 1.0594152E+002, 1.0913696E+001,-2.3094947E-001, 1.0682747E+001, 9.5012412E+001, 2.1121804E+002, 2.6551010E+002, 1.0544338E+002, 1.0649538E+001,-3.1943779E-001, 1.0330100E+001, 9.4881180E+001, 2.1120263E+002, 2.2090948E+002, 1.0781340E+002, 1.2458193E+001,-2.3632595E-001, 1.2221867E+001, 9.5291174E+001, 2.1125187E+002, 2.4355093E+002, 1.0691722E+002, 3.2462622E+002
 3.9501906E+001, 1.8024893E-002,-7.4870744E-003, 2.5511968E-002,-1.7029104E-006, 1.9455971E-002, 1.9455971E-002, 1.7213003E-005, 2.9099652E+002, 2.7033207E+002, 2.9099652E+002, 2.7033207E+002, 3.1850396E+002, 5.4344238E+002, 1.0652839E+002, 1.1365936E+001,-2.1850642E-001, 1.1147429E+001, 9.5174854E+001, 2.0821581E+002, 2.9099652E+002, 1.0538426E+002, 1.0392102E+001,-2.1508738E-001, 1.0177015E+001, 9.4993535E+001, 2.0819453E+002, 2.9163769E+002, 1.0773115E+002, 1.2507592E+001,-2.5482477E-001, 1.2252767E+001, 9.5316442E+001, 2.0823012E+002, 2.6660367E+002, 1.0506881E+002, 1.0289388E+001,-2.6658926E-001, 1.0022799E+001, 9.4884274E+001, 2.0818150E+002, 2.4851597E+002, 1.0740731E+002, 1.2002376E+001,-1.9610848E-001, 1.1806267E+001, 9.5305594E+001, 2.0823089E+002, 2.3531578E+002, 1.0652839E+002, 1.0693983E+002, 1.1540497E+001,-2.3358523E-001, 1.1306912E+001, 9.5335586E+001, 2.1106485E+002, 2.7033207E+002, 1.0795517E+002, 1.2515507E+001,-3.1261751E-001, 1.2202890E+001, 9.5442231E+001, 2.1107083E+002, 2.8052543E+002, 1.0598361E+002, 1.0790198E+001,-2.5713175E-001, 1.0533067E+001, 9.5192644E+001, 2.1104641E+002, 2.4592480E+002, 1.0548233E+002, 1.0507272E+001,-3.2787702E-001, 1.0179395E+001, 9.5070041E+001, 2.1103110E+002, 2.5863845E+002, 1.0780075E+002, 1.2177461E+001,-2.3151943E-001, 1.1945941E+001, 9.5455480E+001, 2.1108019E+002, 2.2909182E+002, 1.0693983E+002, 3.2474640E+002
 4.0001147E+001, 1.8737913E-002,-7.8374450E-003, 2.6575358E-002,-1.7661267E-006, 1.9157861E-002, 1.9157861E-002, 1.8371108E-005, 2.6713377E+002, 2.6979580E+002, 2.6713377E+002, 2.6979580E+002, 3.5662234E+002, 5.4598764E+002, 1.0648971E+002, 1.1088551E+001,-2.4872242E-001, 1.0839828E+001, 9.5343068E+001, 2.0805109E+002, 2.6713377E+002, 1.0541098E+002, 1.0237156E+001,-2.3118145E-001, 1.0005974E+001, 9.5172258E+001, 2.0802975E+002, 2.6893649E+002, 1.0761416E+002, 1.2039153E+001,-2.6397466E-001, 1.1775178E+001, 9.5476419E+001, 2.0806529E+002, 2.6906925E+002, 1.0504211E+002, 1.0045786E+001,-2.9333601E-001, 9.7524498E+000, 9.5070178E+001, 2.0801682E+002, 2.4587765E+002, 1.0742255E+002, 1.1794676E+001,-2.0463390E-001, 1.1590043E+001, 9.5466116E+001, 2.0806606E+002, 2.4232109E+002, 1.0648971E+002, 1.0708304E+002, 1.1574396E+001,-2.3625969E-001, 1.1338136E+001, 9.5497884E+001, 2.1089278E+002, 2.6979580E+002, 1.0808493E+002, 1.2485863E+001,-2.9898760E-001, 1.2186876E+001, 9.5598368E+001, 2.1089870E+002, 2.8030306E+002, 1.0607931E+002, 1.0772564E+001,-2.8358307E-001, 1.0488981E+001, 9.5362659E+001, 2.1087428E+002, 2.5597333E+002, 1.0560009E+002, 1.0471823E+001,-2.9107645E-001, 1.0180747E+001, 9.5247941E+001, 2.1085907E+002, 2.2625673E+002, 1.0798919E+002, 1.2255237E+001,-2.0367243E-001, 1.2051564E+001, 9.5611036E+001, 2.1090801E+002, 2.1914666E+002, 1.0708304E+002, 3.2468959E+002
 4.0502306E+001, 1.7136349E-002,-8.5891891E-003, 2.5725538E-002,-1.7934389E-006, 1.9256451E-002, 1.9256451E-002, 1.6336484E-005, 2.4866461E+002, 2.5199492E+002, 2.4866461E+002, 2.5199492E+002, 3.5622687E+002, 5.0211299E+002, 1.0674645E+002, 1.1364429E+001,-2.7289188E-001, 1.1091537E+001, 9.5501834E+001, 2.0788603E+002, 2.4866461E+002, 1.0561181E+002, 1.0447715E+001,-2.8040534E-001, 1.0167310E+001, 9.5340566E+001, 2.0786464E+002, 2.2769068E+002, 1.0787508E+002, 1.2288917E+001,-2.6722594E-001, 1.2021692E+001, 9.5627730E+001, 2.0790014E+002, 2.5582485E+002, 1.0519382E+002, 1.0162772E+001,-3.3333703E-001, 9.8294351E+000, 9.5245045E+001, 2.0785179E+002, 2.0340821E+002, 1.0773532E+002, 1.2161181E+001,-2.3192153E-001, 1.1929259E+001, 9.5617911E+001, 2.0790090E+002, 1.9009514E+002, 1.0674645E+002, 1.0726726E+002, 1.1694683E+001,-2.5475549E-001, 1.1439928E+001, 9.5651349E+001, 2.1072051E+002, 2.5199492E+002, 1.0824208E+002, 1.2494166E+001,-2.6908774E-001, 1.2225078E+001, 9.5746273E+001, 2.1072638E+002, 2.4466134E+002, 1.0625201E+002, 1.0872138E+001,-2.8688320E-001, 1.0585255E+001, 9.5523115E+001, 2.1070195E+002, 2.6104132E+002, 1.0577444E+002, 1.0580860E+001,-2.9483575E-001, 1.0286024E+001, 9.5415588E+001, 2.1068684E+002, 2.9070099E+002, 1.0815538E+002, 1.2332164E+001,-2.2665523E-001, 1.2105509E+001, 9.5758400E+001, 2.1073564E+002, 1.9191273E+002, 1.0726726E+002, 3.2460968E+002
 4.1002059E+001, 1.8148632E-002,-8.6487689E-003, 2.6797401E-002,-1.8261134E-006, 1.9499003E-002, 1.9499003E-002, 1.6296417E-005, 2.5146448E+002, 2.4413236E+002, 2.5146448E+002, 2.4413236E+002, 2.9432906E+002, 5.4282107E+002, 1.0696080E+002, 1.1525502E+001,-2.7538986E-001, 1.1250112E+001, 9.5652044E+001, 2.0772067E+002, 2.5146448E+002, 1.0577474E+002, 1.0522786E+001,-2.7426106E-001, 1.0248524E+001, 9.5499435E+001, 2.0769921E+002, 2.8018482E+002, 1.0802865E+002, 1.2346547E+001,-2.9688647E-001, 1.2049660E+001, 9.5771199E+001, 2.0773469E+002, 2.5301611E+002, 1.0546815E+002, 1.0396551E+001,-2.7559145E-001, 1.0120959E+001, 9.5409906E+001, 2.0768644E+002, 2.1355670E+002, 1.0789345E+002, 1.2222644E+001,-2.5288439E-001, 1.1969760E+001, 9.5761807E+001, 2.0773544E+002, 2.3705621E+002, 1.0696080E+002, 1.0733709E+002, 1.1564250E+001,-2.3238045E-001, 1.1331870E+001, 9.5795855E+001, 2.1054805E+002, 2.4413236E+002, 1.0831467E+002, 1.2387453E+001,-2.7974064E-001, 1.2107712E+001, 9.5847983E+001, 2.1055387E+002, 2.5139831E+002, 1.0631829E+002, 1.0761154E+001,-2.7426270E-001, 1.0486892E+001, 9.5674912E+001, 2.1052944E+002, 2.3179680E+002, 1.0589121E+002, 1.0553651E+001,-2.7274206E-001, 1.0280909E+001, 9.5573944E+001, 2.1051441E+002, 2.2605424E+002, 1.0821401E+002, 1.2200054E+001,-2.2897340E-001, 1.1971081E+001, 9.5849918E+001, 2.1056308E+002, 2.0599272E+002, 1.0733709E+002, 3.2468285E+002
 4.1500839E+001, 1.7793357E-002,-8.6503316E-003, 2.6443689E-002,-2.0142015E-006, 1.9414950E-002, 1.9414950E-002, 1.7431130E-005, 2.1878572E+002, 2.4010646E+002, 2.1878572E+002, 2.4010646E+002, 3.9067821E+002, 5.3462038E+002, 1.0692197E+002, 1.1187545E+001,-2.4368694E-001, 1.0943858E+001, 9.5793452E+001, 2.0755557E+002, 2.1878572E+002, 1.0580170E+002, 1.0314830E+001,-2.3319957E-001, 1.0081630E+001, 9.5649211E+001, 2.0753406E+002, 2.6488096E+002, 1.0801541E+002, 1.2037171E+001,-2.5571018E-001, 1.1781461E+001, 9.5851454E+001, 2.0756951E+002, 2.4178865E+002, 1.0545307E+002, 1.0162488E+001,-2.8855611E-001, 9.8739324E+000, 9.5565137E+001, 2.0752137E+002, 2.3466194E+002, 1.0785484E+002, 1.1879218E+001,-2.2423554E-001, 1.1654983E+001, 9.5850251E+001, 2.0757025E+002, 2.1738426E+002, 1.0692197E+002, 1.0754982E+002, 1.1738511E+001,-2.4150175E-001, 1.1497009E+001, 9.5852633E+001, 2.1037601E+002, 2.4010646E+002, 1.0858784E+002, 1.2655800E+001,-2.7893235E-001, 1.2376868E+001, 9.5855449E+001, 2.1038178E+002, 2.5666028E+002, 1.0653454E+002, 1.0897380E+001,-2.2518972E-001, 1.0672190E+001, 9.5813450E+001, 2.1035733E+002, 2.4590583E+002, 1.0607440E+002, 1.0647777E+001,-2.4022837E-001, 1.0407549E+001, 9.5723344E+001, 2.1034239E+002, 1.9776209E+002, 1.0846210E+002, 1.2419161E+001,-2.2937403E-001, 1.2189787E+001, 9.5855047E+001, 2.1039095E+002, 2.2147184E+002, 1.0754982E+002, 3.2470697E+002
 4.2000301E+001, 1.8292104E-002,-8.4522077E-003, 2.6744312E-002,-2.1481364E-006, 1.9255167E-002, 1.9255167E-002, 1.6984698E-005, 2.3543600E+002, 2.7184298E+002, 2.3543600E+002, 2.7184298E+002, 4.2855865E+002, 5.0885027E+002, 1.0698344E+002, 1.1072089E+001,-2.3838771E-001, 1.0833701E+001, 9.5852216E+001, 2.0739053E+002, 2.3543600E+002, 1.0584293E+002, 1.0195375E+001,-2.4687791E-001, 9.9484968E+000, 9.5790654E+001, 2.0736895E+002, 2.2814845E+002, 1.0809245E+002, 1.1967814E+001,-2.8561623E-001, 1.1682198E+001, 9.5855399E+001, 2.0740438E+002, 2.5680277E+002, 1.0547145E+002, 1.0054315E+001,-3.5262999E-001, 9.7016848E+000, 9.5711842E+001, 2.0735633E+002, 2.2448521E+002, 1.0789904E+002, 1.1718618E+001,-2.1800084E-001, 1.1500617E+001, 9.5855144E+001, 2.0740512E+002, 2.3009420E+002, 1.0698344E+002, 1.0774995E+002, 1.1887441E+001,-2.6069719E-001, 1.1626744E+001, 9.5856327E+001, 2.1020413E+002, 2.7184298E+002, 1.0872758E+002, 1.2668697E+001,-2.9912969E-001, 1.2369567E+001, 9.5859208E+001, 2.1020986E+002, 2.4287905E+002, 1.0670151E+002, 1.0986595E+001,-2.2947414E-001, 1.0757120E+001, 9.5853203E+001, 2.1018539E+002, 2.4516633E+002, 1.0625923E+002, 1.0822406E+001,-2.9126664E-001, 1.0531139E+001, 9.5840195E+001, 2.1017054E+002, 2.5685517E+002, 1.0865169E+002, 1.2508556E+001,-2.2245703E-001, 1.2286099E+001, 9.5858818E+001, 2.1021898E+002, 2.3637292E+002, 1.0774995E+002, 3.2460314E+002
 4.2500093E+001, 1.7587890E-002,-8.1523385E-003, 2.5740228E-002,-1.7549466E-006, 1.9374627E-002, 1.9374627E-002, 1.6492456E-005, 2.8030373E+002, 2.3194947E+002, 2.8030373E+002, 2.3194947E+002, 3.5538408E+002, 5.1837311E+002, 1.0719014E+002, 1.1285630E+001,-2.8328160E-001, 1.1002349E+001, 9.5855824E+001, 2.0722541E+002, 2.8030373E+002, 1.0598424E+002, 1.0290879E+001,-2.8232458E-001, 1.0008555E+001, 9.5852391E+001, 2.0720378E+002, 2.8195930E+002, 1.0832330E+002, 1.2140908E+001,-2.5794345E-001, 1.1882964E+001, 9.5859094E+001, 2.0723918E+002, 2.5982186E+002, 1.0563839E+002, 1.0157984E+001,-3.4384279E-001, 9.8141410E+000, 9.5834423E+001, 2.0719122E+002, 2.2956497E+002, 1.0816690E+002, 1.2004187E+001,-2.3532673E-001, 1.1768861E+001, 9.5858829E+001, 2.0723991E+002, 2.3055967E+002, 1.0719014E+002, 1.0771288E+002, 1.1578122E+001,-2.4970734E-001, 1.1328414E+001, 9.5860125E+001, 2.1003228E+002, 2.3194947E+002, 1.0865627E+002, 1.2288802E+001,-2.8455491E-001, 1.2004247E+001, 9.5863073E+001, 2.1003797E+002, 2.4986358E+002, 1.0670949E+002, 1.0810711E+001,-2.5610793E-001, 1.0554603E+001, 9.5856898E+001, 2.1001349E+002, 2.5351844E+002, 1.0622771E+002, 1.0516078E+001,-2.6496618E-001, 1.0251112E+001, 9.5854323E+001, 2.0999871E+002, 2.0541175E+002, 1.0865352E+002, 1.2307560E+001,-2.5450613E-001, 1.2053054E+001, 9.5862696E+001, 2.1004705E+002, 2.1069042E+002, 1.0771288E+002, 3.2459362E+002
 4.3000029E+001, 1.7861801E-002,-8.3193777E-003, 2.6181178E-002,-1.7818465E-006, 1.9334013E-002, 1.9334013E-002, 1.6755882E-005, 2.6945152E+002, 2.5517269E+002, 2.6945152E+002, 2.5517269E+002, 3.5015036E+002, 5.1360101E+002, 1.0722779E+002, 1.1116201E+001,-2.7217373E-001, 1.0844027E+001, 9.5859530E+001, 2.0706040E+002, 2.6945152E+002, 1.0608649E+002, 1.0214924E+001,-2.2477306E-001, 9.9901506E+000, 9.5855983E+001, 2.0703871E+002, 2.9644450E+002, 1.0838343E+002, 1.1997236E+001,-2.4397128E-001, 1.1753265E+001, 9.5862890E+001, 2.0707409E+002, 2.4986229E+002, 1.0572268E+002, 1.0060829E+001,-2.9830359E-001, 9.7625252E+000, 9.5854467E+001, 2.0702623E+002, 2.0360058E+002, 1.0819402E+002, 1.1818312E+001,-2.3656736E-001, 1.1581744E+001, 9.5862615E+001, 2.0707482E+002, 2.3026884E+002, 1.0722779E+002, 1.0787132E+002, 1.1655280E+001,-2.6428641E-001, 1.1390994E+001, 9.5864023E+001, 2.0986065E+002, 2.5517269E+002, 1.0887110E+002, 1.2455497E+001,-2.9776115E-001, 1.2157736E+001, 9.5867042E+001, 2.0986629E+002, 2.3551396E+002, 1.0687024E+002, 1.0858262E+001,-2.2189783E-001, 1.0636364E+001, 9.5860692E+001, 2.0984180E+002, 2.5169937E+002, 1.0635186E+002, 1.0547707E+001,-2.7390684E-001, 1.0273800E+001, 9.5858065E+001, 2.0982710E+002, 1.6031526E+002, 1.0878626E+002, 1.2313798E+001,-2.6007385E-001, 1.2053725E+001, 9.5866677E+001, 2.0987533E+002, 2.5870274E+002, 1.0787132E+002, 3.2453975E+002
 4.3501652E+001, 1.8505554E-002,-8.0226641E-003, 2.6528218E-002,-1.9132274E-006, 1.9410225E-002, 1.9410225E-002, 1.7251696E-005, 2.4785641E+002, 2.6385184E+002, 2.4785641E+002, 2.6385184E+002, 3.2774450E+002, 5.2126089E+002, 1.0733844E+002, 1.1104215E+001,-2.6631108E-001, 1.0837904E+001, 9.5863340E+001, 2.0689534E+002, 2.4785641E+002, 1.0617128E+002, 1.0195912E+001,-2.4910273E-001, 9.9468095E+000, 9.5859676E+001, 2.0687359E+002, 2.5706508E+002, 1.0853040E+002, 1.2024648E+001,-2.2457680E-001, 1.1800072E+001, 9.5866794E+001, 2.0690895E+002, 2.3694261E+002, 1.0576803E+002, 1.0014531E+001,-3.6564042E-001, 9.6488904E+000, 9.5858116E+001, 2.0686118E+002, 2.6481458E+002, 1.0835527E+002, 1.1863194E+001,-2.0652932E-001, 1.1656665E+001, 9.5866507E+001, 2.0690968E+002, 2.2745397E+002, 1.0733844E+002, 1.0793194E+002, 1.1538375E+001,-2.5665999E-001, 1.1281715E+001, 9.5868029E+001, 2.0968905E+002, 2.6385184E+002, 1.0901011E+002, 1.2487237E+001,-3.0177538E-001, 1.2185461E+001, 9.5871121E+001, 2.0969465E+002, 2.3970446E+002, 1.0692857E+002, 1.0769353E+001,-2.3691414E-001, 1.0532439E+001, 9.5864590E+001, 2.0967015E+002, 2.5457904E+002, 1.0637674E+002, 1.0438693E+001,-3.2731074E-001, 1.0111383E+001, 9.5861911E+001, 2.0965552E+002, 2.6693644E+002, 1.0886624E+002, 1.2207247E+001,-2.3834807E-001, 1.1968899E+001, 9.5870768E+001, 2.0970365E+002, 2.2988038E+002, 1.0793194E+002, 3.2457706E+002
 4.4001086E+001, 1.8314107E-002,-7.6457921E-003, 2.5959899E-002,-1.8266390E-006, 1.9295999E-002, 1.9295999E-002, 1.7261263E-005, 2.4022160E+002, 2.3931011E+002, 2.4022160E+002, 2.3931011E+002, 2.8708775E+002, 5.1747309E+002, 1.0753069E+002, 1.1278673E+001,-3.0369745E-001, 1.0974976E+001, 9.5867245E+001, 2.0673069E+002, 2.4022160E+002, 1.0632470E+002, 1.0335755E+001,-3.0716911E-001, 1.0028586E+001, 9.5863461E+001, 2.0670890E+002, 2.4004292E+002, 1.0874190E+002, 1.2185942E+001,-2.3222653E-001, 1.1953716E+001, 9.5870795E+001, 2.0674423E+002, 2.7001250E+002, 1.0595327E+002, 1.0123808E+001,-3.2764408E-001, 9.7961638E+000, 9.5861857E+001, 2.0669654E+002, 2.5155627E+002, 1.0853597E+002, 1.2018272E+001,-2.6137459E-001, 1.1756897E+001, 9.5870498E+001, 2.0674496E+002, 2.4846521E+002, 1.0753069E+002, 1.0805487E+002, 1.1538176E+001,-2.5047977E-001, 1.1287696E+001, 9.5872133E+001, 2.0951797E+002, 2.3931011E+002, 1.0915288E+002, 1.2485313E+001,-2.7957345E-001, 1.2205740E+001, 9.5875301E+001, 2.0952353E+002, 2.3689607E+002, 1.0698580E+002, 1.0715571E+001,-2.8627739E-001, 1.0429294E+001, 9.5868584E+001, 2.0949902E+002, 2.6141378E+002, 1.0648476E+002, 1.0461186E+001,-3.5315501E-001, 1.0108031E+001, 9.5865850E+001, 2.0948446E+002, 2.7170810E+002, 1.0898652E+002, 1.2198947E+001,-2.3410485E-001, 1.1964843E+001, 9.5874959E+001, 2.0953249E+002, 2.1248533E+002, 1.0805487E+002, 3.2464457E+002
 4.4500394E+001, 1.7461056E-002,-8.0675047E-003, 2.5528561E-002,-1.8231584E-006, 1.9485882E-002, 1.9485882E-002, 1.7211915E-005, 2.3573785E+002, 2.4125210E+002, 2.3573785E+002, 2.4125210E+002, 3.0192946E+002, 5.3419370E+002, 1.0760848E+002, 1.1164815E+001,-2.6652603E-001, 1.0898289E+001, 9.5871238E+001, 2.0656682E+002, 2.3573785E+002, 1.0638863E+002, 1.0223443E+001,-2.8031873E-001, 9.9431243E+000, 9.5867331E+001, 2.0654498E+002, 2.6699484E+002, 1.0888070E+002, 1.2252566E+001,-2.8156311E-001, 1.1971003E+001, 9.5874887E+001, 2.0658029E+002, 2.6363708E+002, 1.0610399E+002, 1.0177468E+001,-3.0600703E-001, 9.8714609E+000, 9.5865681E+001, 2.0653269E+002, 2.3176666E+002, 1.0854061E+002, 1.1779894E+001,-2.4607757E-001, 1.1533816E+001, 9.5874578E+001, 2.0658101E+002, 2.4503401E+002, 1.0760848E+002, 1.0819747E+002, 1.1579072E+001,-2.5752120E-001, 1.1321551E+001, 9.5876327E+001, 2.0934778E+002, 2.4125210E+002, 1.0933105E+002, 1.2560704E+001,-2.7253094E-001, 1.2288173E+001, 9.5879574E+001, 2.0935329E+002, 2.4270162E+002, 1.0712378E+002, 1.0742405E+001,-2.6923977E-001, 1.0473165E+001, 9.5872666E+001, 2.0932877E+002, 2.4273850E+002, 1.0666314E+002, 1.0532027E+001,-3.0227339E-001, 1.0229753E+001, 9.5869876E+001, 2.0931429E+002, 1.9830948E+002, 1.0913895E+002, 1.2225772E+001,-2.2178446E-001, 1.2003988E+001, 9.5879244E+001, 2.0936221E+002, 2.1768258E+002, 1.0819747E+002, 3.2472056E+002
 4.5001408E+001, 1.7591294E-002,-8.8735259E-003, 2.6464819E-002,-1.9568776E-006, 1.9117418E-002, 1.9117418E-002, 1.7320720E-005, 2.6211834E+002, 2.8723650E+002, 2.6211834E+002, 2.8723650E+002, 3.8871404E+002, 5.2248198E+002, 1.0769282E+002, 1.1092253E+001,-2.4323066E-001, 1.0849023E+001, 9.5875334E+001, 2.0640314E+002, 2.6211834E+002, 1.0647570E+002, 1.0131409E+001,-2.1896463E-001, 9.9124439E+000, 9.5871300E+001, 2.0638125E+002, 2.4653245E+002, 1.0893197E+002, 1.2110223E+001,-2.6864197E-001, 1.1841581E+001, 9.5879086E+001, 2.0641654E+002, 2.5670454E+002, 1.0611123E+002, 9.9604641E+000,-2.6772202E-001, 9.6927421E+000, 9.5869604E+001, 2.0636902E+002, 2.0779750E+002, 1.0873163E+002, 1.1862837E+001,-1.9285283E-001, 1.1669985E+001, 9.5878764E+001, 2.0641725E+002, 2.5571544E+002, 1.0769282E+002, 1.0833617E+002, 1.1585917E+001,-2.1600181E-001, 1.1369916E+001, 9.5880628E+001, 2.0917785E+002, 2.8723650E+002, 1.0942988E+002, 1.2511191E+001,-2.6577170E-001, 1.2245419E+001, 9.5883956E+001, 2.0918332E+002, 2.3809493E+002, 1.0725755E+002, 1.0756527E+001,-2.3244604E-001, 1.0524081E+001, 9.5876851E+001, 2.0915880E+002, 2.5052194E+002, 1.0669681E+002, 1.0350028E+001,-2.5110393E-001, 1.0098924E+001, 9.5874003E+001, 2.0914439E+002, 1.8913202E+002, 1.0936508E+002, 1.2401429E+001,-2.0110715E-001, 1.2200322E+001, 9.5883637E+001, 2.0919221E+002, 2.2742437E+002, 1.0833617E+002, 3.2466889E+002
 4.5500969E+001, 1.7373652E-002,-8.3498672E-003, 2.5723520E-002,-1.6155496E-006, 1.9729804E-002, 1.9729804E-002, 1.6355394E-005, 2.3819369E+002, 2.7059171E+002, 2.3819369E+002, 2.7059171E+002, 2.9589760E+002, 5.3600832E+002, 1.0785632E+002, 1.1156412E+001,-2.1681113E-001, 1.0939601E+001, 9.5879528E+001, 2.0623992E+002, 2.3819369E+002, 1.0661858E+002, 1.0207544E+001,-2.2632656E-001, 9.9812171E+000, 9.5875365E+001, 2.0621798E+002, 2.8663068E+002, 1.0910673E+002, 1.2232658E+001,-2.9294059E-001, 1.1939717E+001, 9.5883386E+001, 2.0625324E+002, 2.5829248E+002, 1.0626650E+002, 1.0078288E+001,-2.9226759E-001, 9.7860204E+000, 9.5873620E+001, 2.0620581E+002, 2.5150123E+002, 1.0884440E+002, 1.1857980E+001,-2.0091458E-001, 1.1657066E+001, 9.5883051E+001, 2.0625396E+002, 2.2292827E+002, 1.0785632E+002, 1.0849320E+002, 1.1654937E+001,-2.1866629E-001, 1.1436271E+001, 9.5885030E+001, 2.0900847E+002, 2.7059171E+002, 1.0955389E+002, 1.2528845E+001,-2.8737575E-001, 1.2241470E+001, 9.5888442E+001, 2.0901390E+002, 2.4613484E+002, 1.0743173E+002, 1.0917498E+001,-2.8128493E-001, 1.0636213E+001, 9.5881134E+001, 2.0898937E+002, 2.5111106E+002, 1.0685719E+002, 1.0537877E+001,-3.4400697E-001, 1.0193870E+001, 9.5878228E+001, 2.0897503E+002, 2.8782649E+002, 1.0946913E+002, 1.2359724E+001,-2.0138751E-001, 1.2158336E+001, 9.5888134E+001, 2.0902276E+002, 2.3069853E+002, 1.0849320E+002, 3.2467246E+002
 4.6001946E+001, 1.8852531E-002,-8.1364089E-003, 2.6988940E-002,-1.8100571E-006, 1.9306386E-002, 1.9306386E-002, 1.7371909E-005, 2.7659224E+002, 2.7472249E+002, 2.7659224E+002, 2.7472249E+002, 2.6122970E+002, 5.3256637E+002, 1.0797077E+002, 1.1208629E+001,-2.6867631E-001, 1.0939952E+001, 9.5883818E+001, 2.0607724E+002, 2.7659224E+002, 1.0670756E+002, 1.0221761E+001,-2.7129203E-001, 9.9504693E+000, 9.5879523E+001, 2.0605526E+002, 2.6427063E+002, 1.0921750E+002, 1.2187824E+001,-2.7647535E-001, 1.1911349E+001, 9.5887785E+001, 2.0609050E+002, 2.4993883E+002, 1.0635356E+002, 1.0075331E+001,-3.2083937E-001, 9.7544915E+000, 9.5877729E+001, 2.0604315E+002, 2.4219373E+002, 1.0899679E+002, 1.1938569E+001,-2.2593089E-001, 1.1712638E+001, 9.5887437E+001, 2.0609121E+002, 2.2583926E+002, 1.0797077E+002, 1.0858711E+002, 1.1643015E+001,-2.5259129E-001, 1.1390424E+001, 9.5889531E+001, 2.0883972E+002, 2.7472249E+002, 1.0971761E+002, 1.2589152E+001,-2.8344994E-001, 1.2305702E+001, 9.5893031E+001, 2.0884511E+002, 2.5461847E+002, 1.0748758E+002, 1.0803651E+001,-2.7007911E-001, 1.0533572E+001, 9.5885515E+001, 2.0882058E+002, 2.3070190E+002, 1.0695100E+002, 1.0496794E+001,-3.2717364E-001, 1.0169620E+001, 9.5882548E+001, 2.0880630E+002, 2.3855874E+002, 1.0957462E+002, 1.2344409E+001,-2.2550435E-001, 1.2118905E+001, 9.5892733E+001, 2.0885394E+002, 2.7102541E+002, 1.0858711E+002, 3.2470807E+002
 4.6501954E+001, 1.7807368E-002,-8.5351945E-003, 2.6342562E-002,-1.7617284E-006, 1.9520467E-002, 1.9520467E-002, 1.6926476E-005, 2.7258842E+002, 2.8567098E+002, 2.7258842E+002, 2.8567098E+002, 3.4869410E+002, 5.3280846E+002, 1.0803821E+002, 1.1143602E+001,-2.9160785E-001, 1.0851994E+001, 9.5888207E+001, 2.0591509E+002, 2.7258842E+002, 1.0681657E+002, 1.0212616E+001,-2.5510613E-001, 9.9575102E+000, 9.5883776E+001, 2.0589307E+002, 2.4827967E+002, 1.0928160E+002, 1.2120830E+001,-3.2019258E-001, 1.1800638E+001, 9.5892287E+001, 2.0592828E+002, 2.4817294E+002, 1.0647048E+002, 1.0084522E+001,-3.0791906E-001, 9.7766029E+000, 9.5881933E+001, 2.0588101E+002, 2.3701797E+002, 1.0902807E+002, 1.1818930E+001,-2.7127424E-001, 1.1547656E+001, 9.5891924E+001, 2.0592899E+002, 2.2847245E+002, 1.0803821E+002, 1.0874799E+002, 1.1732164E+001,-2.5846948E-001, 1.1473694E+001, 9.5894135E+001, 2.0867158E+002, 2.8567098E+002, 1.0986474E+002, 1.2648542E+001,-3.0203505E-001, 1.2346507E+001, 9.5897724E+001, 2.0867693E+002, 2.8396895E+002, 1.0762352E+002, 1.0864700E+001,-2.8024196E-001, 1.0584458E+001, 9.5889995E+001, 2.0865240E+002, 2.7445431E+002, 1.0711800E+002, 1.0586288E+001,-3.0446540E-001, 1.0281823E+001, 9.5886966E+001, 2.0863818E+002, 2.6347110E+002, 1.0975013E+002, 1.2443347E+001,-2.2481383E-001, 1.2218533E+001, 9.5897437E+001, 2.0868572E+002, 2.2605581E+002, 1.0874799E+002, 3.2477763E+002
 4.7000434E+001, 1.7518750E-002,-8.2006628E-003, 2.5719412E-002,-1.8571800E-006, 1.9306370E-002, 1.9306370E-002, 1.6428304E-005, 2.6309445E+002, 2.4493408E+002, 2.6309445E+002, 2.4493408E+002, 4.0589924E+002, 5.0172172E+002, 1.0818546E+002, 1.1189064E+001,-2.6788119E-001, 1.0921183E+001, 9.5892682E+001, 2.0575395E+002, 2.6309445E+002, 1.0696612E+002, 1.0303420E+001,-2.5953406E-001, 1.0043886E+001, 9.5888112E+001, 2.0573189E+002, 2.7409712E+002, 1.0935042E+002, 1.1976428E+001,-2.6650924E-001, 1.1709919E+001, 9.5896877E+001, 2.0576708E+002, 2.5083684E+002, 1.0653008E+002, 1.0000280E+001,-3.0048088E-001, 9.6997993E+000, 9.5886218E+001, 2.0571989E+002, 2.4058628E+002, 1.0925220E+002, 1.2000030E+001,-2.5525431E-001, 1.1744776E+001, 9.5896500E+001, 2.0576778E+002, 2.2751999E+002, 1.0818546E+002, 1.0884048E+002, 1.1683168E+001,-2.6212555E-001, 1.1421042E+001, 9.5898827E+001, 2.0850454E+002, 2.4493408E+002, 1.0988763E+002, 1.2444323E+001,-2.9092334E-001, 1.2153399E+001, 9.5902509E+001, 2.0850986E+002, 2.5967345E+002, 1.0775619E+002, 1.0877583E+001,-2.5338871E-001, 1.0624194E+001, 9.5894560E+001, 2.0848532E+002, 2.7413277E+002, 1.0723593E+002, 1.0592374E+001,-2.9817211E-001, 1.0294202E+001, 9.5891469E+001, 2.0847117E+002, 2.9220198E+002, 1.0986903E+002, 1.2432944E+001,-2.2905946E-001, 1.2203885E+001, 9.5902232E+001, 2.0851862E+002, 2.3694331E+002, 1.0884048E+002, 3.2463138E+002
 4.7500179E+001, 1.8012195E-002,-8.1390637E-003, 2.6151259E-002,-2.0287709E-006, 1.9378887E-002, 1.9378887E-002, 1.6477089E-005, 2.5502326E+002, 2.3733004E+002, 2.5502326E+002, 2.3733004E+002, 3.3351460E+002, 5.1403410E+002, 1.0821948E+002, 1.1018997E+001,-2.3738973E-001, 1.0781608E+001, 9.5897253E+001, 2.0559351E+002, 2.5502326E+002, 1.0701063E+002, 1.0166341E+001,-2.3162012E-001, 9.9347212E+000, 9.5892541E+001, 2.0557141E+002, 2.6085044E+002, 1.0942740E+002, 1.1911259E+001,-2.6729383E-001, 1.1643965E+001, 9.5901566E+001, 2.0560657E+002, 2.6992756E+002, 1.0662312E+002, 9.9629872E+000,-2.7699254E-001, 9.6859947E+000, 9.5890595E+001, 2.0555946E+002, 2.3171630E+002, 1.0924403E+002, 1.1737092E+001,-2.1889600E-001, 1.1518196E+001, 9.5901175E+001, 2.0560727E+002, 2.3209419E+002, 1.0821948E+002, 1.0897311E+002, 1.1698888E+001,-2.3529964E-001, 1.1463588E+001, 9.5903617E+001, 2.0833828E+002, 2.3733004E+002, 1.1005619E+002, 1.2524389E+001,-2.6906430E-001, 1.2255324E+001, 9.5907394E+001, 2.0834356E+002, 2.4161530E+002, 1.0790508E+002, 1.0914665E+001,-2.1136887E-001, 1.0703296E+001, 9.5899221E+001, 2.0831902E+002, 2.5884239E+002, 1.0734090E+002, 1.0502650E+001,-2.0180568E-001, 1.0300844E+001, 9.5896065E+001, 2.0830493E+002, 2.0092601E+002, 1.1002440E+002, 1.2473406E+001,-1.9676087E-001, 1.2276645E+001, 9.5907127E+001, 2.0835229E+002, 2.2837667E+002, 1.0897311E+002, 3.2463382E+002
 4.8001931E+001, 1.8184795E-002,-7.8956923E-003, 2.6080488E-002,-1.8721046E-006, 1.9394768E-002, 1.9394768E-002, 1.6942634E-005, 2.9420023E+002, 2.4495593E+002, 2.9420023E+002, 2.4495593E+002, 4.4479476E+002, 5.2100816E+002, 1.0834207E+002, 1.1042004E+001,-2.3633653E-001, 1.0805667E+001, 9.5901935E+001, 2.0543323E+002, 2.9420023E+002, 1.0707493E+002, 1.0102687E+001,-2.3785066E-001, 9.8648368E+000, 9.5897077E+001, 2.0541109E+002, 2.5862363E+002, 1.0961204E+002, 1.2045716E+001,-2.8089870E-001, 1.1764817E+001, 9.5906371E+001, 2.0544623E+002, 2.7398481E+002, 1.0671581E+002, 9.9641308E+000,-2.9255837E-001, 9.6715724E+000, 9.5895078E+001, 2.0539919E+002, 2.1134157E+002, 1.0936427E+002, 1.1736128E+001,-2.1150730E-001, 1.1524621E+001, 9.5905963E+001, 2.0544693E+002, 2.4769731E+002, 1.0834207E+002, 1.0910181E+002, 1.1708030E+001,-2.3034581E-001, 1.1477685E+001, 9.5908522E+001, 2.0817224E+002, 2.4495593E+002, 1.1022742E+002, 1.2636873E+001,-3.0546380E-001, 1.2331409E+001, 9.5912399E+001, 2.0817748E+002, 2.2452204E+002, 1.0794764E+002, 1.0803099E+001,-2.2825757E-001, 1.0574841E+001, 9.5903995E+001, 2.0815294E+002, 2.3214360E+002, 1.0744441E+002, 1.0628716E+001,-3.4002222E-001, 1.0288694E+001, 9.5900772E+001, 2.0813891E+002, 2.3195428E+002, 1.1009522E+002, 1.2367152E+001,-1.9919813E-001, 1.2167954E+001, 9.5912141E+001, 2.0818618E+002, 2.3148633E+002, 1.0910181E+002, 3.2471140E+002
 4.8500723E+001, 1.8415469E-002,-7.6248195E-003, 2.6040289E-002,-1.7752977E-006, 1.9312557E-002, 1.9312557E-002, 1.7169888E-005, 2.7414763E+002, 2.2043482E+002, 2.7414763E+002, 2.2043482E+002, 2.9146005E+002, 5.2148432E+002, 1.0845476E+002, 1.1091987E+001,-2.7362140E-001, 1.0818366E+001, 9.5906709E+001, 2.0527381E+002, 2.7414763E+002, 1.0717757E+002, 1.0118661E+001,-2.4593132E-001, 9.8727300E+000, 9.5901703E+001, 2.0525163E+002, 2.7635045E+002, 1.0973341E+002, 1.2049923E+001,-2.6759146E-001, 1.1782332E+001, 9.5911270E+001, 2.0528675E+002, 2.4550178E+002, 1.0680325E+002, 9.9817085E+000,-3.2851295E-001, 9.6531956E+000, 9.5899650E+001, 2.0523979E+002, 2.4941111E+002, 1.0952125E+002, 1.1848580E+001,-2.3978927E-001, 1.1608790E+001, 9.5910847E+001, 2.0528744E+002, 2.2160673E+002, 1.0845476E+002, 1.0922671E+002, 1.1763846E+001,-2.6130526E-001, 1.1502541E+001, 9.5913523E+001, 2.0800714E+002, 2.2043482E+002, 1.1033936E+002, 1.2629720E+001,-3.0930428E-001, 1.2320416E+001, 9.5917501E+001, 2.0801234E+002, 2.3958738E+002, 1.0804429E+002, 1.0870695E+001,-3.0942291E-001, 1.0561272E+001, 9.5908861E+001, 2.0798780E+002, 2.2520096E+002, 1.0755461E+002, 1.0637113E+001,-3.3445850E-001, 1.0302654E+001, 9.5905571E+001, 2.0797383E+002, 2.3890953E+002, 1.1024522E+002, 1.2476690E+001,-2.4646317E-001, 1.2230227E+001, 9.5917253E+001, 2.0802102E+002, 2.0326901E+002, 1.0922671E+002, 3.2465182E+002
 4.9001985E+001, 1.7570297E-002,-8.3298859E-003, 2.5900183E-002,-1.8583201E-006, 1.9233644E-002, 1.9233644E-002, 1.7675551E-005, 2.5732138E+002, 2.3979092E+002, 2.5732138E+002, 2.3979092E+002, 4.2893019E+002, 5.3459550E+002, 1.0856191E+002, 1.1106991E+001,-2.9155731E-001, 1.0815434E+001, 9.5911579E+001, 2.0511520E+002, 2.5732138E+002, 1.0726589E+002, 1.0141597E+001,-2.9053164E-001, 9.8510651E+000, 9.5906420E+001, 2.0509298E+002, 2.5559009E+002, 1.0990201E+002, 1.2133094E+001,-2.6218047E-001, 1.1870914E+001, 9.5916268E+001, 2.0512807E+002, 2.4561762E+002, 1.0692204E+002, 1.0021098E+001,-3.3175021E-001, 9.6893482E+000, 9.5904312E+001, 2.0508119E+002, 2.7195023E+002, 1.0962000E+002, 1.1836703E+001,-2.5760419E-001, 1.1579099E+001, 9.5915828E+001, 2.0512877E+002, 2.0466198E+002, 1.0856191E+002, 1.0936809E+002, 1.1797511E+001,-2.5147967E-001, 1.1546031E+001, 9.5918622E+001, 2.0784291E+002, 2.3979092E+002, 1.1055365E+002, 1.2778529E+001,-2.9632206E-001, 1.2482207E+001, 9.5922704E+001, 2.0784808E+002, 2.5652349E+002, 1.0815677E+002, 1.0851087E+001,-2.8204947E-001, 1.0569038E+001, 9.5913822E+001, 2.0782354E+002, 2.5757913E+002, 1.0773405E+002, 1.0726551E+001,-2.8986365E-001, 1.0436687E+001, 9.5910462E+001, 2.0780963E+002, 2.0638377E+002, 1.1036324E+002, 1.2458540E+001,-2.3890783E-001, 1.2219632E+001, 9.5922465E+001, 2.0785673E+002, 2.3821348E+002, 1.0936809E+002, 3.2469478E+002
 4.9500900E+001, 1.8523804E-002,-7.9675106E-003, 2.6491314E-002,-1.7789344E-006, 1.9303111E-002, 1.9303111E-002, 1.7042259E-005, 2.5010079E+002, 2.4485126E+002, 2.5010079E+002, 2.4485126E+002, 3.6411201E+002, 5.2587053E+002, 1.0878474E+002, 1.1282952E+001,-2.5877781E-001, 1.1024175E+001, 9.5916545E+001, 2.0495731E+002, 2.5010079E+002, 1.0742495E+002, 1.0213228E+001,-2.5249777E-001, 9.9607303E+000, 9.5911231E+001, 2.0493506E+002, 2.6945372E+002, 1.1007635E+002, 1.2240345E+001,-2.6821757E-001, 1.1972127E+001, 9.5921366E+001, 2.0497013E+002, 2.3722158E+002, 1.0710437E+002, 1.0138984E+001,-2.9736616E-001, 9.8416178E+000, 9.5909067E+001, 2.0492332E+002, 2.0680769E+002, 1.0984570E+002, 1.2015256E+001,-2.3819443E-001, 1.1777061E+001, 9.5920909E+001, 2.0497082E+002, 2.3182532E+002, 1.0878474E+002, 1.0936019E+002, 1.1574109E+001,-2.5798294E-001, 1.1316126E+001, 9.5923820E+001, 2.0767949E+002, 2.4485126E+002, 1.1050491E+002, 1.2449173E+001,-2.8748283E-001, 1.2161690E+001, 9.5928010E+001, 2.0768462E+002, 2.3626291E+002, 1.0819617E+002, 1.0706246E+001,-2.5997647E-001, 1.0446270E+001, 9.5918880E+001, 2.0766007E+002, 2.4980022E+002, 1.0770546E+002, 1.0443466E+001,-2.5907248E-001, 1.0184394E+001, 9.5915450E+001, 2.0764622E+002, 1.6435115E+002, 1.1040389E+002, 1.2315781E+001,-2.4805314E-001, 1.2067728E+001, 9.5927780E+001, 2.0769324E+002, 2.4088647E+002, 1.0936019E+002, 3.2469695E+002
 5.0000188E+001, 1.7959482E-002,-8.1126677E-003, 2.6072150E-002,-1.7484854E-006, 1.9437496E-002, 1.9437496E-002, 1.6870291E-005, 2.4879505E+002, 2.5941005E+002, 2.4879505E+002, 2.5941005E+002, 4.1609485E+002, 5.3426294E+002, 1.0883963E+002, 1.1178549E+001,-2.4622162E-001, 1.0932328E+001, 9.5921597E+001, 2.0480051E+002, 2.4879505E+002, 1.0752006E+002, 1.0192745E+001,-2.3497559E-001, 9.9577698E+000, 9.5916126E+001, 2.0477822E+002, 2.8285168E+002, 1.1013787E+002, 1.2131958E+001,-2.4845303E-001, 1.1883505E+001, 9.5926554E+001, 2.0481327E+002, 2.3398660E+002, 1.0715122E+002, 1.0071615E+001,-3.2184216E-001, 9.7497726E+000, 9.5913904E+001, 2.0476653E+002, 2.4458358E+002, 1.0991214E+002, 1.1914959E+001,-2.1536730E-001, 1.1699592E+001, 9.5926079E+001, 2.0481396E+002, 2.2796760E+002, 1.0883963E+002, 1.0931061E+002, 1.1299629E+001,-2.6429184E-001, 1.1035337E+001, 9.5929108E+001, 2.0751723E+002, 2.5941005E+002, 1.1050453E+002, 1.2253526E+001,-2.9258564E-001, 1.1960940E+001, 9.5933408E+001, 2.0752233E+002, 2.4601018E+002, 1.0822933E+002, 1.0553561E+001,-2.2743390E-001, 1.0326127E+001, 9.5924024E+001, 2.0749778E+002, 2.1829215E+002, 1.0761190E+002, 1.0187716E+001,-3.5415070E-001, 9.8335653E+000, 9.5920523E+001, 2.0748398E+002, 2.0493819E+002, 1.1037066E+002, 1.2060798E+001,-2.4996016E-001, 1.1810838E+001, 9.5933186E+001, 2.0753092E+002, 2.3662023E+002, 1.0931061E+002, 3.2468470E+002
 5.0502181E+001, 1.7793381E-002,-7.8442621E-003, 2.5637643E-002,-1.7477185E-006, 1.9284028E-002, 1.9284028E-002, 1.7050552E-005, 2.5320105E+002, 2.8355492E+002, 2.5320105E+002, 2.8355492E+002, 2.6414148E+002, 5.2400237E+002, 1.0900835E+002, 1.1291422E+001,-2.5311740E-001, 1.1038305E+001, 9.5926762E+001, 2.0464401E+002, 2.5320105E+002, 1.0764362E+002, 1.0244961E+001,-2.4638997E-001, 9.9985715E+000, 9.5921128E+001, 2.0462169E+002, 2.6591853E+002, 1.1036938E+002, 1.2387703E+001,-3.0318566E-001, 1.2084517E+001, 9.5931857E+001, 2.0465672E+002, 2.3870374E+002, 1.0730602E+002, 1.0172132E+001,-3.1974516E-001, 9.8523864E+000, 9.5918849E+001, 2.0461004E+002, 1.9854236E+002, 1.1007128E+002, 1.1997676E+001,-2.2434734E-001, 1.1773329E+001, 9.5931364E+001, 2.0465740E+002, 2.0267211E+002, 1.0900835E+002, 1.0957534E+002, 1.1620267E+001,-3.0146805E-001, 1.1318799E+001, 9.5934512E+001, 2.0735531E+002, 2.8355492E+002, 1.1079583E+002, 1.2570758E+001,-2.9742351E-001, 1.2273334E+001, 9.5938925E+001, 2.0736038E+002, 2.5491854E+002, 1.0838364E+002, 1.0741763E+001,-3.2144029E-001, 1.0420323E+001, 9.5929282E+001, 2.0733583E+002, 3.0027885E+002, 1.0787801E+002, 1.0448353E+001,-3.0191755E-001, 1.0146435E+001, 9.5925706E+001, 2.0732209E+002, 2.0439970E+002, 1.1061223E+002, 1.2303422E+001,-2.7220876E-001, 1.2031213E+001, 9.5938711E+001, 2.0736895E+002, 2.6959207E+002, 1.0957534E+002, 3.2476357E+002
 5.1001736E+001, 1.8430034E-002,-7.8259422E-003, 2.6255976E-002,-1.8382543E-006, 1.9241803E-002, 1.9241803E-002, 1.7204866E-005, 2.6049528E+002, 2.5323082E+002, 2.6049528E+002, 2.5323082E+002, 2.3637970E+002, 5.4175959E+002, 1.0900129E+002, 1.1115305E+001,-2.8363594E-001, 1.0831669E+001, 9.5932025E+001, 2.0448826E+002, 2.6049528E+002, 1.0765548E+002, 1.0107351E+001,-2.6510530E-001, 9.8422460E+000, 9.5926226E+001, 2.0446590E+002, 2.2016913E+002, 1.1033818E+002, 1.2118495E+001,-2.9907691E-001, 1.1819418E+001, 9.5937262E+001, 2.0450091E+002, 2.4812827E+002, 1.0730321E+002, 1.0006796E+001,-3.3983181E-001, 9.6669638E+000, 9.5923887E+001, 2.0445430E+002, 2.1188665E+002, 1.1009054E+002, 1.1867907E+001,-2.6273670E-001, 1.1605170E+001, 9.5936750E+001, 2.0450159E+002, 2.1074393E+002, 1.0900129E+002, 1.0958426E+002, 1.1406070E+001,-2.6411964E-001, 1.1141950E+001, 9.5940017E+001, 2.0719422E+002, 2.5323082E+002, 1.1078553E+002, 1.2339335E+001,-2.8929213E-001, 1.2050043E+001, 9.5944547E+001, 2.0719925E+002, 2.6501066E+002, 1.0844528E+002, 1.0637789E+001,-2.8548582E-001, 1.0352303E+001, 9.5934637E+001, 2.0717470E+002, 2.6187230E+002, 1.0790355E+002, 1.0283810E+001,-2.7234648E-001, 1.0011463E+001, 9.5930987E+001, 2.0716101E+002, 2.1605441E+002, 1.1065962E+002, 1.2167454E+001,-2.4793121E-001, 1.1919523E+001, 9.5944341E+001, 2.0720780E+002, 2.6351678E+002, 1.0958426E+002, 3.2474240E+002
 5.1502702E+001, 1.8074473E-002,-8.1092029E-003, 2.6183676E-002,-1.8958792E-006, 1.9366598E-002, 1.9366598E-002, 1.7366807E-005, 2.3840046E+002, 2.9169212E+002, 2.3840046E+002, 2.9169212E+002, 3.6150249E+002, 5.5875633E+002, 1.0908836E+002, 1.1100804E+001,-2.9955779E-001, 1.0801246E+001, 9.5937379E+001, 2.0433348E+002, 2.3840046E+002, 1.0772858E+002, 1.0088898E+001,-2.8767323E-001, 9.8012250E+000, 9.5931412E+001, 2.0431109E+002, 2.2838047E+002, 1.1048039E+002, 1.2180385E+001,-3.0646266E-001, 1.1873922E+001, 9.5942762E+001, 2.0434608E+002, 2.3416646E+002, 1.0737132E+002, 9.9709333E+000,-3.5259312E-001, 9.6183402E+000, 9.5929013E+001, 2.0429954E+002, 2.1696934E+002, 1.1018633E+002, 1.1845094E+001,-2.6457716E-001, 1.1580516E+001, 9.5942230E+001, 2.0434676E+002, 2.1785798E+002, 1.0908836E+002, 1.0972651E+002, 1.1489588E+001,-2.8060429E-001, 1.1208984E+001, 9.5945616E+001, 2.0703416E+002, 2.9169212E+002, 1.1099183E+002, 1.2525544E+001,-3.1028554E-001, 1.2215258E+001, 9.5950266E+001, 2.0703916E+002, 2.7727101E+002, 1.0858104E+002, 1.0662758E+001,-2.4346949E-001, 1.0419288E+001, 9.5940084E+001, 2.0701461E+002, 2.5988958E+002, 1.0800827E+002, 1.0345321E+001,-3.2107632E-001, 1.0024244E+001, 9.5936358E+001, 2.0700097E+002, 2.4535761E+002, 1.1080847E+002, 1.2241370E+001,-2.5129167E-001, 1.1990078E+001, 9.5950067E+001, 2.0704768E+002, 2.4883097E+002, 1.0972651E+002, 3.2477861E+002
 5.2000703E+001, 1.7206175E-002,-8.3468283E-003, 2.5553003E-002,-1.7519128E-006, 1.9487794E-002, 1.9487794E-002, 1.6597006E-005, 2.3820850E+002, 2.6220292E+002, 2.3820850E+002, 2.6220292E+002, 3.1552901E+002, 5.2801944E+002, 1.0923048E+002, 1.1164101E+001,-2.9190805E-001, 1.0872193E+001, 9.5942821E+001, 2.0417975E+002, 2.3820850E+002, 1.0781742E+002, 1.0087760E+001,-2.9653248E-001, 9.7912271E+000, 9.5936682E+001, 2.0415734E+002, 2.3418982E+002, 1.1069871E+002, 1.2388199E+001,-3.2255886E-001, 1.2065641E+001, 9.5948352E+001, 2.0419231E+002, 2.5254213E+002, 1.0752911E+002, 1.0035990E+001,-2.9658149E-001, 9.7394088E+000, 9.5934222E+001, 2.0414583E+002, 2.0875041E+002, 1.1030086E+002, 1.1865088E+001,-2.7813586E-001, 1.1586952E+001, 9.5947801E+001, 2.0419299E+002, 2.4248828E+002, 1.0923048E+002, 1.1000822E+002, 1.1822825E+001,-2.9062533E-001, 1.1532199E+001, 9.5951305E+001, 2.0687523E+002, 2.6220292E+002, 1.1120552E+002, 1.2694648E+001,-2.9784757E-001, 1.2396801E+001, 9.5956077E+001, 2.0688020E+002, 2.4179716E+002, 1.0876685E+002, 1.0876806E+001,-2.9832968E-001, 1.0578477E+001, 9.5945619E+001, 2.0685564E+002, 2.5568613E+002, 1.0817989E+002, 1.0513367E+001,-3.4483066E-001, 1.0168536E+001, 9.5941815E+001, 2.0684205E+002, 2.7400453E+002, 1.1111175E+002, 1.2596517E+001,-2.6539632E-001, 1.2331121E+001, 9.5955885E+001, 2.0688870E+002, 2.3239317E+002, 1.1000822E+002, 3.2481439E+002
 5.2502421E+001, 1.8591655E-002,-8.1579293E-003, 2.6749584E-002,-1.7938724E-006, 1.9053669E-002, 1.9053669E-002, 1.7562521E-005, 2.6596522E+002, 2.3080514E+002, 2.6596522E+002, 2.3080514E+002, 2.3967090E+002, 5.3418205E+002, 1.0936041E+002, 1.1201220E+001,-2.7772168E-001, 1.0923499E+001, 9.5948363E+001, 2.0402675E+002, 2.6596522E+002, 1.0793768E+002, 1.0125621E+001,-2.8321049E-001, 9.8424102E+000, 9.5942049E+001, 2.0400430E+002, 2.7689576E+002, 1.1073751E+002, 1.2229086E+001,-3.0254351E-001, 1.1926543E+001, 9.5954046E+001, 2.0403925E+002, 2.3921486E+002, 1.0763107E+002, 1.0025644E+001,-2.7371076E-001, 9.7519335E+000, 9.5939527E+001, 2.0399283E+002, 2.3995521E+002, 1.1046966E+002, 1.1974287E+001,-2.7544160E-001, 1.1698846E+001, 9.5953474E+001, 2.0403993E+002, 2.3092377E+002, 1.0936041E+002, 1.0990043E+002, 1.1428705E+001,-3.0138166E-001, 1.1127324E+001, 9.5957098E+001, 2.0671707E+002, 2.3080514E+002, 1.1111824E+002, 1.2348609E+001,-3.3263493E-001, 1.2015974E+001, 9.5961996E+001, 2.0672201E+002, 2.2347372E+002, 1.0874207E+002, 1.0628835E+001,-2.8547411E-001, 1.0343361E+001, 9.5951254E+001, 2.0669745E+002, 2.5294443E+002, 1.0820176E+002, 1.0384543E+001,-3.6499114E-001, 1.0019552E+001, 9.5947371E+001, 2.0668391E+002, 2.7407326E+002, 1.1098262E+002, 1.2145164E+001,-2.6301231E-001, 1.1882152E+001, 9.5961810E+001, 2.0673049E+002, 2.1956693E+002, 1.0990043E+002, 3.2481487E+002
 5.3001895E+001, 1.6579710E-002,-8.9442594E-003, 2.5523970E-002,-1.9262261E-006, 1.9733427E-002, 1.9733427E-002, 1.6368278E-005, 2.3866884E+002, 2.4129192E+002, 2.3866884E+002, 2.4129192E+002, 4.0205215E+002, 5.1727020E+002, 1.0939483E+002, 1.1050121E+001,-2.5676245E-001, 1.0793358E+001, 9.5954010E+001, 2.0387434E+002, 2.3866884E+002, 1.0801978E+002, 1.0054088E+001,-2.3497613E-001, 9.8191123E+000, 9.5947517E+001, 2.0385186E+002, 2.9897149E+002, 1.1081890E+002, 1.2143102E+001,-2.7417001E-001, 1.1868932E+001, 9.5959849E+001, 2.0388679E+002, 2.4551662E+002, 1.0765596E+002, 9.9844712E+000,-3.6344878E-001, 9.6210224E+000, 9.5944932E+001, 2.0384044E+002, 2.6060672E+002, 1.1047412E+002, 1.1757678E+001,-2.5258043E-001, 1.1505097E+001, 9.5959255E+001, 2.0388747E+002, 2.2294539E+002, 1.0939483E+002, 1.1018939E+002, 1.1817882E+001,-3.4333013E-001, 1.1474552E+001, 9.5962999E+001, 2.0655956E+002, 2.4129192E+002, 1.1150408E+002, 1.2838822E+001,-3.1151913E-001, 1.2527302E+001, 9.5968025E+001, 2.0656447E+002, 2.4966141E+002, 1.0895937E+002, 1.0869602E+001,-3.0104743E-001, 1.0568555E+001, 9.5956994E+001, 2.0653991E+002, 2.5231498E+002, 1.0842360E+002, 1.0632933E+001,-3.7196816E-001, 1.0260965E+001, 9.5953030E+001, 2.0652642E+002, 2.3987288E+002, 1.1129533E+002, 1.2559701E+001,-3.0027782E-001, 1.2259423E+001, 9.5967847E+001, 2.0657293E+002, 2.0444643E+002, 1.1018939E+002, 3.2486006E+002
 5.3500332E+001, 1.8719321E-002,-7.8892685E-003, 2.6608590E-002,-1.9211968E-006, 1.9176269E-002, 1.9176269E-002, 1.7479105E-005, 2.6819034E+002, 2.2914215E+002, 2.6819034E+002, 2.2914215E+002, 4.5258400E+002, 5.2360259E+002, 1.0943590E+002, 1.0973035E+001,-2.8371579E-001, 1.0689319E+001, 9.5959734E+001, 2.0372328E+002, 2.6819034E+002, 1.0808000E+002, 1.0042171E+001,-2.7848478E-001, 9.7636863E+000, 9.5953059E+001, 2.0370077E+002, 2.7132711E+002, 1.1075235E+002, 1.1855741E+001,-3.0941865E-001, 1.1546323E+001, 9.5965731E+001, 2.0373568E+002, 2.5745776E+002, 1.0765261E+002, 9.8005391E+000,-3.4984648E-001, 9.4506926E+000, 9.5950410E+001, 2.0368939E+002, 2.8067089E+002, 1.1061590E+002, 1.1811505E+001,-2.3696055E-001, 1.1574544E+001, 9.5965116E+001, 2.0373636E+002, 2.5524598E+002, 1.0943590E+002, 1.1013316E+002, 1.1458678E+001,-2.8612681E-001, 1.1172551E+001, 9.5968979E+001, 2.0640347E+002, 2.2914215E+002, 1.1130244E+002, 1.2214866E+001,-2.7600580E-001, 1.1938860E+001, 9.5974137E+001, 2.0640836E+002, 2.3547685E+002, 1.0899975E+002, 1.0747672E+001,-2.8786909E-001, 1.0459803E+001, 9.5962810E+001, 2.0638379E+002, 2.7363394E+002, 1.0836657E+002, 1.0286500E+001,-3.1303381E-001, 9.9734664E+000, 9.5958764E+001, 2.0637035E+002, 2.5540467E+002, 1.1126935E+002, 1.2267179E+001,-2.6924381E-001, 1.1997935E+001, 9.5973964E+001, 2.0641679E+002, 2.2290414E+002, 1.1013316E+002, 3.2471132E+002
 5.4001784E+001, 1.7896373E-002,-8.7957899E-003, 2.6692163E-002,-1.8862801E-006, 1.9590735E-002, 1.9590735E-002, 1.5506155E-005, 2.4142374E+002, 2.4674773E+002, 2.4142374E+002, 2.4674773E+002, 3.6367437E+002, 5.0273348E+002, 1.0972207E+002, 1.1328418E+001,-2.9362412E-001, 1.1034794E+001, 9.5965565E+001, 2.0357275E+002, 2.4142374E+002, 1.0829046E+002, 1.0273181E+001,-2.9099441E-001, 9.9821863E+000, 9.5958704E+001, 2.0355021E+002, 2.6619511E+002, 1.1109319E+002, 1.2289288E+001,-3.0365313E-001, 1.1985635E+001, 9.5971725E+001, 2.0358511E+002, 2.4892264E+002, 1.0789456E+002, 1.0096881E+001,-3.6100256E-001, 9.7358788E+000, 9.5955991E+001, 2.0353887E+002, 2.0485102E+002, 1.1090853E+002, 1.2174401E+001,-2.5718744E-001, 1.1917214E+001, 9.5971087E+001, 2.0358578E+002, 2.2386659E+002, 1.0972207E+002, 1.1025732E+002, 1.1471871E+001,-2.5592493E-001, 1.1215946E+001, 9.5975070E+001, 2.0624797E+002, 2.4674773E+002, 1.1149173E+002, 1.2405199E+001,-3.0895711E-001, 1.2096241E+001, 9.5980363E+001, 2.0625282E+002, 2.7191304E+002, 1.0905539E+002, 1.0680736E+001,-2.9799687E-001, 1.0382739E+001, 9.5968734E+001, 2.0622826E+002, 2.4506934E+002, 1.0845038E+002, 1.0332618E+001,-3.7403659E-001, 9.9585813E+000, 9.5964605E+001, 2.0621486E+002, 2.0353043E+002, 1.1138270E+002, 1.2234898E+001,-2.2191387E-001, 1.2012984E+001, 9.5980196E+001, 2.0626123E+002, 2.3313590E+002, 1.1025732E+002, 3.2480192E+002
 5.4500269E+001, 1.7928757E-002,-9.1148823E-003, 2.7043640E-002,-2.0330554E-006, 1.9297204E-002, 1.9297204E-002, 1.7506781E-005, 2.6940675E+002, 2.8104229E+002, 2.6940675E+002, 2.8104229E+002, 2.9733379E+002, 5.2828769E+002, 1.0974391E+002, 1.1180891E+001,-2.9651430E-001, 1.0884377E+001, 9.5971492E+001, 2.0342307E+002, 2.6940675E+002, 1.0832332E+002, 1.0160877E+001,-2.9088168E-001, 9.8699951E+000, 9.5964443E+001, 2.0340051E+002, 2.8179104E+002, 1.1120818E+002, 1.2271100E+001,-2.7872673E-001, 1.1992373E+001, 9.5977818E+001, 2.0343539E+002, 2.6979187E+002, 1.0796390E+002, 1.0044780E+001,-3.5227236E-001, 9.6925078E+000, 9.5961663E+001, 2.0338920E+002, 2.2518780E+002, 1.1087888E+002, 1.1915487E+001,-2.5922469E-001, 1.1656262E+001, 9.5977157E+001, 2.0343606E+002, 2.2892953E+002, 1.0974391E+002, 1.1043383E+002, 1.1644933E+001,-2.9023829E-001, 1.1354695E+001, 9.5981260E+001, 2.0609336E+002, 2.8104229E+002, 1.1170608E+002, 1.2641815E+001,-3.5468703E-001, 1.2287128E+001, 9.5986691E+001, 2.0609819E+002, 2.7037686E+002, 1.0913315E+002, 1.0667197E+001,-3.1480273E-001, 1.0352395E+001, 9.5974755E+001, 2.0607362E+002, 2.6188367E+002, 1.0862940E+002, 1.0492207E+001,-3.7060971E-001, 1.0121598E+001, 9.5970541E+001, 2.0606026E+002, 2.4803128E+002, 1.1154645E+002, 1.2361646E+001,-2.4826627E-001, 1.2113380E+001, 9.5986529E+001, 2.0610658E+002, 2.2404562E+002, 1.1043383E+002, 3.2483403E+002
 5.5001792E+001, 1.8436827E-002,-8.1309125E-003, 2.6567739E-002,-1.9200878E-006, 1.9382173E-002, 1.9382173E-002, 1.7223032E-005, 2.5987622E+002, 2.3925560E+002, 2.5987622E+002, 2.3925560E+002, 3.7234481E+002, 5.2199971E+002, 1.0975554E+002, 1.0999350E+001,-2.8097904E-001, 1.0718371E+001, 9.5977516E+001, 2.0327424E+002, 2.5987622E+002, 1.0834279E+002, 1.0015894E+001,-2.8044122E-001, 9.7354529E+000, 9.5970273E+001, 2.0325164E+002, 2.4859082E+002, 1.1121200E+002, 1.2053978E+001,-2.6339379E-001, 1.1790585E+001, 9.5984011E+001, 2.0328650E+002, 2.5714354E+002, 1.0798670E+002, 9.9203164E+000,-3.5611939E-001, 9.5641970E+000, 9.5967427E+001, 2.0324037E+002, 2.8444130E+002, 1.1088177E+002, 1.1703713E+001,-2.3827050E-001, 1.1465443E+001, 9.5983326E+001, 2.0328717E+002, 2.3467677E+002, 1.0975554E+002, 1.1052765E+002, 1.1606180E+001,-2.7908655E-001, 1.1327094E+001, 9.5987549E+001, 2.0593965E+002, 2.3925560E+002, 1.1182169E+002, 1.2579997E+001,-2.9346421E-001, 1.2286533E+001, 9.5993121E+001, 2.0594445E+002, 2.6527796E+002, 1.0926754E+002, 1.0689201E+001,-2.6777374E-001, 1.0421427E+001, 9.5980871E+001, 2.0591988E+002, 2.4549310E+002, 1.0876668E+002, 1.0494456E+001,-3.0079223E-001, 1.0193664E+001, 9.5976571E+001, 2.0590657E+002, 2.3803614E+002, 1.1163466E+002, 1.2323121E+001,-2.5615776E-001, 1.2066963E+001, 9.5992964E+001, 2.0595282E+002, 2.1074455E+002, 1.1052765E+002, 3.2479792E+002
 5.5501891E+001, 1.7929385E-002,-7.7771810E-003, 2.5706566E-002,-1.8552606E-006, 1.9627930E-002, 1.9627930E-002, 1.6714136E-005, 2.4056187E+002, 2.6545840E+002, 2.4056187E+002, 2.6545840E+002, 2.5322656E+002, 5.2776295E+002, 1.0992582E+002, 1.1143965E+001,-2.8771456E-001, 1.0856250E+001, 9.5983645E+001, 2.0312601E+002, 2.4056187E+002, 1.0846395E+002, 1.0056996E+001,-2.5998231E-001, 9.7970136E+000, 9.5976206E+001, 2.0310338E+002, 2.4959691E+002, 1.1145161E+002, 1.2305330E+001,-2.6513910E-001, 1.2040191E+001, 9.5990313E+001, 2.0313823E+002, 2.5191208E+002, 1.0812224E+002, 1.0010055E+001,-3.5595908E-001, 9.6540962E+000, 9.5973292E+001, 2.0309215E+002, 2.4624638E+002, 1.1107984E+002, 1.1882117E+001,-2.3951357E-001, 1.1642603E+001, 9.5989604E+001, 2.0313890E+002, 2.2431745E+002, 1.0992582E+002, 1.1067185E+002, 1.1652343E+001,-2.4846488E-001, 1.1403878E+001, 9.5993947E+001, 2.0578659E+002, 2.6545840E+002, 1.1197299E+002, 1.2651970E+001,-2.9416723E-001, 1.2357803E+001, 9.5999664E+001, 2.0579137E+002, 2.5448862E+002, 1.0939499E+002, 1.0722532E+001,-2.4137021E-001, 1.0481162E+001, 9.5987093E+001, 2.0576679E+002, 2.8662727E+002, 1.0888064E+002, 1.0517545E+001,-2.8539245E-001, 1.0232153E+001, 9.5982705E+001, 2.0575352E+002, 2.0967996E+002, 1.1175852E+002, 1.2328298E+001,-2.3450213E-001, 1.2093796E+001, 9.5999511E+001, 2.0579972E+002, 2.0897305E+002, 1.1067185E+002, 3.2484514E+002
 5.6001474E+001, 1.8034588E-002,-8.3583514E-003, 2.6392939E-002,-1.9103270E-006, 1.9334724E-002, 1.9334724E-002, 1.7532637E-005, 2.4387022E+002, 2.8119039E+002, 2.4387022E+002, 2.8119039E+002, 2.4811673E+002, 5.4351491E+002, 1.0994232E+002, 1.0994119E+001,-2.8581180E-001, 1.0708307E+001, 9.5989857E+001, 2.0297893E+002, 2.4387022E+002, 1.0851094E+002, 9.9675814E+000,-2.4722668E-001, 9.7203547E+000, 9.5982219E+001, 2.0295627E+002, 2.6117141E+002, 1.1144653E+002, 1.2131568E+001,-3.0016483E-001, 1.1831403E+001, 9.5996702E+001, 2.0299111E+002, 2.5172331E+002, 1.0815763E+002, 9.8635347E+000,-3.0855951E-001, 9.5549752E+000, 9.5979236E+001, 2.0294508E+002, 1.9119982E+002, 1.1112254E+002, 1.1775805E+001,-2.4158616E-001, 1.1534219E+001, 9.5995967E+001, 2.0299177E+002, 2.1725778E+002, 1.0994232E+002, 1.1079711E+002, 1.1722803E+001,-2.6940104E-001, 1.1453402E+001, 9.6000431E+001, 2.0563474E+002, 2.8119039E+002, 1.1210136E+002, 1.2726915E+001,-3.2508885E-001, 1.2401826E+001, 9.6006295E+001, 2.0563950E+002, 2.2655102E+002, 1.0952073E+002, 1.0769406E+001,-2.2682436E-001, 1.0542582E+001, 9.5993399E+001, 2.0561492E+002, 2.4907917E+002, 1.0900305E+002, 1.0582155E+001,-2.9211016E-001, 1.0290045E+001, 9.5988921E+001, 2.0560169E+002, 2.7237253E+002, 1.1189126E+002, 1.2401564E+001,-2.5380910E-001, 1.2147755E+001, 9.6006147E+001, 2.0564783E+002, 2.0699908E+002, 1.1079711E+002, 3.2488095E+002
 5.6500420E+001, 1.6733794E-002,-9.0805822E-003, 2.5814377E-002,-1.9698095E-006, 1.9242311E-002, 1.9242311E-002, 1.7120464E-005, 2.6364190E+002, 2.5554633E+002, 2.6364190E+002, 2.5554633E+002, 3.5669363E+002, 5.2191654E+002, 1.1016019E+002, 1.1205983E+001,-2.7050742E-001, 1.0935476E+001, 9.5996158E+001, 2.0283286E+002, 2.6364190E+002, 1.0867849E+002, 1.0135194E+001,-2.6473761E-001, 9.8704561E+000, 9.5988317E+001, 2.0281018E+002, 2.8562945E+002, 1.1163742E+002, 1.2298799E+001,-3.0681018E-001, 1.1991988E+001, 9.6003182E+001, 2.0284500E+002, 2.4122579E+002, 1.0828056E+002, 9.9913021E+000,-3.6719647E-001, 9.6241056E+000, 9.5985264E+001, 2.0279903E+002, 2.6437518E+002, 1.1137248E+002, 1.2041509E+001,-2.3612276E-001, 1.1805386E+001, 9.6002422E+001, 2.0284567E+002, 2.1497261E+002, 1.1016019E+002, 1.1077948E+002, 1.1494746E+001,-2.6738967E-001, 1.1227357E+001, 9.6007006E+001, 2.0548397E+002, 2.5554633E+002, 1.1213277E+002, 1.2542545E+001,-2.9507460E-001, 1.2247471E+001, 9.6013021E+001, 2.0548870E+002, 2.5236984E+002, 1.0952014E+002, 1.0598470E+001,-2.3507459E-001, 1.0363395E+001, 9.5999792E+001, 2.0546412E+002, 2.3327603E+002, 1.0896276E+002, 1.0366248E+001,-3.2998640E-001, 1.0036262E+001, 9.5995224E+001, 2.0545093E+002, 2.4592610E+002, 1.1191101E+002, 1.2242181E+001,-2.6072956E-001, 1.1981452E+001, 9.6012876E+001, 2.0549701E+002, 2.1946701E+002, 1.1077948E+002, 3.2491391E+002
 5.7001376E+001, 1.8224689E-002,-8.4007950E-003, 2.6625484E-002,-1.7229996E-006, 1.9382827E-002, 1.9382827E-002, 1.6531664E-005, 2.5833586E+002, 2.6609384E+002, 2.5833586E+002, 2.6609384E+002, 3.9705801E+002, 5.2131336E+002, 1.1024470E+002, 1.1217412E+001,-3.1390911E-001, 1.0903503E+001, 9.6002562E+001, 2.0268746E+002, 2.5833586E+002, 1.0878530E+002, 1.0183459E+001,-2.8553959E-001, 9.8979192E+000, 9.5994515E+001, 2.0266475E+002, 2.6654885E+002, 1.1172721E+002, 1.2237078E+001,-2.8947342E-001, 1.1947605E+001, 9.6009770E+001, 2.0269956E+002, 2.4745132E+002, 1.0839463E+002, 1.0021633E+001,-3.5120756E-001, 9.6704257E+000, 9.5991392E+001, 2.0265363E+002, 2.5485547E+002, 1.1144251E+002, 1.1997812E+001,-2.6748685E-001, 1.1730326E+001, 9.6008983E+001, 2.0270022E+002, 2.3286931E+002, 1.1024470E+002, 1.1079049E+002, 1.1317053E+001,-2.5720512E-001, 1.1059847E+001, 9.6013688E+001, 2.0533390E+002, 2.6609384E+002, 1.1210840E+002, 1.2289233E+001,-2.9053418E-001, 1.1998699E+001, 9.6019857E+001, 2.0533860E+002, 2.4873345E+002, 1.0954361E+002, 1.0489048E+001,-2.5539085E-001, 1.0233657E+001, 9.6006290E+001, 2.0531402E+002, 2.6590846E+002, 1.0896708E+002, 1.0187163E+001,-3.1022876E-001, 9.8769345E+000, 9.6001630E+001, 2.0530087E+002, 1.8801075E+002, 1.1191392E+002, 1.2031885E+001,-2.4283460E-001, 1.1789050E+001, 9.6019715E+001, 2.0534690E+002, 2.2837801E+002, 1.1079049E+002, 3.2490452E+002
 5.7501455E+001, 1.8932127E-002,-8.1695122E-003, 2.7101639E-002,-1.8145281E-006, 1.9538433E-002, 1.9538433E-002, 1.6502597E-005, 2.2657135E+002, 2.1840670E+002, 2.2657135E+002, 2.1840670E+002, 3.6880940E+002, 5.3418524E+002, 1.1031164E+002, 1.1120151E+001,-2.6637693E-001, 1.0853774E+001, 9.6009069E+001, 2.0254274E+002, 2.2657135E+002, 1.0882592E+002, 1.0097651E+001,-2.8597108E-001, 9.8116799E+000, 9.6000812E+001, 2.0252001E+002, 2.5294340E+002, 1.1175490E+002, 1.2129112E+001,-3.1339152E-001, 1.1815720E+001, 9.6016465E+001, 2.0255480E+002, 2.6623802E+002, 1.0846071E+002, 9.9866991E+000,-3.5422195E-001, 9.6324772E+000, 9.5997617E+001, 2.0250892E+002, 2.4104879E+002, 1.1148256E+002, 1.1879708E+001,-2.5756617E-001, 1.1622142E+001, 9.6015650E+001, 2.0255546E+002, 2.4624309E+002, 1.1031164E+002, 1.1095853E+002, 1.1478298E+001,-2.7598174E-001, 1.1202316E+001, 9.6020476E+001, 2.0518456E+002, 2.1840670E+002, 1.1226827E+002, 1.2427373E+001,-3.1769312E-001, 1.2109680E+001, 9.6026802E+001, 2.0518924E+002, 2.4576613E+002, 1.0967887E+002, 1.0603727E+001,-2.7871327E-001, 1.0325013E+001, 9.6012890E+001, 2.0516465E+002, 2.3604162E+002, 1.0905016E+002, 1.0255986E+001,-3.8059934E-001, 9.8753864E+000, 9.6008136E+001, 2.0515154E+002, 2.8935476E+002, 1.1216482E+002, 1.2317576E+001,-2.4392608E-001, 1.2073650E+001, 9.6026664E+001, 2.0519752E+002, 2.4514661E+002, 1.1095853E+002, 3.2494278E+002
 5.8001792E+001, 1.7398902E-002,-8.6329074E-003, 2.6031809E-002,-1.8473601E-006, 1.9603937E-002, 1.9603937E-002, 1.7190751E-005, 2.6044638E+002, 2.2565774E+002, 2.6044638E+002, 2.2565774E+002, 4.5992655E+002, 5.4014536E+002, 1.1038178E+002, 1.1082960E+001,-2.8053337E-001, 1.0802427E+001, 9.6015667E+001, 2.0239896E+002, 2.6044638E+002, 1.0887014E+002, 1.0001580E+001,-2.6969659E-001, 9.7318836E+000, 9.6007197E+001, 2.0237621E+002, 2.4419870E+002, 1.1194261E+002, 1.2240412E+001,-2.7536241E-001, 1.1965049E+001, 9.6023254E+001, 2.0241098E+002, 2.5807286E+002, 1.0856751E+002, 9.9895831E+000,-3.2316921E-001, 9.6664139E+000, 9.6003929E+001, 2.0236515E+002, 2.3061303E+002, 1.1154662E+002, 1.1799154E+001,-2.4796463E-001, 1.1551190E+001, 9.6022412E+001, 2.0241164E+002, 2.3235963E+002, 1.1038178E+002, 1.1113030E+002, 1.1647081E+001,-3.0988805E-001, 1.1337193E+001, 9.6027358E+001, 2.0503621E+002, 2.2565774E+002, 1.1381252E+002, 1.2582436E+001,-3.0589928E-001, 1.2276537E+001, 9.6033845E+001, 2.0504087E+002, 2.2509018E+002, 1.0984460E+002, 1.0763986E+001,-3.0196605E-001, 1.0462020E+001, 9.6019581E+001, 2.0501628E+002, 2.6772741E+002, 1.0925715E+002, 1.0448607E+001,-3.5301602E-001, 1.0095591E+001, 9.6014732E+001, 2.0500321E+002, 2.5903218E+002, 1.1232557E+002, 1.2439463E+001,-2.7770406E-001, 1.2161759E+001, 9.6033708E+001, 2.0504913E+002, 2.1801646E+002, 1.1113030E+002, 3.2492912E+002
 5.8500901E+001, 1.7857746E-002,-8.2543995E-003, 2.6112146E-002,-1.9333580E-006, 1.9299229E-002, 1.9299229E-002, 1.6731905E-005, 2.7537196E+002, 2.2971171E+002, 2.7537196E+002, 2.2971171E+002, 4.0919291E+002, 5.1405958E+002, 1.1051242E+002, 1.1129288E+001,-2.6104220E-001, 1.0868246E+001, 9.6022354E+001, 2.0225619E+002, 2.7537196E+002, 1.0901870E+002, 1.0079262E+001,-2.3158147E-001, 9.8476801E+000, 9.6013666E+001, 2.0223340E+002, 2.9105142E+002, 1.1202424E+002, 1.2180176E+001,-2.6212728E-001, 1.1918048E+001, 9.6030135E+001, 2.0226817E+002, 2.4411472E+002, 1.0861950E+002, 9.9524675E+000,-3.4579201E-001, 9.6066755E+000, 9.6010324E+001, 2.0222238E+002, 1.9063457E+002, 1.1171837E+002, 1.1913145E+001,-2.3740260E-001, 1.1675743E+001, 9.6029264E+001, 2.0226883E+002, 2.0654605E+002, 1.1051242E+002, 1.1129743E+002, 1.1707797E+001,-2.5409545E-001, 1.1453701E+001, 9.6034331E+001, 2.0488891E+002, 2.2971171E+002, 1.1674047E+002, 1.2496970E+001,-3.2165251E-001, 1.2175318E+001, 9.6040990E+001, 2.0489355E+002, 2.4544682E+002, 1.1000254E+002, 1.0844743E+001,-2.6705081E-001, 1.0577692E+001, 9.6026360E+001, 2.0486895E+002, 2.4370373E+002, 1.0938772E+002, 1.0474116E+001,-3.0507544E-001, 1.0169041E+001, 9.6021415E+001, 2.0485592E+002, 2.3845838E+002, 1.1447119E+002, 1.2451010E+001,-2.5205437E-001, 1.2198956E+001, 9.6040848E+001, 2.0490179E+002, 2.3005942E+002, 1.1129743E+002, 3.2487884E+002
 5.9000940E+001, 1.8312034E-002,-8.0056542E-003, 2.6317688E-002,-1.9782461E-006, 1.9488652E-002, 1.9488652E-002, 1.6443080E-005, 2.4120980E+002, 2.4253689E+002, 2.4120980E+002, 2.4253689E+002, 3.6149352E+002, 5.1862636E+002, 1.1050431E+002, 1.0949044E+001,-2.6164769E-001, 1.0687396E+001, 9.6029133E+001, 2.0211430E+002, 2.4120980E+002, 1.0905677E+002, 1.0000827E+001,-2.3813203E-001, 9.7626945E+000, 9.6020224E+001, 2.0209149E+002, 2.6184191E+002, 1.1194928E+002, 1.1912268E+001,-3.0811047E-001, 1.1604158E+001, 9.6037112E+001, 2.0212624E+002, 2.3444672E+002, 1.0861572E+002, 9.7954027E+000,-3.5068824E-001, 9.4447144E+000, 9.6016808E+001, 2.0208050E+002, 2.1954928E+002, 1.1174651E+002, 1.1793311E+001,-2.3769293E-001, 1.1555619E+001, 9.6036211E+001, 2.0212690E+002, 2.2200354E+002, 1.1050431E+002, 1.1131347E+002, 1.1585807E+001,-2.7400892E-001, 1.1311799E+001, 9.6041399E+001, 2.0474255E+002, 2.4253689E+002, 1.1863885E+002, 1.2357493E+001,-3.8525591E-001, 1.1972237E+001, 9.6048258E+001, 2.0474716E+002, 2.5773793E+002, 1.1001672E+002, 1.0696075E+001,-2.5608721E-001, 1.0439988E+001, 9.6033231E+001, 2.0472256E+002, 2.4962683E+002, 1.0945009E+002, 1.0458875E+001,-3.3500410E-001, 1.0123871E+001, 9.6028188E+001, 2.0470957E+002, 2.5615509E+002, 1.1706542E+002, 1.2273518E+001,-2.8686253E-001, 1.1986655E+001, 9.6048097E+001, 2.0475539E+002, 2.3403732E+002, 1.1131347E+002, 3.2484202E+002
 5.9501836E+001, 1.7491989E-002,-8.9122726E-003, 2.6404262E-002,-2.0380226E-006, 1.9447354E-002, 1.9447354E-002, 1.6947682E-005, 2.8391244E+002, 2.5343616E+002, 2.8391244E+002, 2.5343616E+002, 3.9347646E+002, 5.2611456E+002, 1.1083788E+002, 1.1416185E+001,-2.8823207E-001, 1.1127953E+001, 9.6036019E+001, 2.0197300E+002, 2.8391244E+002, 1.0927896E+002, 1.0298532E+001,-2.8541514E-001, 1.0013117E+001, 9.6026886E+001, 2.0195017E+002, 2.5877720E+002, 1.1268329E+002, 1.2499678E+001,-2.8922120E-001, 1.2210457E+001, 9.6044200E+001, 2.0198491E+002, 2.5632780E+002, 1.0886766E+002, 1.0163454E+001,-4.0342965E-001, 9.7600247E+000, 9.6023395E+001, 2.0193921E+002, 2.2070953E+002, 1.1206933E+002, 1.2199260E+001,-2.4074229E-001, 1.1958517E+001, 9.6043269E+001, 2.0198556E+002, 2.3636668E+002, 1.1083788E+002, 1.1151509E+002, 1.1760579E+001,-2.6412823E-001, 1.1496451E+001, 9.6048578E+001, 2.0459681E+002, 2.5343616E+002, 1.2020914E+002, 1.2587821E+001,-3.7374088E-001, 1.2214081E+001, 9.6055675E+001, 2.0460141E+002, 2.3826443E+002, 1.1016118E+002, 1.0798717E+001,-2.6346405E-001, 1.0535253E+001, 9.6040209E+001, 2.0457680E+002, 2.7307794E+002, 1.0960905E+002, 1.0597299E+001,-3.4590233E-001, 1.0251396E+001, 9.6035068E+001, 2.0456384E+002, 2.8668901E+002, 1.1896959E+002, 1.2342589E+001,-3.1241012E-001, 1.2030179E+001, 9.6055486E+001, 2.0460962E+002, 2.1668560E+002, 1.1151509E+002, 3.2492386E+002
 6.0002019E+001, 1.8936721E-002,-8.5908250E-003, 2.7527546E-002,-1.9935756E-006, 1.9269908E-002, 1.9269908E-002, 1.7358926E-005, 2.4152569E+002, 2.4633784E+002, 2.4152569E+002, 2.4633784E+002, 3.2702776E+002, 5.4474591E+002, 1.1075564E+002, 1.1115882E+001,-3.1998714E-001, 1.0795895E+001, 9.6043000E+001, 2.0183253E+002, 2.4152569E+002, 1.0922895E+002, 1.0054818E+001,-2.9767157E-001, 9.7571465E+000, 9.6033639E+001, 2.0180967E+002, 2.4053342E+002, 1.1520623E+002, 1.2131867E+001,-3.2910891E-001, 1.1802758E+001, 9.6051390E+001, 2.0184440E+002, 2.4172590E+002, 1.0890875E+002, 1.0002306E+001,-3.3107502E-001, 9.6712309E+000, 9.6030071E+001, 2.0179875E+002, 2.2218687E+002, 1.1196486E+002, 1.1873939E+001,-2.9766087E-001, 1.1576279E+001, 9.6050425E+001, 2.0184506E+002, 2.3281839E+002, 1.1075564E+002, 1.1150411E+002, 1.1550791E+001,-2.5285592E-001, 1.1297935E+001, 9.6055855E+001, 2.0445195E+002, 2.4633784E+002, 1.2112528E+002, 1.2380654E+001,-3.8165599E-001, 1.1998998E+001, 9.6063236E+001, 2.0445653E+002, 1.8063693E+002, 1.1016222E+002, 1.0643646E+001,-2.7174144E-001, 1.0371905E+001, 9.6047283E+001, 2.0443192E+002, 2.6100311E+002, 1.0960719E+002, 1.0407505E+001,-3.3023772E-001, 1.0077268E+001, 9.6042041E+001, 2.0441899E+002, 2.6745520E+002, 1.2022462E+002, 1.2275306E+001,-3.0431403E-001, 1.1970992E+001, 9.6063013E+001, 2.0446472E+002, 2.0509845E+002, 1.1150411E+002, 3.2489441E+002
 6.0502851E+001, 1.8203564E-002,-8.2484375E-003, 2.6452002E-002,-1.9218020E-006, 1.9477565E-002, 1.9477565E-002, 1.7133037E-005, 2.6273716E+002, 2.2946153E+002, 2.6273716E+002, 2.2946153E+002, 4.2633664E+002, 5.3057953E+002, 1.1085892E+002, 1.1103672E+001,-2.8481614E-001, 1.0818856E+001, 9.6050075E+001, 2.0169292E+002, 2.6273716E+002, 1.0931823E+002, 1.0023959E+001,-2.5406209E-001, 9.7698968E+000, 9.6040482E+001, 2.0167003E+002, 2.3306901E+002, 1.1755351E+002, 1.2163674E+001,-3.6636519E-001, 1.1797308E+001, 9.6058695E+001, 2.0170475E+002, 2.5055702E+002, 1.0897690E+002, 9.9331835E+000,-2.9035157E-001, 9.6428320E+000, 9.6036838E+001, 2.0165914E+002, 1.8263465E+002, 1.1273800E+002, 1.1891471E+001,-2.6657021E-001, 1.1624900E+001, 9.6057678E+001, 2.0170541E+002, 2.4700106E+002, 1.1085892E+002, 1.1179103E+002, 1.1885413E+001,-2.4694888E-001, 1.1638465E+001, 9.6063229E+001, 2.0430799E+002, 2.2946153E+002, 1.2218854E+002, 1.2761247E+001,-3.6981852E-001, 1.2391429E+001, 9.6070944E+001, 2.0431254E+002, 2.0223537E+002, 1.1038068E+002, 1.0897119E+001,-2.9325320E-001, 1.0603866E+001, 9.6054451E+001, 2.0428793E+002, 2.4780692E+002, 1.0984030E+002, 1.0692467E+001,-3.4457002E-001, 1.0347897E+001, 9.6049106E+001, 2.0427504E+002, 2.3409806E+002, 1.2139933E+002, 1.2483549E+001,-3.1915423E-001, 1.2164395E+001, 9.6070683E+001, 2.0432072E+002, 2.0488604E+002, 1.1179103E+002, 3.2491010E+002
 6.1000425E+001, 1.7637012E-002,-8.3808233E-003, 2.6017835E-002,-1.9157580E-006, 1.9260121E-002, 1.9260121E-002, 1.7039066E-005, 2.9482115E+002, 2.3202482E+002, 2.9482115E+002, 2.3202482E+002, 2.6083816E+002, 5.1888709E+002, 1.1093792E+002, 1.1050693E+001,-2.5956331E-001, 1.0791129E+001, 9.6057226E+001, 2.0155450E+002, 2.9482115E+002, 1.0939767E+002, 1.0034548E+001,-2.7310624E-001, 9.7614417E+000, 9.6047398E+001, 2.0153160E+002, 2.7851318E+002, 1.1902015E+002, 1.2044102E+001,-3.8647712E-001, 1.1657625E+001, 9.6066107E+001, 2.0156631E+002, 2.2345148E+002, 1.0900901E+002, 9.8816222E+000,-3.3349717E-001, 9.5481250E+000, 9.6043676E+001, 2.0152073E+002, 1.8887021E+002, 1.1541955E+002, 1.1800225E+001,-2.7683908E-001, 1.1523386E+001, 9.6065015E+001, 2.0156696E+002, 2.2586609E+002, 1.1093792E+002, 1.1174395E+002, 1.1609457E+001,-2.3522635E-001, 1.1374231E+001, 9.6070681E+001, 2.0416528E+002, 2.3202482E+002, 1.2249546E+002, 1.2464942E+001,-3.8003837E-001, 1.2084903E+001, 9.6078784E+001, 2.0416981E+002, 2.3248374E+002, 1.1032341E+002, 1.0639430E+001,-3.0352204E-001, 1.0335908E+001, 9.6061693E+001, 2.0414520E+002, 2.1843437E+002, 1.0979117E+002, 1.0419337E+001,-3.2541914E-001, 1.0093918E+001, 9.6056246E+001, 2.0413234E+002, 1.9977622E+002, 1.2186419E+002, 1.2257883E+001,-3.0846316E-001, 1.1949420E+001, 9.6078481E+001, 2.0417798E+002, 2.2211432E+002, 1.1174395E+002, 3.2489604E+002
 6.1501359E+001, 1.9649164E-002,-7.9703318E-003, 2.7619496E-002,-1.7675873E-006, 1.9616535E-002, 1.9616535E-002, 1.6712090E-005, 2.6232175E+002, 2.5160521E+002, 2.6232175E+002, 2.5160521E+002, 3.2545268E+002, 5.3973273E+002, 1.1099346E+002, 1.1014535E+001,-2.8670774E-001, 1.0727828E+001, 9.6064472E+001, 2.0141691E+002, 2.6232175E+002, 1.0945193E+002, 1.0004695E+001,-2.9578154E-001, 9.7089136E+000, 9.6054405E+001, 2.0139398E+002, 2.4743225E+002, 1.2006459E+002, 1.1958120E+001,-3.6521159E-001, 1.1592908E+001, 9.6073656E+001, 2.0142868E+002, 2.5268347E+002, 1.0908805E+002, 9.8791263E+000,-3.3584435E-001, 9.5432820E+000, 9.6050604E+001, 2.0138314E+002, 1.9744651E+002, 1.1745891E+002, 1.1741117E+001,-2.8888256E-001, 1.1452235E+001, 9.6072467E+001, 2.0142933E+002, 2.1855451E+002, 1.1099346E+002, 1.1182898E+002, 1.1602608E+001,-2.5273363E-001, 1.1349874E+001, 9.6078230E+001, 2.0402344E+002, 2.5160521E+002, 1.2295146E+002, 1.2554475E+001,-3.8631652E-001, 1.2168159E+001, 9.6086777E+001, 2.0402795E+002, 2.3363334E+002, 1.1040536E+002, 1.0633251E+001,-3.0859505E-001, 1.0324656E+001, 9.6069030E+001, 2.0400333E+002, 2.3955179E+002, 1.0993324E+002, 1.0486663E+001,-2.9347570E-001, 1.0193187E+001, 9.6063478E+001, 2.0399050E+002, 2.3200025E+002, 1.2230218E+002, 1.2172671E+001,-2.9349351E-001, 1.1879178E+001, 9.6086429E+001, 2.0403609E+002, 2.4212702E+002, 1.1182898E+002, 3.2486767E+002
 6.2000125E+001, 1.6861716E-002,-8.6740408E-003, 2.5535757E-002,-1.9299556E-006, 1.9124702E-002, 1.9124702E-002, 1.7613382E-005, 2.4885385E+002, 2.3683383E+002, 2.4885385E+002, 2.3683383E+002, 3.1633053E+002, 5.3030395E+002, 1.1108172E+002, 1.1029375E+001,-3.0129722E-001, 1.0728078E+001, 9.6071819E+001, 2.0127998E+002, 2.4885385E+002, 1.0952890E+002, 9.9994901E+000,-2.9720594E-001, 9.7022841E+000, 9.6061511E+001, 2.0125703E+002, 2.3941774E+002, 1.2092052E+002, 1.2079834E+001,-3.7826790E-001, 1.1701566E+001, 9.6081353E+001, 2.0129172E+002, 2.5353549E+002, 1.0916058E+002, 9.8815004E+000,-3.5162527E-001, 9.5298751E+000, 9.6057630E+001, 2.0124622E+002, 2.2058302E+002, 1.1887191E+002, 1.1731590E+001,-3.2039221E-001, 1.1411197E+001, 9.6080054E+001, 2.0129237E+002, 2.3262872E+002, 1.1108172E+002, 1.1241173E+002, 1.1881773E+001,-2.4911394E-001, 1.1632659E+001, 9.6085885E+001, 2.0388229E+002, 2.3683383E+002, 1.2346124E+002, 1.2786217E+001,-3.7785689E-001, 1.2408361E+001, 9.6094933E+001, 2.0388679E+002, 2.2417653E+002, 1.1059265E+002, 1.0800943E+001,-2.8357755E-001, 1.0517366E+001, 9.6076469E+001, 2.0386216E+002, 2.7050823E+002, 1.1012121E+002, 1.0654751E+001,-2.6966349E-001, 1.0385087E+001, 9.6070811E+001, 2.0384937E+002, 2.0917610E+002, 1.2288625E+002, 1.2548153E+001,-2.9182781E-001, 1.2256326E+001, 9.6094538E+001, 2.0389492E+002, 2.3755463E+002, 1.1241173E+002, 3.2494001E+002
 6.2501616E+001, 1.8149596E-002,-8.3391810E-003, 2.6488777E-002,-1.8902334E-006, 1.9321979E-002, 1.9321979E-002, 1.6962146E-005, 2.5638142E+002, 2.5006816E+002, 2.5638142E+002, 2.5006816E+002, 2.6236514E+002, 5.1814483E+002, 1.1114705E+002, 1.0980401E+001,-2.9723671E-001, 1.0683164E+001, 9.6079265E+001, 2.0114380E+002, 2.5638142E+002, 1.0956067E+002, 9.9224272E+000,-3.1092778E-001, 9.6114994E+000, 9.6068710E+001, 2.0112083E+002, 2.6962090E+002, 1.2138625E+002, 1.1988353E+001,-4.2530196E-001, 1.1563051E+001, 9.6089199E+001, 2.0115551E+002, 2.2934801E+002, 1.0924533E+002, 9.8330494E+000,-2.9539407E-001, 9.5376554E+000, 9.6064748E+001, 2.0111005E+002, 2.0122114E+002, 1.1980136E+002, 1.1680095E+001,-3.3675640E-001, 1.1343339E+001, 9.6087780E+001, 2.0115616E+002, 2.2482321E+002, 1.1114705E+002, 1.1484449E+002, 1.1652425E+001,-2.8762773E-001, 1.1364798E+001, 9.6093644E+001, 2.0374194E+002, 2.5006816E+002, 1.2362653E+002, 1.2585765E+001,-3.5807407E-001, 1.2227690E+001, 9.6103249E+001, 2.0374641E+002, 2.3910631E+002, 1.1067305E+002, 1.0722705E+001,-2.2270414E-001, 1.0500001E+001, 9.6084006E+001, 2.0372178E+002, 2.5546744E+002, 1.1013461E+002, 1.0532793E+001,-2.9010298E-001, 1.0242690E+001, 9.6078240E+001, 2.0370902E+002, 2.1089355E+002, 1.2306688E+002, 1.2319935E+001,-3.0902862E-001, 1.2010906E+001, 9.6102805E+001, 2.0375453E+002, 2.1660662E+002, 1.1484449E+002, 3.2492514E+002
 6.3000232E+001, 1.7184485E-002,-8.1319075E-003, 2.5316393E-002,-1.8206594E-006, 1.9263469E-002, 1.9263469E-002, 1.7051225E-005, 2.5525076E+002, 2.4387366E+002, 2.5525076E+002, 2.4387366E+002, 4.0816440E+002, 5.0943207E+002, 1.1122894E+002, 1.0926203E+001,-2.5404464E-001, 1.0672159E+001, 9.6086802E+001, 2.0100847E+002, 2.5525076E+002, 1.0966488E+002, 9.9316456E+000,-2.7343155E-001, 9.6582140E+000, 9.6075998E+001, 2.0098548E+002, 2.7842453E+002, 1.2168421E+002, 1.1871511E+001,-3.7894763E-001, 1.1492563E+001, 9.6097190E+001, 2.0102015E+002, 2.4037296E+002, 1.0927407E+002, 9.7592889E+000,-3.1688869E-001, 9.4424002E+000, 9.6071954E+001, 2.0097472E+002, 2.2844101E+002, 1.2046516E+002, 1.1649885E+001,-3.1051706E-001, 1.1339368E+001, 9.6095643E+001, 2.0102080E+002, 2.4132890E+002, 1.1122894E+002, 1.1706517E+002, 1.1667801E+001,-2.8454579E-001, 1.1383256E+001, 9.6101514E+001, 2.0360247E+002, 2.4387366E+002, 1.2384223E+002, 1.2599245E+001,-3.7637463E-001, 1.2222871E+001, 9.6111720E+001, 2.0360693E+002, 2.4441750E+002, 1.1073975E+002, 1.0735012E+001,-2.7905802E-001, 1.0455954E+001, 9.6091635E+001, 2.0358229E+002, 2.5452608E+002, 1.1026250E+002, 1.0573441E+001,-2.5902829E-001, 1.0314412E+001, 9.6085760E+001, 2.0356956E+002, 2.3453655E+002, 1.2327840E+002, 1.2300761E+001,-3.0538427E-001, 1.1995377E+001, 9.6111224E+001, 2.0361503E+002, 2.1246864E+002, 1.1706517E+002, 3.2494996E+002
 6.3501043E+001, 1.6383145E-002,-8.3119591E-003, 2.4695104E-002,-1.9005710E-006, 1.9405776E-002, 1.9405776E-002, 1.6297904E-005, 2.4717659E+002, 2.2527310E+002, 2.4717659E+002, 2.2527310E+002, 3.8222215E+002, 5.1951413E+002, 1.1143413E+002, 1.1177802E+001,-2.8016727E-001, 1.0897635E+001, 9.6094428E+001, 2.0087405E+002, 2.4717659E+002, 1.0981880E+002, 1.0090014E+001,-2.9073666E-001, 9.7992774E+000, 9.6083370E+001, 2.0085103E+002, 2.6372389E+002, 1.2213159E+002, 1.2175746E+001,-3.8358794E-001, 1.1792158E+001, 9.6105322E+001, 2.0088570E+002, 2.5382658E+002, 1.0945093E+002, 9.9613849E+000,-3.2839336E-001, 9.6329915E+000, 9.6079245E+001, 2.0084031E+002, 2.9170077E+002, 1.2114542E+002, 1.1914656E+001,-3.1299365E-001, 1.1601662E+001, 9.6103642E+001, 2.0088634E+002, 2.4303659E+002, 1.1143413E+002, 1.1850588E+002, 1.1604636E+001,-3.0830065E-001, 1.1296336E+001, 9.6109503E+001, 2.0346396E+002, 2.2527310E+002, 1.2388396E+002, 1.2549136E+001,-4.1737088E-001, 1.2131765E+001, 9.6120340E+001, 2.0346840E+002, 2.5570662E+002, 1.1080393E+002, 1.0679384E+001,-2.5869788E-001, 1.0420686E+001, 9.6099352E+001, 2.0344376E+002, 2.1606889E+002, 1.1029909E+002, 1.0472224E+001,-2.4847932E-001, 1.0223745E+001, 9.6093367E+001, 2.0343106E+002, 1.9522066E+002, 1.2349336E+002, 1.2386683E+001,-3.0158386E-001, 1.2085099E+001, 9.6119791E+001, 2.0347648E+002, 2.0954697E+002, 1.1850588E+002, 3.2500276E+002
 6.4001845E+001, 1.8942907E-002,-7.7403723E-003, 2.6683280E-002,-1.8608342E-006, 1.9327759E-002, 1.9327759E-002, 1.7015189E-005, 2.4044141E+002, 2.5003935E+002, 2.4044141E+002, 2.5003935E+002, 3.9218450E+002, 5.3603302E+002, 1.1153129E+002, 1.1189395E+001,-2.8525619E-001, 1.0904139E+001, 9.6102164E+001, 2.0074016E+002, 2.4044141E+002, 1.0989721E+002, 1.0061902E+001,-2.7040956E-001, 9.7914928E+000, 9.6090848E+001, 2.0071712E+002, 2.3977816E+002, 1.2248893E+002, 1.2178975E+001,-3.8056084E-001, 1.1798414E+001, 9.6113619E+001, 2.0075178E+002, 2.5990363E+002, 1.0957199E+002, 1.0015595E+001,-3.1556191E-001, 9.7000328E+000, 9.6086639E+001, 2.0070642E+002, 2.0663262E+002, 1.2160109E+002, 1.1885850E+001,-3.2621475E-001, 1.1559635E+001, 9.6111803E+001, 2.0075242E+002, 2.2786979E+002, 1.1153129E+002, 1.1947138E+002, 1.1534725E+001,-3.1443979E-001, 1.1220285E+001, 9.6117642E+001, 2.0332600E+002, 2.5003935E+002, 1.2399988E+002, 1.2569400E+001,-3.9668844E-001, 1.2172712E+001, 9.6129133E+001, 2.0333042E+002, 2.7685360E+002, 1.1091287E+002, 1.0689272E+001,-2.2587076E-001, 1.0463402E+001, 9.6107178E+001, 2.0330578E+002, 2.4612721E+002, 1.1033550E+002, 1.0418075E+001,-2.8203126E-001, 1.0136044E+001, 9.6101082E+001, 2.0329311E+002, 1.7881317E+002, 1.2356305E+002, 1.2285295E+001,-3.0830522E-001, 1.1976990E+001, 9.6128529E+001, 2.0333850E+002, 2.1264281E+002, 1.1947138E+002, 3.2498014E+002
 6.4502594E+001, 1.8578079E-002,-7.7592003E-003, 2.6337279E-002,-1.7031815E-006, 1.9207693E-002, 1.9207693E-002, 1.7524237E-005, 2.2032502E+002, 3.0523701E+002, 2.2032502E+002, 3.0523701E+002, 4.5939972E+002, 5.2831846E+002, 1.1151755E+002, 1.0971985E+001,-2.6042094E-001, 1.0711564E+001, 9.6109993E+001, 2.0060708E+002, 2.2032502E+002, 1.0991303E+002, 9.9382520E+000,-2.6808587E-001, 9.6701661E+000, 9.6098416E+001, 2.0058402E+002, 2.2992951E+002, 1.2255300E+002, 1.1945232E+001,-3.9731117E-001, 1.1547921E+001, 9.6122065E+001, 2.0061867E+002, 2.3393964E+002, 1.0953865E+002, 9.8267267E+000,-3.3960904E-001, 9.4871176E+000, 9.6094122E+001, 2.0057335E+002, 1.7704247E+002, 1.2175612E+002, 1.1656057E+001,-3.1256037E-001, 1.1343497E+001, 9.6120108E+001, 2.0061932E+002, 2.0709409E+002, 1.1151755E+002, 1.2009600E+002, 1.1451238E+001,-3.6414197E-001, 1.1087096E+001, 9.6125918E+001, 2.0318890E+002, 3.0523701E+002, 1.2400221E+002, 1.2435724E+001,-4.3841890E-001, 1.1997305E+001, 9.6138081E+001, 2.0319330E+002, 2.7819129E+002, 1.1094878E+002, 1.0635959E+001,-2.7002139E-001, 1.0365938E+001, 9.6115098E+001, 2.0316865E+002, 2.6307388E+002, 1.1035563E+002, 1.0364508E+001,-3.5208609E-001, 1.0012422E+001, 9.6108888E+001, 2.0315601E+002, 2.2990398E+002, 1.2357342E+002, 1.2186639E+001,-3.5204908E-001, 1.1834590E+001, 9.6137420E+001, 2.0320136E+002, 2.4187413E+002, 1.2009600E+002, 3.2501878E+002
 6.5000381E+001, 1.7626169E-002,-8.4245360E-003, 2.6050705E-002,-1.8872375E-006, 1.9325614E-002, 1.9325614E-002, 1.6359034E-005, 2.5417083E+002, 2.9302207E+002, 2.5417083E+002, 2.9302207E+002, 3.7698215E+002, 5.1181447E+002, 1.1238431E+002, 1.1257677E+001,-2.9220901E-001, 1.0965468E+001, 9.6117890E+001, 2.0047522E+002, 2.5417083E+002, 1.1004458E+002, 1.0104214E+001,-3.2546869E-001, 9.7787449E+000, 9.6106049E+001, 2.0045214E+002, 2.6294070E+002, 1.2271036E+002, 1.2088682E+001,-4.1037641E-001, 1.1678306E+001, 9.6130632E+001, 2.0048678E+002, 2.5321876E+002, 1.0965491E+002, 9.9328805E+000,-3.6364239E-001, 9.5692381E+000, 9.6101670E+001, 2.0044149E+002, 1.9696580E+002, 1.2225090E+002, 1.2131497E+001,-3.1317650E-001, 1.1818321E+001, 9.6128533E+001, 2.0048742E+002, 2.2372166E+002, 1.1238431E+002, 1.2053723E+002, 1.1447941E+001,-3.4918884E-001, 1.1098752E+001, 9.6134307E+001, 2.0305306E+002, 2.9302207E+002, 1.2393973E+002, 1.2339535E+001,-4.2815277E-001, 1.1911383E+001, 9.6147154E+001, 2.0305745E+002, 2.4449861E+002, 1.1100295E+002, 1.0598397E+001,-2.7824888E-001, 1.0320148E+001, 9.6123085E+001, 2.0303280E+002, 2.5689040E+002, 1.1041135E+002, 1.0331110E+001,-3.5759088E-001, 9.9735186E+000, 9.6116761E+001, 2.0302018E+002, 2.4956376E+002, 1.2363057E+002, 1.2253516E+001,-3.5319535E-001, 1.1900320E+001, 9.6146436E+001, 2.0306550E+002, 2.3432368E+002, 1.2053723E+002, 3.2500035E+002
 6.5500649E+001, 1.6989162E-002,-8.9856743E-003, 2.5974837E-002,-1.9294113E-006, 1.9594545E-002, 1.9594545E-002, 1.6152217E-005, 2.4636416E+002, 2.4591416E+002, 2.4636416E+002, 2.4591416E+002, 5.1541478E+002, 5.1415757E+002, 1.1505039E+002, 1.1361695E+001,-3.1813800E-001, 1.1043557E+001, 9.6125881E+001, 2.0034422E+002, 2.4636416E+002, 1.1023341E+002, 1.0282159E+001,-3.1237678E-001, 9.9697826E+000, 9.6113767E+001, 2.0032111E+002, 2.7464465E+002, 1.2308882E+002, 1.2328595E+001,-4.0800424E-001, 1.1920591E+001, 9.6139343E+001, 2.0035575E+002, 2.4944504E+002, 1.0990485E+002, 1.0205482E+001,-3.2734274E-001, 9.8781391E+000, 9.6109303E+001, 2.0031049E+002, 2.2251446E+002, 1.2258607E+002, 1.2041992E+001,-3.3499850E-001, 1.1706994E+001, 9.6137100E+001, 2.0035639E+002, 2.2006493E+002, 1.1505039E+002, 1.2107245E+002, 1.1704318E+001,-3.6394061E-001, 1.1340377E+001, 9.6142834E+001, 2.0291812E+002, 2.4591416E+002, 1.2428815E+002, 1.2746370E+001,-3.8802360E-001, 1.2358346E+001, 9.6156375E+001, 2.0292249E+002, 2.1823652E+002, 1.1118526E+002, 1.0786798E+001,-2.8482358E-001, 1.0501975E+001, 9.6131161E+001, 2.0289783E+002, 2.5285903E+002, 1.1061338E+002, 1.0568339E+001,-3.6886215E-001, 1.0199477E+001, 9.6124722E+001, 2.0288524E+002, 2.4720433E+002, 1.2386630E+002, 1.2442686E+001,-3.5454981E-001, 1.2088136E+001, 9.6155598E+001, 2.0293053E+002, 1.9856197E+002, 1.2107245E+002, 3.2512013E+002
 6.6000837E+001, 1.7876144E-002,-8.6279526E-003, 2.6504097E-002,-2.1331625E-006, 1.9127425E-002, 1.9127425E-002, 1.7568155E-005, 2.5978347E+002, 2.2319457E+002, 2.5978347E+002, 2.2319457E+002, 3.9740303E+002, 5.2057998E+002, 1.1657924E+002, 1.0852551E+001,-2.9685908E-001, 1.0555692E+001, 9.6134001E+001, 2.0021370E+002, 2.5978347E+002, 1.1011693E+002, 9.8935931E+000,-2.8683814E-001, 9.6067550E+000, 9.6121592E+001, 2.0019057E+002, 2.3430144E+002, 1.2299199E+002, 1.1881328E+001,-3.6308508E-001, 1.1518243E+001, 9.6148221E+001, 2.0022520E+002, 2.4331520E+002, 1.0976361E+002, 9.7605520E+000,-2.9436816E-001, 9.4661838E+000, 9.6117041E+001, 2.0017997E+002, 1.5988348E+002, 1.2242788E+002, 1.1596190E+001,-3.1054895E-001, 1.1285641E+001, 9.6145834E+001, 2.0022584E+002, 2.4302567E+002, 1.1657924E+002, 1.2148753E+002, 1.1786945E+001,-3.6242838E-001, 1.1424517E+001, 9.6151524E+001, 2.0278369E+002, 2.2319457E+002, 1.2446531E+002, 1.2670102E+001,-3.8337239E-001, 1.2286730E+001, 9.6165769E+001, 2.0278804E+002, 2.4654877E+002, 1.1133874E+002, 1.0908507E+001,-2.7907422E-001, 1.0629433E+001, 9.6139348E+001, 2.0276338E+002, 2.5754095E+002, 1.1071984E+002, 1.0583891E+001,-3.4429210E-001, 1.0239598E+001, 9.6132793E+001, 2.0275082E+002, 2.4408080E+002, 1.2419838E+002, 1.2638082E+001,-3.3683301E-001, 1.2301249E+001, 9.6164932E+001, 2.0279607E+002, 2.2351383E+002, 1.2148753E+002, 3.2512956E+002
 6.6500111E+001, 1.8051692E-002,-8.0455700E-003, 2.6097262E-002,-1.8816672E-006, 1.9559763E-002, 1.9559763E-002, 1.6327711E-005, 2.7148643E+002, 2.5642936E+002, 2.7148643E+002, 2.5642936E+002, 3.4133896E+002, 5.1140261E+002, 1.1778537E+002, 1.0940155E+001,-3.1463387E-001, 1.0625521E+001, 9.6142234E+001, 2.0008410E+002, 2.7148643E+002, 1.1020392E+002, 9.9462563E+000,-3.1611707E-001, 9.6301392E+000, 9.6129498E+001, 2.0006095E+002, 2.5285075E+002, 1.2302459E+002, 1.1960036E+001,-3.9172684E-001, 1.1568309E+001, 9.6157239E+001, 2.0009557E+002, 2.5568163E+002, 1.0984519E+002, 9.8295524E+000,-3.4909001E-001, 9.4804623E+000, 9.6124860E+001, 2.0005037E+002, 2.3941705E+002, 1.2251602E+002, 1.1710639E+001,-3.0112053E-001, 1.1409519E+001, 9.6154704E+001, 2.0009621E+002, 2.4278170E+002, 1.1778537E+002, 1.2181084E+002, 1.1785239E+001,-3.4150240E-001, 1.1443737E+001, 9.6160349E+001, 2.0265022E+002, 2.5642936E+002, 1.2462490E+002, 1.2686168E+001,-3.7628362E-001, 1.2309885E+001, 9.6175305E+001, 2.0265456E+002, 2.2450029E+002, 1.1143743E+002, 1.0948602E+001,-2.9806493E-001, 1.0650537E+001, 9.6147619E+001, 2.0262989E+002, 2.6267504E+002, 1.1083280E+002, 1.0670804E+001,-3.7658604E-001, 1.0294217E+001, 9.6140946E+001, 2.0261735E+002, 2.8308504E+002, 1.2437633E+002, 1.2574155E+001,-3.1427890E-001, 1.2259876E+001, 9.6174407E+001, 2.0266257E+002, 2.2972437E+002, 1.2181084E+002, 3.2504943E+002
 6.7000376E+001, 1.8397980E-002,-8.0900833E-003, 2.6488063E-002,-1.9703957E-006, 1.9368032E-002, 1.9368032E-002, 1.6842613E-005, 2.6005006E+002, 2.6053768E+002, 2.6005006E+002, 2.6053768E+002, 3.1353928E+002, 5.1435854E+002, 1.1840835E+002, 1.0713194E+001,-3.6504090E-001, 1.0348153E+001, 9.6150592E+001, 1.9995528E+002, 2.6005006E+002, 1.1020524E+002, 9.8362181E+000,-3.4185927E-001, 9.4943589E+000, 9.6137493E+001, 1.9993211E+002, 2.5033242E+002, 1.2289273E+002, 1.1698877E+001,-3.8176651E-001, 1.1317111E+001, 9.6166402E+001, 1.9996673E+002, 2.5768530E+002, 1.0983847E+002, 9.6589271E+000,-3.2996887E-001, 9.3289582E+000, 9.6132766E+001, 1.9992156E+002, 2.2062310E+002, 1.2236790E+002, 1.1495126E+001,-3.5654734E-001, 1.1138578E+001, 9.6163720E+001, 1.9996737E+002, 2.3599812E+002, 1.1840835E+002, 1.2199011E+002, 1.1672462E+001,-3.5040387E-001, 1.1322058E+001, 9.6169317E+001, 2.0251756E+002, 2.6053768E+002, 1.2457581E+002, 1.2409325E+001,-3.8175596E-001, 1.2027569E+001, 9.6184992E+001, 2.0252189E+002, 2.4860200E+002, 1.1146858E+002, 1.0828884E+001,-3.1561900E-001, 1.0513265E+001, 9.6155982E+001, 2.0249721E+002, 2.5853383E+002, 1.1088242E+002, 1.0582869E+001,-3.5588207E-001, 1.0226987E+001, 9.6149189E+001, 2.0248470E+002, 2.3679987E+002, 1.2444913E+002, 1.2446322E+001,-3.3682361E-001, 1.2109499E+001, 9.6184032E+001, 2.0252989E+002, 2.2637604E+002, 1.2199011E+002, 3.2496540E+002
 6.7502643E+001, 1.8541028E-002,-8.0434594E-003, 2.6584487E-002,-2.0323663E-006, 1.9428964E-002, 1.9428964E-002, 1.6773809E-005, 2.6326461E+002, 2.7568007E+002, 2.6326461E+002, 2.7568007E+002, 4.3194084E+002, 5.2819363E+002, 1.1908792E+002, 1.0893072E+001,-3.3011182E-001, 1.0562960E+001, 9.6159105E+001, 1.9982685E+002, 2.6326461E+002, 1.1035550E+002, 9.9246706E+000,-2.9009454E-001, 9.6345760E+000, 9.6145599E+001, 1.9980367E+002, 2.7726788E+002, 1.2310268E+002, 1.1983763E+001,-3.7950509E-001, 1.1604258E+001, 9.6175738E+001, 1.9983828E+002, 2.4992471E+002, 1.0999507E+002, 9.8204085E+000,-3.3736952E-001, 9.4830390E+000, 9.6140783E+001, 1.9979314E+002, 2.3955926E+002, 1.2250601E+002, 1.1654887E+001,-3.1547291E-001, 1.1339414E+001, 9.6172907E+001, 1.9983892E+002, 2.3434283E+002, 1.1908792E+002, 1.2221389E+002, 1.1723633E+001,-3.3353947E-001, 1.1390093E+001, 9.6178458E+001, 2.0238533E+002, 2.7568007E+002, 1.2471446E+002, 1.2582286E+001,-4.2240430E-001, 1.2159882E+001, 9.6194860E+001, 2.0238964E+002, 2.6478757E+002, 1.1322981E+002, 1.0811598E+001,-2.8697007E-001, 1.0524628E+001, 9.6164463E+001, 2.0236496E+002, 2.4751676E+002, 1.1096241E+002, 1.0579666E+001,-3.5651529E-001, 1.0223151E+001, 9.6157549E+001, 2.0235247E+002, 2.2580163E+002, 1.2461643E+002, 1.2522508E+001,-3.3787100E-001, 1.2184637E+001, 9.6193838E+001, 2.0239762E+002, 2.4112901E+002, 1.2221389E+002, 3.2507629E+002
 6.8001453E+001, 1.8027880E-002,-8.4587382E-003, 2.6486618E-002,-2.0719353E-006, 1.9288373E-002, 1.9288373E-002, 1.7224604E-005, 2.4516943E+002, 2.8531792E+002, 2.4516943E+002, 2.8531792E+002, 4.5620469E+002, 5.2720465E+002, 1.1962216E+002, 1.1030803E+001,-3.3401980E-001, 1.0696783E+001, 9.6167737E+001, 1.9969940E+002, 2.4516943E+002, 1.1044587E+002, 9.9765040E+000,-3.1184936E-001, 9.6646546E+000, 9.6153783E+001, 1.9967619E+002, 2.8595813E+002, 1.2329636E+002, 1.2108247E+001,-3.8792579E-001, 1.1720321E+001, 9.6185205E+001, 1.9971080E+002, 2.4830597E+002, 1.1010063E+002, 9.9029862E+000,-3.5929768E-001, 9.5436885E+000, 9.6148877E+001, 1.9966568E+002, 2.2434595E+002, 1.2270634E+002, 1.1824443E+001,-3.1456381E-001, 1.1509879E+001, 9.6182225E+001, 1.9971143E+002, 2.2479559E+002, 1.1962216E+002, 1.2230858E+002, 1.1739773E+001,-3.7741372E-001, 1.1362359E+001, 9.6187730E+001, 2.0225409E+002, 2.8531792E+002, 1.2480502E+002, 1.2610887E+001,-3.9524820E-001, 1.2215639E+001, 9.6204862E+001, 2.0225839E+002, 2.2206363E+002, 1.1536165E+002, 1.0794379E+001,-3.2152602E-001, 1.0472853E+001, 9.6173034E+001, 2.0223370E+002, 2.3953367E+002, 1.1101006E+002, 1.0575638E+001,-4.0796125E-001, 1.0167677E+001, 9.6165986E+001, 2.0222125E+002, 2.7413029E+002, 1.2472125E+002, 1.2560192E+001,-3.4526830E-001, 1.2214923E+001, 9.6203778E+001, 2.0226637E+002, 2.0449915E+002, 1.2230858E+002, 3.2502564E+002
 6.8500888E+001, 1.8827691E-002,-8.1111624E-003, 2.6938854E-002,-1.9311449E-006, 1.9443493E-002, 1.9443493E-002, 1.6892958E-005, 2.2598322E+002, 2.6587058E+002, 2.2598322E+002, 2.6587058E+002, 3.7344706E+002, 5.2510469E+002, 1.1989253E+002, 1.0830684E+001,-3.3107049E-001, 1.0499613E+001, 9.6176478E+001, 1.9957307E+002, 2.2598322E+002, 1.1046621E+002, 9.8739497E+000,-3.1425656E-001, 9.5596931E+000, 9.6162030E+001, 1.9954985E+002, 2.2936949E+002, 1.2330726E+002, 1.1909685E+001,-4.0625527E-001, 1.1503430E+001, 9.6194787E+001, 1.9958445E+002, 2.3940047E+002, 1.1016456E+002, 9.8048642E+000,-2.9037412E-001, 9.5144901E+000, 9.6157033E+001, 1.9953936E+002, 1.8626254E+002, 1.2272643E+002, 1.1608655E+001,-3.1320065E-001, 1.1295454E+001, 9.6191657E+001, 1.9958509E+002, 2.1166159E+002, 1.1989253E+002, 1.2240357E+002, 1.1711905E+001,-3.8058367E-001, 1.1331321E+001, 9.6197118E+001, 2.0212404E+002, 2.6587058E+002, 1.2491690E+002, 1.2591553E+001,-3.9895803E-001, 1.2192594E+001, 9.6214984E+001, 2.0212833E+002, 2.3324502E+002, 1.1678084E+002, 1.0754244E+001,-3.7384951E-001, 1.0380394E+001, 9.6181692E+001, 2.0210363E+002, 2.5731296E+002, 1.1114674E+002, 1.0638706E+001,-3.7390482E-001, 1.0264801E+001, 9.6174489E+001, 2.0209120E+002, 2.2516856E+002, 1.2473891E+002, 1.2447119E+001,-3.5333253E-001, 1.2093787E+001, 9.6213839E+001, 2.0213629E+002, 2.2304763E+002, 1.2240357E+002, 3.2502438E+002
 6.9002000E+001, 1.7405645E-002,-8.5712021E-003, 2.5976847E-002,-1.9959662E-006, 1.9361850E-002, 1.9361850E-002, 1.6555520E-005, 2.5779774E+002, 2.4625842E+002, 2.5779774E+002, 2.4625842E+002, 4.7397179E+002, 5.0859515E+002, 1.2023259E+002, 1.1016799E+001,-3.2340776E-001, 1.0693391E+001, 9.6185374E+001, 1.9944723E+002, 2.5779774E+002, 1.1058926E+002, 9.9668454E+000,-3.1043901E-001, 9.6564064E+000, 9.6170383E+001, 1.9942398E+002, 2.5827154E+002, 1.2347613E+002, 1.2126947E+001,-4.1948032E-001, 1.1707467E+001, 9.6204536E+001, 1.9945858E+002, 2.4688120E+002, 1.1027094E+002, 9.8825157E+000,-3.0101977E-001, 9.5814959E+000, 9.6165295E+001, 1.9941352E+002, 2.4312813E+002, 1.2293509E+002, 1.1825097E+001,-3.0392814E-001, 1.1521169E+001, 9.6201253E+001, 1.9945921E+002, 2.2811923E+002, 1.2023259E+002, 1.2271787E+002, 1.1954295E+001,-3.5969892E-001, 1.1594596E+001, 9.6206672E+001, 2.0199449E+002, 2.4625842E+002, 1.2509634E+002, 1.2760508E+001,-4.3220002E-001, 1.2328308E+001, 9.6225278E+001, 2.0199876E+002, 2.1064552E+002, 1.1795424E+002, 1.0919362E+001,-3.3974812E-001, 1.0579614E+001, 9.6190490E+001, 2.0197406E+002, 2.5557488E+002, 1.1127623E+002, 1.0732763E+001,-3.7719431E-001, 1.0355569E+001, 9.6183102E+001, 2.0196165E+002, 2.0015916E+002, 1.2514994E+002, 1.2847224E+001,-3.2791370E-001, 1.2519310E+001, 9.6224071E+001, 2.0200671E+002, 2.1116010E+002, 1.2271787E+002, 3.2512357E+002
 6.9500597E+001, 1.7295238E-002,-8.0393846E-003, 2.5334622E-002,-1.9684425E-006, 1.9435973E-002, 1.9435973E-002, 1.7038987E-005, 2.6645316E+002, 2.3492223E+002, 2.6645316E+002, 2.3492223E+002, 3.2121196E+002, 5.2583123E+002, 1.2042120E+002, 1.0957777E+001,-3.3684093E-001, 1.0620936E+001, 9.6194397E+001, 1.9932224E+002, 2.6645316E+002, 1.1064801E+002, 9.9444243E+000,-3.1842021E-001, 9.6260041E+000, 9.6178817E+001, 1.9929898E+002, 2.9974166E+002, 1.2364968E+002, 1.2122478E+001,-3.8714309E-001, 1.1735335E+001, 9.6214418E+001, 1.9933358E+002, 2.5428941E+002, 1.1031612E+002, 9.8612969E+000,-3.3752327E-001, 9.5237737E+000, 9.6173637E+001, 1.9928854E+002, 2.4343363E+002, 1.2299252E+002, 1.1745023E+001,-3.2669551E-001, 1.1418328E+001, 9.6210982E+001, 1.9933421E+002, 2.1222842E+002, 1.2042120E+002, 1.2286255E+002, 1.1885478E+001,-3.4581080E-001, 1.1539667E+001, 9.6216361E+001, 2.0186584E+002, 2.3492223E+002, 1.2522804E+002, 1.2778988E+001,-4.7234173E-001, 1.2306646E+001, 9.6235710E+001, 2.0187010E+002, 2.3063206E+002, 1.1870102E+002, 1.0863698E+001,-3.5523695E-001, 1.0508461E+001, 9.6199407E+001, 2.0184539E+002, 2.3077665E+002, 1.1139710E+002, 1.0751347E+001,-3.2799170E-001, 1.0423356E+001, 9.6191796E+001, 2.0183301E+002, 1.8651550E+002, 1.2521386E+002, 1.2666287E+001,-3.5444906E-001, 1.2311838E+001, 9.6234442E+001, 2.0187804E+002, 2.1192892E+002, 1.2286255E+002, 3.2510342E+002
 7.0000878E+001, 1.8888714E-002,-7.6168680E-003, 2.6505582E-002,-1.9741520E-006, 1.9218626E-002, 1.9218626E-002, 1.7287661E-005, 2.2390753E+002, 2.4152244E+002, 2.2390753E+002, 2.4152244E+002, 3.1817102E+002, 5.1283685E+002, 1.2047266E+002, 1.0789617E+001,-3.1265827E-001, 1.0476958E+001, 9.6203546E+001, 1.9919813E+002, 2.2390753E+002, 1.1067202E+002, 9.8321842E+000,-2.9767953E-001, 9.5345047E+000, 9.6187331E+001, 1.9917485E+002, 2.5171091E+002, 1.2366922E+002, 1.1964778E+001,-3.7485239E-001, 1.1589925E+001, 9.6224433E+001, 1.9920944E+002, 2.5530674E+002, 1.1031143E+002, 9.7412293E+000,-3.6297064E-001, 9.3782587E+000, 9.6182057E+001, 1.9916442E+002, 2.4203844E+002, 1.2298227E+002, 1.1593745E+001,-2.9821764E-001, 1.1295528E+001, 9.6220842E+001, 1.9921007E+002, 2.2286718E+002, 1.2047266E+002, 1.2274769E+002, 1.1571555E+001,-3.6203362E-001, 1.1209521E+001, 9.6226184E+001, 2.0173809E+002, 2.4152244E+002, 1.2529543E+002, 1.2677039E+001,-4.2503151E-001, 1.2252008E+001, 9.6246280E+001, 2.0174234E+002, 2.4361582E+002, 1.1909211E+002, 1.0612679E+001,-3.0386071E-001, 1.0308819E+001, 9.6208445E+001, 2.0171762E+002, 2.0335261E+002, 1.1268023E+002, 1.0428935E+001,-3.6486200E-001, 1.0064073E+001, 9.6200573E+001, 2.0170526E+002, 1.9181826E+002, 1.2509398E+002, 1.2374474E+001,-3.5851561E-001, 1.2015958E+001, 9.6244951E+001, 2.0175027E+002, 2.2624752E+002, 1.2274769E+002, 3.2517425E+002
 7.0501289E+001, 1.6978281E-002,-8.5847621E-003, 2.5563043E-002,-1.8037193E-006, 1.9311742E-002, 1.9311742E-002, 1.7176316E-005, 2.8020229E+002, 2.9185971E+002, 2.8020229E+002, 2.9185971E+002, 2.4440810E+002, 5.1873333E+002, 1.2063933E+002, 1.0960719E+001,-3.5595451E-001, 1.0604764E+001, 9.6212847E+001, 1.9907453E+002, 2.8020229E+002, 1.1077911E+002, 9.8955562E+000,-2.9126308E-001, 9.6042932E+000, 9.6195946E+001, 1.9905123E+002, 2.6693811E+002, 1.2385621E+002, 1.2173182E+001,-3.9769648E-001, 1.1775485E+001, 9.6234608E+001, 1.9908582E+002, 2.6506568E+002, 1.1042799E+002, 9.8254215E+000,-3.5692710E-001, 9.4684944E+000, 9.6190579E+001, 1.9904083E+002, 2.1310404E+002, 1.2313974E+002, 1.1747228E+001,-2.8581277E-001, 1.1461415E+001, 9.6230861E+001, 1.9908645E+002, 2.4542700E+002, 1.2063933E+002, 1.2285748E+002, 1.1757836E+001,-3.7039168E-001, 1.1387444E+001, 9.6236166E+001, 2.0161089E+002, 2.9185971E+002, 1.2548286E+002, 1.2753411E+001,-3.7830338E-001, 1.2375107E+001, 9.6257016E+001, 2.0161513E+002, 2.5540174E+002, 1.1935961E+002, 1.0652186E+001,-3.8602698E-001, 1.0266159E+001, 9.6217630E+001, 2.0159040E+002, 2.5735486E+002, 1.1483073E+002, 1.0583086E+001,-3.7475799E-001, 1.0208328E+001, 9.6209464E+001, 2.0157806E+002, 2.0425854E+002, 1.2516220E+002, 1.2523643E+001,-3.6887648E-001, 1.2154767E+001, 9.6255626E+001, 2.0162304E+002, 2.2238420E+002, 1.2285748E+002, 3.2517440E+002
 7.1002464E+001, 1.7667554E-002,-7.7944007E-003, 2.5461955E-002,-1.6569532E-006, 1.9364274E-002, 1.9364274E-002, 1.7661885E-005, 2.6614037E+002, 2.6737375E+002, 2.6614037E+002, 2.6737375E+002, 3.0526530E+002, 5.4390310E+002, 1.2071722E+002, 1.0864278E+001,-3.4795374E-001, 1.0516324E+001, 9.6222290E+001, 1.9895158E+002, 2.6614037E+002, 1.1082807E+002, 9.8467607E+000,-2.8990635E-001, 9.5568543E+000, 9.6204656E+001, 1.9892826E+002, 2.7609941E+002, 1.2400131E+002, 1.2117984E+001,-3.8368295E-001, 1.1734301E+001, 9.6244933E+001, 1.9896285E+002, 2.6122791E+002, 1.1052749E+002, 9.8186709E+000,-3.0754219E-001, 9.5111287E+000, 9.6199194E+001, 1.9891788E+002, 2.7901424E+002, 1.2314554E+002, 1.1642238E+001,-3.3210538E-001, 1.1310132E+001, 9.6241027E+001, 1.9896348E+002, 2.3345414E+002, 1.2071722E+002, 1.2293259E+002, 1.1675397E+001,-3.4552843E-001, 1.1329868E+001, 9.6246299E+001, 2.0148436E+002, 2.6737375E+002, 1.2570600E+002, 1.2856765E+001,-4.1765471E-001, 1.2439110E+001, 9.6267908E+001, 2.0148858E+002, 2.6667734E+002, 1.1959085E+002, 1.0626782E+001,-3.6454450E-001, 1.0262237E+001, 9.6226955E+001, 2.0146385E+002, 2.5340632E+002, 1.1631225E+002, 1.0493650E+001,-3.6671831E-001, 1.0126932E+001, 9.6218470E+001, 2.0145153E+002, 1.9476725E+002, 1.2521137E+002, 1.2425077E+001,-3.3947501E-001, 1.2085602E+001, 9.6266456E+001, 2.0149649E+002, 2.2784942E+002, 1.2293259E+002, 3.2528079E+002
 7.1501765E+001, 1.8902556E-002,-7.5302499E-003, 2.6432806E-002,-1.8724407E-006, 1.9174143E-002, 1.9174143E-002, 1.7679562E-005, 2.6719872E+002, 2.5922284E+002, 2.6719872E+002, 2.5922284E+002, 3.3972991E+002, 5.3491428E+002, 1.2089374E+002, 1.0996911E+001,-3.3384839E-001, 1.0663063E+001, 9.6231857E+001, 1.9882951E+002, 2.6719872E+002, 1.1095732E+002, 9.9253475E+000,-2.5950945E-001, 9.6658381E+000, 9.6213443E+001, 1.9880617E+002, 2.6555293E+002, 1.2419129E+002, 1.2228100E+001,-3.5476960E-001, 1.1873331E+001, 9.6255387E+001, 1.9884076E+002, 2.3533846E+002, 1.1058503E+002, 9.8642624E+000,-3.7663178E-001, 9.4876306E+000, 9.6207885E+001, 1.9879580E+002, 2.4362543E+002, 1.2334239E+002, 1.1793650E+001,-2.8352596E-001, 1.1510124E+001, 9.6251321E+001, 1.9884138E+002, 2.1855648E+002, 1.2089374E+002, 1.2272933E+002, 1.1372577E+001,-3.5633853E-001, 1.1016239E+001, 9.6256561E+001, 2.0135874E+002, 2.5922284E+002, 1.2559325E+002, 1.2568968E+001,-4.3322879E-001, 1.2135739E+001, 9.6278933E+001, 2.0136295E+002, 2.4762673E+002, 1.1966261E+002, 1.0463924E+001,-3.3575717E-001, 1.0128167E+001, 9.6236401E+001, 2.0133821E+002, 2.2771215E+002, 1.1712176E+002, 1.0263985E+001,-3.8018755E-001, 9.8837972E+000, 9.6227583E+001, 2.0132592E+002, 2.2087389E+002, 1.2498789E+002, 1.2099574E+001,-3.3762750E-001, 1.1761947E+001, 9.6277419E+001, 2.0137085E+002, 2.2783542E+002, 1.2272933E+002, 3.2531527E+002
 7.2000356E+001, 1.7898429E-002,-8.3701886E-003, 2.6268618E-002,-1.7442667E-006, 1.9234077E-002, 1.9234077E-002, 1.7535530E-005, 2.2420585E+002, 2.6351704E+002, 2.2420585E+002, 2.6351704E+002, 2.8562327E+002, 5.6335583E+002, 1.2104538E+002, 1.1072001E+001,-3.9494851E-001, 1.0677053E+001, 9.6241531E+001, 1.9870848E+002, 2.2420585E+002, 1.1139156E+002, 9.9771034E+000,-2.9340850E-001, 9.6836949E+000, 9.6222292E+001, 1.9868513E+002, 2.5177760E+002, 1.2450246E+002, 1.2417598E+001,-3.7975912E-001, 1.2037839E+001, 9.6265953E+001, 1.9871971E+002, 2.3421340E+002, 1.1071796E+002, 9.9512080E+000,-3.4942350E-001, 9.6017845E+000, 9.6216639E+001, 1.9867478E+002, 2.5029361E+002, 1.2350443E+002, 1.1876975E+001,-3.3789738E-001, 1.1539078E+001, 9.6261726E+001, 1.9872034E+002, 2.4200214E+002, 1.2104538E+002, 1.2247535E+002, 1.1147125E+001,-3.4095402E-001, 1.0806171E+001, 9.6266935E+001, 2.0123421E+002, 2.6351704E+002, 1.2529058E+002, 1.2237570E+001,-4.5247001E-001, 1.1785100E+001, 9.6290074E+001, 2.0123841E+002, 2.5978871E+002, 1.1952415E+002, 1.0274653E+001,-3.9218270E-001, 9.8824700E+000, 9.6245955E+001, 2.0121367E+002, 2.4006813E+002, 1.1746682E+002, 9.9704084E+000,-4.0927545E-001, 9.5611330E+000, 9.6236793E+001, 2.0120139E+002, 1.7854553E+002, 1.2477856E+002, 1.1964281E+001,-3.3322015E-001, 1.1631060E+001, 9.6288496E+001, 2.0124630E+002, 2.2788413E+002, 1.2247535E+002, 3.2530147E+002
 7.2502693E+001, 1.7645956E-002,-8.4703305E-003, 2.6116287E-002,-1.6973044E-006, 1.9373736E-002, 1.9373736E-002, 1.6888307E-005, 2.4687402E+002, 2.9805927E+002, 2.4687402E+002, 2.9805927E+002, 3.3426636E+002, 5.3128762E+002, 1.2116374E+002, 1.1035023E+001,-3.6302368E-001, 1.0671999E+001, 9.6251368E+001, 1.9858782E+002, 2.4687402E+002, 1.1337570E+002, 9.9201104E+000,-2.6614898E-001, 9.6539614E+000, 9.6231258E+001, 1.9856445E+002, 2.4106989E+002, 1.2456019E+002, 1.2248322E+001,-3.5980587E-001, 1.1888516E+001, 9.6276692E+001, 1.9859903E+002, 2.4014190E+002, 1.1074095E+002, 9.8814931E+000,-3.7320389E-001, 9.5082892E+000, 9.6225505E+001, 1.9855412E+002, 2.3310683E+002, 1.2360160E+002, 1.1847885E+001,-3.4989219E-001, 1.1497993E+001, 9.6272300E+001, 1.9859965E+002, 2.4367785E+002, 1.2116374E+002, 1.2239275E+002, 1.1181475E+001,-3.5402942E-001, 1.0827446E+001, 9.6277478E+001, 2.0111006E+002, 2.9805927E+002, 1.2522798E+002, 1.2315679E+001,-4.7256035E-001, 1.1843119E+001, 9.6301392E+001, 2.0111425E+002, 2.7431505E+002, 1.1953533E+002, 1.0300095E+001,-3.8948777E-001, 9.9106072E+000, 9.6255668E+001, 2.0108950E+002, 2.6490565E+002, 1.1784697E+002, 1.0006699E+001,-3.6147740E-001, 9.6452220E+000, 9.6246154E+001, 2.0107724E+002, 2.2699752E+002, 1.2472084E+002, 1.1983981E+001,-3.3049016E-001, 1.1653491E+001, 9.6299748E+001, 2.0112213E+002, 2.5081838E+002, 1.2239275E+002, 3.2533502E+002
 7.3002669E+001, 1.7143619E-002,-8.1341998E-003, 2.5277819E-002,-1.7768897E-006, 1.9350051E-002, 1.9350051E-002, 1.6819484E-005, 2.2991217E+002, 2.8882707E+002, 2.2991217E+002, 2.8882707E+002, 3.6300690E+002, 5.4166525E+002, 1.2119884E+002, 1.0953990E+001,-3.5593830E-001, 1.0598051E+001, 9.6261351E+001, 1.9846772E+002, 2.2991217E+002, 1.1490580E+002, 9.8745335E+000,-3.2379576E-001, 9.5507378E+000, 9.6240334E+001, 1.9844433E+002, 2.6457493E+002, 1.2454886E+002, 1.2083175E+001,-3.4889186E-001, 1.1734284E+001, 9.6287585E+001, 1.9847892E+002, 2.1747947E+002, 1.1076031E+002, 9.7917575E+000,-3.7705471E-001, 9.4147027E+000, 9.6234467E+001, 1.9843402E+002, 2.0529633E+002, 1.2369215E+002, 1.1828700E+001,-3.1550624E-001, 1.1513194E+001, 9.6283025E+001, 1.9847954E+002, 2.1408750E+002, 1.2119884E+002, 1.2245041E+002, 1.1315780E+001,-3.7417964E-001, 1.0941600E+001, 9.6288171E+001, 2.0098650E+002, 2.8882707E+002, 1.2522846E+002, 1.2289870E+001,-4.1895089E-001, 1.1870920E+001, 9.6312866E+001, 2.0099069E+002, 2.6791410E+002, 1.1967597E+002, 1.0398876E+001,-3.2785773E-001, 1.0071018E+001, 9.6265524E+001, 2.0096592E+002, 2.7054976E+002, 1.1817841E+002, 1.0098416E+001,-3.8875368E-001, 9.7096620E+000, 9.6255651E+001, 2.0095369E+002, 2.6122656E+002, 1.2481265E+002, 1.2134700E+001,-3.3968681E-001, 1.1795013E+001, 9.6311155E+001, 2.0099855E+002, 2.4574194E+002, 1.2245041E+002, 3.2526414E+002
 7.3500500E+001, 1.7652047E-002,-8.0307328E-003, 2.5682780E-002,-1.8520992E-006, 1.9624671E-002, 1.9624671E-002, 1.5632561E-005, 2.3182511E+002, 2.5165254E+002, 2.3182511E+002, 2.5165254E+002, 3.1104922E+002, 4.9357305E+002, 1.2147198E+002, 1.1249491E+001,-3.9094188E-001, 1.0858549E+001, 9.6271420E+001, 1.9834889E+002, 2.3182511E+002, 1.1611153E+002, 1.0064029E+001,-3.5172544E-001, 9.7123040E+000, 9.6249476E+001, 1.9832548E+002, 2.4463493E+002, 1.2471798E+002, 1.2293273E+001,-3.6058038E-001, 1.1932692E+001, 9.6298569E+001, 1.9836006E+002, 2.4761809E+002, 1.1095147E+002, 1.0038879E+001,-3.9966329E-001, 9.6392158E+000, 9.6243474E+001, 1.9831519E+002, 2.8879845E+002, 1.2402905E+002, 1.2136356E+001,-3.3547197E-001, 1.1800884E+001, 9.6293838E+001, 1.9836068E+002, 2.2496174E+002, 1.2147198E+002, 1.2242537E+002, 1.1229069E+001,-3.7912826E-001, 1.0849941E+001, 9.6298950E+001, 2.0086425E+002, 2.5165254E+002, 1.2517085E+002, 1.2176844E+001,-3.9129119E-001, 1.1785552E+001, 9.6324429E+001, 2.0086842E+002, 2.5208297E+002, 1.1978221E+002, 1.0385484E+001,-3.3243047E-001, 1.0053054E+001, 9.6275464E+001, 2.0084365E+002, 2.8494745E+002, 1.1843345E+002, 1.0117311E+001,-3.8705275E-001, 9.7302586E+000, 9.6265230E+001, 2.0083143E+002, 2.9818227E+002, 1.2474580E+002, 1.1980028E+001,-3.7293951E-001, 1.1607088E+001, 9.6322650E+001, 2.0087628E+002, 2.3294935E+002, 1.2242537E+002, 3.2524584E+002
 7.4001913E+001, 1.9302770E-002,-8.0604163E-003, 2.7363186E-002,-2.0077108E-006, 1.9382043E-002, 1.9382043E-002, 1.6589795E-005, 2.3280490E+002, 2.1363363E+002, 2.3280490E+002, 2.1363363E+002, 3.6716046E+002, 5.3698142E+002, 1.2148359E+002, 1.0983972E+001,-4.0422504E-001, 1.0579747E+001, 9.6281636E+001, 1.9823059E+002, 2.3280490E+002, 1.1687417E+002, 9.8878677E+000,-3.1086073E-001, 9.5770070E+000, 9.6258744E+001, 1.9820716E+002, 2.6370418E+002, 1.2471851E+002, 1.2040644E+001,-3.4912112E-001, 1.1691522E+001, 9.6309706E+001, 1.9824175E+002, 2.5394726E+002, 1.1147954E+002, 9.8961702E+000,-3.7518671E-001, 9.5209835E+000, 9.6252578E+001, 1.9819689E+002, 2.1499321E+002, 1.2399250E+002, 1.1790417E+001,-3.7078353E-001, 1.1419634E+001, 9.6304803E+001, 1.9824237E+002, 2.5268376E+002, 1.2148359E+002, 1.2254292E+002, 1.1324194E+001,-3.4060975E-001, 1.0983584E+001, 9.6309877E+001, 2.0074256E+002, 2.1363363E+002, 1.2534396E+002, 1.2374349E+001,-3.8077359E-001, 1.1993576E+001, 9.6336147E+001, 2.0074673E+002, 2.3478098E+002, 1.1986820E+002, 1.0391983E+001,-3.3354031E-001, 1.0058442E+001, 9.6285547E+001, 2.0072194E+002, 2.6081381E+002, 1.1871367E+002, 1.0176623E+001,-3.3288742E-001, 9.8437359E+000, 9.6274947E+001, 2.0070975E+002, 2.3428713E+002, 1.2485300E+002, 1.2071390E+001,-3.2486138E-001, 1.1746529E+001, 9.6334298E+001, 2.0075457E+002, 2.4580058E+002, 1.2254292E+002, 3.2525754E+002
 7.4502768E+001, 1.7264184E-002,-8.7720502E-003, 2.6036234E-002,-1.9774357E-006, 1.9348346E-002, 1.9348346E-002, 1.6386623E-005, 2.3778605E+002, 2.9599861E+002, 2.3778605E+002, 2.9599861E+002, 4.2729908E+002, 5.1169124E+002, 1.2142189E+002, 1.0879617E+001,-3.4852089E-001, 1.0531096E+001, 9.6292013E+001, 1.9811265E+002, 2.3778605E+002, 1.1730446E+002, 9.7822011E+000,-3.0620030E-001, 9.4760008E+000, 9.6268157E+001, 1.9808920E+002, 2.3787562E+002, 1.2464121E+002, 1.1970582E+001,-3.4151247E-001, 1.1629070E+001, 9.6321014E+001, 1.9812379E+002, 2.6284021E+002, 1.1328412E+002, 9.7153777E+000,-4.0106140E-001, 9.3143163E+000, 9.6261798E+001, 1.9807895E+002, 2.0561221E+002, 1.2397077E+002, 1.1760377E+001,-3.1712684E-001, 1.1443250E+001, 9.6315938E+001, 1.9812440E+002, 2.3679820E+002, 1.2142189E+002, 1.2275407E+002, 1.1517104E+001,-3.7372803E-001, 1.1143376E+001, 9.6320971E+001, 2.0062124E+002, 2.9599861E+002, 1.2551661E+002, 1.2500387E+001,-4.1970332E-001, 1.2080684E+001, 9.6348039E+001, 2.0062540E+002, 2.1897335E+002, 1.2002019E+002, 1.0478416E+001,-3.1988743E-001, 1.0158529E+001, 9.6295789E+001, 2.0060060E+002, 2.3582631E+002, 1.1896550E+002, 1.0299368E+001,-3.7929231E-001, 9.9200753E+000, 9.6284820E+001, 2.0058843E+002, 2.6932678E+002, 1.2511505E+002, 1.2327095E+001,-3.3741650E-001, 1.1989678E+001, 9.6346118E+001, 2.0063323E+002, 2.2691418E+002, 1.2275407E+002, 3.2523088E+002
 7.5000395E+001, 1.7962455E-002,-8.7733592E-003, 2.6735814E-002,-1.8358878E-006, 1.9481156E-002, 1.9481156E-002, 1.6404302E-005, 2.6623601E+002, 2.4628573E+002, 2.6623601E+002, 2.4628573E+002, 2.4914005E+002, 5.1874738E+002, 1.2170505E+002, 1.1184933E+001,-3.7592079E-001, 1.0809013E+001, 9.6302482E+001, 1.9799586E+002, 2.6623601E+002, 1.1777872E+002, 9.9441060E+000,-3.2940267E-001, 9.6147033E+000, 9.6277652E+001, 1.9797240E+002, 2.6824998E+002, 1.2494877E+002, 1.2320699E+001,-3.7424112E-001, 1.1946458E+001, 9.6332416E+001, 1.9800698E+002, 2.5468739E+002, 1.1491361E+002, 9.9571437E+000,-4.1896289E-001, 9.5381808E+000, 9.6271080E+001, 1.9796216E+002, 2.9763649E+002, 1.2424432E+002, 1.2000527E+001,-3.2225754E-001, 1.1678269E+001, 9.6327164E+001, 1.9800760E+002, 2.2876994E+002, 1.2170505E+002, 1.2289515E+002, 1.1440223E+001,-3.5541645E-001, 1.1084807E+001, 9.6332154E+001, 2.0050112E+002, 2.4628573E+002, 1.2574238E+002, 1.2567275E+001,-4.1580491E-001, 1.2151470E+001, 9.6360023E+001, 2.0050527E+002, 2.3274621E+002, 1.2011774E+002, 1.0421872E+001,-3.3006808E-001, 1.0091804E+001, 9.6306118E+001, 2.0048046E+002, 2.2522681E+002, 1.1923121E+002, 1.0314073E+001,-3.4732992E-001, 9.9667436E+000, 9.6294780E+001, 2.0046831E+002, 1.9862001E+002, 1.2519931E+002, 1.2190022E+001,-3.5857688E-001, 1.1831445E+001, 9.6358029E+001, 2.0051309E+002, 2.1524485E+002, 1.2289515E+002, 3.2536065E+002
 7.5501334E+001, 1.8144339E-002,-8.1778379E-003, 2.6322177E-002,-1.8542513E-006, 1.9179122E-002, 1.9179122E-002, 1.7907566E-005, 2.1765770E+002, 2.4317914E+002, 2.1765770E+002, 2.4317914E+002, 2.9312540E+002, 5.3646633E+002, 1.2164021E+002, 1.0976750E+001,-3.8750249E-001, 1.0589248E+001, 9.6313080E+001, 1.9787975E+002, 2.1765770E+002, 1.1797144E+002, 9.8519732E+000,-3.7070827E-001, 9.4812649E+000, 9.6287267E+001, 1.9785628E+002, 2.6117361E+002, 1.2497570E+002, 1.2215091E+001,-3.5776432E-001, 1.1857327E+001, 9.6343954E+001, 1.9789087E+002, 2.4915225E+002, 1.1586103E+002, 9.8169021E+000,-4.4024737E-001, 9.3766548E+000, 9.6280468E+001, 1.9784605E+002, 2.5587862E+002, 1.2416520E+002, 1.1792485E+001,-3.4630318E-001, 1.1446182E+001, 9.6338526E+001, 1.9789148E+002, 2.1723328E+002, 1.2164021E+002, 1.2289433E+002, 1.1310535E+001,-3.2814406E-001, 1.0982391E+001, 9.6343469E+001, 2.0038171E+002, 2.4317914E+002, 1.2588709E+002, 1.2548038E+001,-3.9433802E-001, 1.2153700E+001, 9.6372144E+001, 2.0038585E+002, 2.6570850E+002, 1.2012446E+002, 1.0321325E+001,-2.9029673E-001, 1.0031028E+001, 9.6316575E+001, 2.0036103E+002, 2.2921412E+002, 1.1926524E+002, 1.0119289E+001,-3.0635591E-001, 9.8129326E+000, 9.6304866E+001, 2.0034890E+002, 1.3378760E+002, 1.2521287E+002, 1.2107052E+001,-3.3333229E-001, 1.1773720E+001, 9.6370077E+001, 2.0039367E+002, 2.3550440E+002, 1.2289433E+002, 3.2536379E+002
 7.6001083E+001, 1.8684231E-002,-7.6126538E-003, 2.6296885E-002,-1.6952552E-006, 1.9326525E-002, 1.9326525E-002, 1.7273153E-005, 2.5189890E+002, 2.7946500E+002, 2.5189890E+002, 2.7946500E+002, 3.5702001E+002, 5.4145106E+002, 1.2172696E+002, 1.1028131E+001,-3.9784355E-001, 1.0630288E+001, 9.6323830E+001, 1.9776410E+002, 2.5189890E+002, 1.1815834E+002, 9.8317126E+000,-3.4972824E-001, 9.4819844E+000, 9.6297023E+001, 1.9774061E+002, 2.3110606E+002, 1.2506246E+002, 1.2196627E+001,-3.9744426E-001, 1.1799183E+001, 9.6355653E+001, 1.9777520E+002, 2.6244023E+002, 1.1661653E+002, 9.8224986E+000,-3.8630051E-001, 9.4361981E+000, 9.6289987E+001, 1.9773040E+002, 1.9139224E+002, 1.2426862E+002, 1.1862055E+001,-3.4712958E-001, 1.1514926E+001, 9.6350045E+001, 1.9777581E+002, 2.4094162E+002, 1.2172696E+002, 1.2284498E+002, 1.1207769E+001,-3.3638288E-001, 1.0871386E+001, 9.6354940E+001, 2.0026277E+002, 2.7946500E+002, 1.2582860E+002, 1.2362442E+001,-3.9494786E-001, 1.1967494E+001, 9.6384429E+001, 2.0026690E+002, 2.5800503E+002, 1.2014597E+002, 1.0270553E+001,-2.7076577E-001, 9.9997872E+000, 9.6327181E+001, 2.0024208E+002, 2.2037163E+002, 1.1919435E+002, 9.9944748E+000,-3.4923541E-001, 9.6452394E+000, 9.6315099E+001, 2.0022996E+002, 2.1226412E+002, 1.2522955E+002, 1.2064695E+001,-3.2808779E-001, 1.1736607E+001, 9.6382285E+001, 2.0027471E+002, 2.1956348E+002, 1.2284498E+002, 3.2538103E+002
 7.6501260E+001, 1.6885691E-002,-8.2914533E-003, 2.5177145E-002,-1.8358214E-006, 1.9209115E-002, 1.9209115E-002, 1.7336255E-005, 2.1570277E+002, 2.9009228E+002, 2.1570277E+002, 2.9009228E+002, 4.3261026E+002, 5.2927573E+002, 1.2201197E+002, 1.1252629E+001,-3.6209029E-001, 1.0890539E+001, 9.6334699E+001, 1.9764923E+002, 2.1570277E+002, 1.1841813E+002, 9.9639638E+000,-3.4550876E-001, 9.6184551E+000, 9.6306892E+001, 1.9762572E+002, 2.5192587E+002, 1.2528613E+002, 1.2400385E+001,-4.1111421E-001, 1.1989271E+001, 9.6367476E+001, 1.9766031E+002, 2.3161606E+002, 1.1730885E+002, 9.9931831E+000,-3.7422013E-001, 9.6189630E+000, 9.6299611E+001, 1.9761553E+002, 2.1045492E+002, 1.2452575E+002, 1.2079837E+001,-3.5308042E-001, 1.1726757E+001, 9.6361688E+001, 1.9766092E+002, 2.1773067E+002, 1.2201197E+002, 1.2310994E+002, 1.1547344E+001,-3.5523018E-001, 1.1192114E+001, 9.6366532E+001, 2.0014464E+002, 2.9009228E+002, 1.2616121E+002, 1.2742729E+001,-4.3531154E-001, 1.2307418E+001, 9.6396839E+001, 2.0014877E+002, 2.5413104E+002, 1.2030295E+002, 1.0479573E+001,-3.3147924E-001, 1.0148093E+001, 9.6337903E+001, 2.0012393E+002, 2.6736513E+002, 1.1939430E+002, 1.0312395E+001,-4.1255731E-001, 9.8998377E+000, 9.6325449E+001, 2.0011183E+002, 2.1620199E+002, 1.2548534E+002, 1.2331586E+001,-3.2689851E-001, 1.2004687E+001, 9.6394618E+001, 2.0015656E+002, 2.2028010E+002, 1.2310994E+002, 3.2541624E+002
 7.7001255E+001, 1.7737851E-002,-8.3842528E-003, 2.6122104E-002,-1.9457823E-006, 1.9305641E-002, 1.9305641E-002, 1.7030767E-005, 2.4816279E+002, 2.5384723E+002, 2.4816279E+002, 2.5384723E+002, 3.7227058E+002, 5.1498550E+002, 1.2196128E+002, 1.0999931E+001,-3.7811471E-001, 1.0621816E+001, 9.6345700E+001, 1.9753501E+002, 2.4816279E+002, 1.1853865E+002, 9.8813404E+000,-3.3445930E-001, 9.5468811E+000, 9.6316884E+001, 1.9751148E+002, 2.3779245E+002, 1.2525626E+002, 1.2169088E+001,-3.8898776E-001, 1.1780100E+001, 9.6379438E+001, 1.9754608E+002, 2.4579870E+002, 1.1758255E+002, 9.8171074E+000,-4.1538773E-001, 9.4017196E+000, 9.6309355E+001, 1.9750130E+002, 2.4015985E+002, 1.2444995E+002, 1.1803872E+001,-3.6408418E-001, 1.1439788E+001, 9.6373467E+001, 1.9754668E+002, 2.0807155E+002, 1.2196128E+002, 1.2338074E+002, 1.1663686E+001,-3.4989775E-001, 1.1313789E+001, 9.6378257E+001, 2.0002718E+002, 2.5384723E+002, 1.2630581E+002, 1.2676284E+001,-4.2744632E-001, 1.2248838E+001, 9.6409390E+001, 2.0003131E+002, 2.5202799E+002, 1.2049687E+002, 1.0614546E+001,-3.6379006E-001, 1.0250756E+001, 9.6348753E+001, 2.0000646E+002, 2.7440131E+002, 1.1960179E+002, 1.0418261E+001,-4.3112957E-001, 9.9871313E+000, 9.6335925E+001, 1.9999437E+002, 2.9001967E+002, 1.2575560E+002, 1.2436325E+001,-3.3426762E-001, 1.2102058E+001, 9.6407088E+001, 2.0003910E+002, 2.0758929E+002, 1.2338074E+002, 3.2539378E+002
 7.7500045E+001, 1.8144171E-002,-8.1863940E-003, 2.6330565E-002,-1.9692690E-006, 1.9361441E-002, 1.9361441E-002, 1.6595258E-005, 2.5340055E+002, 2.2850280E+002, 2.5340055E+002, 2.2850280E+002, 3.5018391E+002, 5.2772505E+002, 1.2191940E+002, 1.0902299E+001,-3.6701738E-001, 1.0535282E+001, 9.6356812E+001, 1.9742163E+002, 2.5340055E+002, 1.1857569E+002, 9.8052646E+000,-3.5412256E-001, 9.4511420E+000, 9.6326982E+001, 1.9739808E+002, 2.6344645E+002, 1.2514828E+002, 1.2008357E+001,-4.1010227E-001, 1.1598255E+001, 9.6391515E+001, 1.9743269E+002, 2.6172160E+002, 1.1778619E+002, 9.7221347E+000,-3.8313571E-001, 9.3389990E+000, 9.6319203E+001, 1.9738792E+002, 2.1632998E+002, 1.2442472E+002, 1.1745452E+001,-3.4645337E-001, 1.1398999E+001, 9.6385360E+001, 1.9743329E+002, 2.4053353E+002, 1.2191940E+002, 1.2349424E+002, 1.1548981E+001,-3.3957590E-001, 1.1209405E+001, 9.6390094E+001, 1.9991060E+002, 2.2850280E+002, 1.2628917E+002, 1.2463256E+001,-4.0419988E-001, 1.2059057E+001, 9.6422057E+001, 1.9991472E+002, 2.3709022E+002, 1.2068165E+002, 1.0617747E+001,-3.2555739E-001, 1.0292189E+001, 9.6359712E+001, 1.9988986E+002, 2.4279566E+002, 1.1968597E+002, 1.0293813E+001,-4.0590490E-001, 9.8879083E+000, 9.6346510E+001, 1.9987779E+002, 1.7888233E+002, 1.2594686E+002, 1.2450698E+001,-3.3187854E-001, 1.2118819E+001, 9.6419674E+001, 1.9992250E+002, 2.2417623E+002, 1.2349424E+002, 3.2540796E+002
 7.8002313E+001, 1.8085476E-002,-8.6611472E-003, 2.6746623E-002,-2.0099808E-006, 1.9423893E-002, 1.9423893E-002, 1.6934808E-005, 2.5832576E+002, 2.4560955E+002, 2.5832576E+002, 2.4560955E+002, 4.7677725E+002, 5.2841256E+002, 1.2184051E+002, 1.0729369E+001,-3.4011716E-001, 1.0389252E+001, 9.6368077E+001, 1.9730866E+002, 2.5832576E+002, 1.1854569E+002, 9.6601392E+000,-3.3804827E-001, 9.3220910E+000, 9.6337224E+001, 1.9728510E+002, 2.5364267E+002, 1.2512048E+002, 1.1920421E+001,-3.8014216E-001, 1.1540279E+001, 9.6403754E+001, 1.9731971E+002, 2.5940529E+002, 1.1788945E+002, 9.6264273E+000,-3.8456471E-001, 9.2418626E+000, 9.6329191E+001, 1.9727495E+002, 1.7729299E+002, 1.2427517E+002, 1.1486097E+001,-3.2993518E-001, 1.1156162E+001, 9.6397412E+001, 1.9732031E+002, 2.4532052E+002, 1.2184051E+002, 1.2371067E+002, 1.1655001E+001,-3.3816702E-001, 1.1316834E+001, 9.6402088E+001, 1.9979445E+002, 2.4560955E+002, 1.2651765E+002, 1.2683434E+001,-4.1767356E-001, 1.2265761E+001, 9.6434889E+001, 1.9979857E+002, 2.3455046E+002, 1.2088264E+002, 1.0677621E+001,-3.3502078E-001, 1.0342600E+001, 9.6370822E+001, 1.9977369E+002, 2.3551636E+002, 1.1988938E+002, 1.0471379E+001,-4.2473320E-001, 1.0046646E+001, 9.6357243E+001, 1.9976164E+002, 2.0381070E+002, 1.2612154E+002, 1.2429027E+001,-3.1253210E-001, 1.2116495E+001, 9.6432422E+001, 1.9980634E+002, 2.2788983E+002, 1.2371067E+002, 3.2536525E+002
 7.8501766E+001, 1.6989543E-002,-8.6372223E-003, 2.5626766E-002,-1.9144382E-006, 1.9299804E-002, 1.9299804E-002, 1.6664647E-005, 2.9668544E+002, 2.7073285E+002, 2.9668544E+002, 2.7073285E+002, 3.6281682E+002, 5.1037577E+002, 1.2180242E+002, 1.0727574E+001,-3.1652391E-001, 1.0411050E+001, 9.6379474E+001, 1.9719630E+002, 2.9668544E+002, 1.1850743E+002, 9.6145722E+000,-3.3040504E-001, 9.2841671E+000, 9.6347591E+001, 1.9717272E+002, 2.5318653E+002, 1.2505892E+002, 1.1895977E+001,-3.8928484E-001, 1.1506693E+001, 9.6416131E+001, 1.9720733E+002, 2.6375173E+002, 1.1788239E+002, 9.5379731E+000,-3.9199643E-001, 9.1459767E+000, 9.6339304E+001, 1.9716259E+002, 2.0401485E+002, 1.2426346E+002, 1.1536284E+001,-3.0032810E-001, 1.1235956E+001, 9.6409601E+001, 1.9720793E+002, 2.4249069E+002, 1.2180242E+002, 1.2398763E+002, 1.1913251E+001,-3.7505613E-001, 1.1538195E+001, 9.6414220E+001, 1.9967893E+002, 2.7073285E+002, 1.2661902E+002, 1.2668811E+001,-4.0274882E-001, 1.2266063E+001, 9.6447864E+001, 1.9968304E+002, 2.5804523E+002, 1.2116418E+002, 1.0929602E+001,-3.4619938E-001, 1.0583403E+001, 9.6382062E+001, 1.9965815E+002, 2.3279267E+002, 1.2002368E+002, 1.0477950E+001,-3.8730834E-001, 1.0090642E+001, 9.6368105E+001, 1.9964611E+002, 1.8872591E+002, 1.2660437E+002, 1.2900723E+001,-3.4094693E-001, 1.2559776E+001, 9.6445313E+001, 1.9969080E+002, 2.2016892E+002, 1.2398763E+002, 3.2536655E+002
 7.9001484E+001, 1.8450145E-002,-7.5440104E-003, 2.5994156E-002,-1.8689419E-006, 1.9339118E-002, 1.9339118E-002, 1.6576709E-005, 2.8639247E+002, 2.5196852E+002, 2.8639247E+002, 2.5196852E+002, 3.4344357E+002, 5.1479826E+002, 1.2183562E+002, 1.0810792E+001,-3.7173473E-001, 1.0439058E+001, 9.6390966E+001, 1.9708488E+002, 2.8639247E+002, 1.1857419E+002, 9.7049813E+000,-3.5010851E-001, 9.3548728E+000, 9.6358051E+001, 1.9706128E+002, 2.9484064E+002, 1.2505487E+002, 1.1929866E+001,-4.1938797E-001, 1.1510479E+001, 9.6428607E+001, 1.9709590E+002, 2.6517491E+002, 1.1793441E+002, 9.5739046E+000,-4.2877807E-001, 9.1451266E+000, 9.6349509E+001, 1.9705117E+002, 2.5720553E+002, 1.2439954E+002, 1.1726108E+001,-3.2135746E-001, 1.1404751E+001, 9.6421888E+001, 1.9709650E+002, 2.2507048E+002, 1.2183562E+002, 1.2398107E+002, 1.1564897E+001,-3.8209726E-001, 1.1182800E+001, 9.6426450E+001, 1.9956438E+002, 2.5196852E+002, 1.2666382E+002, 1.2546843E+001,-4.3663606E-001, 1.2110207E+001, 9.6460940E+001, 1.9956849E+002, 2.6014862E+002, 1.2119985E+002, 1.0649952E+001,-3.7274984E-001, 1.0277203E+001, 9.6393399E+001, 1.9954359E+002, 2.1557705E+002, 1.2016470E+002, 1.0394579E+001,-4.0194367E-001, 9.9926353E+000, 9.6379064E+001, 1.9953157E+002, 1.7704292E+002, 1.2651232E+002, 1.2394323E+001,-3.5918332E-001, 1.2035140E+001, 9.6458305E+001, 1.9957624E+002, 2.2364796E+002, 1.2398107E+002, 3.2539931E+002
 7.9501053E+001, 1.8019622E-002,-8.0644574E-003, 2.6084079E-002,-2.0218658E-006, 1.9539124E-002, 1.9539124E-002, 1.6396221E-005, 2.5424709E+002, 2.8755738E+002, 2.5424709E+002, 2.8755738E+002, 4.0922819E+002, 5.1550237E+002, 1.2207365E+002, 1.1083545E+001,-3.9981895E-001, 1.0683726E+001, 9.6402583E+001, 1.9697411E+002, 2.5424709E+002, 1.1875311E+002, 9.8789410E+000,-3.7492746E-001, 9.5040135E+000, 9.6368629E+001, 1.9695050E+002, 2.6864651E+002, 1.2535526E+002, 1.2297930E+001,-4.1743658E-001, 1.1880493E+001, 9.6441214E+001, 1.9698512E+002, 2.5416198E+002, 1.1817301E+002, 9.8536929E+000,-4.5331688E-001, 9.4003760E+000, 9.6359831E+001, 1.9694039E+002, 2.6136887E+002, 1.2463038E+002, 1.1913707E+001,-3.6974900E-001, 1.1543958E+001, 9.6434303E+001, 1.9698572E+002, 2.1931542E+002, 1.2207365E+002, 1.2388620E+002, 1.1497091E+001,-3.8683741E-001, 1.1110253E+001, 9.6438810E+001, 1.9945051E+002, 2.8755738E+002, 1.2669119E+002, 1.2661340E+001,-4.6284733E-001, 1.2198493E+001, 9.6474151E+001, 1.9945461E+002, 2.6381999E+002, 1.2106172E+002, 1.0485650E+001,-3.7530769E-001, 1.0110342E+001, 9.6404861E+001, 1.9942969E+002, 2.3877093E+002, 1.2007597E+002, 1.0276447E+001,-4.1218874E-001, 9.8642586E+000, 9.6390146E+001, 1.9941769E+002, 1.8413180E+002, 1.2636283E+002, 1.2270295E+001,-3.7086667E-001, 1.1899428E+001, 9.6471431E+001, 1.9946235E+002, 2.2357873E+002, 1.2388620E+002, 3.2553173E+002
 8.0002271E+001, 1.8859672E-002,-8.3335715E-003, 2.7193243E-002,-1.9010453E-006, 1.9270072E-002, 1.9270072E-002, 1.7745682E-005, 2.5050318E+002, 2.6223458E+002, 2.5050318E+002, 2.6223458E+002, 2.4771880E+002, 5.3961765E+002, 1.2214354E+002, 1.0937172E+001,-3.6510690E-001, 1.0572065E+001, 9.6414340E+001, 1.9686383E+002, 2.5050318E+002, 1.1883531E+002, 9.8355885E+000,-3.8489552E-001, 9.4506930E+000, 9.6379340E+001, 1.9684020E+002, 2.6289044E+002, 1.2546003E+002, 1.2115308E+001,-3.9411181E-001, 1.1721196E+001, 9.6453967E+001, 1.9687483E+002, 2.6052138E+002, 1.1830039E+002, 9.7224433E+000,-3.8632200E-001, 9.3361213E+000, 9.6370285E+001, 1.9683011E+002, 2.2039071E+002, 1.2469027E+002, 1.1764976E+001,-3.5383872E-001, 1.1411138E+001, 9.6446863E+001, 1.9687543E+002, 2.2711468E+002, 1.2214354E+002, 1.2387027E+002, 1.1450540E+001,-4.0649777E-001, 1.1044042E+001, 9.6451317E+001, 1.9933715E+002, 2.6223458E+002, 1.2675556E+002, 1.2522568E+001,-4.5068268E-001, 1.2071885E+001, 9.6487514E+001, 1.9934125E+002, 2.5840397E+002, 1.2101876E+002, 1.0421403E+001,-3.6637309E-001, 1.0055030E+001, 9.6416463E+001, 1.9931631E+002, 2.4776313E+002, 1.2008109E+002, 1.0235464E+001,-4.3267401E-001, 9.8027900E+000, 9.6401367E+001, 1.9930432E+002, 2.7280097E+002, 1.2636832E+002, 1.2300924E+001,-3.9489200E-001, 1.1906032E+001, 9.6484710E+001, 1.9934898E+002, 2.2370237E+002, 1.2387027E+002, 3.2548713E+002
 8.0500849E+001, 1.7705931E-002,-8.2875008E-003, 2.5993432E-002,-1.8358256E-006, 1.9387474E-002, 1.9387474E-002, 1.7206358E-005, 2.3828299E+002, 2.5076100E+002, 2.3828299E+002, 2.5076100E+002, 2.6126155E+002, 5.4030402E+002, 1.2218128E+002, 1.0879687E+001,-3.5912014E-001, 1.0520567E+001, 9.6426207E+001, 1.9675431E+002, 2.3828299E+002, 1.1890520E+002, 9.7396022E+000,-3.1129860E-001, 9.4283036E+000, 9.6390157E+001, 1.9673066E+002, 2.4187608E+002, 1.2554306E+002, 1.2171388E+001,-4.4356243E-001, 1.1727826E+001, 9.6466837E+001, 1.9676529E+002, 2.5343045E+002, 1.1834084E+002, 9.7134843E+000,-4.5929868E-001, 9.2541856E+000, 9.6380845E+001, 1.9672058E+002, 2.3726513E+002, 1.2467304E+002, 1.1668645E+001,-3.5614610E-001, 1.1312499E+001, 9.6459538E+001, 1.9676589E+002, 2.4238489E+002, 1.2218128E+002, 1.2399162E+002, 1.1504038E+001,-3.5392829E-001, 1.1150110E+001, 9.6463938E+001, 1.9922457E+002, 2.5076100E+002, 1.2685799E+002, 1.2556291E+001,-4.0804824E-001, 1.2148243E+001, 9.6500996E+001, 1.9922866E+002, 2.7185493E+002, 1.2115215E+002, 1.0576162E+001,-3.5635390E-001, 1.0219809E+001, 9.6428176E+001, 1.9920372E+002, 2.8772582E+002, 1.2015258E+002, 1.0300378E+001,-4.3589410E-001, 9.8644839E+000, 9.6412697E+001, 1.9919174E+002, 2.5735115E+002, 1.2645615E+002, 1.2296148E+001,-3.4623917E-001, 1.1949909E+001, 9.6498107E+001, 1.9923639E+002, 2.2246375E+002, 1.2399162E+002, 3.2555317E+002
 8.1000979E+001, 1.9550148E-002,-7.7150625E-003, 2.7265211E-002,-1.8475626E-006, 1.9324823E-002, 1.9324823E-002, 1.7695837E-005, 2.7044329E+002, 2.8162448E+002, 2.7044329E+002, 2.8162448E+002, 2.7474753E+002, 5.5014260E+002, 1.2225976E+002, 1.0924819E+001,-4.0969490E-001, 1.0515124E+001, 9.6438183E+001, 1.9664555E+002, 2.7044329E+002, 1.1890125E+002, 9.6937017E+000,-3.6366781E-001, 9.3300339E+000, 9.6401077E+001, 1.9662188E+002, 2.3954310E+002, 1.2571016E+002, 1.2142885E+001,-3.8565749E-001, 1.1757227E+001, 9.6479820E+001, 1.9665653E+002, 2.3023632E+002, 1.1841368E+002, 9.7087822E+000,-4.3965668E-001, 9.2691255E+000, 9.6391510E+001, 1.9661182E+002, 2.8822190E+002, 1.2478625E+002, 1.1744867E+001,-3.6961058E-001, 1.1375257E+001, 9.6472325E+001, 1.9665712E+002, 2.1128469E+002, 1.2225976E+002, 1.2384712E+002, 1.1223490E+001,-3.3094280E-001, 1.0892547E+001, 9.6476671E+001, 1.9911278E+002, 2.8162448E+002, 1.2677756E+002, 1.2333890E+001,-4.2950464E-001, 1.1904386E+001, 9.6514594E+001, 1.9911687E+002, 2.5483878E+002, 1.2102272E+002, 1.0296975E+001,-3.4793117E-001, 9.9490443E+000, 9.6439997E+001, 1.9909191E+002, 2.1219449E+002, 1.1999125E+002, 1.0019272E+001,-4.1432505E-001, 9.6049471E+000, 9.6424135E+001, 1.9907995E+002, 2.0456466E+002, 1.2632521E+002, 1.2042136E+001,-3.1800428E-001, 1.1724132E+001, 9.6511619E+001, 1.9912459E+002, 2.3558992E+002, 1.2384712E+002, 3.2549764E+002
 8.1500575E+001, 1.8019990E-002,-8.6481979E-003, 2.6668188E-002,-1.7358906E-006, 1.9406601E-002, 1.9406601E-002, 1.6829678E-005, 1.8666757E+002, 2.5288915E+002, 1.8666757E+002, 2.5288915E+002, 2.7845344E+002, 5.2374610E+002, 1.2239485E+002, 1.0973417E+001,-3.5107666E-001, 1.0622341E+001, 9.6450292E+001, 1.9653732E+002, 1.8666757E+002, 1.1899331E+002, 9.7422647E+000,-3.2753863E-001, 9.4147261E+000, 9.6412125E+001, 1.9651363E+002, 2.7404118E+002, 1.2584988E+002, 1.2189191E+001,-3.6124917E-001, 1.1827941E+001, 9.6492943E+001, 1.9654829E+002, 1.9801708E+002, 1.1849816E+002, 9.7521191E+000,-4.6326030E-001, 9.2888588E+000, 9.6402300E+001, 1.9650358E+002, 2.1491935E+002, 1.2491852E+002, 1.1792895E+001,-3.3264056E-001, 1.1460255E+001, 9.6485250E+001, 1.9654888E+002, 2.1950798E+002, 1.2239485E+002, 1.2387328E+002, 1.1338186E+001,-3.5567707E-001, 1.0982509E+001, 9.6489542E+001, 1.9900154E+002, 2.5288915E+002, 1.2683995E+002, 1.2494134E+001,-4.3584356E-001, 1.2058290E+001, 9.6528335E+001, 1.9900563E+002, 2.3858436E+002, 1.2098643E+002, 1.0345308E+001,-3.8187337E-001, 9.9634351E+000, 9.6451950E+001, 1.9898065E+002, 2.1968102E+002, 1.1999659E+002, 1.0133244E+001,-4.3896025E-001, 9.6942835E+000, 9.6435704E+001, 1.9896870E+002, 2.1699388E+002, 1.2633742E+002, 1.2136571E+001,-3.4021753E-001, 1.1796353E+001, 9.6525273E+001, 1.9901334E+002, 1.9749038E+002, 1.2387328E+002, 3.2551269E+002
 8.2001027E+001, 1.7056015E-002,-8.5894208E-003, 2.5645436E-002,-1.9386002E-006, 1.9187984E-002, 1.9187984E-002, 1.7596252E-005, 2.3284762E+002, 2.3447612E+002, 2.3284762E+002, 2.3447612E+002, 3.0667924E+002, 5.3059814E+002, 1.2246352E+002, 1.0942197E+001,-3.6248681E-001, 1.0579710E+001, 9.6462526E+001, 1.9642968E+002, 2.3284762E+002, 1.1900771E+002, 9.7091452E+000,-3.5774605E-001, 9.3513991E+000, 9.6423291E+001, 1.9640598E+002, 2.3480899E+002, 1.2595591E+002, 1.2224862E+001,-4.0554513E-001, 1.1819317E+001, 9.6506198E+001, 1.9644065E+002, 2.3400488E+002, 1.1853672E+002, 9.7032840E+000,-4.6591752E-001, 9.2373665E+000, 9.6413208E+001, 1.9639595E+002, 2.3344862E+002, 1.2503364E+002, 1.1784816E+001,-3.0510887E-001, 1.1479707E+001, 9.6498304E+001, 1.9644123E+002, 2.4452626E+002, 1.2246352E+002, 1.2414079E+002, 1.1693639E+001,-3.7571963E-001, 1.1317919E+001, 9.6502541E+001, 1.9889092E+002, 2.3447612E+002, 1.2722846E+002, 1.2941027E+001,-4.4565618E-001, 1.2495371E+001, 9.6542211E+001, 1.9889501E+002, 2.3776594E+002, 1.2113096E+002, 1.0527051E+001,-3.5832851E-001, 1.0168723E+001, 9.6464026E+001, 1.9887002E+002, 2.2828678E+002, 1.2021564E+002, 1.0387965E+001,-4.2745013E-001, 9.9605144E+000, 9.6447394E+001, 1.9885808E+002, 2.3456560E+002, 1.2665033E+002, 1.2539992E+001,-3.5418752E-001, 1.2185805E+001, 9.6539061E+001, 1.9890271E+002, 2.2172808E+002, 1.2414079E+002, 3.2563218E+002
 8.2500357E+001, 1.8693146E-002,-7.6255645E-003, 2.6318711E-002,-1.7482628E-006, 1.9234737E-002, 1.9234737E-002, 1.7683446E-005, 2.0395254E+002, 2.5741844E+002, 2.0395254E+002, 2.5741844E+002, 4.0267159E+002, 5.3817995E+002, 1.2250620E+002, 1.0918611E+001,-3.7659162E-001, 1.0542020E+001, 9.6474876E+001, 1.9632271E+002, 2.0395254E+002, 1.1902150E+002, 9.6911041E+000,-3.7976087E-001, 9.3113433E+000, 9.6434567E+001, 1.9629899E+002, 2.3148850E+002, 1.2608287E+002, 1.2219042E+001,-3.4670168E-001, 1.1872340E+001, 9.6519575E+001, 1.9633367E+002, 2.4968141E+002, 1.1858505E+002, 9.6888924E+000,-4.3672862E-001, 9.2521638E+000, 9.6424228E+001, 1.9628897E+002, 2.1903822E+002, 1.2506797E+002, 1.1764213E+001,-3.6493520E-001, 1.1399278E+001, 9.6511478E+001, 1.9633425E+002, 2.2237052E+002, 1.2250620E+002, 1.2415012E+002, 1.1383390E+001,-3.5607261E-001, 1.1027317E+001, 9.6515659E+001, 1.9878099E+002, 2.5741844E+002, 1.2727898E+002, 1.2631286E+001,-4.5313988E-001, 1.2178146E+001, 9.6556211E+001, 1.9878507E+002, 2.4942315E+002, 1.2114444E+002, 1.0388337E+001,-3.8001534E-001, 1.0008321E+001, 9.6476217E+001, 1.9876006E+002, 2.3840509E+002, 1.2033494E+002, 1.0228558E+001,-3.7800609E-001, 9.8505515E+000, 9.6459198E+001, 1.9874814E+002, 2.2975526E+002, 1.2661377E+002, 1.2177616E+001,-3.3505968E-001, 1.1842557E+001, 9.6552971E+001, 1.9879276E+002, 2.0918429E+002, 1.2415012E+002, 3.2560996E+002
 8.3001121E+001, 1.7593205E-002,-7.7881287E-003, 2.5381334E-002,-1.7502224E-006, 1.9227685E-002, 1.9227685E-002, 1.7498049E-005, 2.3771415E+002, 2.3599959E+002, 2.3771415E+002, 2.3599959E+002, 3.4893051E+002, 5.4097820E+002, 1.2259269E+002, 1.0910744E+001,-3.6494356E-001, 1.0545801E+001, 9.6487350E+001, 1.9621633E+002, 2.3771415E+002, 1.1903894E+002, 9.6547637E+000,-3.7812808E-001, 9.2766357E+000, 9.6445961E+001, 1.9619260E+002, 2.4646218E+002, 1.2622542E+002, 1.2208325E+001,-3.8910460E-001, 1.1819220E+001, 9.6533083E+001, 1.9622728E+002, 2.4289511E+002, 1.1869722E+002, 9.7150547E+000,-4.2970257E-001, 9.2853521E+000, 9.6435365E+001, 1.9618258E+002, 1.7264350E+002, 1.2512799E+002, 1.1712097E+001,-3.3999725E-001, 1.1372100E+001, 9.6524780E+001, 1.9622786E+002, 2.4623148E+002, 1.2259269E+002, 1.2418901E+002, 1.1426775E+001,-3.6801516E-001, 1.1058760E+001, 9.6528905E+001, 1.9867166E+002, 2.3599959E+002, 1.2734940E+002, 1.2583832E+001,-4.4983572E-001, 1.2133996E+001, 9.6570345E+001, 1.9867575E+002, 2.3404931E+002, 1.2118796E+002, 1.0387637E+001,-3.5053143E-001, 1.0037105E+001, 9.6488530E+001, 1.9865072E+002, 2.5002340E+002, 1.2032660E+002, 1.0183630E+001,-4.0559540E-001, 9.7780350E+000, 9.6471123E+001, 1.9863882E+002, 2.0812213E+002, 1.2668707E+002, 1.2237559E+001,-3.2754564E-001, 1.1910013E+001, 9.6567013E+001, 1.9868343E+002, 2.1225581E+002, 1.2418901E+002, 3.2556994E+002
 8.3501244E+001, 1.5105362E-002,-8.2808870E-003, 2.3386249E-002,-1.6735999E-006, 1.9631870E-002, 1.9631870E-002, 1.5878274E-005, 2.6882062E+002, 2.4551094E+002, 2.6882062E+002, 2.4551094E+002, 3.1461916E+002, 5.1339299E+002, 1.2271883E+002, 1.1017198E+001,-3.8839978E-001, 1.0628799E+001, 9.6499953E+001, 1.9611049E+002, 2.6882062E+002, 1.1915856E+002, 9.7819068E+000,-3.7903038E-001, 9.4028764E+000, 9.6457476E+001, 1.9608673E+002, 2.9996469E+002, 1.2632989E+002, 1.2279493E+001,-3.8329246E-001, 1.1896200E+001, 9.6546728E+001, 1.9612143E+002, 2.4165064E+002, 1.1877560E+002, 9.7536941E+000,-4.3938066E-001, 9.3143134E+000, 9.6446623E+001, 1.9607673E+002, 2.5190324E+002, 1.2533941E+002, 1.1899537E+001,-3.4213090E-001, 1.1557406E+001, 9.6538216E+001, 1.9612201E+002, 2.2778716E+002, 1.2271883E+002, 1.2446833E+002, 1.1789899E+001,-4.3759384E-001, 1.1352305E+001, 9.6542363E+001, 1.9856329E+002, 2.4551094E+002, 1.2763446E+002, 1.2937744E+001,-4.5070493E-001, 1.2487039E+001, 9.6584734E+001, 1.9856761E+002, 2.3476583E+002, 1.2147539E+002, 1.0688625E+001,-3.5067247E-001, 1.0337953E+001, 9.6500969E+001, 1.9854194E+002, 2.5692418E+002, 1.2062349E+002, 1.0548620E+001,-4.1666514E-001, 1.0131955E+001, 9.6483175E+001, 1.9853004E+002, 2.7704835E+002, 1.2701309E+002, 1.2619298E+001,-4.0780786E-001, 1.2211490E+001, 9.6581424E+001, 1.9857617E+002, 2.2273168E+002, 1.2446833E+002, 3.2563551E+002
 8.4000835E+001, 1.8217396E-002,-7.9033137E-003, 2.6120710E-002,-2.0041026E-006, 1.9231540E-002, 1.9231540E-002, 1.7063671E-005, 2.4592097E+002, 2.5829187E+002, 2.4592097E+002, 2.5829187E+002, 3.1699652E+002, 5.2609378E+002, 1.2268020E+002, 1.0852943E+001,-3.7422832E-001, 1.0478715E+001, 9.6512660E+001, 1.9600538E+002, 2.4592097E+002, 1.1925186E+002, 9.7542211E+000,-3.4495969E-001, 9.4092614E+000, 9.6469090E+001, 1.9598161E+002, 2.7490980E+002, 1.2628728E+002, 1.2045690E+001,-3.3952535E-001, 1.1706164E+001, 9.6560481E+001, 1.9601631E+002, 2.5670140E+002, 1.1874357E+002, 9.6048175E+000,-4.2979260E-001, 9.1750249E+000, 9.6457981E+001, 1.9597162E+002, 2.7015792E+002, 1.2533459E+002, 1.1753514E+001,-3.4905451E-001, 1.1404460E+001, 9.6551759E+001, 1.9601689E+002, 2.5524277E+002, 1.2268020E+002, 1.2452381E+002, 1.1559311E+001,-3.5912864E-001, 1.1200183E+001, 9.6557170E+001, 1.9846970E+002, 2.5829187E+002, 1.2768124E+002, 1.2659027E+001,-3.7376600E-001, 1.2285261E+001, 9.6600599E+001, 1.9847647E+002, 2.3189840E+002, 1.2153399E+002, 1.0501024E+001,-3.1928434E-001, 1.0181739E+001, 9.6513897E+001, 1.9843680E+002, 2.6793915E+002, 1.2078210E+002, 1.0389770E+001,-3.3045380E-001, 1.0059316E+001, 9.6495491E+001, 1.9842300E+002, 1.7500842E+002, 1.2703482E+002, 1.2354753E+001,-3.3351122E-001, 1.2021242E+001, 9.6597560E+001, 1.9849115E+002, 2.1560207E+002, 1.2452381E+002, 3.2562886E+002
 8.4500613E+001, 1.9094797E-002,-8.1621023E-003, 2.7256899E-002,-1.8790081E-006, 1.9543620E-002, 1.9543620E-002, 1.6239153E-005, 2.4715534E+002, 2.4054080E+002, 2.4715534E+002, 2.4054080E+002, 3.7141361E+002, 5.2115071E+002, 1.2280364E+002, 1.0957035E+001,-3.4508594E-001, 1.0611949E+001, 9.6525479E+001, 1.9590092E+002, 2.4715534E+002, 1.1935419E+002, 9.7984956E+000,-3.6871410E-001, 9.4297815E+000, 9.6480812E+001, 1.9587713E+002, 2.6862705E+002, 1.2636966E+002, 1.2223564E+001,-4.0961156E-001, 1.1813952E+001, 9.6574355E+001, 1.9591185E+002, 2.5724418E+002, 1.1882146E+002, 9.7073441E+000,-4.4383447E-001, 9.2635097E+000, 9.6469447E+001, 1.9586716E+002, 2.4865093E+002, 1.2542886E+002, 1.1787657E+001,-3.2363595E-001, 1.1464021E+001, 9.6565419E+001, 1.9591243E+002, 2.3467919E+002, 1.2280364E+002, 1.2435298E+002, 1.1184211E+001,-3.2196860E-001, 1.0862243E+001, 9.6574122E+001, 1.9841710E+002, 2.4054080E+002, 1.2747057E+002, 1.2313839E+001,-3.9120066E-001, 1.1922638E+001, 9.6618615E+001, 1.9842760E+002, 2.3972549E+002, 1.2140576E+002, 1.0221185E+001,-3.0901108E-001, 9.9121741E+000, 9.6528725E+001, 1.9835859E+002, 2.2980913E+002, 1.2060610E+002, 1.0008004E+001,-3.5993113E-001, 9.6480730E+000, 9.6509402E+001, 1.9833524E+002, 1.4565398E+002, 1.2684859E+002, 1.1989737E+001,-2.9992584E-001, 1.1689811E+001, 9.6615826E+001, 1.9845066E+002, 2.2992059E+002, 1.2435298E+002, 3.2568038E+002
 8.5001616E+001, 1.7364482E-002,-8.6019139E-003, 2.5966396E-002,-1.8522464E-006, 1.9370171E-002, 1.9370171E-002, 1.6467873E-005, 2.6238935E+002, 2.8614617E+002, 2.6238935E+002, 2.8614617E+002, 2.4980789E+002, 5.3232013E+002, 1.2294777E+002, 1.1052438E+001,-3.9355851E-001, 1.0658880E+001, 9.6538434E+001, 1.9579692E+002, 2.6238935E+002, 1.1948216E+002, 9.8505034E+000,-3.6726082E-001, 9.4832426E+000, 9.6492661E+001, 1.9577312E+002, 2.4215930E+002, 1.2648784E+002, 1.2276578E+001,-4.2476476E-001, 1.1851813E+001, 9.6588371E+001, 1.9580785E+002, 2.5126895E+002, 1.1896928E+002, 9.7524729E+000,-3.9767279E-001, 9.3548001E+000, 9.6481040E+001, 1.9576315E+002, 2.3188877E+002, 1.2565818E+002, 1.1979097E+001,-3.5565039E-001, 1.1623447E+001, 9.6579219E+001, 1.9580842E+002, 2.2848238E+002, 1.2294777E+002, 1.2435193E+002, 1.1355693E+001,-4.4825228E-001, 1.0907440E+001, 9.6593115E+001, 1.9841169E+002, 2.8614617E+002, 1.2752669E+002, 1.2454812E+001,-4.1496292E-001, 1.2039849E+001, 9.6638669E+001, 1.9842585E+002, 2.1966914E+002, 1.2149728E+002, 1.0377071E+001,-3.2106497E-001, 1.0056006E+001, 9.6545675E+001, 1.9832610E+002, 2.6008804E+002, 1.2056372E+002, 1.0128844E+001,-4.3260035E-001, 9.6962439E+000, 9.6525468E+001, 1.9829071E+002, 2.4736200E+002, 1.2695985E+002, 1.2234768E+001,-3.8694063E-001, 1.1847828E+001, 9.6636103E+001, 1.9845688E+002, 2.1825809E+002, 1.2435193E+002, 3.2564451E+002
 8.5500180E+001, 1.8867921E-002,-8.2170572E-003, 2.7084979E-002,-1.8701622E-006, 1.9226074E-002, 1.9226074E-002, 1.7222577E-005, 2.6767283E+002, 2.7212938E+002, 2.6767283E+002, 2.7212938E+002, 2.5324878E+002, 5.4573771E+002, 1.2304082E+002, 1.0980176E+001,-3.7528289E-001, 1.0604893E+001, 9.6551490E+001, 1.9569365E+002, 2.6767283E+002, 1.1959854E+002, 9.8015560E+000,-3.2400495E-001, 9.4775510E+000, 9.6504607E+001, 1.9566983E+002, 2.3968708E+002, 1.2658878E+002, 1.2244572E+001,-4.2741344E-001, 1.1817158E+001, 9.6602494E+001, 1.9570457E+002, 2.5579755E+002, 1.1902716E+002, 9.7392068E+000,-4.8207056E-001, 9.2571362E+000, 9.6492729E+001, 1.9565987E+002, 2.6344356E+002, 1.2572426E+002, 1.1867080E+001,-3.5236668E-001, 1.1514714E+001, 9.6593125E+001, 1.9570514E+002, 2.1775512E+002, 1.2304082E+002, 1.2423978E+002, 1.1149377E+001,-3.8679525E-001, 1.0762582E+001, 9.6613956E+001, 1.9844952E+002, 2.7212938E+002, 1.2744699E+002, 1.2263449E+001,-3.7729114E-001, 1.1886158E+001, 9.6660566E+001, 1.9846692E+002, 2.5111146E+002, 1.2147626E+002, 1.0270961E+001,-3.2005204E-001, 9.9509094E+000, 9.6564548E+001, 1.9833967E+002, 2.6211347E+002, 1.2046387E+002, 9.9471401E+000,-3.9990281E-001, 9.5472373E+000, 9.6543494E+001, 1.9829301E+002, 1.9288955E+002, 1.2676894E+002, 1.1954145E+001,-3.8625238E-001, 1.1567893E+001, 9.6658197E+001, 1.9850486E+002, 2.1122056E+002, 1.2423978E+002, 3.2565857E+002
 8.6000127E+001, 1.7600774E-002,-7.9676016E-003, 2.5568375E-002,-1.8847592E-006, 1.9429272E-002, 1.9429272E-002, 1.6775139E-005, 2.5897223E+002, 3.1649901E+002, 2.5897223E+002, 3.1649901E+002, 3.0162788E+002, 5.3147199E+002, 1.2319303E+002, 1.1153663E+001,-4.1781457E-001, 1.0735848E+001, 9.6564841E+001, 1.9559230E+002, 2.5897223E+002, 1.1968982E+002, 9.8616328E+000,-3.6733357E-001, 9.4942992E+000, 9.6516651E+001, 1.9556724E+002, 2.8219238E+002, 1.2681594E+002, 1.2438875E+001,-4.0886436E-001, 1.2030011E+001, 9.6617151E+001, 1.9560529E+002, 2.5087889E+002, 1.1913763E+002, 9.8295137E+000,-4.6725331E-001, 9.3622604E+000, 9.6504517E+001, 1.9555730E+002, 2.3740008E+002, 1.2592554E+002, 1.2053149E+001,-3.8175634E-001, 1.1671393E+001, 9.6607574E+001, 1.9560598E+002, 2.3176428E+002, 1.2319303E+002, 1.2433849E+002, 1.1347310E+001,-3.6650417E-001, 1.0980806E+001, 9.6636513E+001, 1.9852434E+002, 3.1649901E+002, 1.2753423E+002, 1.2577818E+001,-4.7988087E-001, 1.2097937E+001, 9.6684176E+001, 1.9854449E+002, 2.5008226E+002, 1.2150875E+002, 1.0326251E+001,-3.2288751E-001, 1.0003363E+001, 9.6585207E+001, 1.9839386E+002, 2.3108434E+002, 1.2047071E+002, 1.0051158E+001,-3.9041179E-001, 9.6607458E+000, 9.6563337E+001, 1.9833747E+002, 1.9730211E+002, 1.2690317E+002, 1.2200836E+001,-3.5799476E-001, 1.1842841E+001, 9.6681982E+001, 1.9858821E+002, 2.3462056E+002, 1.2433849E+002, 3.2578227E+002
 8.6501024E+001, 1.8404057E-002,-7.9360344E-003, 2.6340091E-002,-1.8233538E-006, 1.9456128E-002, 1.9456128E-002, 1.6795481E-005, 2.4187337E+002, 2.8483365E+002, 2.4187337E+002, 2.8483365E+002, 3.4379458E+002, 5.3634921E+002, 1.2328128E+002, 1.1073617E+001,-4.0325586E-001, 1.0670361E+001, 9.6579847E+001, 1.9551090E+002, 2.4187337E+002, 1.1976435E+002, 9.8521489E+000,-3.7335113E-001, 9.4787978E+000, 9.6529345E+001, 1.9546917E+002, 2.7453263E+002, 1.2686577E+002, 1.2265941E+001,-4.0694200E-001, 1.1858999E+001, 9.6633737E+001, 1.9553315E+002, 2.5398025E+002, 1.1926861E+002, 9.8131879E+000,-4.2374586E-001, 9.3894420E+000, 9.6516709E+001, 1.9545691E+002, 2.5075007E+002, 1.2603162E+002, 1.1962926E+001,-3.5079670E-001, 1.1612129E+001, 9.6623959E+001, 1.9553426E+002, 2.1795383E+002, 1.2328128E+002, 1.2450772E+002, 1.1412029E+001,-3.7613356E-001, 1.1035895E+001, 9.6660750E+001, 1.9863014E+002, 2.8483365E+002, 1.2771138E+002, 1.2547847E+001,-4.2124947E-001, 1.2126598E+001, 9.6709466E+001, 1.9865260E+002, 2.3168857E+002, 1.2161978E+002, 1.0396283E+001,-3.4449477E-001, 1.0051788E+001, 9.6607598E+001, 1.9848255E+002, 2.3763889E+002, 1.2064804E+002, 1.0175557E+001,-3.7792986E-001, 9.7976276E+000, 9.6584940E+001, 1.9841800E+002, 2.6406744E+002, 1.2703362E+002, 1.2229446E+001,-3.9014259E-001, 1.1839304E+001, 9.6707427E+001, 1.9870105E+002, 2.3167598E+002, 1.2450772E+002, 3.2578637E+002
 8.7000800E+001, 1.8355292E-002,-8.1281646E-003, 2.6483456E-002,-1.9130694E-006, 1.9457077E-002, 1.9457077E-002, 1.7084671E-005, 2.2848170E+002, 2.3540983E+002, 2.2848170E+002, 2.3540983E+002, 3.4624054E+002, 5.3904276E+002, 1.2334273E+002, 1.0976762E+001,-3.5165334E-001, 1.0625108E+001, 9.6596914E+001, 1.9547203E+002, 2.2848170E+002, 1.1977740E+002, 9.7171102E+000,-3.3190286E-001, 9.3852073E+000, 9.6543966E+001, 1.9540033E+002, 2.3987470E+002, 1.2693937E+002, 1.2303015E+001,-4.4765421E-001, 1.1855360E+001, 9.6652354E+001, 1.9550562E+002, 2.2319105E+002, 1.1935975E+002, 9.7677234E+000,-4.1376054E-001, 9.3539628E+000, 9.6530628E+001, 1.9537940E+002, 2.2322983E+002, 1.2602181E+002, 1.1817389E+001,-3.4819657E-001, 1.1469192E+001, 9.6642372E+001, 1.9550720E+002, 2.2021194E+002, 1.2334273E+002, 1.2460489E+002, 1.1433854E+001,-3.7168300E-001, 1.1062171E+001, 9.6686504E+001, 1.9876103E+002, 2.3540983E+002, 1.2783071E+002, 1.2614089E+001,-4.3516109E-001, 1.2178928E+001, 9.6736273E+001, 1.9878539E+002, 2.2958664E+002, 1.2168884E+002, 1.0404403E+001,-3.4648366E-001, 1.0057919E+001, 9.6631562E+001, 1.9859952E+002, 2.5144566E+002, 1.2068891E+002, 1.0161164E+001,-4.2004026E-001, 9.7411242E+000, 9.6608140E+001, 1.9852830E+002, 2.5126648E+002, 1.2716105E+002, 1.2292090E+001,-3.6924177E-001, 1.1922849E+001, 9.6734368E+001, 1.9883764E+002, 1.9941909E+002, 1.2460489E+002, 3.2586096E+002
 8.7501312E+001, 1.7611690E-002,-8.2483757E-003, 2.5860065E-002,-1.8309030E-006, 1.9348912E-002, 1.9348912E-002, 1.7417698E-005, 2.4871442E+002, 2.6618806E+002, 2.4871442E+002, 2.6618806E+002, 2.6019973E+002, 5.4347662E+002, 1.2341098E+002, 1.0963096E+001,-3.2656385E-001, 1.0636532E+001, 9.6615886E+001, 1.9547831E+002, 2.4871442E+002, 1.1978921E+002, 9.6785135E+000,-3.1626460E-001, 9.3622489E+000, 9.6560586E+001, 1.9537632E+002, 2.3958245E+002, 1.2703776E+002, 1.2295159E+001,-4.0920889E-001, 1.1885950E+001, 9.6672850E+001, 1.9552247E+002, 2.4623651E+002, 1.1936245E+002, 9.7056125E+000,-4.2360119E-001, 9.2820114E+000, 9.6546578E+001, 1.9534525E+002, 1.9899419E+002, 1.2607997E+002, 1.1815650E+001,-3.1970093E-001, 1.1495949E+001, 9.6662660E+001, 1.9552448E+002, 2.1658100E+002, 1.2341098E+002, 1.2493404E+002, 1.1665806E+001,-3.6970598E-001, 1.1296100E+001, 9.6713674E+001, 1.9891195E+002, 2.6618806E+002, 1.2810640E+002, 1.2795427E+001,-4.4745441E-001, 1.2347972E+001, 9.6764494E+001, 1.9893787E+002, 2.1077712E+002, 1.2186791E+002, 1.0525651E+001,-3.7671189E-001, 1.0148939E+001, 9.6656989E+001, 1.9873932E+002, 2.6034857E+002, 1.2099012E+002, 1.0428470E+001,-4.0899595E-001, 1.0019474E+001, 9.6632827E+001, 1.9866273E+002, 2.6711415E+002, 1.2743353E+002, 1.2442237E+001,-3.8256766E-001, 1.2059669E+001, 9.6762707E+001, 1.9899312E+002, 2.2001721E+002, 1.2493404E+002, 3.2587546E+002
 8.8000762E+001, 1.7085751E-002,-8.0040374E-003, 2.5089789E-002,-1.7792093E-006, 1.9285498E-002, 1.9285498E-002, 1.6928178E-005, 2.5312562E+002, 2.0605987E+002, 2.5312562E+002, 2.0605987E+002, 3.6601000E+002, 5.3238503E+002, 1.2333743E+002, 1.0798916E+001,-3.3371771E-001, 1.0465199E+001, 9.6636629E+001, 1.9552507E+002, 2.5312562E+002, 1.1973805E+002, 9.6134986E+000,-3.5012907E-001, 9.2633695E+000, 9.6579057E+001, 1.9539622E+002, 2.2608524E+002, 1.2690362E+002, 1.2008200E+001,-3.8074209E-001, 1.1627458E+001, 9.6695094E+001, 1.9557837E+002, 2.5027297E+002, 1.1927150E+002, 9.5815042E+000,-4.6457206E-001, 9.1169321E+000, 9.6564411E+001, 1.9535582E+002, 2.1283884E+002, 1.2601657E+002, 1.1666385E+001,-3.1192350E-001, 1.1354461E+001, 9.6684692E+001, 1.9558073E+002, 2.1221032E+002, 1.2333743E+002, 1.2499081E+002, 1.1458320E+001,-3.2885683E-001, 1.1129463E+001, 9.6742171E+001, 1.9907861E+002, 2.0605987E+002, 1.2808896E+002, 1.2527578E+001,-4.2943864E-001, 1.2098140E+001, 9.6794043E+001, 1.9910579E+002, 2.0335142E+002, 1.2190199E+002, 1.0427434E+001,-3.5489475E-001, 1.0072539E+001, 9.6683789E+001, 1.9889722E+002, 2.6415703E+002, 1.2107372E+002, 1.0210851E+001,-3.4085917E-001, 9.8699915E+000, 9.6658908E+001, 1.9881638E+002, 1.9268998E+002, 1.2750901E+002, 1.2323208E+001,-3.5123631E-001, 1.1971972E+001, 9.6792357E+001, 1.9916336E+002, 2.2990943E+002, 1.2499081E+002, 3.2590175E+002
 8.8501002E+001, 1.7795644E-002,-7.9749466E-003, 2.5770590E-002,-1.8641098E-006, 1.9269857E-002, 1.9269857E-002, 1.6800413E-005, 2.6449234E+002, 2.2910242E+002, 2.6449234E+002, 2.2910242E+002, 4.8129485E+002, 5.3042814E+002, 1.2345704E+002, 1.0996975E+001,-3.7326946E-001, 1.0623706E+001, 9.6659020E+001, 1.9560620E+002, 2.6449234E+002, 1.1982614E+002, 9.7268846E+000,-3.4323531E-001, 9.3836492E+000, 9.6599250E+001, 1.9545463E+002, 2.6134488E+002, 1.2699928E+002, 1.2137891E+001,-3.7185653E-001, 1.1766035E+001, 9.6718966E+001, 1.9566716E+002, 2.5019648E+002, 1.1936117E+002, 9.7158274E+000,-4.3982380E-001, 9.2760036E+000, 9.6583993E+001, 1.9540622E+002, 2.2709651E+002, 1.2621002E+002, 1.1902191E+001,-3.0985072E-001, 1.1592340E+001, 9.6708349E+001, 1.9566980E+002, 2.3669506E+002, 1.2345704E+002, 1.2491976E+002, 1.1240561E+001,-3.3845103E-001, 1.0902110E+001, 9.6771916E+001, 1.9925741E+002, 2.2910242E+002, 1.2797955E+002, 1.2274099E+001,-4.0225133E-001, 1.1871848E+001, 9.6824840E+001, 1.9928559E+002, 1.7253885E+002, 1.2195822E+002, 1.0321576E+001,-2.8927975E-001, 1.0032297E+001, 9.6711875E+001, 1.9906926E+002, 2.1502783E+002, 1.2094344E+002, 1.0014206E+001,-4.2725926E-001, 9.5869469E+000, 9.6686294E+001, 1.9898509E+002, 1.9433255E+002, 1.2749593E+002, 1.2132366E+001,-3.2555157E-001, 1.1806815E+001, 9.6823239E+001, 1.9934491E+002, 2.2557273E+002, 1.2491976E+002, 3.2577890E+002
 8.9001470E+001, 1.7904959E-002,-8.2126536E-003, 2.6117613E-002,-1.7795893E-006, 1.9523007E-002, 1.9523007E-002, 1.6162819E-005, 2.5853231E+002, 2.6165018E+002, 2.5853231E+002, 2.6165018E+002, 4.5872914E+002, 5.1545080E+002, 1.2360932E+002, 1.1105383E+001,-3.8378127E-001, 1.0721602E+001, 9.6682978E+001, 1.9571584E+002, 2.5853231E+002, 1.1996306E+002, 9.8185137E+000,-3.5192719E-001, 9.4665865E+000, 9.6621072E+001, 1.9554550E+002, 3.0015113E+002, 1.2715167E+002, 1.2304799E+001,-3.9119629E-001, 1.1913603E+001, 9.6744388E+001, 1.9578310E+002, 2.4585141E+002, 1.1954241E+002, 9.8216193E+000,-4.2689640E-001, 9.3947229E+000, 9.6605228E+001, 1.9549041E+002, 2.1374325E+002, 1.2638589E+002, 1.2031939E+001,-3.4553522E-001, 1.1686404E+001, 9.6733553E+001, 1.9578597E+002, 2.3479143E+002, 1.2360932E+002, 1.2497882E+002, 1.1400860E+001,-3.6584545E-001, 1.1035014E+001, 9.6802871E+001, 1.9944553E+002, 2.6165018E+002, 1.2796587E+002, 1.2404144E+001,-4.5325337E-001, 1.1950891E+001, 9.6856848E+001, 1.9947452E+002, 1.9816597E+002, 1.2201068E+002, 1.0418693E+001,-3.6244051E-001, 1.0056252E+001, 9.6741205E+001, 1.9925228E+002, 2.2719955E+002, 1.2097585E+002, 1.0114336E+001,-3.9619074E-001, 9.7181453E+000, 9.6714942E+001, 1.9916560E+002, 2.0214221E+002, 1.2760579E+002, 1.2264350E+001,-3.4426861E-001, 1.1920082E+001, 9.6855320E+001, 1.9953512E+002, 2.4009516E+002, 1.2497882E+002, 3.2581555E+002
 8.9500781E+001, 1.8149009E-002,-8.0278866E-003, 2.6176896E-002,-1.8956899E-006, 1.9406444E-002, 1.9406444E-002, 1.6960632E-005, 2.5010628E+002, 2.4279585E+002, 2.5010628E+002, 2.4279585E+002, 3.6963994E+002, 5.5188891E+002, 1.2403180E+002, 1.1451030E+001,-3.6407713E-001, 1.1086952E+001, 9.6708361E+001, 1.9584842E+002, 2.5010628E+002, 1.2025204E+002, 1.0057086E+001,-3.6507503E-001, 9.6920107E+000, 9.6644379E+001, 1.9566288E+002, 2.7985930E+002, 1.2760090E+002, 1.2697711E+001,-4.0800763E-001, 1.2289703E+001, 9.6771218E+001, 1.9592078E+002, 2.4952018E+002, 1.1989407E+002, 1.0083051E+001,-3.8912676E-001, 9.6939243E+000, 9.6627969E+001, 1.9560234E+002, 1.6704050E+002, 1.2683989E+002, 1.2391963E+001,-3.4943786E-001, 1.2042525E+001, 9.6760162E+001, 1.9592382E+002, 2.3386066E+002, 1.2403180E+002, 1.2482483E+002, 1.1158365E+001,-4.2808138E-001, 1.0730284E+001, 9.6834910E+001, 1.9964013E+002, 2.4279585E+002, 1.2799082E+002, 1.2368801E+001,-4.2910568E-001, 1.1939695E+001, 9.6889940E+001, 1.9966974E+002, 2.6508810E+002, 1.2196204E+002, 1.0230300E+001,-3.2890094E-001, 9.9013995E+000, 9.6771653E+001, 1.9944318E+002, 2.4401147E+002, 1.2095654E+002, 1.0021175E+001,-4.1893050E-001, 9.6022449E+000, 9.6744725E+001, 1.9935463E+002, 2.5780007E+002, 1.2740107E+002, 1.1951432E+001,-4.0278267E-001, 1.1548650E+001, 9.6888471E+001, 1.9973123E+002, 2.3143698E+002, 1.2482483E+002, 3.2591107E+002
 9.0002806E+001, 1.7796872E-002,-8.0465940E-003, 2.5843466E-002,-1.9697225E-006, 1.9407863E-002, 1.9407863E-002, 1.7206771E-005, 2.2493538E+002, 2.5784509E+002, 2.2493538E+002, 2.5784509E+002, 3.7312130E+002, 5.3625998E+002, 1.2406939E+002, 1.1167320E+001,-3.7243192E-001, 1.0794888E+001, 9.6735139E+001, 1.9599961E+002, 2.2493538E+002, 1.2042973E+002, 9.9913198E+000,-3.0725774E-001, 9.6840621E+000, 9.6669130E+001, 1.9580192E+002, 2.4848594E+002, 1.2752895E+002, 1.2258750E+001,-4.0885511E-001, 1.1849895E+001, 9.6799432E+001, 1.9607606E+002, 2.4785172E+002, 1.1999011E+002, 9.8850505E+000,-3.7515628E-001, 9.5098942E+000, 9.6652175E+001, 1.9573699E+002, 1.9849762E+002, 1.2689967E+002, 1.2125790E+001,-3.5064572E-001, 1.1775144E+001, 9.6788152E+001, 1.9607922E+002, 2.1984080E+002, 1.2406939E+002, 1.2461259E+002, 1.0985593E+001,-3.9452239E-001, 1.0591070E+001, 9.6868045E+001, 1.9983956E+002, 2.5784509E+002, 1.2782949E+002, 1.2136523E+001,-3.9656504E-001, 1.1739958E+001, 9.6924131E+001, 1.9986966E+002, 2.4294597E+002, 1.2182706E+002, 1.0091884E+001,-3.2634643E-001, 9.7655375E+000, 9.6803226E+001, 1.9964006E+002, 2.6445102E+002, 1.2076638E+002, 9.7853526E+000,-4.0107264E-001, 9.3842799E+000, 9.6775647E+001, 1.9955020E+002, 2.0515080E+002, 1.2720024E+002, 1.1842041E+001,-3.8735791E-001, 1.1454683E+001, 9.6922710E+001, 1.9993170E+002, 2.6371151E+002, 1.2461259E+002, 3.2586509E+002
 9.0501041E+001, 1.8623219E-002,-7.9297239E-003, 2.6552943E-002,-1.7649033E-006, 1.9394720E-002, 1.9394720E-002, 1.6724351E-005, 2.6171568E+002, 2.8697436E+002, 2.6171568E+002, 2.8697436E+002, 5.3309093E+002, 5.2705938E+002, 1.2417222E+002, 1.1213729E+001,-4.0438242E-001, 1.0809347E+001, 9.6763161E+001, 1.9616503E+002, 2.6171568E+002, 1.2060752E+002, 9.9901086E+000,-2.9508492E-001, 9.6950237E+000, 9.6695175E+001, 1.9595782E+002, 2.4916095E+002, 1.2763108E+002, 1.2404052E+001,-4.6721003E-001, 1.1936842E+001, 9.6828876E+001, 1.9624470E+002, 2.4997044E+002, 1.2011316E+002, 9.9503200E+000,-4.0592302E-001, 9.5443970E+000, 9.6677694E+001, 1.9588943E+002, 1.9922533E+002, 1.2695370E+002, 1.2066357E+001,-4.0155489E-001, 1.1664803E+001, 9.6817371E+001, 1.9624794E+002, 2.2261887E+002, 1.2417222E+002, 1.2474301E+002, 1.1197256E+001,-3.8011764E-001, 1.0817138E+001, 9.6902132E+001, 2.0004159E+002, 2.8697436E+002, 1.2804866E+002, 1.2405807E+001,-3.8639061E-001, 1.2019417E+001, 9.6959274E+001, 2.0007205E+002, 2.4080258E+002, 1.2194372E+002, 1.0281070E+001,-3.4319793E-001, 9.9378721E+000, 9.6835781E+001, 1.9984049E+002, 3.0937804E+002, 1.2075727E+002, 9.9304779E+000,-4.7025420E-001, 9.4602237E+000, 9.6807564E+001, 1.9974978E+002, 3.1249670E+002, 1.2737985E+002, 1.2065661E+001,-3.4075271E-001, 1.1724909E+001, 9.6957890E+001, 2.0013437E+002, 2.4258262E+002, 1.2474301E+002, 3.2587548E+002
 9.1000318E+001, 1.7642623E-002,-8.2132041E-003, 2.5855827E-002,-1.9546488E-006, 1.9537416E-002, 1.9537416E-002, 1.6623346E-005, 2.6749764E+002, 2.2647938E+002, 2.6749764E+002, 2.2647938E+002, 4.7273818E+002, 5.3727513E+002, 1.2418143E+002, 1.1163746E+001,-4.0654136E-001, 1.0757205E+001, 9.6792298E+001, 1.9634101E+002, 2.6749764E+002, 1.2060845E+002, 9.9002907E+000,-3.2485289E-001, 9.5754378E+000, 9.6722383E+001, 1.9612648E+002, 2.7183730E+002, 1.2760161E+002, 1.2296809E+001,-4.6373674E-001, 1.1833072E+001, 9.6859420E+001, 1.9642317E+002, 2.5833727E+002, 1.2016031E+002, 9.9293631E+000,-4.2708139E-001, 9.5022817E+000, 9.6704395E+001, 1.9605542E+002, 2.5567242E+002, 1.2694712E+002, 1.2056100E+001,-4.0416040E-001, 1.1651939E+001, 9.6847688E+001, 1.9642645E+002, 2.2021256E+002, 1.2418143E+002, 1.2490275E+002, 1.1326373E+001,-3.8195919E-001, 1.0944414E+001, 9.6937051E+001, 2.0024440E+002, 2.2647938E+002, 1.2813903E+002, 1.2406540E+001,-4.4336011E-001, 1.1963180E+001, 9.6995250E+001, 2.0027513E+002, 2.5347527E+002, 1.2204261E+002, 1.0352440E+001,-3.7495323E-001, 9.9774864E+000, 9.6869199E+001, 2.0004252E+002, 2.7633639E+002, 1.2091619E+002, 1.0068945E+001,-4.1373998E-001, 9.6552047E+000, 9.6840358E+001, 1.9995133E+002, 2.7188841E+002, 1.2758868E+002, 1.2212995E+001,-3.5930034E-001, 1.1853695E+001, 9.6993891E+001, 2.0033751E+002, 2.3799445E+002, 1.2490275E+002, 3.2593131E+002
 9.1501950E+001, 1.9551328E-002,-8.0667096E-003, 2.7618038E-002,-1.8923697E-006, 1.9339869E-002, 1.9339869E-002, 1.6664009E-005, 2.5478859E+002, 2.3931712E+002, 2.5478859E+002, 2.3931712E+002, 3.5153608E+002, 5.2863938E+002, 1.2405749E+002, 1.0849764E+001,-3.5760445E-001, 1.0492160E+001, 9.6822657E+001, 1.9652583E+002, 2.5478859E+002, 1.2050641E+002, 9.7038962E+000,-3.3977127E-001, 9.3641249E+000, 9.6750846E+001, 1.9630579E+002, 2.7001818E+002, 1.2740338E+002, 1.1923720E+001,-4.2564716E-001, 1.1498073E+001, 9.6891180E+001, 1.9660987E+002, 2.5169415E+002, 1.2004794E+002, 9.6305455E+000,-3.9457317E-001, 9.2359723E+000, 9.6732364E+001, 1.9623270E+002, 1.7521614E+002, 1.2679830E+002, 1.1726732E+001,-3.5778562E-001, 1.1368947E+001, 9.6879219E+001, 1.9661318E+002, 2.1878015E+002, 1.2405749E+002, 1.2496082E+002, 1.1243188E+001,-3.9235299E-001, 1.0850835E+001, 9.6972966E+001, 2.0044806E+002, 2.3931712E+002, 1.2809833E+002, 1.2274527E+001,-4.4592034E-001, 1.1828607E+001, 9.7032227E+001, 2.0047898E+002, 2.6091847E+002, 1.2210631E+002, 1.0290216E+001,-3.3922602E-001, 9.9509898E+000, 9.6903632E+001, 2.0024604E+002, 2.3096381E+002, 1.2100047E+002, 1.0003661E+001,-3.8296145E-001, 9.6206991E+000, 9.6874176E+001, 2.0015469E+002, 1.7346334E+002, 1.2767171E+002, 1.2143187E+001,-3.6844155E-001, 1.1774746E+001, 9.7030884E+001, 2.0054123E+002, 2.2760211E+002, 1.2496082E+002, 3.2587140E+002
 9.2001399E+001, 1.7441658E-002,-8.8750990E-003, 2.6316757E-002,-1.8831492E-006, 1.9475439E-002, 1.9475439E-002, 1.7129443E-005, 2.4893755E+002, 2.7820912E+002, 2.4893755E+002, 2.7820912E+002, 2.7307288E+002, 5.3218787E+002, 1.2414196E+002, 1.1027025E+001,-3.4972432E-001, 1.0677301E+001, 9.6854082E+001, 1.9671660E+002, 2.4893755E+002, 1.2055062E+002, 9.7598526E+000,-3.0209213E-001, 9.4577605E+000, 9.6780412E+001, 1.9649259E+002, 2.4257394E+002, 1.2761924E+002, 1.2313270E+001,-4.1542230E-001, 1.1897848E+001, 9.6923998E+001, 1.9680203E+002, 2.3596950E+002, 1.2003572E+002, 9.7250410E+000,-4.3966300E-001, 9.2853780E+000, 9.6761450E+001, 1.9641801E+002, 2.0864164E+002, 1.2693023E+002, 1.1947506E+001,-3.3167209E-001, 1.1615834E+001, 9.6911807E+001, 1.9680533E+002, 2.1883715E+002, 1.2414196E+002, 1.2524327E+002, 1.1522619E+001,-3.9169559E-001, 1.1130923E+001, 9.7009720E+001, 2.0065094E+002, 2.7820912E+002, 1.2843276E+002, 1.2652899E+001,-4.3831406E-001, 1.2214585E+001, 9.7070046E+001, 2.0068198E+002, 2.2474385E+002, 1.2233130E+002, 1.0463499E+001,-3.2064167E-001, 1.0142857E+001, 9.6938925E+001, 2.0044934E+002, 2.4019628E+002, 1.2118188E+002, 1.0149597E+001,-4.0731952E-001, 9.7422772E+000, 9.6908864E+001, 2.0035807E+002, 2.1318314E+002, 1.2799417E+002, 1.2453326E+001,-3.7698452E-001, 1.2076342E+001, 9.7068709E+001, 2.0074395E+002, 2.1907114E+002, 1.2524327E+002, 3.2587266E+002
 9.2501438E+001, 1.8757850E-002,-7.9960986E-003, 2.6753949E-002,-1.8122743E-006, 1.9432207E-002, 1.9432207E-002, 1.7541110E-005, 2.4452748E+002, 2.7296285E+002, 2.4452748E+002, 2.7296285E+002, 3.4385820E+002, 5.2933131E+002, 1.2408621E+002, 1.0935733E+001,-4.1371607E-001, 1.0522017E+001, 9.6886451E+001, 1.9691102E+002, 2.4452748E+002, 1.2046859E+002, 9.6866240E+000,-3.7727106E-001, 9.3093529E+000, 9.6810958E+001, 1.9668431E+002, 2.6107373E+002, 1.2756283E+002, 1.2101457E+001,-4.3786448E-001, 1.1663592E+001, 9.6957749E+001, 1.9699741E+002, 2.5457809E+002, 1.1997086E+002, 9.6874762E+000,-4.9559038E-001, 9.1918858E+000, 9.6791531E+001, 1.9660869E+002, 2.4063507E+002, 1.2687636E+002, 1.1804458E+001,-3.6524516E-001, 1.1439212E+001, 9.6945326E+001, 1.9700069E+002, 2.2796228E+002, 1.2408621E+002, 1.2544715E+002, 1.1480445E+001,-3.8344675E-001, 1.1096998E+001, 9.7047198E+001, 2.0085185E+002, 2.7296285E+002, 1.2862406E+002, 1.2568406E+001,-4.3127637E-001, 1.2137130E+001, 9.7108589E+001, 2.0088296E+002, 2.2598965E+002, 1.2243017E+002, 1.0405374E+001,-3.5688671E-001, 1.0048488E+001, 9.6974965E+001, 2.0065110E+002, 2.7446368E+002, 1.2147974E+002, 1.0326981E+001,-3.9132128E-001, 9.9356598E+000, 9.6944310E+001, 2.0056014E+002, 2.7150801E+002, 1.2805969E+002, 1.2207185E+001,-3.7109507E-001, 1.1836090E+001, 9.7107250E+001, 2.0094451E+002, 2.2058961E+002, 1.2544715E+002, 3.2587211E+002
 9.3001978E+001, 1.7565019E-002,-7.7755662E-003, 2.5340586E-002,-1.9486882E-006, 1.9312302E-002, 1.9312302E-002, 1.7103226E-005, 2.3591859E+002, 2.9407507E+002, 2.3591859E+002, 2.9407507E+002, 3.5987995E+002, 5.3174506E+002, 1.2410526E+002, 1.1011512E+001,-4.5104823E-001, 1.0560464E+001, 9.6919799E+001, 1.9710803E+002, 2.3591859E+002, 1.2049064E+002, 9.7433093E+000,-3.7744113E-001, 9.3658682E+000, 9.6842512E+001, 1.9687968E+002, 2.7264655E+002, 1.2777087E+002, 1.2344512E+001,-4.1050311E-001, 1.1934009E+001, 9.6992474E+001, 1.9719503E+002, 2.2056516E+002, 1.2001165E+002, 9.7344752E+000,-4.7331389E-001, 9.2611614E+000, 9.6822631E+001, 1.9680340E+002, 2.4596032E+002, 1.2692640E+002, 1.1909441E+001,-3.9615717E-001, 1.1513284E+001, 9.6979818E+001, 1.9719827E+002, 2.2153391E+002, 1.2410526E+002, 1.2547814E+002, 1.1389650E+001,-3.6845615E-001, 1.1021194E+001, 9.7085464E+001, 2.0105070E+002, 2.9407507E+002, 1.2881132E+002, 1.2669166E+001,-3.8817286E-001, 1.2280993E+001, 9.7147924E+001, 2.0108184E+002, 2.1877170E+002, 1.2246472E+002, 1.0325591E+001,-3.0053195E-001, 1.0025059E+001, 9.7011809E+001, 2.0085118E+002, 2.5659099E+002, 1.2146041E+002, 1.0127751E+001,-4.2381359E-001, 9.7039378E+000, 9.6980569E+001, 2.0076070E+002, 2.6331456E+002, 1.2809706E+002, 1.2199719E+001,-3.5531008E-001, 1.1844409E+001, 9.7146576E+001, 2.0114287E+002, 2.1129292E+002, 1.2547814E+002, 3.2589210E+002
 9.3502228E+001, 1.6783129E-002,-8.2067280E-003, 2.4989857E-002,-2.0843528E-006, 1.9316829E-002, 1.9316829E-002, 1.6928293E-005, 2.6069171E+002, 2.2516666E+002, 2.6069171E+002, 2.2516666E+002, 4.9411304E+002, 5.2340618E+002, 1.2423986E+002, 1.1051641E+001,-3.8098864E-001, 1.0670653E+001, 9.6954040E+001, 1.9730609E+002, 2.6069171E+002, 1.2054998E+002, 9.7391122E+000,-3.4259944E-001, 9.3965128E+000, 9.6874986E+001, 1.9707697E+002, 2.8202516E+002, 1.2782059E+002, 1.2205626E+001,-4.0256379E-001, 1.1803062E+001, 9.7028087E+001, 1.9739342E+002, 2.3711982E+002, 1.2012121E+002, 9.7654398E+000,-4.2527707E-001, 9.3401628E+000, 9.6854662E+001, 1.9700033E+002, 2.3317848E+002, 1.2707006E+002, 1.1967057E+001,-3.5525708E-001, 1.1611800E+001, 9.7015194E+001, 1.9739661E+002, 2.4670093E+002, 1.2423986E+002, 1.2535644E+002, 1.1159781E+001,-3.6157209E-001, 1.0798209E+001, 9.7124440E+001, 2.0124675E+002, 2.2516666E+002, 1.2865999E+002, 1.2291699E+001,-4.0116540E-001, 1.1890533E+001, 9.7187973E+001, 2.0127787E+002, 2.1713023E+002, 1.2239253E+002, 1.0174334E+001,-3.1089235E-001, 9.8634420E+000, 9.7049381E+001, 2.0104875E+002, 2.6294227E+002, 1.2135205E+002, 9.9238304E+000,-4.0588049E-001, 9.5179499E+000, 9.7017564E+001, 2.0095890E+002, 2.1990800E+002, 1.2800420E+002, 1.2045431E+001,-3.4615059E-001, 1.1699280E+001, 9.7186607E+001, 2.0133831E+002, 2.0516353E+002, 1.2535644E+002, 3.2585454E+002
 9.4001595E+001, 1.7127800E-002,-8.4420106E-003, 2.5569811E-002,-1.9532789E-006, 1.9551715E-002, 1.9551715E-002, 1.6324996E-005, 2.3673149E+002, 2.5446548E+002, 2.3673149E+002, 2.5446548E+002, 4.7599022E+002, 5.2371536E+002, 1.2435395E+002, 1.1047761E+001,-3.5943747E-001, 1.0688324E+001, 9.6989079E+001, 1.9750385E+002, 2.3673149E+002, 1.2062611E+002, 9.7443147E+000,-3.2603841E-001, 9.4182763E+000, 9.6908286E+001, 1.9727467E+002, 2.6917802E+002, 1.2792466E+002, 1.2268935E+001,-4.4114279E-001, 1.1827792E+001, 9.7064491E+001, 1.9759127E+002, 2.3170784E+002, 1.2022097E+002, 9.7710128E+000,-4.1225174E-001, 9.3587611E+000, 9.6887531E+001, 1.9719795E+002, 2.4038097E+002, 1.2719658E+002, 1.1954532E+001,-3.2904425E-001, 1.1625487E+001, 9.7051362E+001, 1.9759439E+002, 2.2310356E+002, 1.2435395E+002, 1.2578316E+002, 1.1644850E+001,-3.4930626E-001, 1.1295544E+001, 9.7164037E+001, 2.0143930E+002, 2.5446548E+002, 1.2909074E+002, 1.2806587E+001,-3.9884997E-001, 1.2407737E+001, 9.7228646E+001, 2.0147038E+002, 2.5062029E+002, 1.2262341E+002, 1.0475329E+001,-3.5103502E-001, 1.0124294E+001, 9.7087592E+001, 2.0124306E+002, 2.3850791E+002, 1.2168850E+002, 1.0346626E+001,-3.9516652E-001, 9.9514598E+000, 9.7055206E+001, 2.0115396E+002, 2.6893498E+002, 1.2841637E+002, 1.2466007E+001,-3.5086029E-001, 1.2115147E+001, 9.7227253E+001, 2.0153015E+002, 2.1427322E+002, 1.2578316E+002, 3.2591613E+002
 9.4501439E+001, 1.8728262E-002,-8.6439628E-003, 2.7372225E-002,-1.9887344E-006, 1.9223862E-002, 1.9223862E-002, 1.7466576E-005, 2.2747302E+002, 2.9123651E+002, 2.2747302E+002, 2.9123651E+002, 3.6639869E+002, 5.2789180E+002, 1.2434425E+002, 1.0924556E+001,-3.6222328E-001, 1.0562333E+001, 9.7024893E+001, 1.9770053E+002, 2.2747302E+002, 1.2066721E+002, 9.7049156E+000,-3.2169647E-001, 9.3832192E+000, 9.6942385E+001, 1.9747190E+002, 2.7572665E+002, 1.2794813E+002, 1.2205007E+001,-4.1655578E-001, 1.1788451E+001, 9.7101666E+001, 1.9778784E+002, 2.4511931E+002, 1.2020803E+002, 9.6814232E+000,-4.3474006E-001, 9.2466832E+000, 9.6921209E+001, 1.9739529E+002, 2.1620470E+002, 1.2716749E+002, 1.1797801E+001,-3.3187824E-001, 1.1465922E+001, 9.7088297E+001, 1.9779090E+002, 2.2357960E+002, 1.2434425E+002, 1.2591366E+002, 1.1469638E+001,-3.2586841E-001, 1.1143770E+001, 9.7204248E+001, 2.0162815E+002, 2.9123651E+002, 1.2914675E+002, 1.2528761E+001,-3.9083932E-001, 1.2137921E+001, 9.7269935E+001, 2.0165917E+002, 2.3534269E+002, 1.2265929E+002, 1.0375231E+001,-3.8404660E-001, 9.9911848E+000, 9.7126430E+001, 2.0143387E+002, 2.8657537E+002, 1.2185048E+002, 1.0291361E+001,-4.1046651E-001, 9.8808941E+000, 9.7093484E+001, 2.0134560E+002, 3.0637143E+002, 1.2851287E+002, 1.2269519E+001,-3.2449577E-001, 1.1945023E+001, 9.7268508E+001, 2.0171821E+002, 2.2874889E+002, 1.2591366E+002, 3.2595329E+002
 9.5001798E+001, 1.8390778E-002,-8.6437257E-003, 2.7034503E-002,-1.9799160E-006, 1.9388908E-002, 1.9388908E-002, 1.6667591E-005, 2.3895837E+002, 1.9685265E+002, 2.3895837E+002, 1.9685265E+002, 3.2912709E+002, 5.3308261E+002, 1.2433448E+002, 1.0884282E+001,-3.6607230E-001, 1.0518210E+001, 9.7061493E+001, 1.9789567E+002, 2.3895837E+002, 1.2063623E+002, 9.6600152E+000,-3.6948838E-001, 9.2905268E+000, 9.6977290E+001, 1.9766808E+002, 2.5926160E+002, 1.2793929E+002, 1.2098904E+001,-4.1181150E-001, 1.1687092E+001, 9.7139624E+001, 1.9798273E+002, 2.5907842E+002, 1.2015231E+002, 9.6208679E+000,-4.7446363E-001, 9.1464042E+000, 9.6955702E+001, 1.9759177E+002, 2.4731035E+002, 1.2715743E+002, 1.1775956E+001,-3.4057711E-001, 1.1435379E+001, 9.7126015E+001, 1.9798570E+002, 2.2431287E+002, 1.2433448E+002, 1.2576607E+002, 1.1262019E+001,-3.2611479E-001, 1.0935904E+001, 9.7245099E+001, 2.0181330E+002, 1.9685265E+002, 1.2892759E+002, 1.2357666E+001,-4.3871739E-001, 1.1918949E+001, 9.7311869E+001, 2.0184423E+002, 2.5239070E+002, 1.2257856E+002, 1.0267916E+001,-3.8136197E-001, 9.8865536E+000, 9.7165920E+001, 2.0162113E+002, 2.0468755E+002, 1.2166163E+002, 9.9700810E+000,-3.9830598E-001, 9.5717751E+000, 9.7132421E+001, 2.0153377E+002, 2.3234959E+002, 1.2844472E+002, 1.2184903E+001,-3.2722370E-001, 1.1857679E+001, 9.7310402E+001, 2.0190251E+002, 2.4361035E+002, 1.2576607E+002, 3.2590814E+002
 9.5501806E+001, 1.8614756E-002,-8.5300762E-003, 2.7144833E-002,-1.8408572E-006, 1.9440099E-002, 1.9440099E-002, 1.7076254E-005, 2.3426851E+002, 3.2789535E+002, 2.3426851E+002, 3.2789535E+002, 3.4888282E+002, 5.4118776E+002, 1.2446334E+002, 1.1025050E+001,-3.9879932E-001, 1.0626251E+001, 9.7098806E+001, 1.9808850E+002, 2.3426851E+002, 1.2071437E+002, 9.7139862E+000,-3.5287174E-001, 9.3611145E+000, 9.7012927E+001, 1.9786234E+002, 2.4234152E+002, 1.2817256E+002, 1.2340172E+001,-4.2183122E-001, 1.1918341E+001, 9.7178293E+001, 1.9817515E+002, 2.3923190E+002, 1.2027772E+002, 9.7658692E+000,-4.6629521E-001, 9.2995740E+000, 9.6990936E+001, 1.9778648E+002, 2.8211752E+002, 1.2732238E+002, 1.1913924E+001,-3.4709032E-001, 1.1566833E+001, 9.7164441E+001, 1.9817804E+002, 2.2863396E+002, 1.2446334E+002, 1.2577583E+002, 1.1294568E+001,-4.4006809E-001, 1.0854500E+001, 9.7286523E+001, 2.0199435E+002, 3.2789535E+002, 1.2909081E+002, 1.2517027E+001,-4.6345541E-001, 1.2053571E+001, 9.7354380E+001, 2.0202519E+002, 2.3733176E+002, 1.2267179E+002, 1.0290668E+001,-3.5738312E-001, 9.9332848E+000, 9.7205995E+001, 2.0180441E+002, 2.5668968E+002, 1.2168901E+002, 1.0056462E+001,-4.5375625E-001, 9.6027061E+000, 9.7171949E+001, 2.0171802E+002, 2.5806581E+002, 1.2845003E+002, 1.2114656E+001,-3.9887934E-001, 1.1715777E+001, 9.7352865E+001, 2.0208267E+002, 2.5144298E+002, 1.2577583E+002, 3.2599909E+002
 9.6001796E+001, 1.7751200E-002,-8.5229471E-003, 2.6274147E-002,-1.9282588E-006, 1.9302772E-002, 1.9302772E-002, 1.7566027E-005, 2.0994517E+002, 2.7118056E+002, 2.0994517E+002, 2.7118056E+002, 4.7923730E+002, 5.3655283E+002, 1.2450334E+002, 1.0962541E+001,-4.1209377E-001, 1.0550447E+001, 9.7136777E+001, 1.9827841E+002, 2.0994517E+002, 1.2078767E+002, 9.6865139E+000,-3.2093135E-001, 9.3655826E+000, 9.7049241E+001, 1.9805402E+002, 2.6378469E+002, 1.2826047E+002, 1.2234091E+001,-4.0681859E-001, 1.1827273E+001, 9.7217617E+001, 1.9836457E+002, 2.4203878E+002, 1.2029782E+002, 9.6590751E+000,-4.5844245E-001, 9.2006327E+000, 9.7026855E+001, 1.9797871E+002, 2.3891961E+002, 1.2741219E+002, 1.1912916E+001,-3.6107514E-001, 1.1551841E+001, 9.7203520E+001, 1.9836736E+002, 2.1976583E+002, 1.2450334E+002, 1.2584555E+002, 1.1370929E+001,-4.0435852E-001, 1.0966570E+001, 9.7328472E+001, 2.0217107E+002, 2.7118056E+002, 1.2922903E+002, 1.2599489E+001,-4.5535225E-001, 1.2144137E+001, 9.7397419E+001, 2.0220180E+002, 2.2401071E+002, 1.2271146E+002, 1.0316610E+001,-3.7879541E-001, 9.9378142E+000, 9.7246605E+001, 2.0198344E+002, 2.4092883E+002, 1.2170225E+002, 1.0073201E+001,-4.7792162E-001, 9.5952791E+000, 9.7212019E+001, 2.0189807E+002, 2.7774959E+002, 1.2856684E+002, 1.2302032E+001,-4.1071785E-001, 1.1891314E+001, 9.7395851E+001, 2.0225845E+002, 2.3957011E+002, 1.2584555E+002, 3.2601031E+002
 9.6500455E+001, 1.8246549E-002,-8.3706107E-003, 2.6617160E-002,-1.7819955E-006, 1.9485048E-002, 1.9485048E-002, 1.6558447E-005, 2.0238454E+002, 2.7673932E+002, 2.0238454E+002, 2.7673932E+002, 2.9896837E+002, 5.1425273E+002, 1.2452789E+002, 1.0950824E+001,-4.0136787E-001, 1.0549456E+001, 9.7175330E+001, 1.9846483E+002, 2.0238454E+002, 1.2083974E+002, 9.7125323E+000,-3.4544660E-001, 9.3670857E+000, 9.7086156E+001, 1.9824246E+002, 2.6034965E+002, 1.2815978E+002, 1.2115238E+001,-4.6064922E-001, 1.1654589E+001, 9.7257519E+001, 1.9855040E+002, 2.4462739E+002, 1.2029209E+002, 9.6593738E+000,-4.7016674E-001, 9.1892071E+000, 9.7063383E+001, 1.9816781E+002, 2.1736500E+002, 1.2743767E+002, 1.1852857E+001,-3.5790416E-001, 1.1494953E+001, 9.7243176E+001, 1.9855310E+002, 2.1501744E+002, 1.2452789E+002, 1.2608638E+002, 1.1582332E+001,-3.8850958E-001, 1.1193823E+001, 9.7370873E+001, 2.0234315E+002, 2.7673932E+002, 1.2934212E+002, 1.2641486E+001,-4.4786185E-001, 1.2193624E+001, 9.7440912E+001, 2.0237377E+002, 2.3077183E+002, 1.2291890E+002, 1.0478483E+001,-3.5116184E-001, 1.0127321E+001, 9.7287679E+001, 2.0215791E+002, 2.6602886E+002, 1.2192112E+002, 1.0292948E+001,-4.2667107E-001, 9.8662765E+000, 9.7252560E+001, 2.0207358E+002, 2.8708715E+002, 1.2880283E+002, 1.2432739E+001,-3.6821661E-001, 1.2064523E+001, 9.7439284E+001, 2.0242958E+002, 2.1634994E+002, 1.2608638E+002, 3.2604436E+002
 9.7001078E+001, 1.8657078E-002,-8.1440133E-003, 2.6801091E-002,-1.9304175E-006, 1.9357069E-002, 1.9357069E-002, 1.7093410E-005, 2.0596157E+002, 1.7901244E+002, 2.0596157E+002, 1.7901244E+002, 5.0059463E+002, 5.1928943E+002, 1.2468416E+002, 1.1095311E+001,-3.8845029E-001, 1.0706861E+001, 9.7214509E+001, 1.9864780E+002, 2.0596157E+002, 1.2088122E+002, 9.7128261E+000,-3.6334752E-001, 9.3494786E+000, 9.7123711E+001, 1.9842768E+002, 2.0570238E+002, 1.2843576E+002, 1.2477929E+001,-4.5274036E-001, 1.2025189E+001, 9.7298048E+001, 1.9873273E+002, 2.4429950E+002, 1.2047061E+002, 9.8221930E+000,-4.5112154E-001, 9.3710714E+000, 9.7100559E+001, 1.9835375E+002, 2.5745134E+002, 1.2753483E+002, 1.1954888E+001,-3.7800703E-001, 1.1576881E+001, 9.7283457E+001, 1.9873533E+002, 2.1229102E+002, 1.2468416E+002, 1.2606694E+002, 1.1257565E+001,-3.4541808E-001, 1.0912147E+001, 9.7413787E+001, 2.0251088E+002, 1.7901244E+002, 1.2931614E+002, 1.2401333E+001,-4.4154516E-001, 1.1959788E+001, 9.7484923E+001, 2.0254139E+002, 2.0593116E+002, 1.2287612E+002, 1.0225846E+001,-3.5566649E-001, 9.8701798E+000, 9.7329274E+001, 2.0232807E+002, 2.1843623E+002, 1.2195799E+002, 1.0046582E+001,-3.8259077E-001, 9.6639916E+000, 9.7293627E+001, 2.0224481E+002, 2.0693398E+002, 1.2873361E+002, 1.2074603E+001,-3.4916133E-001, 1.1725441E+001, 9.7483230E+001, 2.0259634E+002, 2.1257486E+002, 1.2606694E+002, 3.2609212E+002
 9.7501907E+001, 1.6284825E-002,-8.7542914E-003, 2.5039117E-002,-2.0628803E-006, 1.9290609E-002, 1.9290609E-002, 1.7696593E-005, 2.3618531E+002, 2.5565574E+002, 2.3618531E+002, 2.5565574E+002, 3.7124208E+002, 5.3670006E+002, 1.2494137E+002, 1.1190079E+001,-3.5395999E-001, 1.0836119E+001, 9.7254343E+001, 1.9882735E+002, 2.3618531E+002, 1.2101552E+002, 9.7772859E+000,-3.3582004E-001, 9.4414659E+000, 9.7161932E+001, 1.9860963E+002, 3.0236867E+002, 1.2861954E+002, 1.2402994E+001,-4.3946157E-001, 1.1963532E+001, 9.7339234E+001, 1.9891156E+002, 2.3044981E+002, 1.2066504E+002, 9.8459211E+000,-4.1367627E-001, 9.4322449E+000, 9.7138405E+001, 1.9853650E+002, 2.1433761E+002, 1.2782182E+002, 1.2137349E+001,-3.4378066E-001, 1.1793568E+001, 9.7324391E+001, 1.9891406E+002, 2.3045673E+002, 1.2494137E+002, 1.2620373E+002, 1.1545881E+001,-4.0515133E-001, 1.1140730E+001, 9.7457253E+001, 2.0267442E+002, 2.5565574E+002, 1.2958223E+002, 1.2729382E+001,-4.2229991E-001, 1.2307082E+001, 9.7529493E+001, 2.0270481E+002, 2.4606928E+002, 1.2299598E+002, 1.0388884E+001,-3.2275373E-001, 1.0066130E+001, 9.7371427E+001, 2.0249408E+002, 2.6101808E+002, 1.2207723E+002, 1.0206066E+001,-3.8821250E-001, 9.8178530E+000, 9.7335255E+001, 2.0241191E+002, 1.6687378E+002, 1.2890271E+002, 1.2391282E+001,-3.8102572E-001, 1.2010257E+001, 9.7527729E+001, 2.0275890E+002, 2.0360169E+002, 1.2620373E+002, 3.2609472E+002
 9.8001749E+001, 1.7780016E-002,-8.4279428E-003, 2.6207959E-002,-1.8748877E-006, 1.9561170E-002, 1.9561170E-002, 1.6454621E-005, 2.3074805E+002, 2.6296536E+002, 2.3074805E+002, 2.6296536E+002, 3.4589943E+002, 5.2699649E+002, 1.2492252E+002, 1.0948040E+001,-3.5283247E-001, 1.0595207E+001, 9.7294688E+001, 1.9900272E+002, 2.3074805E+002, 1.2106787E+002, 9.7163743E+000,-3.3992393E-001, 9.3764504E+000, 9.7200677E+001, 1.9878755E+002, 2.8980996E+002, 1.2850530E+002, 1.2125394E+001,-4.6438734E-001, 1.1661006E+001, 9.7380928E+001, 1.9908619E+002, 2.5336974E+002, 1.2070949E+002, 9.6967136E+000,-3.8842259E-001, 9.3082910E+000, 9.7176784E+001, 1.9871525E+002, 2.7811232E+002, 1.2780077E+002, 1.1869558E+001,-3.4371849E-001, 1.1525839E+001, 9.7365834E+001, 1.9908859E+002, 2.3882427E+002, 1.2492252E+002, 1.2628331E+002, 1.1391772E+001,-3.7549251E-001, 1.1016280E+001, 9.7501124E+001, 2.0283328E+002, 2.6296536E+002, 1.2958059E+002, 1.2510802E+001,-4.3312934E-001, 1.2077673E+001, 9.7574470E+001, 2.0286356E+002, 2.1814476E+002, 1.2313929E+002, 1.0382331E+001,-3.2165101E-001, 1.0060680E+001, 9.7413993E+001, 2.0265541E+002, 2.9560639E+002, 1.2228568E+002, 1.0246144E+001,-3.6174841E-001, 9.8843959E+000, 9.7377302E+001, 2.0257433E+002, 2.6790769E+002, 1.2892845E+002, 1.2205131E+001,-3.7338792E-001, 1.1831743E+001, 9.7572630E+001, 2.0291678E+002, 2.1575927E+002, 1.2628331E+002, 3.2611946E+002
 9.8502334E+001, 1.8786418E-002,-7.9704771E-003, 2.6756895E-002,-1.9262259E-006, 1.9321166E-002, 1.9321166E-002, 1.7019377E-005, 2.6605674E+002, 2.5138914E+002, 2.6605674E+002, 2.5138914E+002, 2.6374205E+002, 5.2505743E+002, 1.2491597E+002, 1.0922569E+001,-3.6551076E-001, 1.0557058E+001, 9.7335540E+001, 1.9917390E+002, 2.6605674E+002, 1.2107898E+002, 9.6650846E+000,-3.5026495E-001, 9.3148196E+000, 9.7239941E+001, 1.9896136E+002, 2.3751414E+002, 1.2859687E+002, 1.2255786E+001,-4.1811974E-001, 1.1837666E+001, 9.7423130E+001, 1.9925659E+002, 2.6564978E+002, 1.2066386E+002, 9.6493373E+000,-4.4778769E-001, 9.2015496E+000, 9.7215687E+001, 1.9888994E+002, 2.3263388E+002, 1.2777995E+002, 1.1800957E+001,-3.3656099E-001, 1.1464396E+001, 9.7407782E+001, 1.9925888E+002, 2.3924660E+002, 1.2491597E+002, 1.2636112E+002, 1.1434476E+001,-3.6413318E-001, 1.1070343E+001, 9.7545402E+001, 2.0298755E+002, 2.5138914E+002, 1.2974019E+002, 1.2668487E+001,-4.3475120E-001, 1.2233735E+001, 9.7619859E+001, 2.0301771E+002, 2.5369426E+002, 1.2317485E+002, 1.0328875E+001,-3.1362152E-001, 1.0015253E+001, 9.7456974E+001, 2.0281215E+002, 2.3888715E+002, 1.2227232E+002, 1.0111016E+001,-3.7147097E-001, 9.7395451E+000, 9.7419769E+001, 2.0273217E+002, 2.0311881E+002, 1.2907410E+002, 1.2336491E+001,-3.5679369E-001, 1.1979698E+001, 9.7617937E+001, 2.0307006E+002, 2.2817379E+002, 1.2636112E+002, 3.2615784E+002
 9.9002237E+001, 1.8095778E-002,-7.8822915E-003, 2.5978069E-002,-1.8478268E-006, 1.9411974E-002, 1.9411974E-002, 1.7131433E-005, 2.5591517E+002, 2.8545249E+002, 2.5591517E+002, 2.8545249E+002, 2.5739151E+002, 5.5404858E+002, 1.2486751E+002, 1.0869282E+001,-3.9653134E-001, 1.0472750E+001, 9.7376880E+001, 1.9934080E+002, 2.5591517E+002, 1.2101821E+002, 9.6078922E+000,-3.9562519E-001, 9.2122671E+000, 9.7279702E+001, 1.9913097E+002, 2.4761192E+002, 1.2867897E+002, 1.2280155E+001,-4.7771726E-001, 1.1802438E+001, 9.7465819E+001, 1.9942270E+002, 2.4637172E+002, 1.2067607E+002, 9.6015757E+000,-4.0324365E-001, 9.1983321E+000, 9.7255095E+001, 1.9906045E+002, 2.1200095E+002, 1.2775598E+002, 1.1786272E+001,-3.6787006E-001, 1.1418402E+001, 9.7450215E+001, 1.9942488E+002, 2.3281808E+002, 1.2486751E+002, 1.2657024E+002, 1.1602425E+001,-3.6665671E-001, 1.1235769E+001, 9.7590077E+001, 2.0313727E+002, 2.8545249E+002, 1.2980717E+002, 1.2663925E+001,-4.7032064E-001, 1.2193604E+001, 9.7665649E+001, 2.0316732E+002, 2.2605164E+002, 1.2328293E+002, 1.0451062E+001,-3.7739629E-001, 1.0073666E+001, 9.7500356E+001, 2.0296434E+002, 2.4945063E+002, 1.2236901E+002, 1.0283300E+001,-4.5773338E-001, 9.8255667E+000, 9.7462642E+001, 2.0288546E+002, 2.5144900E+002, 1.2929222E+002, 1.2471205E+001,-3.5913576E-001, 1.2112069E+001, 9.7663640E+001, 2.0321881E+002, 2.3864157E+002, 1.2657024E+002, 3.2621971E+002
 9.9501139E+001, 1.8283347E-002,-8.1795865E-003, 2.6462933E-002,-1.8546591E-006, 1.9306103E-002, 1.9306103E-002, 1.7210558E-005, 2.5256302E+002, 2.2013108E+002, 2.5256302E+002, 2.2013108E+002, 4.8502306E+002, 5.3231959E+002, 1.2484655E+002, 1.0792870E+001,-3.7036072E-001, 1.0422509E+001, 9.7418614E+001, 1.9950310E+002, 2.5256302E+002, 1.2103599E+002, 9.5807925E+000,-3.5908174E-001, 9.2217107E+000, 9.7319871E+001, 1.9929601E+002, 2.3896822E+002, 1.2859035E+002, 1.2024120E+001,-4.4413555E-001, 1.1579985E+001, 9.7508901E+001, 1.9958419E+002, 2.2758773E+002, 1.2068842E+002, 9.5490882E+000,-3.8357176E-001, 9.1655164E+000, 9.7294915E+001, 1.9922642E+002, 2.4122042E+002, 1.2769367E+002, 1.1674891E+001,-3.7920609E-001, 1.1295685E+001, 9.7493040E+001, 1.9958626E+002, 2.1560174E+002, 1.2484655E+002, 1.2677603E+002, 1.1650158E+001,-3.8051121E-001, 1.1269647E+001, 9.7635053E+001, 2.0328226E+002, 2.2013108E+002, 1.2998727E+002, 1.2682428E+001,-4.5474468E-001, 1.2227683E+001, 9.7711743E+001, 2.0331219E+002, 2.3966925E+002, 1.2342565E+002, 1.0520046E+001,-3.9846078E-001, 1.0121585E+001, 9.7544049E+001, 2.0311176E+002, 2.3959253E+002, 1.2258934E+002, 1.0389059E+001,-4.3777422E-001, 9.9512852E+000, 9.7505830E+001, 2.0303397E+002, 2.7575919E+002, 1.2952861E+002, 1.2568501E+001,-3.7441528E-001, 1.2194086E+001, 9.7709643E+001, 2.0336283E+002, 2.1722361E+002, 1.2677603E+002, 3.2621432E+002
 1.0000217E+002, 1.7677467E-002,-8.0798775E-003, 2.5757344E-002,-1.9676176E-006, 1.9513803E-002, 1.9513803E-002, 1.6165438E-005, 2.4190087E+002, 2.5246841E+002, 2.4190087E+002, 2.5246841E+002, 2.5313346E+002, 5.0888318E+002, 1.2476648E+002, 1.0693114E+001,-3.5196309E-001, 1.0341151E+001, 9.7460832E+001, 1.9966119E+002, 2.4190087E+002, 1.2100782E+002, 9.5127891E+000,-3.4305349E-001, 9.1697356E+000, 9.7360530E+001, 1.9945688E+002, 2.5575799E+002, 1.2846373E+002, 1.1977819E+001,-4.5387385E-001, 1.1523945E+001, 9.7552469E+001, 1.9974146E+002, 2.3997011E+002, 1.2060477E+002, 9.4832578E+000,-4.3100440E-001, 9.0522534E+000, 9.7335231E+001, 1.9938822E+002, 2.1608479E+002, 1.2759056E+002, 1.1562586E+001,-3.5403301E-001, 1.1208553E+001, 9.7536349E+001, 1.9974342E+002, 2.2925749E+002, 1.2476648E+002, 1.2717663E+002, 1.2043569E+001,-3.8600801E-001, 1.1657561E+001, 9.7680437E+001, 2.0342294E+002, 2.5246841E+002, 1.3032071E+002, 1.3059656E+001,-4.3899420E-001, 1.2620662E+001, 9.7758249E+001, 2.0345277E+002, 2.4000852E+002, 1.2379765E+002, 1.0838536E+001,-3.4405440E-001, 1.0494482E+001, 9.7588152E+001, 2.0325486E+002, 2.4756515E+002, 1.2279770E+002, 1.0590104E+001,-4.6526178E-001, 1.0124843E+001, 9.7549433E+001, 2.0317815E+002, 2.0188610E+002, 1.3001022E+002, 1.2964171E+001,-3.6112597E-001, 1.2603045E+001, 9.7756055E+001, 2.0350256E+002, 2.3407755E+002, 1.2717663E+002, 3.2616593E+002
 1.0050258E+002, 1.8459133E-002,-7.6809220E-003, 2.6140055E-002,-1.8923878E-006, 1.9227219E-002, 1.9227219E-002, 1.7394806E-005, 2.5764274E+002, 2.1303150E+002, 2.5764274E+002, 2.1303150E+002, 2.9302889E+002, 5.3380144E+002, 1.2475002E+002, 1.0703574E+001,-3.8514431E-001, 1.0318430E+001, 9.7503530E+001, 1.9981510E+002, 2.5764274E+002, 1.2100911E+002, 9.5012368E+000,-3.5484306E-001, 9.1463938E+000, 9.7401675E+001, 1.9961359E+002, 2.3098830E+002, 1.2857189E+002, 1.2028788E+001,-3.8996334E-001, 1.1638824E+001, 9.7596521E+001, 1.9989456E+002, 2.4596003E+002, 1.2054428E+002, 9.4636211E+000,-4.7111037E-001, 8.9925108E+000, 9.7376039E+001, 1.9954587E+002, 1.9088132E+002, 1.2760552E+002, 1.1603908E+001,-3.5603356E-001, 1.1247875E+001, 9.7580140E+001, 1.9989641E+002, 2.2635896E+002, 1.2475002E+002, 1.2721583E+002, 1.1652057E+001,-3.8763648E-001, 1.1264420E+001, 9.7726232E+001, 2.0355942E+002, 2.1303150E+002, 1.3037424E+002, 1.2741324E+001,-4.7453549E-001, 1.2266789E+001, 9.7805172E+001, 2.0358915E+002, 2.2298262E+002, 1.2385364E+002, 1.0562541E+001,-3.6992426E-001, 1.0192617E+001, 9.7632667E+001, 2.0339373E+002, 2.2954714E+002, 1.2298780E+002, 1.0469101E+001,-4.3769599E-001, 1.0031405E+001, 9.7593450E+001, 2.0331809E+002, 1.9400751E+002, 1.2998282E+002, 1.2486998E+001,-3.7177724E-001, 1.2115221E+001, 9.7802879E+001, 2.0363811E+002, 2.1514262E+002, 1.2721583E+002, 3.2619548E+002
 1.0100262E+002, 1.8189449E-002,-8.0866125E-003, 2.6276062E-002,-1.8880862E-006, 1.9299267E-002, 1.9299267E-002, 1.6936981E-005, 2.3850378E+002, 2.5140111E+002, 2.3850378E+002, 2.5140111E+002, 3.8860547E+002, 5.2569253E+002, 1.2486570E+002, 1.0852282E+001,-4.0619973E-001, 1.0446082E+001, 9.7546583E+001, 1.9996446E+002, 2.3850378E+002, 1.2109516E+002, 9.6174774E+000,-3.8774184E-001, 9.2297356E+000, 9.7443184E+001, 1.9976574E+002, 2.7741351E+002, 1.2862307E+002, 1.2096702E+001,-4.8321070E-001, 1.1613491E+001, 9.7640927E+001, 2.0004310E+002, 2.3717480E+002, 1.2059947E+002, 9.5287951E+000,-4.6330288E-001, 9.0654922E+000, 9.7417214E+001, 1.9969896E+002, 2.0113871E+002, 1.2782092E+002, 1.1837875E+001,-3.7114960E-001, 1.1466726E+001, 9.7624283E+001, 2.0004484E+002, 2.1587104E+002, 1.2486570E+002, 1.2718195E+002, 1.1540936E+001,-3.7072503E-001, 1.1170211E+001, 9.7772308E+001, 2.0369142E+002, 2.5140111E+002, 1.3043231E+002, 1.2699229E+001,-4.2383680E-001, 1.2275393E+001, 9.7852379E+001, 2.0372106E+002, 1.9903436E+002, 1.2379784E+002, 1.0389004E+001,-3.3309464E-001, 1.0055910E+001, 9.7677469E+001, 2.0352808E+002, 2.2414471E+002, 1.2294884E+002, 1.0247172E+001,-3.8526060E-001, 9.8619110E+000, 9.7637758E+001, 2.0345349E+002, 1.7030107E+002, 1.2997006E+002, 1.2442798E+001,-3.6417062E-001, 1.2078627E+001, 9.7849984E+001, 2.0376919E+002, 2.1706349E+002, 1.2718195E+002, 3.2614486E+002
 1.0150064E+002, 1.5950374E-002,-8.7055477E-003, 2.4655922E-002,-1.8113081E-006, 1.9438867E-002, 1.9438867E-002, 1.6874504E-005, 2.5708714E+002, 2.7498218E+002, 2.5708714E+002, 2.7498218E+002, 2.8090244E+002, 5.0847372E+002, 1.2498491E+002, 1.0923883E+001,-3.9844222E-001, 1.0525441E+001, 9.7589905E+001, 2.0010909E+002, 2.5708714E+002, 1.2118948E+002, 9.6510833E+000,-3.7965076E-001, 9.2714325E+000, 9.7484973E+001, 1.9991314E+002, 2.4511053E+002, 1.2879079E+002, 1.2252370E+001,-4.7042604E-001, 1.1781944E+001, 9.7685602E+001, 2.0018692E+002, 2.4985572E+002, 1.2074146E+002, 9.6427568E+000,-4.2329719E-001, 9.2194596E+000, 9.7458675E+001, 1.9984730E+002, 2.0128038E+002, 1.2792929E+002, 1.1840290E+001,-3.7088008E-001, 1.1469410E+001, 9.7668693E+001, 2.0018856E+002, 2.1471486E+002, 1.2498491E+002, 1.2745017E+002, 1.1908825E+001,-3.7733102E-001, 1.1531493E+001, 9.7818583E+001, 2.0381886E+002, 2.7498218E+002, 1.3074810E+002, 1.3044321E+001,-4.2138626E-001, 1.2622935E+001, 9.7899784E+001, 2.0384841E+002, 2.2458740E+002, 1.2400479E+002, 1.0666858E+001,-3.1941823E-001, 1.0347440E+001, 9.7722474E+001, 2.0365782E+002, 2.5097839E+002, 1.2306997E+002, 1.0478849E+001,-4.2750739E-001, 1.0051342E+001, 9.7682274E+001, 2.0358426E+002, 2.0778711E+002, 1.3031633E+002, 1.2832558E+001,-3.3733196E-001, 1.2495226E+001, 9.7897285E+001, 2.0389573E+002, 2.2297252E+002, 1.2745017E+002, 3.2626172E+002
 1.0200243E+002, 1.9291840E-002,-7.9460877E-003, 2.7237927E-002,-1.8297054E-006, 1.9302927E-002, 1.9302927E-002, 1.7376520E-005, 2.7700406E+002, 2.7509644E+002, 2.7700406E+002, 2.7509644E+002, 2.9982650E+002, 5.5922829E+002, 1.2510125E+002, 1.0893751E+001,-3.8328639E-001, 1.0510465E+001, 9.7633663E+001, 2.0024963E+002, 2.7700406E+002, 1.2124682E+002, 9.6061840E+000,-3.7383893E-001, 9.2323451E+000, 9.7527200E+001, 2.0005644E+002, 2.6337447E+002, 1.2895565E+002, 1.2239050E+001,-4.3410129E-001, 1.1804948E+001, 9.7730716E+001, 2.0032667E+002, 2.5279754E+002, 1.2087489E+002, 9.6278428E+000,-4.0886416E-001, 9.2189786E+000, 9.7500577E+001, 1.9999154E+002, 1.7715946E+002, 1.2799640E+002, 1.1760362E+001,-3.6854401E-001, 1.1391818E+001, 9.7713541E+001, 2.0032820E+002, 2.2816086E+002, 1.2510125E+002, 1.2742144E+002, 1.1618052E+001,-3.9682405E-001, 1.1221228E+001, 9.7865235E+001, 2.0394233E+002, 2.7509644E+002, 1.3071330E+002, 1.2744556E+001,-4.5488575E-001, 1.2289670E+001, 9.7947575E+001, 2.0397181E+002, 2.5292953E+002, 1.2403816E+002, 1.0550047E+001,-3.8844616E-001, 1.0161600E+001, 9.7767859E+001, 2.0378356E+002, 2.5949436E+002, 1.2310493E+002, 1.0327305E+001,-4.3805740E-001, 9.8892472E+000, 9.7727171E+001, 2.0371102E+002, 2.6722130E+002, 1.3026872E+002, 1.2500229E+001,-3.7418885E-001, 1.2126041E+001, 9.7944968E+001, 2.0401833E+002, 2.0849778E+002, 1.2742144E+002, 3.2627746E+002
 1.0250061E+002, 1.8992469E-002,-8.0277887E-003, 2.7020258E-002,-1.8588130E-006, 1.9239451E-002, 1.9239451E-002, 1.7516156E-005, 2.6408559E+002, 2.5499080E+002, 2.6408559E+002, 2.5499080E+002, 3.0385760E+002, 5.3254176E+002, 1.2511939E+002, 1.0777951E+001,-3.5835770E-001, 1.0419593E+001, 9.7677764E+001, 2.0038590E+002, 2.6408559E+002, 1.2125034E+002, 9.5164451E+000,-3.5855153E-001, 9.1578936E+000, 9.7569776E+001, 2.0019542E+002, 2.3628536E+002, 1.2900923E+002, 1.2128721E+001,-4.2429555E-001, 1.1704425E+001, 9.7776176E+001, 2.0046215E+002, 2.2931140E+002, 1.2085883E+002, 9.5453280E+000,-4.6774174E-001, 9.0775862E+000, 9.7542832E+001, 2.0013145E+002, 2.1260380E+002, 1.2797185E+002, 1.1614616E+001,-3.4463861E-001, 1.1269978E+001, 9.7758732E+001, 2.0046357E+002, 2.3226152E+002, 1.2511939E+002, 1.2742746E+002, 1.1649873E+001,-3.9191010E-001, 1.1257963E+001, 9.7912174E+001, 2.0406172E+002, 2.5499080E+002, 1.3086387E+002, 1.2898949E+001,-4.1443199E-001, 1.2484517E+001, 9.7995656E+001, 2.0409113E+002, 2.5064793E+002, 1.2401312E+002, 1.0459702E+001,-3.5462096E-001, 1.0105081E+001, 9.7813530E+001, 2.0390516E+002, 2.2985415E+002, 1.2304245E+002, 1.0287952E+001,-4.8004567E-001, 9.8079060E+000, 9.7772359E+001, 2.0383362E+002, 1.9368047E+002, 1.3028674E+002, 1.2567369E+001,-3.7365552E-001, 1.2193714E+001, 9.7992938E+001, 2.0413686E+002, 2.2896587E+002, 1.2742746E+002, 3.2631866E+002
 1.0300113E+002, 1.7658666E-002,-7.9814253E-003, 2.5640091E-002,-1.6363987E-006, 1.9300685E-002, 1.9300685E-002, 1.7418072E-005, 2.4831067E+002, 2.6070890E+002, 2.4831067E+002, 2.6070890E+002, 3.1270703E+002, 5.3084659E+002, 1.2493168E+002, 1.0566500E+001,-4.1605382E-001, 1.0150446E+001, 9.7722133E+001, 2.0051775E+002, 2.4831067E+002, 1.2112383E+002, 9.3715452E+000,-3.9185976E-001, 8.9796854E+000, 9.7612627E+001, 2.0032996E+002, 2.3818658E+002, 1.2876100E+002, 1.1826789E+001,-4.9014762E-001, 1.1336642E+001, 9.7821906E+001, 2.0059324E+002, 2.2756200E+002, 1.2073445E+002, 9.3480137E+000,-4.4109471E-001, 8.9069190E+000, 9.7585366E+001, 2.0026690E+002, 2.3128786E+002, 1.2782954E+002, 1.1462120E+001,-3.6818254E-001, 1.1093937E+001, 9.7804191E+001, 2.0059455E+002, 2.1546919E+002, 1.2493168E+002, 1.2756574E+002, 1.1718845E+001,-4.4635140E-001, 1.1272494E+001, 9.7959323E+001, 2.0417695E+002, 2.6070890E+002, 1.3086843E+002, 1.2705232E+001,-4.7183692E-001, 1.2233395E+001, 9.8043950E+001, 2.0420630E+002, 2.2513057E+002, 1.2412772E+002, 1.0572844E+001,-3.9748330E-001, 1.0175361E+001, 9.7859415E+001, 2.0402256E+002, 2.5985517E+002, 1.2320343E+002, 1.0407718E+001,-4.7336151E-001, 9.9343565E+000, 9.7817763E+001, 2.0395198E+002, 2.5340570E+002, 1.3042899E+002, 1.2605701E+001,-4.1249854E-001, 1.2193203E+001, 9.8041118E+001, 2.0425125E+002, 2.0470751E+002, 1.2756574E+002, 3.2630613E+002
 1.0350011E+002, 1.5987152E-002,-8.2989607E-003, 2.4286112E-002,-1.9161309E-006, 1.9328731E-002, 1.9328731E-002, 1.6360988E-005, 2.4950690E+002, 2.2181324E+002, 2.4950690E+002, 2.2181324E+002, 3.3966831E+002, 5.2830533E+002, 1.2508185E+002, 1.0798518E+001,-3.7820734E-001, 1.0420311E+001, 9.7766842E+001, 2.0064554E+002, 2.4950690E+002, 1.2124426E+002, 9.5564577E+000,-3.7327355E-001, 9.1831841E+000, 9.7655820E+001, 2.0046039E+002, 2.7217287E+002, 1.2897292E+002, 1.2153237E+001,-4.3358092E-001, 1.1719656E+001, 9.7867978E+001, 2.0072028E+002, 2.1359929E+002, 1.2079822E+002, 9.4633220E+000,-4.2892617E-001, 9.0343959E+000, 9.7628247E+001, 2.0039823E+002, 2.3084047E+002, 1.2803252E+002, 1.1783159E+001,-3.8132304E-001, 1.1401836E+001, 9.7849991E+001, 2.0072148E+002, 2.2320412E+002, 1.2508185E+002, 1.2782334E+002, 1.1952661E+001,-4.0381379E-001, 1.1548848E+001, 9.8006762E+001, 2.0428835E+002, 2.2181324E+002, 1.3121498E+002, 1.3153209E+001,-4.6831992E-001, 1.2684889E+001, 9.8092540E+001, 2.0431764E+002, 2.0117398E+002, 1.2432717E+002, 1.0738738E+001,-4.0034318E-001, 1.0338394E+001, 9.7905591E+001, 2.0413607E+002, 2.1803107E+002, 1.2332779E+002, 1.0496121E+001,-4.6800575E-001, 1.0028115E+001, 9.7863459E+001, 2.0406645E+002, 2.4547415E+002, 1.3075770E+002, 1.2937203E+001,-4.0803713E-001, 1.2529166E+001, 9.8089591E+001, 2.0436184E+002, 2.1663847E+002, 1.2782334E+002, 3.2639846E+002
 1.0400228E+002, 1.9536618E-002,-8.0906301E-003, 2.7627248E-002,-1.8077590E-006, 1.9170105E-002, 1.9170105E-002, 1.7144093E-005, 2.5059257E+002, 2.6508663E+002, 2.5059257E+002, 2.6508663E+002, 3.6168391E+002, 5.2057525E+002, 1.2517303E+002, 1.0768076E+001,-3.6315948E-001, 1.0404917E+001, 9.7811919E+001, 2.0076942E+002, 2.5059257E+002, 1.2134913E+002, 9.5476870E+000,-3.4744984E-001, 9.2002371E+000, 9.7699383E+001, 2.0058687E+002, 2.6395459E+002, 1.2900017E+002, 1.1986851E+001,-4.0447888E-001, 1.1582372E+001, 9.7914424E+001, 2.0084343E+002, 2.4324538E+002, 1.2086143E+002, 9.4785070E+000,-4.3827394E-001, 9.0402330E+000, 9.7671499E+001, 2.0052561E+002, 2.5312210E+002, 1.2811512E+002, 1.1675755E+001,-3.4376129E-001, 1.1331994E+001, 9.7896161E+001, 2.0084452E+002, 2.3776728E+002, 1.2517303E+002, 1.2765785E+002, 1.1481049E+001,-3.4424369E-001, 1.1136805E+001, 9.8054526E+001, 2.0439609E+002, 2.6508663E+002, 1.3087716E+002, 1.2480042E+001,-4.6337511E-001, 1.2016667E+001, 9.8141461E+001, 2.0442533E+002, 2.3564229E+002, 1.2421148E+002, 1.0425301E+001,-3.6406563E-001, 1.0061236E+001, 9.7952090E+001, 2.0424587E+002, 2.5440795E+002, 1.2319608E+002, 1.0159311E+001,-4.4908363E-001, 9.7102278E+000, 9.7909480E+001, 2.0417719E+002, 1.7318447E+002, 1.3055358E+002, 1.2427459E+001,-3.5312640E-001, 1.2074333E+001, 9.8138392E+001, 2.0446879E+002, 2.3117176E+002, 1.2765785E+002, 3.2637438E+002
 1.0450111E+002, 1.7748226E-002,-8.9839299E-003, 2.6732156E-002,-1.8190127E-006, 1.9575851E-002, 1.9575851E-002, 1.6816898E-005, 2.3426858E+002, 2.0782274E+002, 2.3426858E+002, 2.0782274E+002, 4.3266944E+002, 5.3800281E+002, 1.2533588E+002, 1.0897251E+001,-3.9455950E-001, 1.0502691E+001, 9.7857265E+001, 2.0088925E+002, 2.3426858E+002, 1.2144070E+002, 9.5924798E+000,-3.8477322E-001, 9.2077066E+000, 9.7743218E+001, 2.0070925E+002, 2.4745729E+002, 1.2930778E+002, 1.2310980E+001,-4.2233727E-001, 1.1888643E+001, 9.7961142E+001, 2.0096255E+002, 2.4227303E+002, 1.2101313E+002, 9.6306227E+000,-4.5617084E-001, 9.1744518E+000, 9.7715027E+001, 2.0064885E+002, 2.5993172E+002, 1.2829295E+002, 1.1792239E+001,-3.4709974E-001, 1.1445139E+001, 9.7942601E+001, 2.0096353E+002, 2.1827713E+002, 1.2533588E+002, 1.2777496E+002, 1.1677109E+001,-3.9340525E-001, 1.1283703E+001, 9.8102513E+001, 2.0450006E+002, 2.0782274E+002, 1.3107872E+002, 1.2898302E+001,-5.1147580E-001, 1.2386826E+001, 9.8190609E+001, 2.0452926E+002, 2.3531615E+002, 1.2434145E+002, 1.0589279E+001,-4.0831873E-001, 1.0180960E+001, 9.7998813E+001, 2.0435186E+002, 2.3624671E+002, 1.2328240E+002, 1.0339887E+001,-4.6441066E-001, 9.8754767E+000, 9.7955727E+001, 2.0428408E+002, 2.3624554E+002, 1.3068205E+002, 1.2602927E+001,-3.9806868E-001, 1.2204858E+001, 9.8187418E+001, 2.0457199E+002, 1.9690446E+002, 1.2777496E+002, 3.2641714E+002
 1.0500214E+002, 1.8235169E-002,-8.4190577E-003, 2.6654227E-002,-1.9275784E-006, 1.9132103E-002, 1.9132103E-002, 1.7743728E-005, 2.2475627E+002, 2.4597017E+002, 2.2475627E+002, 2.4597017E+002, 3.8134005E+002, 5.2423892E+002, 1.2540792E+002, 1.0832173E+001,-3.8143405E-001, 1.0450739E+001, 9.7902823E+001, 2.0100499E+002, 2.2475627E+002, 1.2147544E+002, 9.5331280E+000,-3.7045417E-001, 9.1626738E+000, 9.7787270E+001, 2.0082747E+002, 2.2998084E+002, 1.2934683E+002, 1.2132058E+001,-4.2473056E-001, 1.1707328E+001, 9.8008074E+001, 2.0107759E+002, 2.3942603E+002, 1.2106114E+002, 9.5201166E+000,-4.3986636E-001, 9.0802502E+000, 9.7758775E+001, 2.0076793E+002, 1.9848733E+002, 1.2838053E+002, 1.1766963E+001,-3.6864483E-001, 1.1398318E+001, 9.7989254E+001, 2.0107846E+002, 2.2190395E+002, 1.2540792E+002, 1.2770216E+002, 1.1540057E+001,-4.1880121E-001, 1.1121255E+001, 9.8150666E+001, 2.0460025E+002, 2.4597017E+002, 1.3104996E+002, 1.2684868E+001,-4.7727003E-001, 1.2207598E+001, 9.8239926E+001, 2.0462942E+002, 2.5608631E+002, 1.2432146E+002, 1.0470463E+001,-3.7972499E-001, 1.0090738E+001, 9.8045704E+001, 2.0445401E+002, 2.3761098E+002, 1.2330781E+002, 1.0212901E+001,-4.0411983E-001, 9.8087807E+000, 9.8002144E+001, 2.0438711E+002, 1.9013720E+002, 1.3059983E+002, 1.2437212E+001,-4.0914685E-001, 1.2028065E+001, 9.8236611E+001, 2.0467144E+002, 2.2877054E+002, 1.2770216E+002, 3.2639946E+002
 1.0550044E+002, 1.7056205E-002,-8.3123491E-003, 2.5368554E-002,-1.8663790E-006, 1.9576690E-002, 1.9576690E-002, 1.6068314E-005, 2.4486265E+002, 2.4718872E+002, 2.4486265E+002, 2.4718872E+002, 3.6048508E+002, 5.2093199E+002, 1.2549235E+002, 1.0866471E+001,-3.9614412E-001, 1.0470327E+001, 9.7948611E+001, 2.0111681E+002, 2.4486265E+002, 1.2156677E+002, 9.5799124E+000,-3.6673607E-001, 9.2131763E+000, 9.7831553E+001, 2.0094172E+002, 2.6505519E+002, 1.2940388E+002, 1.2147970E+001,-4.4614238E-001, 1.1701827E+001, 9.8055238E+001, 2.0118874E+002, 2.4455361E+002, 1.2110090E+002, 9.5508811E+000,-4.6889436E-001, 9.0819867E+000, 9.7802758E+001, 2.0088302E+002, 1.7793263E+002, 1.2848371E+002, 1.1807587E+001,-3.7754767E-001, 1.1430040E+001, 9.8036137E+001, 2.0118951E+002, 2.3276474E+002, 1.2549235E+002, 1.2771576E+002, 1.1544389E+001,-3.8775601E-001, 1.1156633E+001, 9.8199006E+001, 2.0469683E+002, 2.4718872E+002, 1.3098062E+002, 1.2613844E+001,-4.8003403E-001, 1.2133810E+001, 9.8289434E+001, 2.0472598E+002, 2.3606163E+002, 1.2433194E+002, 1.0469362E+001,-3.9461171E-001, 1.0074750E+001, 9.8092782E+001, 2.0455250E+002, 2.6101047E+002, 1.2327683E+002, 1.0238753E+001,-4.6752960E-001, 9.7712230E+000, 9.8048750E+001, 2.0448647E+002, 2.7191627E+002, 1.3059866E+002, 1.2438319E+001,-3.9429190E-001, 1.2044027E+001, 9.8285993E+001, 2.0476731E+002, 2.2329394E+002, 1.2771576E+002, 3.2643126E+002
 1.0600064E+002, 1.8198534E-002,-8.2992206E-003, 2.6497755E-002,-2.0192090E-006, 1.9193215E-002, 1.9193215E-002, 1.7102036E-005, 2.5600594E+002, 2.6837961E+002, 2.5600594E+002, 2.6837961E+002, 2.5386170E+002, 5.2849571E+002, 1.2560162E+002, 1.0866840E+001,-3.8956251E-001, 1.0477278E+001, 9.7994598E+001, 2.0122475E+002, 2.5600594E+002, 1.2162677E+002, 9.5737538E+000,-3.9305034E-001, 9.1807035E+000, 9.7876040E+001, 2.0105204E+002, 2.5988041E+002, 1.2956163E+002, 1.2168934E+001,-4.0639234E-001, 1.1762542E+001, 9.8102604E+001, 2.0129604E+002, 2.5002106E+002, 1.2124284E+002, 9.5940950E+000,-4.4296295E-001, 9.1511320E+000, 9.7846947E+001, 2.0099416E+002, 2.3699818E+002, 1.2857630E+002, 1.1780264E+001,-3.8021796E-001, 1.1400046E+001, 9.8083221E+001, 2.0129670E+002, 2.4332645E+002, 1.2560162E+002, 1.2777455E+002, 1.1521754E+001,-3.7964175E-001, 1.1142113E+001, 9.8247505E+001, 2.0478987E+002, 2.6837961E+002, 1.3115741E+002, 1.2729037E+001,-4.5523632E-001, 1.2273801E+001, 9.8339103E+001, 2.0481901E+002, 2.5101566E+002, 1.2433838E+002, 1.0411058E+001,-3.9500635E-001, 1.0016051E+001, 9.8140019E+001, 2.0464739E+002, 2.4948840E+002, 1.2338877E+002, 1.0231189E+001,-4.2287297E-001, 9.8083156E+000, 9.8095518E+001, 2.0458220E+002, 2.4028896E+002, 1.3063779E+002, 1.2398940E+001,-3.7806917E-001, 1.2020871E+001, 9.8335534E+001, 2.0485966E+002, 2.2917694E+002, 1.2777455E+002, 3.2647639E+002
 1.0650147E+002, 1.8724133E-002,-8.3492791E-003, 2.7073413E-002,-1.8712558E-006, 1.9372667E-002, 1.9372667E-002, 1.6811369E-005, 2.5326341E+002, 2.4677816E+002, 2.5326341E+002, 2.4677816E+002, 2.4862884E+002, 5.1850954E+002, 1.2564586E+002, 1.0867078E+001,-3.7686132E-001, 1.0490217E+001, 9.8040930E+001, 2.0132928E+002, 2.5326341E+002, 1.2168865E+002, 9.5859267E+000,-3.7682223E-001, 9.2091045E+000, 9.7920868E+001, 2.0115889E+002, 2.4060762E+002, 1.2961291E+002, 1.2223632E+001,-4.2417183E-001, 1.1799460E+001, 9.8150321E+001, 2.0139994E+002, 2.4749028E+002, 1.2126790E+002, 9.5609772E+000,-4.3830110E-001, 9.1226761E+000, 9.7891479E+001, 2.0110181E+002, 1.7871225E+002, 1.2863722E+002, 1.1788134E+001,-3.5093643E-001, 1.1437198E+001, 9.8130653E+001, 2.0140049E+002, 2.2269211E+002, 1.2564586E+002, 1.2770601E+002, 1.1388543E+001,-3.4714729E-001, 1.1041396E+001, 9.8296316E+001, 2.0487977E+002, 2.4677816E+002, 1.3106599E+002, 1.2621652E+001,-4.9426407E-001, 1.2127388E+001, 9.8389093E+001, 2.0490890E+002, 2.5130124E+002, 1.2429132E+002, 1.0298996E+001,-3.5165676E-001, 9.9473395E+000, 9.8187566E+001, 2.0473909E+002, 2.5053742E+002, 1.2328732E+002, 1.0091200E+001,-4.4400110E-001, 9.6471993E+000, 9.8142595E+001, 2.0467471E+002, 2.2681330E+002, 1.3055644E+002, 1.2275236E+001,-3.6125666E-001, 1.1913980E+001, 9.8385393E+001, 2.0494888E+002, 2.2721876E+002, 1.2770601E+002, 3.2648849E+002
 1.0700083E+002, 1.7567569E-002,-8.0451805E-003, 2.5612749E-002,-1.7903008E-006, 1.9395738E-002, 1.9395738E-002, 1.7234814E-005, 2.7271265E+002, 2.7962183E+002, 2.7271265E+002, 2.7962183E+002, 2.6241336E+002, 5.3245757E+002, 1.2571960E+002, 1.0837884E+001,-4.0017557E-001, 1.0437708E+001, 9.8087441E+001, 2.0143011E+002, 2.7271265E+002, 1.2173889E+002, 9.5521546E+000,-3.8185291E-001, 9.1703017E+000, 9.7965879E+001, 2.0126198E+002, 2.8404669E+002, 1.2966706E+002, 1.2149337E+001,-4.6644650E-001, 1.1682890E+001, 9.8198222E+001, 2.0150017E+002, 2.4555957E+002, 1.2135030E+002, 9.5633549E+000,-4.5518195E-001, 9.1081729E+000, 9.7936197E+001, 2.0120569E+002, 2.4361043E+002, 1.2871022E+002, 1.1745138E+001,-3.6969190E-001, 1.1375446E+001, 9.8178266E+001, 2.0150062E+002, 2.0969478E+002, 1.2571960E+002, 1.2773743E+002, 1.1440923E+001,-3.6793356E-001, 1.1072990E+001, 9.8345269E+001, 2.0496631E+002, 2.7962183E+002, 1.3109791E+002, 1.2604132E+001,-4.8706875E-001, 1.2117063E+001, 9.8439228E+001, 2.0499544E+002, 2.3126505E+002, 1.2425233E+002, 1.0321164E+001,-4.1931149E-001, 9.9018522E+000, 9.8235255E+001, 2.0482738E+002, 2.4818992E+002, 1.2325782E+002, 1.0086238E+001,-4.5785810E-001, 9.6283799E+000, 9.8189816E+001, 2.0476380E+002, 2.3160704E+002, 1.3060786E+002, 1.2389721E+001,-4.0292595E-001, 1.1986795E+001, 9.8435395E+001, 2.0503477E+002, 2.2388295E+002, 1.2773743E+002, 3.2645157E+002
 1.0750196E+002, 1.8153373E-002,-7.9198499E-003, 2.6073223E-002,-1.7884498E-006, 1.9381890E-002, 1.9381890E-002, 1.6971871E-005, 2.5449006E+002, 2.2126999E+002, 2.5449006E+002, 2.2126999E+002, 2.8139336E+002, 5.3646681E+002, 1.2580060E+002, 1.0867621E+001,-3.9229558E-001, 1.0475325E+001, 9.8134176E+001, 2.0152746E+002, 2.5449006E+002, 1.2180897E+002, 9.5597291E+000,-3.6477324E-001, 9.1949558E+000, 9.8011112E+001, 2.0136153E+002, 2.3993028E+002, 1.2979495E+002, 1.2194832E+001,-4.0688905E-001, 1.1787943E+001, 9.8246349E+001, 2.0159694E+002, 2.4642736E+002, 1.2140713E+002, 9.5769296E+000,-4.6416938E-001, 9.1127602E+000, 9.7981139E+001, 2.0130600E+002, 2.3942135E+002, 1.2879370E+002, 1.1786014E+001,-3.7679041E-001, 1.1409224E+001, 9.8226105E+001, 2.0159728E+002, 2.2672972E+002, 1.2580060E+002, 1.2788494E+002, 1.1542193E+001,-3.5834879E-001, 1.1183844E+001, 9.8394411E+001, 2.0504967E+002, 2.2126999E+002, 1.3131637E+002, 1.2773617E+001,-4.4386668E-001, 1.2329751E+001, 9.8489557E+001, 2.0507882E+002, 1.8191544E+002, 1.2435004E+002, 1.0391550E+001,-3.8621934E-001, 1.0005331E+001, 9.8283133E+001, 2.0491244E+002, 2.2259062E+002, 1.2339303E+002, 1.0232588E+001,-4.5221959E-001, 9.7803680E+000, 9.8237226E+001, 2.0484963E+002, 2.0387189E+002, 1.3073488E+002, 1.2423532E+001,-3.7260483E-001, 1.2050927E+001, 9.8485588E+001, 2.0511751E+002, 2.0275597E+002, 1.2788494E+002, 3.2643594E+002
 1.0800239E+002, 1.7490975E-002,-8.3599197E-003, 2.5850894E-002,-1.8761784E-006, 1.9453193E-002, 1.9453193E-002, 1.7309941E-005, 2.4411438E+002, 2.6011094E+002, 2.4411438E+002, 2.6011094E+002, 3.3202521E+002, 5.4012708E+002, 1.2589222E+002, 1.0905465E+001,-3.9015445E-001, 1.0515310E+001, 9.8181157E+001, 2.0162148E+002, 2.4411438E+002, 1.2189604E+002, 9.5946165E+000,-3.5964790E-001, 9.2349686E+000, 9.8056590E+001, 2.0145769E+002, 2.4067313E+002, 1.2989330E+002, 1.2244846E+001,-4.5756045E-001, 1.1787285E+001, 9.8294729E+001, 2.0169040E+002, 2.4597761E+002, 1.2146379E+002, 9.5687665E+000,-4.4321470E-001, 9.1255518E+000, 9.8026329E+001, 2.0140291E+002, 1.9277855E+002, 1.2892892E+002, 1.1862539E+001,-3.6018527E-001, 1.1502354E+001, 9.8274193E+001, 2.0169063E+002, 2.2004958E+002, 1.2589222E+002, 1.2791854E+002, 1.1496496E+001,-3.5891542E-001, 1.1137581E+001, 9.8443770E+001, 2.0513001E+002, 2.6011094E+002, 1.3135811E+002, 1.2729269E+001,-4.8273645E-001, 1.2246533E+001, 9.8540108E+001, 2.0515918E+002, 2.2514988E+002, 1.2437426E+002, 1.0373223E+001,-4.0242363E-001, 9.9707997E+000, 9.8331224E+001, 2.0499443E+002, 2.5545005E+002, 1.2338344E+002, 1.0126245E+001,-4.4728738E-001, 9.6789579E+000, 9.8284850E+001, 2.0493237E+002, 1.9943477E+002, 1.3084463E+002, 1.2451974E+001,-3.3079475E-001, 1.2121179E+001, 9.8536002E+001, 2.0519725E+002, 2.0634888E+002, 1.2791854E+002, 3.2652815E+002
 1.0850212E+002, 1.8246368E-002,-7.8854778E-003, 2.6131846E-002,-1.7626286E-006, 1.9246177E-002, 1.9246177E-002, 1.7421874E-005, 2.2295473E+002, 2.3218150E+002, 2.2295473E+002, 2.3218150E+002, 3.7484061E+002, 5.2573506E+002, 1.2605324E+002, 1.0961876E+001,-3.8124549E-001, 1.0580630E+001, 9.8228260E+001, 2.0171203E+002, 2.2295473E+002, 1.2199310E+002, 9.6118693E+000,-3.7163426E-001, 9.2402350E+000, 9.8102192E+001, 2.0155031E+002, 2.5410478E+002, 1.3001217E+002, 1.2305824E+001,-4.9792859E-001, 1.1807896E+001, 9.8343232E+001, 2.0178041E+002, 2.4005579E+002, 1.2162749E+002, 9.6516063E+000,-4.2635648E-001, 9.2252498E+000, 9.8071645E+001, 2.0149625E+002, 1.9919736E+002, 1.2908604E+002, 1.1905195E+001,-3.6831382E-001, 1.1536881E+001, 9.8322404E+001, 2.0178054E+002, 2.1943521E+002, 1.2605324E+002, 1.2800845E+002, 1.1472090E+001,-3.6429937E-001, 1.1107791E+001, 9.8493216E+001, 2.0520721E+002, 2.3218150E+002, 1.3144130E+002, 1.2687742E+001,-4.9281460E-001, 1.2194927E+001, 9.8590750E+001, 2.0523640E+002, 1.9773291E+002, 1.2448996E+002, 1.0390037E+001,-3.6885423E-001, 1.0021183E+001, 9.8379403E+001, 2.0507322E+002, 2.4977891E+002, 1.2350595E+002, 1.0156654E+001,-4.0780264E-001, 9.7488515E+000, 9.8332564E+001, 2.0501189E+002, 2.1948525E+002, 1.3095395E+002, 1.2405346E+001,-3.5637610E-001, 1.2048970E+001, 9.8586504E+001, 2.0527387E+002, 2.1641325E+002, 1.2800845E+002, 3.2657315E+002
 1.0900168E+002, 1.7863643E-002,-8.1667822E-003, 2.6030425E-002,-1.8179249E-006, 1.9477380E-002, 1.9477380E-002, 1.6758292E-005, 2.4985910E+002, 2.6884701E+002, 2.4985910E+002, 2.6884701E+002, 3.0510871E+002, 5.2096300E+002, 1.2613506E+002, 1.0944444E+001,-3.6864834E-001, 1.0575796E+001, 9.8275502E+001, 2.0179925E+002, 2.4985910E+002, 1.2204732E+002, 9.6044700E+000,-3.7080462E-001, 9.2336654E+000, 9.8147935E+001, 2.0163955E+002, 2.4495230E+002, 1.3006088E+002, 1.2262869E+001,-4.7507339E-001, 1.1787795E+001, 9.8391878E+001, 2.0186712E+002, 2.4496897E+002, 1.2167508E+002, 9.6047797E+000,-4.4237020E-001, 9.1624095E+000, 9.8117104E+001, 2.0158620E+002, 1.9199003E+002, 1.2917471E+002, 1.1896801E+001,-3.6095841E-001, 1.1535842E+001, 9.8370755E+001, 2.0186715E+002, 2.2416224E+002, 1.2613506E+002, 1.2795855E+002, 1.1396476E+001,-3.7639185E-001, 1.1020084E+001, 9.8542771E+001, 2.0528141E+002, 2.6884701E+002, 1.3148828E+002, 1.2682909E+001,-4.7732821E-001, 1.2205581E+001, 9.8641503E+001, 2.0531064E+002, 1.9924815E+002, 1.2450225E+002, 1.0300254E+001,-3.4142239E-001, 9.9588320E+000, 9.8427689E+001, 2.0514897E+002, 2.4052534E+002, 1.2347725E+002, 1.0098910E+001,-4.6181447E-001, 9.6370957E+000, 9.8380387E+001, 2.0508834E+002, 1.8974834E+002, 1.3085214E+002, 1.2263500E+001,-3.7676808E-001, 1.1886732E+001, 9.8637116E+001, 2.0534751E+002, 2.4893014E+002, 1.2795855E+002, 3.2660740E+002
 1.0950243E+002, 1.6583724E-002,-8.6909578E-003, 2.5274682E-002,-1.8275933E-006, 1.9287512E-002, 1.9287512E-002, 1.7217517E-005, 2.6706272E+002, 2.6222036E+002, 2.6706272E+002, 2.6222036E+002, 3.8719617E+002, 5.2696660E+002, 1.2624530E+002, 1.0952886E+001,-3.8005618E-001, 1.0572830E+001, 9.8322964E+001, 2.0188340E+002, 2.6706272E+002, 1.2214070E+002, 9.6429418E+000,-3.9161934E-001, 9.2513224E+000, 9.8193895E+001, 2.0172566E+002, 2.9607562E+002, 1.3022628E+002, 1.2323804E+001,-4.5084220E-001, 1.1872962E+001, 9.8440750E+001, 2.0195078E+002, 2.3996947E+002, 1.2173760E+002, 9.6215149E+000,-4.6200469E-001, 9.1595102E+000, 9.8162783E+001, 2.0167300E+002, 2.1338534E+002, 1.2931648E+002, 1.1909989E+001,-3.4043824E-001, 1.1569550E+001, 9.8419331E+001, 2.0195070E+002, 2.3685242E+002, 1.2624530E+002, 1.2802034E+002, 1.1410409E+001,-3.7404770E-001, 1.1036362E+001, 9.8592519E+001, 2.0535283E+002, 2.6222036E+002, 1.3160513E+002, 1.2707541E+001,-4.6883045E-001, 1.2238711E+001, 9.8692457E+001, 2.0538210E+002, 2.2930351E+002, 1.2447571E+002, 1.0274064E+001,-4.1508790E-001, 9.8589762E+000, 9.8476166E+001, 2.0522190E+002, 2.6701525E+002, 1.2349741E+002, 1.0062680E+001,-4.5666384E-001, 9.6060164E+000, 9.8428401E+001, 2.0516195E+002, 2.2459411E+002, 1.3089959E+002, 1.2321934E+001,-3.8382203E-001, 1.1938112E+001, 9.8687925E+001, 2.0541840E+002, 2.0552463E+002, 1.2802034E+002, 3.2661502E+002
 1.1000104E+002, 1.7427062E-002,-8.6884939E-003, 2.6115556E-002,-1.8843031E-006, 1.9458529E-002, 1.9458529E-002, 1.6701780E-005, 2.6795396E+002, 2.4168963E+002, 2.6795396E+002, 2.4168963E+002, 4.0809222E+002, 5.2114285E+002, 1.2629067E+002, 1.0900510E+001,-3.8776361E-001, 1.0512747E+001, 9.8370545E+001, 2.0196440E+002, 2.6795396E+002, 1.2219714E+002, 9.5836988E+000,-3.5443038E-001, 9.2292684E+000, 9.8239974E+001, 2.0180857E+002, 2.5638564E+002, 1.3033878E+002, 1.2247357E+001,-4.1225991E-001, 1.1835097E+001, 9.8489743E+001, 2.0203131E+002, 2.4201061E+002, 1.2184914E+002, 9.5700286E+000,-3.6705377E-001, 9.2029749E+000, 9.8208582E+001, 2.0175657E+002, 1.8942822E+002, 1.2938234E+002, 1.1859902E+001,-3.6353258E-001, 1.1496369E+001, 9.8468026E+001, 2.0203113E+002, 2.4058263E+002, 1.2629067E+002, 1.2809429E+002, 1.1424648E+001,-3.4912606E-001, 1.1075522E+001, 9.8642356E+001, 2.0542142E+002, 2.4168963E+002, 1.3166025E+002, 1.2667493E+001,-4.6215663E-001, 1.2205336E+001, 9.8743504E+001, 2.0545074E+002, 2.1184691E+002, 1.2456243E+002, 1.0341158E+001,-3.9030636E-001, 9.9508516E+000, 9.8524732E+001, 2.0529194E+002, 2.5902691E+002, 1.2348652E+002, 1.0056868E+001,-4.7323358E-001, 9.5836346E+000, 9.8476505E+001, 2.0523266E+002, 2.4913060E+002, 1.3103152E+002, 1.2374831E+001,-3.6260573E-001, 1.2012226E+001, 9.8738825E+001, 2.0548648E+002, 2.1953242E+002, 1.2809429E+002, 3.2661297E+002
 1.1050137E+002, 1.8669233E-002,-8.2932822E-003, 2.6962515E-002,-1.8065721E-006, 1.9127963E-002, 1.9127963E-002, 1.6715845E-005, 2.4745191E+002, 2.8279000E+002, 2.4745191E+002, 2.8279000E+002, 5.3300173E+002, 5.1596085E+002, 1.2641529E+002, 1.0959281E+001,-3.3495447E-001, 1.0624327E+001, 9.8418261E+001, 2.0204238E+002, 2.4745191E+002, 1.2233467E+002, 9.6265651E+000,-2.9743950E-001, 9.3291256E+000, 9.8286186E+001, 2.0188839E+002, 2.5180939E+002, 1.3030932E+002, 1.2202304E+001,-4.7975470E-001, 1.1722549E+001, 9.8538875E+001, 2.0210884E+002, 2.4791192E+002, 1.2187960E+002, 9.6076269E+000,-4.4830286E-001, 9.1593241E+000, 9.8254517E+001, 2.0183705E+002, 2.1641217E+002, 1.2952656E+002, 1.1936405E+001,-3.2630799E-001, 1.1610097E+001, 9.8516858E+001, 2.0210857E+002, 2.3076481E+002, 1.2641529E+002, 1.2809325E+002, 1.1375580E+001,-3.5704808E-001, 1.1018532E+001, 9.8692301E+001, 2.0548729E+002, 2.8279000E+002, 1.3157229E+002, 1.2448059E+001,-4.1105252E-001, 1.2037007E+001, 9.8794662E+001, 2.0551667E+002, 2.3664308E+002, 1.2459404E+002, 1.0301069E+001,-3.7424951E-001, 9.9268190E+000, 9.8573403E+001, 2.0535921E+002, 2.5172397E+002, 1.2343907E+002, 9.9901861E+000,-4.8733216E-001, 9.5028540E+000, 9.8524716E+001, 2.0530058E+002, 2.3744117E+002, 1.3103683E+002, 1.2310832E+001,-3.6366946E-001, 1.1947163E+001, 9.8789835E+001, 2.0555185E+002, 2.4901592E+002, 1.2809325E+002, 3.2663287E+002
 1.1100010E+002, 1.7137446E-002,-8.6430666E-003, 2.5780513E-002,-1.8969758E-006, 1.9597714E-002, 1.9597714E-002, 1.5512819E-005, 2.7406102E+002, 2.5288370E+002, 2.7406102E+002, 2.5288370E+002, 4.6451394E+002, 5.0449578E+002, 1.2646832E+002, 1.0951013E+001,-3.9466502E-001, 1.0556348E+001, 9.8466133E+001, 2.0211748E+002, 2.7406102E+002, 1.2238020E+002, 9.6450556E+000,-3.8215805E-001, 9.2628975E+000, 9.8332554E+001, 2.0196527E+002, 2.6693743E+002, 1.3025729E+002, 1.2085580E+001,-4.6820244E-001, 1.1617378E+001, 9.8588168E+001, 2.0218351E+002, 2.6614735E+002, 1.2196172E+002, 9.6263052E+000,-4.3914656E-001, 9.1871587E+000, 9.8300609E+001, 2.0191456E+002, 1.7921388E+002, 1.2960541E+002, 1.1953955E+001,-3.8164601E-001, 1.1572309E+001, 9.8565850E+001, 2.0218313E+002, 2.4528144E+002, 1.2646832E+002, 1.2815403E+002, 1.1383320E+001,-3.8283689E-001, 1.1000483E+001, 9.8742377E+001, 2.0555056E+002, 2.5288370E+002, 1.3157130E+002, 1.2441637E+001,-4.4022847E-001, 1.2001408E+001, 9.8845980E+001, 2.0558001E+002, 2.4132342E+002, 1.2468883E+002, 1.0351259E+001,-3.9525306E-001, 9.9560058E+000, 9.8622205E+001, 2.0542384E+002, 2.4653956E+002, 1.2352094E+002, 1.0067255E+001,-4.8511045E-001, 9.5821446E+000, 9.8573056E+001, 2.0536583E+002, 2.8303289E+002, 1.3113489E+002, 1.2321800E+001,-3.5374606E-001, 1.1968054E+001, 9.8840980E+001, 2.0561465E+002, 2.2093127E+002, 1.2815403E+002, 3.2661222E+002
 1.1150105E+002, 1.7577423E-002,-8.5955122E-003, 2.6172935E-002,-1.9768505E-006, 1.9447807E-002, 1.9447807E-002, 1.6308796E-005, 2.4644965E+002, 2.7339348E+002, 2.4644965E+002, 2.7339348E+002, 3.4419017E+002, 5.1628043E+002, 1.2666526E+002, 1.1047896E+001,-3.7129668E-001, 1.0676599E+001, 9.8514176E+001, 2.0218980E+002, 2.4644965E+002, 1.2250453E+002, 9.6844957E+000,-3.7159549E-001, 9.3129002E+000, 9.8379089E+001, 2.0203932E+002, 2.6521772E+002, 1.3049307E+002, 1.2284466E+001,-4.3259670E-001, 1.1851869E+001, 9.8637636E+001, 2.0225542E+002, 2.4753884E+002, 1.2216345E+002, 9.7517952E+000,-4.1599291E-001, 9.3358023E+000, 9.8346871E+001, 2.0198922E+002, 1.9310194E+002, 1.2974433E+002, 1.1944672E+001,-3.6833595E-001, 1.1576336E+001, 9.8615016E+001, 2.0225494E+002, 2.3137836E+002, 1.2666526E+002, 1.2844805E+002, 1.1670875E+001,-3.8396249E-001, 1.1286913E+001, 9.8792602E+001, 2.0561133E+002, 2.7339348E+002, 1.3230787E+002, 1.2903108E+001,-4.6508875E-001, 1.2438019E+001, 9.8898654E+001, 2.0564085E+002, 2.7391210E+002, 1.2487617E+002, 1.0486446E+001,-3.9700642E-001, 1.0089440E+001, 9.8671150E+001, 2.0548593E+002, 2.6649300E+002, 1.2384955E+002, 1.0358479E+001,-4.4816485E-001, 9.9103141E+000, 9.8621540E+001, 2.0542853E+002, 2.7944475E+002, 1.3141224E+002, 1.2550971E+001,-3.6495656E-001, 1.2186014E+001, 9.8892276E+001, 2.0567497E+002, 2.3394660E+002, 1.2844805E+002, 3.2666983E+002
 1.1200173E+002, 1.7565898E-002,-8.8450568E-003, 2.6410955E-002,-2.1269817E-006, 1.9455758E-002, 1.9455758E-002, 1.6502156E-005, 2.5200579E+002, 2.8278196E+002, 2.5200579E+002, 2.8278196E+002, 4.0961625E+002, 5.0992945E+002, 1.2667223E+002, 1.0954086E+001,-3.7182448E-001, 1.0582262E+001, 9.8562449E+001, 2.0225951E+002, 2.5200579E+002, 1.2251770E+002, 9.6085166E+000,-3.5507276E-001, 9.2534438E+000, 9.8425849E+001, 2.0211071E+002, 2.7965919E+002, 1.3053556E+002, 1.2248057E+001,-4.4794935E-001, 1.1800108E+001, 9.8687340E+001, 2.0232475E+002, 2.5203370E+002, 1.2218957E+002, 9.6219379E+000,-3.9096395E-001, 9.2309740E+000, 9.8393359E+001, 2.0206121E+002, 1.6007237E+002, 1.2979730E+002, 1.1942270E+001,-3.5819102E-001, 1.1584079E+001, 9.8664418E+001, 2.0232417E+002, 2.2869952E+002, 1.2667223E+002, 1.2865558E+002, 1.1702179E+001,-3.4733497E-001, 1.1354844E+001, 9.8843038E+001, 2.0566975E+002, 2.8278196E+002, 1.3329482E+002, 1.2750922E+001,-4.4376754E-001, 1.2307154E+001, 9.8954222E+001, 2.0569936E+002, 2.4792908E+002, 1.2509666E+002, 1.0577319E+001,-3.5516098E-001, 1.0222158E+001, 9.8720303E+001, 2.0554563E+002, 3.2068448E+002, 1.2398895E+002, 1.0314974E+001,-4.4597297E-001, 9.8690011E+000, 9.8670231E+001, 2.0548882E+002, 2.8885949E+002, 1.3169256E+002, 1.2701471E+001,-3.4953859E-001, 1.2351933E+001, 9.8943796E+001, 2.0573296E+002, 2.4585884E+002, 1.2865558E+002, 3.2674920E+002
 1.1250201E+002, 1.9184081E-002,-7.7709690E-003, 2.6955050E-002,-1.9788791E-006, 1.9391856E-002, 1.9391856E-002, 1.7111642E-005, 2.4939851E+002, 2.5326996E+002, 2.4939851E+002, 2.5326996E+002, 3.5412014E+002, 5.3030768E+002, 1.2665865E+002, 1.0832592E+001,-3.7156434E-001, 1.0461028E+001, 9.8610819E+001, 2.0232649E+002, 2.4939851E+002, 1.2252999E+002, 9.5306959E+000,-3.3587679E-001, 9.1948191E+000, 9.8472705E+001, 2.0217932E+002, 2.9446746E+002, 1.3051531E+002, 1.2102529E+001,-4.5532389E-001, 1.1647205E+001, 9.8737145E+001, 2.0239137E+002, 2.5392390E+002, 1.2225155E+002, 9.5865340E+000,-3.8881714E-001, 9.1977169E+000, 9.8439944E+001, 2.0213041E+002, 2.2584278E+002, 1.2972809E+002, 1.1738968E+001,-3.5370171E-001, 1.1385266E+001, 9.8713919E+001, 2.0239069E+002, 2.2399787E+002, 1.2665865E+002, 1.2883222E+002, 1.1707833E+001,-3.3633367E-001, 1.1371499E+001, 9.8893548E+001, 2.0572574E+002, 2.5326996E+002, 1.3462254E+002, 1.2724082E+001,-4.4413396E-001, 1.2279949E+001, 9.9012201E+001, 2.0575543E+002, 1.8768225E+002, 1.2519277E+002, 1.0532046E+001,-3.8717369E-001, 1.0144872E+001, 9.8769529E+001, 2.0560285E+002, 2.7514411E+002, 1.2420295E+002, 1.0409972E+001,-4.5767818E-001, 9.9522939E+000, 9.8718995E+001, 2.0554661E+002, 3.9361536E+002, 1.3209360E+002, 1.2615533E+001,-3.2876155E-001, 1.2286772E+001, 9.8996380E+001, 2.0578853E+002, 2.5126875E+002, 1.2883222E+002, 3.2671991E+002
 1.1300047E+002, 1.8244556E-002,-7.7801563E-003, 2.6024712E-002,-1.8958200E-006, 1.9356544E-002, 1.9356544E-002, 1.7060696E-005, 2.3956487E+002, 2.3942001E+002, 2.3956487E+002, 2.3942001E+002, 4.1340262E+002, 5.0983548E+002, 1.2656527E+002, 1.0768442E+001,-4.1406328E-001, 1.0354378E+001, 9.8659206E+001, 2.0239075E+002, 2.3956487E+002, 1.2253385E+002, 9.5572167E+000,-3.8338068E-001, 9.1738360E+000, 9.8519579E+001, 2.0224515E+002, 2.8053294E+002, 1.3046178E+002, 1.2031034E+001,-4.5048552E-001, 1.1580549E+001, 9.8786967E+001, 2.0245529E+002, 2.6650959E+002, 1.2206357E+002, 9.4291490E+000,-4.9073524E-001, 8.9384137E+000, 9.8486550E+001, 2.0219680E+002, 2.1688234E+002, 1.2969047E+002, 1.1733875E+001,-3.8834106E-001, 1.1345534E+001, 9.8763438E+001, 2.0245450E+002, 2.3388873E+002, 1.2656527E+002, 1.2885861E+002, 1.1558460E+001,-3.5994163E-001, 1.1198519E+001, 9.8944052E+001, 2.0577928E+002, 2.3942001E+002, 1.3597436E+002, 1.2646552E+001,-5.1216392E-001, 1.2134388E+001, 9.9072156E+001, 2.0580908E+002, 2.0677273E+002, 1.2520660E+002, 1.0403597E+001,-3.7091136E-001, 1.0032686E+001, 9.8818747E+001, 2.0565759E+002, 2.7578008E+002, 1.2425087E+002, 1.0249794E+001,-4.3586862E-001, 9.8139249E+000, 9.8767753E+001, 2.0560189E+002, 2.5101949E+002, 1.3294450E+002, 1.2428782E+001,-3.6961940E-001, 1.2059163E+001, 9.9051590E+001, 2.0584168E+002, 2.2393286E+002, 1.2885861E+002, 3.2668696E+002
 1.1350168E+002, 1.7619498E-002,-8.7472903E-003, 2.6366788E-002,-2.1197177E-006, 1.9477659E-002, 1.9477659E-002, 1.6717783E-005, 2.7149432E+002, 2.6077653E+002, 2.7149432E+002, 2.6077653E+002, 3.4423170E+002, 5.2049786E+002, 1.2663689E+002, 1.0881337E+001,-4.2546009E-001, 1.0455877E+001, 9.8707753E+001, 2.0245255E+002, 2.7149432E+002, 1.2260401E+002, 9.6215523E+000,-4.0213132E-001, 9.2194210E+000, 9.8566610E+001, 2.0230847E+002, 2.9213004E+002, 1.3055223E+002, 1.2145571E+001,-4.6143689E-001, 1.1684134E+001, 9.8836955E+001, 2.0251676E+002, 2.5723829E+002, 1.2220544E+002, 9.5960934E+000,-4.1929655E-001, 9.1767968E+000, 9.8533314E+001, 2.0226066E+002, 2.4382756E+002, 1.2976281E+002, 1.1829384E+001,-4.0171296E-001, 1.1427671E+001, 9.8813121E+001, 2.0251588E+002, 2.4717656E+002, 1.2663689E+002, 1.2919018E+002, 1.1922953E+001,-3.7867821E-001, 1.1544275E+001, 9.8994700E+001, 2.0583062E+002, 2.6077653E+002, 1.3773332E+002, 1.2974969E+001,-4.2995596E-001, 1.2545013E+001, 9.9134035E+001, 2.0586053E+002, 2.3265176E+002, 1.2554552E+002, 1.0727974E+001,-3.3185538E-001, 1.0396119E+001, 9.8868106E+001, 2.0571007E+002, 2.7110684E+002, 1.2455001E+002, 1.0530277E+001,-4.2130768E-001, 1.0108970E+001, 9.8816652E+001, 2.0565491E+002, 2.6376719E+002, 1.3454154E+002, 1.2867447E+001,-3.8877098E-001, 1.2478676E+001, 9.9109317E+001, 2.0589264E+002, 2.1225929E+002, 1.2919018E+002, 3.2676202E+002
 1.1400162E+002, 1.8694247E-002,-8.4563285E-003, 2.7150575E-002,-2.0732326E-006, 1.9248837E-002, 1.9248837E-002, 1.7191895E-005, 2.6152749E+002, 2.2623693E+002, 2.6152749E+002, 2.2623693E+002, 4.1130536E+002, 5.3173812E+002, 1.2656760E+002, 1.0692476E+001,-3.8405784E-001, 1.0308418E+001, 9.8756486E+001, 2.0251200E+002, 2.6152749E+002, 1.2258480E+002, 9.4677405E+000,-3.3920531E-001, 9.1285352E+000, 9.8613822E+001, 2.0236939E+002, 2.5177109E+002, 1.3050648E+002, 1.1978407E+001,-4.2791398E-001, 1.1550493E+001, 9.8887136E+001, 2.0257590E+002, 2.3758631E+002, 1.2217765E+002, 9.4662532E+000,-4.3207776E-001, 9.0341754E+000, 9.8580260E+001, 2.0232212E+002, 2.0909322E+002, 1.2963962E+002, 1.1600869E+001,-3.7909827E-001, 1.1221771E+001, 9.8862995E+001, 2.0257492E+002, 2.2663744E+002, 1.2656760E+002, 1.2906610E+002, 1.1553597E+001,-3.5737603E-001, 1.1196221E+001, 9.9045521E+001, 2.0587984E+002, 2.2623693E+002, 1.3910774E+002, 1.2797711E+001,-4.9287897E-001, 1.2304832E+001, 9.9197720E+001, 2.0590990E+002, 2.0494140E+002, 1.2541135E+002, 1.0397506E+001,-3.9362322E-001, 1.0003883E+001, 9.8917633E+001, 2.0576041E+002, 2.3631385E+002, 1.2444022E+002, 1.0260817E+001,-5.0293168E-001, 9.7578855E+000, 9.8865718E+001, 2.0570577E+002, 2.6881080E+002, 1.3569506E+002, 1.2416369E+001,-3.6948123E-001, 1.2046888E+001, 9.9169260E+001, 2.0594150E+002, 2.5129257E+002, 1.2906610E+002, 3.2676476E+002
 1.1450257E+002, 1.8401871E-002,-8.0015416E-003, 2.6403413E-002,-1.8802744E-006, 1.9122445E-002, 1.9122445E-002, 1.7179582E-005, 2.8799020E+002, 2.2735561E+002, 2.8799020E+002, 2.2735561E+002, 3.4048414E+002, 5.0841173E+002, 1.2653218E+002, 1.0655917E+001,-3.9952880E-001, 1.0256388E+001, 9.8805313E+001, 2.0256906E+002, 2.8799020E+002, 1.2256690E+002, 9.4073331E+000,-3.3905628E-001, 9.0682768E+000, 9.8661126E+001, 2.0242787E+002, 2.5666327E+002, 1.3054889E+002, 1.1926163E+001,-4.1801121E-001, 1.1508152E+001, 9.8937510E+001, 2.0263267E+002, 2.4229447E+002, 1.2212076E+002, 9.3955186E+000,-4.4523680E-001, 8.9502818E+000, 9.8627299E+001, 2.0238112E+002, 1.8910211E+002, 1.2960726E+002, 1.1558156E+001,-3.6999532E-001, 1.1188161E+001, 9.8912964E+001, 2.0263159E+002, 2.1817203E+002, 1.2653218E+002, 1.2930765E+002, 1.1782653E+001,-3.5967453E-001, 1.1422979E+001, 9.9096420E+001, 2.0592691E+002, 2.2735561E+002, 1.4049206E+002, 1.2739147E+001,-5.4594531E-001, 1.2193202E+001, 9.9262974E+001, 2.0595715E+002, 1.7730824E+002, 1.2550489E+002, 1.0522592E+001,-4.1504390E-001, 1.0107548E+001, 9.8967234E+001, 2.0580857E+002, 2.7621859E+002, 1.2461880E+002, 1.0390289E+001,-4.2026697E-001, 9.9700219E+000, 9.8914859E+001, 2.0575442E+002, 1.9735434E+002, 1.3731178E+002, 1.2628916E+001,-3.9082979E-001, 1.2238086E+001, 9.9231071E+001, 2.0598826E+002, 2.1953843E+002, 1.2930765E+002, 3.2671563E+002
 1.1500227E+002, 1.7685454E-002,-8.0531783E-003, 2.5738633E-002,-1.8468108E-006, 1.9599746E-002, 1.9599746E-002, 1.5891417E-005, 2.6575790E+002, 2.7022652E+002, 2.6575790E+002, 2.7022652E+002, 3.5330695E+002, 5.1092619E+002, 1.2661663E+002, 1.0751740E+001,-3.8146947E-001, 1.0370270E+001, 9.8854229E+001, 2.0262380E+002, 2.6575790E+002, 1.2256078E+002, 9.4506144E+000,-3.9250496E-001, 9.0581094E+000, 9.8708517E+001, 2.0248399E+002, 2.7654637E+002, 1.3103262E+002, 1.1993561E+001,-4.5950559E-001, 1.1534055E+001, 9.8989595E+001, 2.0268714E+002, 2.2689306E+002, 1.2220273E+002, 9.4904731E+000,-4.2643471E-001, 9.0640384E+000, 9.8674427E+001, 2.0243773E+002, 2.0325310E+002, 1.2967835E+002, 1.1656917E+001,-3.7107430E-001, 1.1285842E+001, 9.8963027E+001, 2.0268596E+002, 2.1299450E+002, 1.2661663E+002, 1.2947906E+002, 1.1895604E+001,-3.7322727E-001, 1.1522376E+001, 9.9147395E+001, 2.0597191E+002, 2.7022652E+002, 1.4183005E+002, 1.2825292E+001,-5.5099393E-001, 1.2274298E+001, 9.9329683E+001, 2.0600235E+002, 2.4645756E+002, 1.2570870E+002, 1.0686511E+001,-3.6720392E-001, 1.0319307E+001, 9.9016908E+001, 2.0585461E+002, 2.6808180E+002, 1.2479068E+002, 1.0476395E+001,-4.1629200E-001, 1.0060103E+001, 9.8964074E+001, 2.0580095E+002, 2.9886534E+002, 1.3881503E+002, 1.2770461E+001,-4.5363963E-001, 1.2316821E+001, 9.9294576E+001, 2.0603296E+002, 2.3023992E+002, 1.2947906E+002, 3.2671128E+002
 1.1550211E+002, 1.7482354E-002,-8.0062845E-003, 2.5488639E-002,-1.9161339E-006, 1.9139895E-002, 1.9139895E-002, 1.7379233E-005, 2.5866796E+002, 2.7907174E+002, 2.5866796E+002, 2.7907174E+002, 4.3915950E+002, 5.1433462E+002, 1.2664110E+002, 1.0705629E+001,-3.8506748E-001, 1.0320561E+001, 9.8903186E+001, 2.0267624E+002, 2.5866796E+002, 1.2257348E+002, 9.4270382E+000,-3.7341655E-001, 9.0536217E+000, 9.8755949E+001, 2.0253776E+002, 2.5183138E+002, 1.3204888E+002, 1.1993922E+001,-4.3860344E-001, 1.1555319E+001, 9.9044222E+001, 2.0273933E+002, 2.4829137E+002, 1.2224473E+002, 9.4572776E+000,-4.2298286E-001, 9.0342948E+000, 9.8721597E+001, 2.0249199E+002, 1.7839107E+002, 1.2971380E+002, 1.1633617E+001,-3.6722538E-001, 1.1266392E+001, 9.9013132E+001, 2.0273805E+002, 2.3097319E+002, 1.2664110E+002, 1.2994684E+002, 1.2213779E+001,-3.9244556E-001, 1.1821334E+001, 9.9198397E+001, 2.0601486E+002, 2.7907174E+002, 1.4344794E+002, 1.3131542E+001,-5.4267695E-001, 1.2588865E+001, 9.9397683E+001, 2.0604555E+002, 2.5389781E+002, 1.2613405E+002, 1.0891975E+001,-3.0312648E-001, 1.0588848E+001, 9.9066607E+001, 2.0589856E+002, 2.7286462E+002, 1.2531329E+002, 1.0960242E+001,-4.6376124E-001, 1.0496481E+001, 9.9013314E+001, 2.0584537E+002, 2.2430628E+002, 1.4049441E+002, 1.2920900E+001,-4.4541197E-001, 1.2475488E+001, 9.9359586E+001, 2.0607565E+002, 2.2818505E+002, 1.2994684E+002, 3.2670588E+002
 1.1600028E+002, 1.7449418E-002,-8.3717897E-003, 2.5821208E-002,-2.0934275E-006, 1.9228712E-002, 1.9228712E-002, 1.7621624E-005, 2.6195632E+002, 2.5598032E+002, 2.6195632E+002, 2.5598032E+002, 2.8602772E+002, 5.2659496E+002, 1.2674727E+002, 1.0820587E+001,-4.0279295E-001, 1.0417794E+001, 9.8952160E+001, 2.0272644E+002, 2.6195632E+002, 1.2270074E+002, 9.5320726E+000,-3.4832656E-001, 9.1837460E+000, 9.8803397E+001, 2.0258924E+002, 2.6757349E+002, 1.3335011E+002, 1.2111710E+001,-4.8060188E-001, 1.1631108E+001, 9.9100952E+001, 2.0278929E+002, 2.5586094E+002, 1.2227187E+002, 9.4894925E+000,-4.6386565E-001, 9.0256268E+000, 9.8768786E+001, 2.0254394E+002, 2.3486979E+002, 1.2987279E+002, 1.1779032E+001,-3.6706537E-001, 1.1411967E+001, 9.9063255E+001, 2.0278791E+002, 2.3884565E+002, 1.2674727E+002, 1.2989281E+002, 1.1926017E+001,-3.8719414E-001, 1.1538822E+001, 9.9249403E+001, 2.0605580E+002, 2.5598032E+002, 1.4459985E+002, 1.2958495E+001,-5.8514936E-001, 1.2373346E+001, 9.9466877E+001, 2.0608678E+002, 2.5957027E+002, 1.2602995E+002, 1.0592151E+001,-3.5669165E-001, 1.0235460E+001, 9.9116307E+001, 2.0594047E+002, 2.1661038E+002, 1.2530330E+002, 1.0551281E+001,-3.8313217E-001, 1.0168149E+001, 9.9062558E+001, 2.0588773E+002, 1.6955087E+002, 1.4168004E+002, 1.2672688E+001,-4.4884422E-001, 1.2223844E+001, 9.9425977E+001, 2.0611638E+002, 2.2247938E+002, 1.2989281E+002, 3.2673612E+002
 1.1650192E+002, 1.8878847E-002,-7.7707036E-003, 2.6649551E-002,-1.7910042E-006, 1.9121477E-002, 1.9121477E-002, 1.7517234E-005, 2.3362707E+002, 2.6690280E+002, 2.3362707E+002, 2.6690280E+002, 4.1973895E+002, 5.3058615E+002, 1.2681844E+002, 1.0773843E+001,-4.1474937E-001, 1.0359094E+001, 9.9001309E+001, 2.0277461E+002, 2.3362707E+002, 1.2275689E+002, 9.5175515E+000,-4.0856805E-001, 9.1089834E+000, 9.8851014E+001, 2.0263866E+002, 2.8917983E+002, 1.3472979E+002, 1.2067397E+001,-4.9794240E-001, 1.1569455E+001, 9.9159686E+001, 2.0283726E+002, 2.4619430E+002, 1.2235838E+002, 9.5117969E+000,-4.6917442E-001, 9.0426225E+000, 9.8816144E+001, 2.0259382E+002, 2.4133945E+002, 1.2995468E+002, 1.1709476E+001,-3.8524995E-001, 1.1324226E+001, 9.9113602E+001, 2.0283577E+002, 2.3812641E+002, 1.2681844E+002, 1.2976417E+002, 1.1623067E+001,-3.8213172E-001, 1.1240935E+001, 9.9300577E+001, 2.0609493E+002, 2.6690280E+002, 1.4551489E+002, 1.2642293E+001,-6.3031049E-001, 1.2011982E+001, 9.9537419E+001, 2.0612626E+002, 2.3642311E+002, 1.2598337E+002, 1.0461322E+001,-3.7348197E-001, 1.0087840E+001, 9.9166169E+001, 2.0598053E+002, 2.4087238E+002, 1.2519159E+002, 1.0293508E+001,-4.3331958E-001, 9.8601887E+000, 9.9111964E+001, 2.0592823E+002, 2.0295743E+002, 1.4274957E+002, 1.2420571E+001,-4.7871987E-001, 1.1941851E+001, 9.9493867E+001, 2.0615535E+002, 1.9823782E+002, 1.2976417E+002, 3.2683847E+002
 1.1700024E+002, 1.8893889E-002,-7.8425096E-003, 2.6736399E-002,-1.8150380E-006, 1.9461908E-002, 1.9461908E-002, 1.6984847E-005, 2.7070374E+002, 2.6950691E+002, 2.7070374E+002, 2.6950691E+002, 3.9185466E+002, 5.3537353E+002, 1.2686061E+002, 1.0741949E+001,-3.9837731E-001, 1.0343571E+001, 9.9050548E+001, 2.0282076E+002, 2.7070374E+002, 1.2276492E+002, 9.4565605E+000,-3.9193497E-001, 9.0646255E+000, 9.8898718E+001, 2.0268600E+002, 2.3696978E+002, 1.3606293E+002, 1.2017407E+001,-5.0670291E-001, 1.1510704E+001, 9.9220133E+001, 2.0288322E+002, 2.6011459E+002, 1.2237003E+002, 9.4529355E+000,-4.5881890E-001, 8.9941167E+000, 9.8863590E+001, 2.0264160E+002, 1.6029429E+002, 1.3034334E+002, 1.1645325E+001,-3.8047056E-001, 1.1264855E+001, 9.9165363E+001, 2.0288161E+002, 2.3257617E+002, 1.2686061E+002, 1.2978179E+002, 1.1705914E+001,-3.9465281E-001, 1.1311262E+001, 9.9351834E+001, 2.0613223E+002, 2.6950691E+002, 1.4647634E+002, 1.2634596E+001,-6.4010827E-001, 1.1994488E+001, 9.9609101E+001, 2.0616397E+002, 2.3585989E+002, 1.2590314E+002, 1.0491219E+001,-4.7303195E-001, 1.0018187E+001, 9.9216110E+001, 2.0601874E+002, 2.5261972E+002, 1.2508954E+002, 1.0330304E+001,-4.9545583E-001, 9.8348479E+000, 9.9161449E+001, 2.0596686E+002, 2.9196607E+002, 1.4389108E+002, 1.2469550E+001,-4.9875883E-001, 1.1970791E+001, 9.9563036E+001, 2.0619254E+002, 1.8245946E+002, 1.2978179E+002, 3.2683253E+002
 1.1750238E+002, 1.7704317E-002,-8.4590022E-003, 2.6163319E-002,-1.8823367E-006, 1.9347229E-002, 1.9347229E-002, 1.6551715E-005, 2.6988422E+002, 2.2904372E+002, 2.6988422E+002, 2.2904372E+002, 2.5755994E+002, 5.1951915E+002, 1.2705045E+002, 1.0971144E+001,-4.2425292E-001, 1.0546891E+001, 9.9099891E+001, 2.0286493E+002, 2.6988422E+002, 1.2284665E+002, 9.5449840E+000,-4.0221368E-001, 9.1427703E+000, 9.8946523E+001, 2.0273133E+002, 2.6440436E+002, 1.3750678E+002, 1.2256375E+001,-5.3631706E-001, 1.1720058E+001, 9.9282164E+001, 2.0292725E+002, 2.6349384E+002, 1.2247864E+002, 9.5978733E+000,-4.7991597E-001, 9.1179573E+000, 9.8911138E+001, 2.0268737E+002, 2.1516531E+002, 1.3145750E+002, 1.1910485E+001,-3.9666133E-001, 1.1513824E+001, 9.9219698E+001, 2.0292550E+002, 2.1256420E+002, 1.2705045E+002, 1.2984678E+002, 1.1792987E+001,-3.8535465E-001, 1.1407632E+001, 9.9403187E+001, 2.0616776E+002, 2.2904372E+002, 1.4744158E+002, 1.2717580E+001,-6.4139777E-001, 1.2076182E+001, 9.9681854E+001, 2.0619998E+002, 2.3916509E+002, 1.2593457E+002, 1.0556760E+001,-4.4848409E-001, 1.0108276E+001, 9.9266141E+001, 2.0605514E+002, 2.3993090E+002, 1.2508839E+002, 1.0359877E+001,-4.7123958E-001, 9.8886377E+000, 9.9211026E+001, 2.0600368E+002, 2.3156126E+002, 1.4507667E+002, 1.2581615E+001,-4.7450278E-001, 1.2107113E+001, 9.9633414E+001, 2.0622803E+002, 2.2383453E+002, 1.2984678E+002, 3.2682017E+002
 1.1800060E+002, 1.8553077E-002,-8.1061133E-003, 2.6659191E-002,-1.9077763E-006, 1.9349844E-002, 1.9349844E-002, 1.7779328E-005, 2.3094134E+002, 2.4416017E+002, 2.3094134E+002, 2.4416017E+002, 2.9187302E+002, 5.5466029E+002, 1.2714621E+002, 1.0863259E+001,-4.0727836E-001, 1.0455981E+001, 9.9149306E+001, 2.0290717E+002, 2.3094134E+002, 1.2290008E+002, 9.5096040E+000,-4.1344002E-001, 9.0961640E+000, 9.8994396E+001, 2.0277469E+002, 2.3847348E+002, 1.3889924E+002, 1.2205185E+001,-5.2368419E-001, 1.1681500E+001, 9.9345625E+001, 2.0296938E+002, 2.4357584E+002, 1.2262006E+002, 9.5980006E+000,-4.6809766E-001, 9.1299030E+000, 9.8958755E+001, 2.0273114E+002, 2.9444424E+002, 1.3263698E+002, 1.1744509E+001,-4.1297773E-001, 1.1331532E+001, 9.9276211E+001, 2.0296748E+002, 2.0740674E+002, 1.2714621E+002, 1.2969860E+002, 1.1479853E+001,-3.9722127E-001, 1.1082632E+001, 9.9454603E+001, 2.0620156E+002, 2.4416017E+002, 1.4820730E+002, 1.2466083E+001,-6.5621691E-001, 1.1809866E+001, 9.9755558E+001, 2.0623433E+002, 2.2125926E+002, 1.2584867E+002, 1.0347740E+001,-4.3032022E-001, 9.9174202E+000, 9.9316232E+001, 2.0608979E+002, 2.4231869E+002, 1.2499007E+002, 1.0173052E+001,-4.9472315E-001, 9.6783292E+000, 9.9260663E+001, 2.0603872E+002, 2.4220291E+002, 1.4584802E+002, 1.2182883E+001,-5.0151527E-001, 1.1681368E+001, 9.9704878E+001, 2.0626185E+002, 2.2566874E+002, 1.2969860E+002, 3.2695096E+002
 1.1850235E+002, 1.7480633E-002,-8.4273196E-003, 2.5907952E-002,-1.9376003E-006, 1.9213239E-002, 1.9213239E-002, 1.7778620E-005, 2.3826872E+002, 2.0947285E+002, 2.3826872E+002, 2.0947285E+002, 3.1825696E+002, 5.3281426E+002, 1.2727699E+002, 1.0905004E+001,-3.6451074E-001, 1.0540493E+001, 9.9198772E+001, 2.0294752E+002, 2.3826872E+002, 1.2297020E+002, 9.5018337E+000,-3.6333662E-001, 9.1384971E+000, 9.9042318E+001, 2.0281611E+002, 2.4406686E+002, 1.4018798E+002, 1.2185992E+001,-5.0785468E-001, 1.1678137E+001, 9.9410407E+001, 2.0300966E+002, 2.4748973E+002, 1.2265665E+002, 9.5303401E+000,-4.3519776E-001, 9.0951423E+000, 9.9006423E+001, 2.0277297E+002, 2.2521242E+002, 1.3405259E+002, 1.1849240E+001,-3.8749452E-001, 1.1461745E+001, 9.9334594E+001, 2.0300758E+002, 2.2639545E+002, 1.2727699E+002, 1.2954281E+002, 1.1405298E+001,-3.9985259E-001, 1.1005445E+001, 9.9506062E+001, 2.0623367E+002, 2.0947285E+002, 1.4904018E+002, 1.2543019E+001,-6.5193015E-001, 1.1891089E+001, 9.9830115E+001, 2.0626707E+002, 1.8480122E+002, 1.2574437E+002, 1.0232125E+001,-3.9201838E-001, 9.8401069E+000, 9.9366361E+001, 2.0612270E+002, 2.2897493E+002, 1.2480237E+002, 1.0046554E+001,-4.9464111E-001, 9.5519131E+000, 9.9310339E+001, 2.0607202E+002, 1.9502209E+002, 1.4661890E+002, 1.2145693E+001,-5.3507231E-001, 1.1610621E+001, 9.9777321E+001, 2.0629406E+002, 2.3196741E+002, 1.2954281E+002, 3.2699647E+002
 1.1900019E+002, 1.8140759E-002,-8.3384353E-003, 2.6479195E-002,-1.7890448E-006, 1.9528453E-002, 1.9528453E-002, 1.6950071E-005, 2.4645382E+002, 2.2471794E+002, 2.4645382E+002, 2.2471794E+002, 3.9231902E+002, 5.2676635E+002, 1.2757548E+002, 1.1177298E+001,-3.8882424E-001, 1.0788474E+001, 9.9248290E+001, 2.0298603E+002, 2.4645382E+002, 1.2315678E+002, 9.6663242E+000,-3.8363359E-001, 9.2826906E+000, 9.9090288E+001, 2.0285566E+002, 2.5001596E+002, 1.4162978E+002, 1.2576724E+001,-5.8180489E-001, 1.1994919E+001, 9.9476428E+001, 2.0304815E+002, 2.4722808E+002, 1.2290844E+002, 9.7893690E+000,-4.4714873E-001, 9.3422203E+000, 9.9054140E+001, 2.0281292E+002, 2.2424008E+002, 1.3557700E+002, 1.2054142E+001,-4.3588726E-001, 1.1618254E+001, 9.9394640E+001, 2.0304587E+002, 2.3197548E+002, 1.2757548E+002, 1.2948979E+002, 1.1389014E+001,-4.0302185E-001, 1.0985993E+001, 9.9557584E+001, 2.0626413E+002, 2.2471794E+002, 1.4980426E+002, 1.2518615E+001,-6.5901825E-001, 1.1859597E+001, 9.9905456E+001, 2.0629824E+002, 1.9278879E+002, 1.2568639E+002, 1.0226358E+001,-4.1639019E-001, 9.8099683E+000, 9.9416527E+001, 2.0615395E+002, 2.4176224E+002, 1.2476357E+002, 1.0049176E+001,-4.6347223E-001, 9.5857033E+000, 9.9360052E+001, 2.0610364E+002, 1.9368821E+002, 1.4740017E+002, 1.2063142E+001,-5.1372966E-001, 1.1549412E+001, 9.9850646E+001, 2.0632470E+002, 2.1416584E+002, 1.2948979E+002, 3.2713384E+002
 1.1950135E+002, 1.7720607E-002,-8.6796590E-003, 2.6400266E-002,-1.8322121E-006, 1.9162340E-002, 1.9162340E-002, 1.7802123E-005, 2.5368569E+002, 2.3483984E+002, 2.5368569E+002, 2.3483984E+002, 4.1634602E+002, 5.4557162E+002, 1.2764401E+002, 1.0959050E+001,-3.7902683E-001, 1.0580023E+001, 9.9297844E+001, 2.0302276E+002, 2.5368569E+002, 1.2320631E+002, 9.5618906E+000,-3.9357745E-001, 9.1683132E+000, 9.9138290E+001, 2.0289339E+002, 2.7115032E+002, 1.4263278E+002, 1.2126258E+001,-5.6650871E-001, 1.1559749E+001, 9.9543605E+001, 2.0308491E+002, 2.2939109E+002, 1.2298358E+002, 9.6171039E+000,-4.3927421E-001, 9.1778297E+000, 9.9101891E+001, 2.0285103E+002, 2.0340292E+002, 1.3688789E+002, 1.1865187E+001,-4.3171340E-001, 1.1433473E+001, 9.9456198E+001, 2.0308240E+002, 2.2286532E+002, 1.2764401E+002, 1.2973586E+002, 1.1334009E+001,-3.9182556E-001, 1.0942184E+001, 9.9610255E+001, 2.0629299E+002, 2.3483984E+002, 1.5037036E+002, 1.2262941E+001,-6.6200561E-001, 1.1600935E+001, 9.9981502E+001, 2.0632789E+002, 2.3461137E+002, 1.2564170E+002, 1.0188349E+001,-4.1110416E-001, 9.7772444E+000, 9.9466715E+001, 2.0618356E+002, 2.2720726E+002, 1.2467692E+002, 9.9530879E+000,-4.7503671E-001, 9.4780512E+000, 9.9409788E+001, 2.0613361E+002, 2.0836129E+002, 1.4819415E+002, 1.2131993E+001,-5.2098331E-001, 1.1611010E+001, 9.9924759E+001, 2.0635381E+002, 2.1854957E+002, 1.2973586E+002, 3.2705238E+002
 1.2000000E+002, 1.7767670E-002,-8.4592729E-003, 2.6226943E-002,-1.7699294E-006, 1.9580018E-002, 1.9580018E-002, 1.6406171E-005, 2.5021990E+002, 2.3699515E+002, 2.5021990E+002, 2.3699515E+002, 3.5781110E+002, 5.1150100E+002, 1.2758850E+002, 1.0797459E+001,-3.8414586E-001, 1.0413313E+001, 9.9347505E+001, 2.0305780E+002, 2.5021990E+002, 1.2320188E+002, 9.4776946E+000,-3.9487221E-001, 9.0828224E+000, 9.9186393E+001, 2.0292940E+002, 2.3171990E+002, 1.4354081E+002, 1.1960435E+001,-5.3958582E-001, 1.1420849E+001, 9.9611971E+001, 2.0312005E+002, 2.4464664E+002, 1.2290160E+002, 9.4808193E+000,-4.8502266E-001, 8.9957967E+000, 9.9149744E+001, 2.0288741E+002, 2.4345270E+002, 1.3802653E+002, 1.1633109E+001,-4.1894503E-001, 1.1214164E+001, 9.9519243E+001, 2.0311729E+002, 2.2163772E+002, 1.2758850E+002, 1.3089127E+002, 1.1698537E+001,-3.9222276E-001, 1.1306314E+001, 9.9665459E+001, 2.0632034E+002, 2.3699515E+002, 1.5134204E+002, 1.2689477E+001,-6.4965996E-001, 1.2039817E+001, 1.0005831E+002, 2.0635612E+002, 2.4250436E+002, 1.2586605E+002, 1.0470556E+001,-4.3236560E-001, 1.0038191E+001, 9.9516994E+001, 2.0621163E+002, 3.0254341E+002, 1.2496684E+002, 1.0352737E+001,-4.6914125E-001, 9.8835962E+000, 9.9459616E+001, 2.0616203E+002, 2.3213412E+002, 1.4920082E+002, 1.2368659E+001,-5.1360334E-001, 1.1855055E+001, 9.9999704E+001, 2.0638151E+002, 2.2678641E+002, 1.3089127E+002, 3.2708448E+002
