
 Starting FDS ...

 MPI Process      0 started on PC-SAMU

 Reading FDS input file ...

WARNING: Recommend using SPEC to define FUEL chemistry for REAC
WARNING: SPEC WOOD is not in the table of pre-defined species. See the Users Guide chapter on species for the treatment of any undefined properties.
WARNING: RAMP RSRVD PRESSURE PROFILE has T values with a spacing less than  [MAX(T)-MIN(T)]/NUMBER_INTERPOLATION_POINTS

 Fire Dynamics Simulator

 Current Date     : September 22, 2026  16:09:45
 Revision         : FDS-6.11.1-0-gff928db-release
 Revision Date    : Thu Jul 9 17:24:07 2026 -0400
 Compiler         : Intel(R) Fortran Compiler for applications running on Intel(R) 64, Version 2025.2.0 Build 20250605
 Compilation Date : Fri-07/10/2026-01:19-PM

 Number of MPI Processes:  1
 Number of OpenMP Threads: 12

 MPI version: 4.1
 MPI library version: Intel(R) MPI Library 2021.16 for Windows* OS

 Hypre library version: v3.0.0
 Sundials library version: v7.5.0

 Job TITLE        : V4 empty oven preheat
 Job ID string    : v4_preheat

 Time Step:   76100, Simulation Time: 261.41008 s
 Time Step:   76200, Simulation Time: 261.71766 s
 Time Step:   76300, Simulation Time: 262.02642 s
 Time Step:   76400, Simulation Time: 262.32477 s
 Time Step:   76500, Simulation Time: 262.64508 s
 Time Step:   76600, Simulation Time: 262.96283 s
 Time Step:   76700, Simulation Time: 263.26899 s
 Time Step:   76800, Simulation Time: 263.57995 s
 Time Step:   76900, Simulation Time: 263.89717 s
 Time Step:   77000, Simulation Time: 264.21128 s
 Time Step:   77100, Simulation Time: 264.53635 s
 Time Step:   77200, Simulation Time: 264.85006 s
 Time Step:   77300, Simulation Time: 265.15559 s
 Time Step:   77400, Simulation Time: 265.46623 s
 Time Step:   77500, Simulation Time: 265.78941 s
 Time Step:   77600, Simulation Time: 266.10357 s
 Time Step:   77700, Simulation Time: 266.41193 s
 Time Step:   77800, Simulation Time: 266.71891 s
 Time Step:   77900, Simulation Time: 267.04719 s
 Time Step:   78000, Simulation Time: 267.35840 s
 Time Step:   78100, Simulation Time: 267.66610 s
 Time Step:   78200, Simulation Time: 267.96660 s
 Time Step:   78300, Simulation Time: 268.28668 s
 Time Step:   78400, Simulation Time: 268.59800 s
 Time Step:   78500, Simulation Time: 268.91057 s
 Time Step:   78600, Simulation Time: 269.22977 s
 Time Step:   78700, Simulation Time: 269.53834 s
 Time Step:   78800, Simulation Time: 269.84286 s
 Time Step:   78900, Simulation Time: 270.14424 s
 Time Step:   79000, Simulation Time: 270.45419 s
 Time Step:   79100, Simulation Time: 270.77535 s
 Time Step:   79200, Simulation Time: 271.08388 s
 Time Step:   79300, Simulation Time: 271.39293 s
 Time Step:   79400, Simulation Time: 271.70868 s
 Time Step:   79500, Simulation Time: 272.02864 s
 Time Step:   79600, Simulation Time: 272.34893 s
 Time Step:   79700, Simulation Time: 272.66386 s
 Time Step:   79800, Simulation Time: 272.96689 s
 Time Step:   79900, Simulation Time: 273.27257 s
 Time Step:   80000, Simulation Time: 273.59306 s
 Time Step:   80100, Simulation Time: 273.92100 s
 Time Step:   80200, Simulation Time: 274.24106 s
 Time Step:   80300, Simulation Time: 274.55864 s
 Time Step:   80400, Simulation Time: 274.87209 s
 Time Step:   80500, Simulation Time: 275.18420 s
 Time Step:   80600, Simulation Time: 275.49307 s
 Time Step:   80700, Simulation Time: 275.79844 s
 Time Step:   80800, Simulation Time: 276.11313 s
 Time Step:   80900, Simulation Time: 276.43135 s
 Time Step:   81000, Simulation Time: 276.73681 s
 Time Step:   81100, Simulation Time: 277.05494 s
 Time Step:   81200, Simulation Time: 277.36961 s
 Time Step:   81300, Simulation Time: 277.66895 s
 Time Step:   81400, Simulation Time: 277.98220 s
 Time Step:   81500, Simulation Time: 278.29191 s
 Time Step:   81600, Simulation Time: 278.60909 s
 Time Step:   81700, Simulation Time: 278.90408 s
 Time Step:   81800, Simulation Time: 279.21089 s
 Time Step:   81900, Simulation Time: 279.51801 s
 Time Step:   82000, Simulation Time: 279.84081 s
 Time Step:   82100, Simulation Time: 280.14816 s
 Time Step:   82200, Simulation Time: 280.46295 s
 Time Step:   82300, Simulation Time: 280.76548 s
 Time Step:   82400, Simulation Time: 281.06984 s
 Time Step:   82500, Simulation Time: 281.38135 s
 Time Step:   82600, Simulation Time: 281.68930 s
 Time Step:   82700, Simulation Time: 282.00211 s
 Time Step:   82800, Simulation Time: 282.31087 s
 Time Step:   82900, Simulation Time: 282.62718 s
 Time Step:   83000, Simulation Time: 282.93735 s
 Time Step:   83100, Simulation Time: 283.26526 s
 Time Step:   83200, Simulation Time: 283.57538 s
 Time Step:   83300, Simulation Time: 283.88630 s
 Time Step:   83400, Simulation Time: 284.20125 s
 Time Step:   83500, Simulation Time: 284.53714 s
 Time Step:   83600, Simulation Time: 284.86470 s
 Time Step:   83700, Simulation Time: 285.17220 s
 Time Step:   83800, Simulation Time: 285.49013 s
 Time Step:   83900, Simulation Time: 285.79909 s
 Time Step:   84000, Simulation Time: 286.10211 s
 Time Step:   84100, Simulation Time: 286.40453 s
 Time Step:   84200, Simulation Time: 286.70513 s
 Time Step:   84300, Simulation Time: 287.02046 s
 Time Step:   84400, Simulation Time: 287.34036 s
 Time Step:   84500, Simulation Time: 287.64052 s
 Time Step:   84600, Simulation Time: 287.96870 s
 Time Step:   84700, Simulation Time: 288.28731 s
 Time Step:   84800, Simulation Time: 288.60723 s
 Time Step:   84900, Simulation Time: 288.91289 s
 Time Step:   85000, Simulation Time: 289.20481 s
 Time Step:   85100, Simulation Time: 289.52024 s
 Time Step:   85200, Simulation Time: 289.82621 s
 Time Step:   85300, Simulation Time: 290.14905 s
 Time Step:   85400, Simulation Time: 290.45008 s
 Time Step:   85500, Simulation Time: 290.76652 s
 Time Step:   85600, Simulation Time: 291.07961 s
 Time Step:   85700, Simulation Time: 291.39817 s
 Time Step:   85800, Simulation Time: 291.72469 s
 Time Step:   85900, Simulation Time: 292.04356 s
 Time Step:   86000, Simulation Time: 292.36607 s
 Time Step:   86100, Simulation Time: 292.68416 s
 Time Step:   86200, Simulation Time: 293.00441 s
 Time Step:   86300, Simulation Time: 293.30749 s
 Time Step:   86400, Simulation Time: 293.63181 s
 Time Step:   86500, Simulation Time: 293.94816 s
 Time Step:   86600, Simulation Time: 294.26059 s
 Time Step:   86700, Simulation Time: 294.56429 s
 Time Step:   86800, Simulation Time: 294.88888 s
 Time Step:   86900, Simulation Time: 295.19139 s
 Time Step:   87000, Simulation Time: 295.51406 s
 Time Step:   87100, Simulation Time: 295.83733 s
 Time Step:   87200, Simulation Time: 296.13352 s
 Time Step:   87300, Simulation Time: 296.43398 s
 Time Step:   87400, Simulation Time: 296.75086 s
 Time Step:   87500, Simulation Time: 297.06305 s
 Time Step:   87600, Simulation Time: 297.37000 s
 Time Step:   87700, Simulation Time: 297.68458 s
 Time Step:   87800, Simulation Time: 297.99330 s
 Time Step:   87900, Simulation Time: 298.30136 s
 Time Step:   88000, Simulation Time: 298.60814 s
 Time Step:   88100, Simulation Time: 298.91719 s
 Time Step:   88200, Simulation Time: 299.22913 s
 Time Step:   88300, Simulation Time: 299.54394 s
 Time Step:   88400, Simulation Time: 299.84984 s
 Time Step:   88500, Simulation Time: 300.16527 s
 Time Step:   88600, Simulation Time: 300.47683 s
 Time Step:   88700, Simulation Time: 300.78123 s
 Time Step:   88800, Simulation Time: 301.10747 s
 Time Step:   88900, Simulation Time: 301.42878 s
 Time Step:   89000, Simulation Time: 301.74961 s
 Time Step:   89100, Simulation Time: 302.05252 s
 Time Step:   89200, Simulation Time: 302.35002 s
 Time Step:   89300, Simulation Time: 302.65092 s
 Time Step:   89400, Simulation Time: 302.95859 s
 Time Step:   89500, Simulation Time: 303.26340 s
 Time Step:   89600, Simulation Time: 303.57237 s
 Time Step:   89700, Simulation Time: 303.88304 s
 Time Step:   89800, Simulation Time: 304.19185 s
 Time Step:   89900, Simulation Time: 304.49139 s
 Time Step:   90000, Simulation Time: 304.79406 s
 Time Step:   90100, Simulation Time: 305.10541 s
 Time Step:   90200, Simulation Time: 305.42001 s
 Time Step:   90300, Simulation Time: 305.73627 s
 Time Step:   90400, Simulation Time: 306.04738 s
 Time Step:   90500, Simulation Time: 306.37373 s
 Time Step:   90600, Simulation Time: 306.69804 s
 Time Step:   90700, Simulation Time: 307.01230 s
 Time Step:   90800, Simulation Time: 307.32639 s
 Time Step:   90900, Simulation Time: 307.63894 s
 Time Step:   91000, Simulation Time: 307.94528 s
 Time Step:   91100, Simulation Time: 308.24565 s
 Time Step:   91200, Simulation Time: 308.54743 s
 Time Step:   91300, Simulation Time: 308.84843 s
 Time Step:   91400, Simulation Time: 309.16441 s
 Time Step:   91500, Simulation Time: 309.46130 s
 Time Step:   91600, Simulation Time: 309.77097 s
 Time Step:   91700, Simulation Time: 310.07165 s
 Time Step:   91800, Simulation Time: 310.36814 s
 Time Step:   91900, Simulation Time: 310.67021 s
 Time Step:   92000, Simulation Time: 310.97671 s
 Time Step:   92100, Simulation Time: 311.28707 s
 Time Step:   92200, Simulation Time: 311.60695 s
 Time Step:   92300, Simulation Time: 311.91835 s
 Time Step:   92400, Simulation Time: 312.23226 s
 Time Step:   92500, Simulation Time: 312.54253 s
 Time Step:   92600, Simulation Time: 312.85530 s
 Time Step:   92700, Simulation Time: 313.16977 s
 Time Step:   92800, Simulation Time: 313.47071 s
 Time Step:   92900, Simulation Time: 313.79647 s
 Time Step:   93000, Simulation Time: 314.11613 s
 Time Step:   93100, Simulation Time: 314.42593 s
 Time Step:   93200, Simulation Time: 314.73129 s
 Time Step:   93300, Simulation Time: 315.03842 s
 Time Step:   93400, Simulation Time: 315.34793 s
 Time Step:   93500, Simulation Time: 315.64996 s
 Time Step:   93600, Simulation Time: 315.95531 s
 Time Step:   93700, Simulation Time: 316.24368 s
 Time Step:   93800, Simulation Time: 316.54394 s
 Time Step:   93900, Simulation Time: 316.83523 s
 Time Step:   94000, Simulation Time: 317.14337 s
 Time Step:   94100, Simulation Time: 317.44193 s
 Time Step:   94200, Simulation Time: 317.73133 s
 Time Step:   94300, Simulation Time: 318.02599 s
 Time Step:   94400, Simulation Time: 318.32329 s
 Time Step:   94500, Simulation Time: 318.63719 s
 Time Step:   94600, Simulation Time: 318.94006 s
 Time Step:   94700, Simulation Time: 319.23807 s
 Time Step:   94800, Simulation Time: 319.54503 s
 Time Step:   94900, Simulation Time: 319.86178 s
 Time Step:   95000, Simulation Time: 320.18515 s
 Time Step:   95100, Simulation Time: 320.50591 s
 Time Step:   95200, Simulation Time: 320.80625 s
 Time Step:   95300, Simulation Time: 321.11536 s
 Time Step:   95400, Simulation Time: 321.43418 s
 Time Step:   95500, Simulation Time: 321.73938 s
 Time Step:   95600, Simulation Time: 322.04474 s
 Time Step:   95700, Simulation Time: 322.35041 s
 Time Step:   95800, Simulation Time: 322.66045 s
 Time Step:   95900, Simulation Time: 322.97085 s
 Time Step:   96000, Simulation Time: 323.28281 s
 Time Step:   96100, Simulation Time: 323.59532 s
 Time Step:   96200, Simulation Time: 323.90059 s
 Time Step:   96300, Simulation Time: 324.21198 s
 Time Step:   96400, Simulation Time: 324.52860 s
 Time Step:   96500, Simulation Time: 324.83288 s
 Time Step:   96600, Simulation Time: 325.14672 s
 Time Step:   96700, Simulation Time: 325.46842 s
 Time Step:   96800, Simulation Time: 325.78415 s
 Time Step:   96900, Simulation Time: 326.07902 s
 Time Step:   97000, Simulation Time: 326.37898 s
 Time Step:   97100, Simulation Time: 326.68348 s
 Time Step:   97200, Simulation Time: 326.97383 s
 Time Step:   97300, Simulation Time: 327.28959 s
 Time Step:   97400, Simulation Time: 327.59025 s
 Time Step:   97500, Simulation Time: 327.90496 s
 Time Step:   97600, Simulation Time: 328.22759 s
 Time Step:   97700, Simulation Time: 328.55023 s
 Time Step:   97800, Simulation Time: 328.85455 s
 Time Step:   97900, Simulation Time: 329.18012 s
 Time Step:   98000, Simulation Time: 329.48448 s
 Time Step:   98100, Simulation Time: 329.79069 s
 Time Step:   98200, Simulation Time: 330.09778 s
 Time Step:   98300, Simulation Time: 330.39111 s
 Time Step:   98400, Simulation Time: 330.68841 s
 Time Step:   98500, Simulation Time: 330.98130 s
 Time Step:   98600, Simulation Time: 331.27999 s
 Time Step:   98700, Simulation Time: 331.57387 s
 Time Step:   98800, Simulation Time: 331.86782 s
 Time Step:   98900, Simulation Time: 332.16187 s
 Time Step:   99000, Simulation Time: 332.47037 s
 Time Step:   99100, Simulation Time: 332.77411 s
 Time Step:   99200, Simulation Time: 333.07745 s
 Time Step:   99300, Simulation Time: 333.38623 s
 Time Step:   99400, Simulation Time: 333.69072 s
 Time Step:   99500, Simulation Time: 333.99020 s
 Time Step:   99600, Simulation Time: 334.29586 s
 Time Step:   99700, Simulation Time: 334.60394 s
 Time Step:   99800, Simulation Time: 334.90802 s
 Time Step:   99900, Simulation Time: 335.21047 s
 Time Step:  100000, Simulation Time: 335.51514 s
 Time Step:  100100, Simulation Time: 335.81710 s
 Time Step:  100200, Simulation Time: 336.12107 s
 Time Step:  100300, Simulation Time: 336.44528 s
 Time Step:  100400, Simulation Time: 336.75832 s
 Time Step:  100500, Simulation Time: 337.06145 s
 Time Step:  100600, Simulation Time: 337.36890 s
 Time Step:  100700, Simulation Time: 337.66911 s
 Time Step:  100800, Simulation Time: 337.98173 s
 Time Step:  100900, Simulation Time: 338.28441 s
 Time Step:  101000, Simulation Time: 338.58598 s
 Time Step:  101100, Simulation Time: 338.88858 s
 Time Step:  101200, Simulation Time: 339.19792 s
 Time Step:  101300, Simulation Time: 339.51015 s
 Time Step:  101400, Simulation Time: 339.81628 s
 Time Step:  101500, Simulation Time: 340.13623 s
 Time Step:  101600, Simulation Time: 340.44979 s
 Time Step:  101700, Simulation Time: 340.76391 s
 Time Step:  101800, Simulation Time: 341.08065 s
 Time Step:  101900, Simulation Time: 341.39845 s
 Time Step:  102000, Simulation Time: 341.71310 s
 Time Step:  102100, Simulation Time: 342.02549 s
 Time Step:  102200, Simulation Time: 342.32449 s
 Time Step:  102300, Simulation Time: 342.63841 s
 Time Step:  102400, Simulation Time: 342.95098 s
 Time Step:  102500, Simulation Time: 343.25782 s
 Time Step:  102600, Simulation Time: 343.56129 s
 Time Step:  102700, Simulation Time: 343.86716 s
 Time Step:  102800, Simulation Time: 344.16941 s
 Time Step:  102900, Simulation Time: 344.47998 s
 Time Step:  103000, Simulation Time: 344.79233 s
 Time Step:  103100, Simulation Time: 345.10148 s
 Time Step:  103200, Simulation Time: 345.42796 s
 Time Step:  103300, Simulation Time: 345.74361 s
 Time Step:  103400, Simulation Time: 346.04631 s
 Time Step:  103500, Simulation Time: 346.35193 s
 Time Step:  103600, Simulation Time: 346.65531 s
 Time Step:  103700, Simulation Time: 346.96527 s
 Time Step:  103800, Simulation Time: 347.27431 s
 Time Step:  103900, Simulation Time: 347.58212 s
 Time Step:  104000, Simulation Time: 347.89778 s
 Time Step:  104100, Simulation Time: 348.19640 s
 Time Step:  104200, Simulation Time: 348.49677 s
 Time Step:  104300, Simulation Time: 348.78454 s
 Time Step:  104400, Simulation Time: 349.08118 s
 Time Step:  104500, Simulation Time: 349.38142 s
 Time Step:  104600, Simulation Time: 349.69281 s
 Time Step:  104700, Simulation Time: 350.00625 s
 Time Step:  104800, Simulation Time: 350.30951 s
 Time Step:  104900, Simulation Time: 350.61261 s
 Time Step:  105000, Simulation Time: 350.91689 s
 Time Step:  105100, Simulation Time: 351.24427 s
 Time Step:  105200, Simulation Time: 351.54692 s
 Time Step:  105300, Simulation Time: 351.87207 s
 Time Step:  105400, Simulation Time: 352.18975 s
 Time Step:  105500, Simulation Time: 352.50297 s
 Time Step:  105600, Simulation Time: 352.79727 s
 Time Step:  105700, Simulation Time: 353.11823 s
 Time Step:  105800, Simulation Time: 353.43604 s
 Time Step:  105900, Simulation Time: 353.74348 s
 Time Step:  106000, Simulation Time: 354.05150 s
 Time Step:  106100, Simulation Time: 354.36669 s
 Time Step:  106200, Simulation Time: 354.67509 s
 Time Step:  106300, Simulation Time: 354.97322 s
 Time Step:  106400, Simulation Time: 355.27133 s
 Time Step:  106500, Simulation Time: 355.58203 s
 Time Step:  106600, Simulation Time: 355.88662 s
 Time Step:  106700, Simulation Time: 356.19735 s
 Time Step:  106800, Simulation Time: 356.50888 s
 Time Step:  106900, Simulation Time: 356.82254 s
 Time Step:  107000, Simulation Time: 357.13244 s
 Time Step:  107100, Simulation Time: 357.44817 s
 Time Step:  107200, Simulation Time: 357.77154 s
 Time Step:  107300, Simulation Time: 358.07104 s
 Time Step:  107400, Simulation Time: 358.37318 s
 Time Step:  107500, Simulation Time: 358.68305 s
 Time Step:  107600, Simulation Time: 358.98116 s
 Time Step:  107700, Simulation Time: 359.29581 s
 Time Step:  107800, Simulation Time: 359.62173 s
 Time Step:  107900, Simulation Time: 359.93776 s
 Time Step:  108000, Simulation Time: 360.25113 s
 Time Step:  108100, Simulation Time: 360.56256 s
 Time Step:  108200, Simulation Time: 360.86326 s
 Time Step:  108300, Simulation Time: 361.16521 s
 Time Step:  108400, Simulation Time: 361.47585 s
 Time Step:  108500, Simulation Time: 361.78070 s
 Time Step:  108600, Simulation Time: 362.07375 s
 Time Step:  108700, Simulation Time: 362.38032 s
 Time Step:  108800, Simulation Time: 362.68256 s
 Time Step:  108900, Simulation Time: 362.98948 s
 Time Step:  109000, Simulation Time: 363.29384 s
 Time Step:  109100, Simulation Time: 363.59955 s
 Time Step:  109200, Simulation Time: 363.90104 s
 Time Step:  109300, Simulation Time: 364.21148 s
 Time Step:  109400, Simulation Time: 364.51419 s
 Time Step:  109500, Simulation Time: 364.82422 s
 Time Step:  109600, Simulation Time: 365.13717 s
 Time Step:  109700, Simulation Time: 365.44523 s
 Time Step:  109800, Simulation Time: 365.73743 s
 Time Step:  109900, Simulation Time: 366.03520 s
 Time Step:  110000, Simulation Time: 366.32287 s
 Time Step:  110100, Simulation Time: 366.62248 s
 Time Step:  110200, Simulation Time: 366.91273 s
 Time Step:  110300, Simulation Time: 367.20699 s
 Time Step:  110400, Simulation Time: 367.51642 s
 Time Step:  110500, Simulation Time: 367.81553 s
 Time Step:  110600, Simulation Time: 368.12850 s
 Time Step:  110700, Simulation Time: 368.43860 s
 Time Step:  110800, Simulation Time: 368.74330 s
 Time Step:  110900, Simulation Time: 369.03424 s
 Time Step:  111000, Simulation Time: 369.33380 s
 Time Step:  111100, Simulation Time: 369.63844 s
 Time Step:  111200, Simulation Time: 369.94087 s
 Time Step:  111300, Simulation Time: 370.24210 s
 Time Step:  111400, Simulation Time: 370.54819 s
 Time Step:  111500, Simulation Time: 370.85441 s
 Time Step:  111600, Simulation Time: 371.16957 s
 Time Step:  111700, Simulation Time: 371.48223 s
 Time Step:  111800, Simulation Time: 371.78322 s
 Time Step:  111900, Simulation Time: 372.09228 s
 Time Step:  112000, Simulation Time: 372.41068 s
 Time Step:  112100, Simulation Time: 372.72159 s
 Time Step:  112200, Simulation Time: 373.02939 s
 Time Step:  112300, Simulation Time: 373.32899 s
 Time Step:  112400, Simulation Time: 373.62768 s
 Time Step:  112500, Simulation Time: 373.94166 s
 Time Step:  112600, Simulation Time: 374.24913 s
 Time Step:  112700, Simulation Time: 374.55125 s
 Time Step:  112800, Simulation Time: 374.84526 s
 Time Step:  112900, Simulation Time: 375.14288 s
 Time Step:  113000, Simulation Time: 375.43190 s
 Time Step:  113100, Simulation Time: 375.71815 s
 Time Step:  113200, Simulation Time: 376.01896 s
 Time Step:  113300, Simulation Time: 376.31761 s
 Time Step:  113400, Simulation Time: 376.60732 s
 Time Step:  113500, Simulation Time: 376.91064 s
 Time Step:  113600, Simulation Time: 377.21379 s
 Time Step:  113700, Simulation Time: 377.51233 s
 Time Step:  113800, Simulation Time: 377.80783 s
 Time Step:  113900, Simulation Time: 378.11322 s
 Time Step:  114000, Simulation Time: 378.41902 s
 Time Step:  114100, Simulation Time: 378.72230 s
 Time Step:  114200, Simulation Time: 379.03660 s
 Time Step:  114300, Simulation Time: 379.34823 s
 Time Step:  114400, Simulation Time: 379.64924 s
 Time Step:  114500, Simulation Time: 379.95125 s
 Time Step:  114600, Simulation Time: 380.25097 s
 Time Step:  114700, Simulation Time: 380.55693 s
 Time Step:  114800, Simulation Time: 380.84908 s
 Time Step:  114900, Simulation Time: 381.15798 s
 Time Step:  115000, Simulation Time: 381.46839 s
 Time Step:  115100, Simulation Time: 381.77804 s
 Time Step:  115200, Simulation Time: 382.08289 s
 Time Step:  115300, Simulation Time: 382.38855 s
 Time Step:  115400, Simulation Time: 382.69904 s
 Time Step:  115500, Simulation Time: 383.02722 s
 Time Step:  115600, Simulation Time: 383.34290 s
 Time Step:  115700, Simulation Time: 383.65414 s
 Time Step:  115800, Simulation Time: 383.95672 s
 Time Step:  115900, Simulation Time: 384.26571 s
 Time Step:  116000, Simulation Time: 384.58233 s
 Time Step:  116100, Simulation Time: 384.88882 s
 Time Step:  116200, Simulation Time: 385.18785 s
 Time Step:  116300, Simulation Time: 385.48104 s
 Time Step:  116400, Simulation Time: 385.78434 s
 Time Step:  116500, Simulation Time: 386.08383 s
 Time Step:  116600, Simulation Time: 386.38584 s
 Time Step:  116700, Simulation Time: 386.69915 s
 Time Step:  116800, Simulation Time: 387.00333 s
 Time Step:  116900, Simulation Time: 387.30570 s
 Time Step:  117000, Simulation Time: 387.60175 s
 Time Step:  117100, Simulation Time: 387.92171 s
 Time Step:  117200, Simulation Time: 388.24166 s
 Time Step:  117300, Simulation Time: 388.56162 s
 Time Step:  117400, Simulation Time: 388.86958 s
 Time Step:  117500, Simulation Time: 389.17162 s
 Time Step:  117600, Simulation Time: 389.47053 s
 Time Step:  117700, Simulation Time: 389.77667 s
 Time Step:  117800, Simulation Time: 390.06886 s
 Time Step:  117900, Simulation Time: 390.37861 s
 Time Step:  118000, Simulation Time: 390.68833 s
 Time Step:  118100, Simulation Time: 390.99496 s
 Time Step:  118200, Simulation Time: 391.29178 s
 Time Step:  118300, Simulation Time: 391.59847 s
 Time Step:  118400, Simulation Time: 391.91565 s
 Time Step:  118500, Simulation Time: 392.22163 s
 Time Step:  118600, Simulation Time: 392.52339 s
 Time Step:  118700, Simulation Time: 392.82010 s
 Time Step:  118800, Simulation Time: 393.11314 s
 Time Step:  118900, Simulation Time: 393.41759 s
 Time Step:  119000, Simulation Time: 393.73251 s
 Time Step:  119100, Simulation Time: 394.02938 s
 Time Step:  119200, Simulation Time: 394.33606 s
 Time Step:  119300, Simulation Time: 394.64789 s
 Time Step:  119400, Simulation Time: 394.95887 s
 Time Step:  119500, Simulation Time: 395.27448 s
 Time Step:  119600, Simulation Time: 395.58077 s
 Time Step:  119700, Simulation Time: 395.89060 s
 Time Step:  119800, Simulation Time: 396.19860 s
 Time Step:  119900, Simulation Time: 396.51218 s
 Time Step:  120000, Simulation Time: 396.81519 s
 Time Step:  120100, Simulation Time: 397.12127 s
 Time Step:  120200, Simulation Time: 397.42271 s
 Time Step:  120300, Simulation Time: 397.72106 s
 Time Step:  120400, Simulation Time: 398.01691 s
 Time Step:  120500, Simulation Time: 398.32295 s
 Time Step:  120600, Simulation Time: 398.62575 s
 Time Step:  120700, Simulation Time: 398.91697 s
 Time Step:  120800, Simulation Time: 399.22522 s
 Time Step:  120900, Simulation Time: 399.53259 s
 Time Step:  121000, Simulation Time: 399.83524 s
 Time Step:  121100, Simulation Time: 400.14664 s
 Time Step:  121200, Simulation Time: 400.45196 s
 Time Step:  121300, Simulation Time: 400.75254 s
 Time Step:  121400, Simulation Time: 401.05521 s
 Time Step:  121500, Simulation Time: 401.36258 s
 Time Step:  121600, Simulation Time: 401.67339 s
 Time Step:  121700, Simulation Time: 401.98276 s
 Time Step:  121800, Simulation Time: 402.29017 s
 Time Step:  121900, Simulation Time: 402.60410 s
 Time Step:  122000, Simulation Time: 402.90998 s
 Time Step:  122100, Simulation Time: 403.22461 s
 Time Step:  122200, Simulation Time: 403.51249 s
 Time Step:  122300, Simulation Time: 403.81040 s
 Time Step:  122400, Simulation Time: 404.11708 s
 Time Step:  122500, Simulation Time: 404.43387 s
 Time Step:  122600, Simulation Time: 404.73777 s
 Time Step:  122700, Simulation Time: 405.03920 s
 Time Step:  122800, Simulation Time: 405.35350 s
 Time Step:  122900, Simulation Time: 405.66763 s
 Time Step:  123000, Simulation Time: 405.97558 s
 Time Step:  123100, Simulation Time: 406.27064 s
 Time Step:  123200, Simulation Time: 406.56610 s
 Time Step:  123300, Simulation Time: 406.87819 s
 Time Step:  123400, Simulation Time: 407.17944 s
 Time Step:  123500, Simulation Time: 407.47262 s
 Time Step:  123600, Simulation Time: 407.77279 s
 Time Step:  123700, Simulation Time: 408.06594 s
 Time Step:  123800, Simulation Time: 408.37239 s
 Time Step:  123900, Simulation Time: 408.67049 s
 Time Step:  124000, Simulation Time: 408.97319 s
 Time Step:  124100, Simulation Time: 409.28265 s
 Time Step:  124200, Simulation Time: 409.58908 s
 Time Step:  124300, Simulation Time: 409.89441 s
 Time Step:  124400, Simulation Time: 410.19992 s
 Time Step:  124500, Simulation Time: 410.49833 s
 Time Step:  124600, Simulation Time: 410.79142 s
 Time Step:  124700, Simulation Time: 411.09541 s
 Time Step:  124800, Simulation Time: 411.41115 s
 Time Step:  124900, Simulation Time: 411.71998 s
 Time Step:  125000, Simulation Time: 412.02059 s
 Time Step:  125100, Simulation Time: 412.32471 s
 Time Step:  125200, Simulation Time: 412.63486 s
 Time Step:  125300, Simulation Time: 412.94638 s
 Time Step:  125400, Simulation Time: 413.24677 s
 Time Step:  125500, Simulation Time: 413.55410 s
 Time Step:  125600, Simulation Time: 413.85682 s
 Time Step:  125700, Simulation Time: 414.15996 s
 Time Step:  125800, Simulation Time: 414.46048 s
 Time Step:  125900, Simulation Time: 414.75979 s
 Time Step:  126000, Simulation Time: 415.07187 s
 Time Step:  126100, Simulation Time: 415.37593 s
 Time Step:  126200, Simulation Time: 415.68366 s
 Time Step:  126300, Simulation Time: 415.99710 s
 Time Step:  126400, Simulation Time: 416.31108 s
 Time Step:  126500, Simulation Time: 416.60426 s
 Time Step:  126600, Simulation Time: 416.89819 s
 Time Step:  126700, Simulation Time: 417.20506 s
 Time Step:  126800, Simulation Time: 417.52600 s
 Time Step:  126900, Simulation Time: 417.82402 s
 Time Step:  127000, Simulation Time: 418.13874 s
 Time Step:  127100, Simulation Time: 418.44482 s
 Time Step:  127200, Simulation Time: 418.76829 s
 Time Step:  127300, Simulation Time: 419.07487 s
 Time Step:  127400, Simulation Time: 419.38241 s
 Time Step:  127500, Simulation Time: 419.68302 s
 Time Step:  127600, Simulation Time: 419.98391 s
 Time Step:  127700, Simulation Time: 420.30283 s
 Time Step:  127800, Simulation Time: 420.61414 s
 Time Step:  127900, Simulation Time: 420.91742 s
 Time Step:  128000, Simulation Time: 421.20739 s
 Time Step:  128100, Simulation Time: 421.51737 s
 Time Step:  128200, Simulation Time: 421.83475 s
 Time Step:  128300, Simulation Time: 422.14867 s
 Time Step:  128400, Simulation Time: 422.44660 s
 Time Step:  128500, Simulation Time: 422.74694 s
 Time Step:  128600, Simulation Time: 423.05155 s
 Time Step:  128700, Simulation Time: 423.35581 s
 Time Step:  128800, Simulation Time: 423.67574 s
 Time Step:  128900, Simulation Time: 423.97490 s
 Time Step:  129000, Simulation Time: 424.28671 s
 Time Step:  129100, Simulation Time: 424.59036 s
 Time Step:  129200, Simulation Time: 424.90235 s
 Time Step:  129300, Simulation Time: 425.20624 s
 Time Step:  129400, Simulation Time: 425.51706 s
 Time Step:  129500, Simulation Time: 425.81878 s
 Time Step:  129600, Simulation Time: 426.11773 s
 Time Step:  129700, Simulation Time: 426.41723 s
 Time Step:  129800, Simulation Time: 426.71617 s
 Time Step:  129900, Simulation Time: 427.00804 s
 Time Step:  130000, Simulation Time: 427.29753 s
 Time Step:  130100, Simulation Time: 427.59890 s
 Time Step:  130200, Simulation Time: 427.90774 s
 Time Step:  130300, Simulation Time: 428.22308 s
 Time Step:  130400, Simulation Time: 428.53254 s
 Time Step:  130500, Simulation Time: 428.83660 s
 Time Step:  130600, Simulation Time: 429.14097 s
 Time Step:  130700, Simulation Time: 429.44292 s
 Time Step:  130800, Simulation Time: 429.74371 s
 Time Step:  130900, Simulation Time: 430.05914 s
 Time Step:  131000, Simulation Time: 430.36348 s
 Time Step:  131100, Simulation Time: 430.67315 s
 Time Step:  131200, Simulation Time: 430.97337 s
 Time Step:  131300, Simulation Time: 431.27017 s
 Time Step:  131400, Simulation Time: 431.59065 s
 Time Step:  131500, Simulation Time: 431.90382 s
 Time Step:  131600, Simulation Time: 432.22273 s
 Time Step:  131700, Simulation Time: 432.51408 s
 Time Step:  131800, Simulation Time: 432.82320 s
 Time Step:  131900, Simulation Time: 433.11265 s
 Time Step:  132000, Simulation Time: 433.41469 s
 Time Step:  132100, Simulation Time: 433.71920 s
 Time Step:  132200, Simulation Time: 434.02056 s
 Time Step:  132300, Simulation Time: 434.32745 s
 Time Step:  132400, Simulation Time: 434.63756 s
 Time Step:  132500, Simulation Time: 434.95189 s
 Time Step:  132600, Simulation Time: 435.25730 s
 Time Step:  132700, Simulation Time: 435.57249 s
 Time Step:  132800, Simulation Time: 435.88140 s
 Time Step:  132900, Simulation Time: 436.18829 s
 Time Step:  133000, Simulation Time: 436.47981 s
 Time Step:  133100, Simulation Time: 436.77062 s
 Time Step:  133200, Simulation Time: 437.06109 s
 Time Step:  133300, Simulation Time: 437.37330 s
 Time Step:  133400, Simulation Time: 437.67564 s
 Time Step:  133500, Simulation Time: 437.97409 s
 Time Step:  133600, Simulation Time: 438.28205 s
 Time Step:  133700, Simulation Time: 438.58087 s
 Time Step:  133800, Simulation Time: 438.89077 s
 Time Step:  133900, Simulation Time: 439.20715 s
 Time Step:  134000, Simulation Time: 439.49816 s
 Time Step:  134100, Simulation Time: 439.79347 s
 Time Step:  134200, Simulation Time: 440.10794 s
 Time Step:  134300, Simulation Time: 440.40961 s
 Time Step:  134400, Simulation Time: 440.69994 s
 Time Step:  134500, Simulation Time: 440.99860 s
 Time Step:  134600, Simulation Time: 441.30028 s
 Time Step:  134700, Simulation Time: 441.60195 s
 Time Step:  134800, Simulation Time: 441.90363 s
 Time Step:  134900, Simulation Time: 442.21832 s
 Time Step:  135000, Simulation Time: 442.53719 s
 Time Step:  135100, Simulation Time: 442.83949 s
 Time Step:  135200, Simulation Time: 443.13809 s
 Time Step:  135300, Simulation Time: 443.43918 s
 Time Step:  135400, Simulation Time: 443.73789 s
 Time Step:  135500, Simulation Time: 444.03952 s
 Time Step:  135600, Simulation Time: 444.35073 s
 Time Step:  135700, Simulation Time: 444.64955 s
 Time Step:  135800, Simulation Time: 444.94472 s
 Time Step:  135900, Simulation Time: 445.24335 s
 Time Step:  136000, Simulation Time: 445.52977 s
 Time Step:  136100, Simulation Time: 445.83494 s
 Time Step:  136200, Simulation Time: 446.14619 s
 Time Step:  136300, Simulation Time: 446.46790 s
 Time Step:  136400, Simulation Time: 446.75906 s
 Time Step:  136500, Simulation Time: 447.06470 s
 Time Step:  136600, Simulation Time: 447.37405 s
 Time Step:  136700, Simulation Time: 447.68038 s
 Time Step:  136800, Simulation Time: 447.99480 s
 Time Step:  136900, Simulation Time: 448.28530 s
 Time Step:  137000, Simulation Time: 448.57386 s
 Time Step:  137100, Simulation Time: 448.87105 s
 Time Step:  137200, Simulation Time: 449.17685 s
 Time Step:  137300, Simulation Time: 449.47479 s
 Time Step:  137400, Simulation Time: 449.77788 s
 Time Step:  137500, Simulation Time: 450.07189 s
 Time Step:  137600, Simulation Time: 450.37701 s
 Time Step:  137700, Simulation Time: 450.66511 s
 Time Step:  137800, Simulation Time: 450.96280 s
 Time Step:  137900, Simulation Time: 451.26402 s
 Time Step:  138000, Simulation Time: 451.55824 s
 Time Step:  138100, Simulation Time: 451.84990 s
 Time Step:  138200, Simulation Time: 452.14972 s
 Time Step:  138300, Simulation Time: 452.45129 s
 Time Step:  138400, Simulation Time: 452.75310 s
 Time Step:  138500, Simulation Time: 453.05165 s
 Time Step:  138600, Simulation Time: 453.34640 s
 Time Step:  138700, Simulation Time: 453.64171 s
 Time Step:  138800, Simulation Time: 453.94936 s
 Time Step:  138900, Simulation Time: 454.25974 s
 Time Step:  139000, Simulation Time: 454.55932 s
 Time Step:  139100, Simulation Time: 454.86755 s
 Time Step:  139200, Simulation Time: 455.17485 s
 Time Step:  139300, Simulation Time: 455.47601 s
 Time Step:  139400, Simulation Time: 455.77874 s
 Time Step:  139500, Simulation Time: 456.08900 s
 Time Step:  139600, Simulation Time: 456.39119 s
 Time Step:  139700, Simulation Time: 456.69159 s
 Time Step:  139800, Simulation Time: 457.00436 s
 Time Step:  139900, Simulation Time: 457.31178 s
 Time Step:  140000, Simulation Time: 457.61262 s
 Time Step:  140100, Simulation Time: 457.91804 s
 Time Step:  140200, Simulation Time: 458.21920 s
 Time Step:  140300, Simulation Time: 458.51216 s
 Time Step:  140400, Simulation Time: 458.80581 s
 Time Step:  140500, Simulation Time: 459.10103 s
 Time Step:  140600, Simulation Time: 459.39521 s
 Time Step:  140700, Simulation Time: 459.68062 s
 Time Step:  140800, Simulation Time: 459.96428 s
 Time Step:  140900, Simulation Time: 460.25370 s
 Time Step:  141000, Simulation Time: 460.54953 s
 Time Step:  141100, Simulation Time: 460.85127 s
 Time Step:  141200, Simulation Time: 461.15528 s
 Time Step:  141300, Simulation Time: 461.45890 s
 Time Step:  141400, Simulation Time: 461.75710 s
 Time Step:  141500, Simulation Time: 462.06129 s
 Time Step:  141600, Simulation Time: 462.37127 s
 Time Step:  141700, Simulation Time: 462.67749 s
 Time Step:  141800, Simulation Time: 462.97710 s
 Time Step:  141900, Simulation Time: 463.26838 s
 Time Step:  142000, Simulation Time: 463.56666 s
 Time Step:  142100, Simulation Time: 463.86324 s
 Time Step:  142200, Simulation Time: 464.16122 s
 Time Step:  142300, Simulation Time: 464.46708 s
 Time Step:  142400, Simulation Time: 464.77651 s
 Time Step:  142500, Simulation Time: 465.09113 s
 Time Step:  142600, Simulation Time: 465.39677 s
 Time Step:  142700, Simulation Time: 465.71314 s
 Time Step:  142800, Simulation Time: 466.02367 s
 Time Step:  142900, Simulation Time: 466.33389 s
 Time Step:  143000, Simulation Time: 466.63710 s
 Time Step:  143100, Simulation Time: 466.94846 s
 Time Step:  143200, Simulation Time: 467.25052 s
 Time Step:  143300, Simulation Time: 467.55651 s
 Time Step:  143400, Simulation Time: 467.86273 s
 Time Step:  143500, Simulation Time: 468.17336 s
 Time Step:  143600, Simulation Time: 468.47198 s
 Time Step:  143700, Simulation Time: 468.77516 s
 Time Step:  143800, Simulation Time: 469.07917 s
 Time Step:  143900, Simulation Time: 469.38361 s
 Time Step:  144000, Simulation Time: 469.69786 s
 Time Step:  144100, Simulation Time: 469.99418 s
 Time Step:  144200, Simulation Time: 470.27777 s
 Time Step:  144300, Simulation Time: 470.56436 s
 Time Step:  144400, Simulation Time: 470.84751 s
 Time Step:  144500, Simulation Time: 471.13330 s
 Time Step:  144600, Simulation Time: 471.41747 s
 Time Step:  144700, Simulation Time: 471.70936 s
 Time Step:  144800, Simulation Time: 471.99996 s
 Time Step:  144900, Simulation Time: 472.28698 s
 Time Step:  145000, Simulation Time: 472.58035 s
 Time Step:  145100, Simulation Time: 472.87756 s
 Time Step:  145200, Simulation Time: 473.17070 s
 Time Step:  145300, Simulation Time: 473.46972 s
 Time Step:  145400, Simulation Time: 473.76292 s
 Time Step:  145500, Simulation Time: 474.05030 s
 Time Step:  145600, Simulation Time: 474.35265 s
 Time Step:  145700, Simulation Time: 474.63434 s
 Time Step:  145800, Simulation Time: 474.93046 s
 Time Step:  145900, Simulation Time: 475.22007 s
 Time Step:  146000, Simulation Time: 475.52170 s
 Time Step:  146100, Simulation Time: 475.81433 s
 Time Step:  146200, Simulation Time: 476.10936 s
 Time Step:  146300, Simulation Time: 476.40245 s
 Time Step:  146400, Simulation Time: 476.69760 s
 Time Step:  146500, Simulation Time: 476.98300 s
 Time Step:  146600, Simulation Time: 477.28295 s
 Time Step:  146700, Simulation Time: 477.58270 s
 Time Step:  146800, Simulation Time: 477.89514 s
 Time Step:  146900, Simulation Time: 478.20731 s
 Time Step:  147000, Simulation Time: 478.50756 s
 Time Step:  147100, Simulation Time: 478.81215 s
 Time Step:  147200, Simulation Time: 479.12073 s
 Time Step:  147300, Simulation Time: 479.41430 s
 Time Step:  147400, Simulation Time: 479.70940 s
 Time Step:  147500, Simulation Time: 480.01865 s
 Time Step:  147600, Simulation Time: 480.32512 s
 Time Step:  147700, Simulation Time: 480.63038 s
 Time Step:  147800, Simulation Time: 480.93075 s
 Time Step:  147900, Simulation Time: 481.22649 s
 Time Step:  148000, Simulation Time: 481.52183 s
 Time Step:  148100, Simulation Time: 481.80671 s
 Time Step:  148200, Simulation Time: 482.10590 s
 Time Step:  148300, Simulation Time: 482.39943 s
 Time Step:  148400, Simulation Time: 482.70148 s
 Time Step:  148500, Simulation Time: 483.00213 s
 Time Step:  148600, Simulation Time: 483.29491 s
 Time Step:  148700, Simulation Time: 483.58942 s
 Time Step:  148800, Simulation Time: 483.87953 s
 Time Step:  148900, Simulation Time: 484.17225 s
 Time Step:  149000, Simulation Time: 484.46327 s
 Time Step:  149100, Simulation Time: 484.74078 s
 Time Step:  149200, Simulation Time: 485.03168 s
 Time Step:  149300, Simulation Time: 485.32355 s
 Time Step:  149400, Simulation Time: 485.62842 s
 Time Step:  149500, Simulation Time: 485.91342 s
 Time Step:  149600, Simulation Time: 486.20914 s
 Time Step:  149700, Simulation Time: 486.51474 s
 Time Step:  149800, Simulation Time: 486.80313 s
 Time Step:  149900, Simulation Time: 487.10128 s
 Time Step:  150000, Simulation Time: 487.40044 s
 Time Step:  150100, Simulation Time: 487.68951 s
 Time Step:  150200, Simulation Time: 487.97345 s
 Time Step:  150300, Simulation Time: 488.26438 s
 Time Step:  150400, Simulation Time: 488.55783 s
 Time Step:  150500, Simulation Time: 488.86526 s
 Time Step:  150600, Simulation Time: 489.16458 s
 Time Step:  150700, Simulation Time: 489.47620 s
 Time Step:  150800, Simulation Time: 489.78599 s
 Time Step:  150900, Simulation Time: 490.08227 s
 Time Step:  151000, Simulation Time: 490.37995 s
 Time Step:  151100, Simulation Time: 490.67732 s
 Time Step:  151200, Simulation Time: 490.97552 s
 Time Step:  151300, Simulation Time: 491.25913 s
 Time Step:  151400, Simulation Time: 491.55310 s
 Time Step:  151500, Simulation Time: 491.85579 s
 Time Step:  151600, Simulation Time: 492.16144 s
 Time Step:  151700, Simulation Time: 492.47006 s
 Time Step:  151800, Simulation Time: 492.77576 s
 Time Step:  151900, Simulation Time: 493.07975 s
 Time Step:  152000, Simulation Time: 493.38012 s
 Time Step:  152100, Simulation Time: 493.68635 s
 Time Step:  152200, Simulation Time: 493.98018 s
 Time Step:  152300, Simulation Time: 494.29411 s
 Time Step:  152400, Simulation Time: 494.59446 s
 Time Step:  152500, Simulation Time: 494.89150 s
 Time Step:  152600, Simulation Time: 495.19818 s
 Time Step:  152700, Simulation Time: 495.50607 s
 Time Step:  152800, Simulation Time: 495.81006 s
 Time Step:  152900, Simulation Time: 496.10307 s
 Time Step:  153000, Simulation Time: 496.40014 s
 Time Step:  153100, Simulation Time: 496.70233 s
 Time Step:  153200, Simulation Time: 496.99931 s
 Time Step:  153300, Simulation Time: 497.29389 s
 Time Step:  153400, Simulation Time: 497.59902 s
 Time Step:  153500, Simulation Time: 497.88763 s
 Time Step:  153600, Simulation Time: 498.18189 s
 Time Step:  153700, Simulation Time: 498.48363 s
 Time Step:  153800, Simulation Time: 498.77973 s
 Time Step:  153900, Simulation Time: 499.07206 s
 Time Step:  154000, Simulation Time: 499.35731 s
 Time Step:  154100, Simulation Time: 499.64374 s
 Time Step:  154200, Simulation Time: 499.93293 s
 Time Step:  154300, Simulation Time: 500.21702 s
 Time Step:  154400, Simulation Time: 500.51888 s
 Time Step:  154500, Simulation Time: 500.80894 s
 Time Step:  154600, Simulation Time: 501.10149 s
 Time Step:  154700, Simulation Time: 501.40866 s
 Time Step:  154800, Simulation Time: 501.71527 s
 Time Step:  154900, Simulation Time: 502.01504 s
 Time Step:  155000, Simulation Time: 502.31593 s
 Time Step:  155100, Simulation Time: 502.60625 s
 Time Step:  155200, Simulation Time: 502.91286 s
 Time Step:  155300, Simulation Time: 503.22055 s
 Time Step:  155400, Simulation Time: 503.53158 s
 Time Step:  155500, Simulation Time: 503.83704 s
 Time Step:  155600, Simulation Time: 504.13345 s
 Time Step:  155700, Simulation Time: 504.43435 s
 Time Step:  155800, Simulation Time: 504.73444 s
 Time Step:  155900, Simulation Time: 505.03880 s
 Time Step:  156000, Simulation Time: 505.34230 s
 Time Step:  156100, Simulation Time: 505.65323 s
 Time Step:  156200, Simulation Time: 505.95763 s
 Time Step:  156300, Simulation Time: 506.25465 s
 Time Step:  156400, Simulation Time: 506.56615 s
 Time Step:  156500, Simulation Time: 506.86824 s
 Time Step:  156600, Simulation Time: 507.16355 s
 Time Step:  156700, Simulation Time: 507.46858 s
 Time Step:  156800, Simulation Time: 507.76406 s
 Time Step:  156900, Simulation Time: 508.06295 s
 Time Step:  157000, Simulation Time: 508.37431 s
 Time Step:  157100, Simulation Time: 508.67769 s
 Time Step:  157200, Simulation Time: 508.98119 s
 Time Step:  157300, Simulation Time: 509.29289 s
 Time Step:  157400, Simulation Time: 509.59784 s
 Time Step:  157500, Simulation Time: 509.90607 s
 Time Step:  157600, Simulation Time: 510.20103 s
 Time Step:  157700, Simulation Time: 510.50172 s
 Time Step:  157800, Simulation Time: 510.80350 s
 Time Step:  157900, Simulation Time: 511.11469 s
 Time Step:  158000, Simulation Time: 511.42145 s
 Time Step:  158100, Simulation Time: 511.73474 s
 Time Step:  158200, Simulation Time: 512.04171 s
 Time Step:  158300, Simulation Time: 512.35032 s
 Time Step:  158400, Simulation Time: 512.64476 s
 Time Step:  158500, Simulation Time: 512.94398 s
 Time Step:  158600, Simulation Time: 513.24455 s
 Time Step:  158700, Simulation Time: 513.54689 s
 Time Step:  158800, Simulation Time: 513.85525 s
 Time Step:  158900, Simulation Time: 514.14494 s
 Time Step:  159000, Simulation Time: 514.44537 s
 Time Step:  159100, Simulation Time: 514.74526 s
 Time Step:  159200, Simulation Time: 515.05830 s
 Time Step:  159300, Simulation Time: 515.36210 s
 Time Step:  159400, Simulation Time: 515.66100 s
 Time Step:  159500, Simulation Time: 515.96305 s
 Time Step:  159600, Simulation Time: 516.26026 s
 Time Step:  159700, Simulation Time: 516.55172 s
 Time Step:  159800, Simulation Time: 516.84520 s
 Time Step:  159900, Simulation Time: 517.14721 s
 Time Step:  160000, Simulation Time: 517.44846 s
 Time Step:  160100, Simulation Time: 517.76231 s
 Time Step:  160200, Simulation Time: 518.06894 s
 Time Step:  160300, Simulation Time: 518.36261 s
 Time Step:  160400, Simulation Time: 518.67215 s
 Time Step:  160500, Simulation Time: 518.97858 s
 Time Step:  160600, Simulation Time: 519.29218 s
 Time Step:  160700, Simulation Time: 519.61834 s
 Time Step:  160800, Simulation Time: 519.91412 s
 Time Step:  160900, Simulation Time: 520.20857 s
 Time Step:  161000, Simulation Time: 520.51614 s
 Time Step:  161100, Simulation Time: 520.81588 s
 Time Step:  161200, Simulation Time: 521.13159 s
 Time Step:  161300, Simulation Time: 521.43233 s
 Time Step:  161400, Simulation Time: 521.72689 s
 Time Step:  161500, Simulation Time: 522.02666 s
 Time Step:  161600, Simulation Time: 522.31073 s
 Time Step:  161700, Simulation Time: 522.60948 s
 Time Step:  161800, Simulation Time: 522.92143 s
 Time Step:  161900, Simulation Time: 523.22122 s
 Time Step:  162000, Simulation Time: 523.52745 s
 Time Step:  162100, Simulation Time: 523.81893 s
 Time Step:  162200, Simulation Time: 524.12847 s
 Time Step:  162300, Simulation Time: 524.42508 s
 Time Step:  162400, Simulation Time: 524.72004 s
 Time Step:  162500, Simulation Time: 525.01499 s
 Time Step:  162600, Simulation Time: 525.30995 s
 Time Step:  162700, Simulation Time: 525.61470 s
 Time Step:  162800, Simulation Time: 525.90312 s
 Time Step:  162900, Simulation Time: 526.20571 s
 Time Step:  163000, Simulation Time: 526.52988 s
 Time Step:  163100, Simulation Time: 526.83061 s
 Time Step:  163200, Simulation Time: 527.13461 s
 Time Step:  163300, Simulation Time: 527.41880 s
 Time Step:  163400, Simulation Time: 527.71056 s
 Time Step:  163500, Simulation Time: 528.01128 s
 Time Step:  163600, Simulation Time: 528.32392 s
 Time Step:  163700, Simulation Time: 528.62562 s
 Time Step:  163800, Simulation Time: 528.92088 s
 Time Step:  163900, Simulation Time: 529.22566 s
 Time Step:  164000, Simulation Time: 529.51756 s
 Time Step:  164100, Simulation Time: 529.81986 s
 Time Step:  164200, Simulation Time: 530.11568 s
 Time Step:  164300, Simulation Time: 530.40859 s
 Time Step:  164400, Simulation Time: 530.69719 s
 Time Step:  164500, Simulation Time: 530.98813 s
 Time Step:  164600, Simulation Time: 531.29004 s
 Time Step:  164700, Simulation Time: 531.59445 s
 Time Step:  164800, Simulation Time: 531.89886 s
 Time Step:  164900, Simulation Time: 532.19723 s
 Time Step:  165000, Simulation Time: 532.49983 s
 Time Step:  165100, Simulation Time: 532.80090 s
 Time Step:  165200, Simulation Time: 533.11648 s
 Time Step:  165300, Simulation Time: 533.41237 s
 Time Step:  165400, Simulation Time: 533.72510 s
 Time Step:  165500, Simulation Time: 534.02373 s
 Time Step:  165600, Simulation Time: 534.34366 s
 Time Step:  165700, Simulation Time: 534.64765 s
 Time Step:  165800, Simulation Time: 534.96735 s
 Time Step:  165900, Simulation Time: 535.26351 s
 Time Step:  166000, Simulation Time: 535.55306 s
 Time Step:  166100, Simulation Time: 535.84077 s
 Time Step:  166200, Simulation Time: 536.13208 s
 Time Step:  166300, Simulation Time: 536.42393 s
 Time Step:  166400, Simulation Time: 536.71894 s
 Time Step:  166500, Simulation Time: 537.01373 s
 Time Step:  166600, Simulation Time: 537.30755 s
 Time Step:  166700, Simulation Time: 537.60014 s
 Time Step:  166800, Simulation Time: 537.88474 s
 Time Step:  166900, Simulation Time: 538.17043 s
 Time Step:  167000, Simulation Time: 538.47131 s
 Time Step:  167100, Simulation Time: 538.76926 s
 Time Step:  167200, Simulation Time: 539.06244 s
 Time Step:  167300, Simulation Time: 539.34962 s
 Time Step:  167400, Simulation Time: 539.63895 s
 Time Step:  167500, Simulation Time: 539.92391 s
 Time Step:  167600, Simulation Time: 540.21258 s
 Time Step:  167700, Simulation Time: 540.50955 s
 Time Step:  167800, Simulation Time: 540.80221 s
 Time Step:  167900, Simulation Time: 541.09632 s
 Time Step:  168000, Simulation Time: 541.38866 s
 Time Step:  168100, Simulation Time: 541.67699 s
 Time Step:  168200, Simulation Time: 541.96143 s
 Time Step:  168300, Simulation Time: 542.25624 s
 Time Step:  168400, Simulation Time: 542.54283 s
 Time Step:  168500, Simulation Time: 542.83262 s
 Time Step:  168600, Simulation Time: 543.11971 s
 Time Step:  168700, Simulation Time: 543.42235 s
 Time Step:  168800, Simulation Time: 543.72428 s
 Time Step:  168900, Simulation Time: 544.03855 s
 Time Step:  169000, Simulation Time: 544.33986 s
 Time Step:  169100, Simulation Time: 544.62663 s
 Time Step:  169200, Simulation Time: 544.92276 s
 Time Step:  169300, Simulation Time: 545.22835 s
 Time Step:  169400, Simulation Time: 545.53640 s
 Time Step:  169500, Simulation Time: 545.83617 s
 Time Step:  169600, Simulation Time: 546.14015 s
 Time Step:  169700, Simulation Time: 546.43668 s
 Time Step:  169800, Simulation Time: 546.73510 s
 Time Step:  169900, Simulation Time: 547.03411 s
 Time Step:  170000, Simulation Time: 547.33504 s
 Time Step:  170100, Simulation Time: 547.63062 s
 Time Step:  170200, Simulation Time: 547.92365 s
 Time Step:  170300, Simulation Time: 548.22085 s
 Time Step:  170400, Simulation Time: 548.52977 s
 Time Step:  170500, Simulation Time: 548.82934 s
 Time Step:  170600, Simulation Time: 549.14319 s
 Time Step:  170700, Simulation Time: 549.42550 s
 Time Step:  170800, Simulation Time: 549.70326 s
 Time Step:  170900, Simulation Time: 550.00698 s
 Time Step:  171000, Simulation Time: 550.30615 s
 Time Step:  171100, Simulation Time: 550.61676 s
 Time Step:  171200, Simulation Time: 550.91854 s
 Time Step:  171300, Simulation Time: 551.23087 s
 Time Step:  171400, Simulation Time: 551.53590 s
 Time Step:  171500, Simulation Time: 551.84047 s
 Time Step:  171600, Simulation Time: 552.15161 s
 Time Step:  171700, Simulation Time: 552.45751 s
 Time Step:  171800, Simulation Time: 552.76747 s
 Time Step:  171900, Simulation Time: 553.06948 s
 Time Step:  172000, Simulation Time: 553.36810 s
 Time Step:  172100, Simulation Time: 553.66701 s
 Time Step:  172200, Simulation Time: 553.97212 s
 Time Step:  172300, Simulation Time: 554.28005 s
 Time Step:  172400, Simulation Time: 554.57512 s
 Time Step:  172500, Simulation Time: 554.87717 s
 Time Step:  172600, Simulation Time: 555.17757 s
 Time Step:  172700, Simulation Time: 555.47564 s
 Time Step:  172800, Simulation Time: 555.75536 s
 Time Step:  172900, Simulation Time: 556.05008 s
 Time Step:  173000, Simulation Time: 556.33532 s
 Time Step:  173100, Simulation Time: 556.62504 s
 Time Step:  173200, Simulation Time: 556.90877 s
 Time Step:  173300, Simulation Time: 557.19682 s
 Time Step:  173400, Simulation Time: 557.48745 s
 Time Step:  173500, Simulation Time: 557.76773 s
 Time Step:  173600, Simulation Time: 558.06933 s
 Time Step:  173700, Simulation Time: 558.35407 s
 Time Step:  173800, Simulation Time: 558.64566 s
 Time Step:  173900, Simulation Time: 558.93654 s
 Time Step:  174000, Simulation Time: 559.23775 s
 Time Step:  174100, Simulation Time: 559.53529 s
 Time Step:  174200, Simulation Time: 559.82480 s
 Time Step:  174300, Simulation Time: 560.11172 s
 Time Step:  174400, Simulation Time: 560.40003 s
 Time Step:  174500, Simulation Time: 560.68903 s
 Time Step:  174600, Simulation Time: 560.98102 s
 Time Step:  174700, Simulation Time: 561.26267 s
 Time Step:  174800, Simulation Time: 561.55203 s
 Time Step:  174900, Simulation Time: 561.86014 s
 Time Step:  175000, Simulation Time: 562.15350 s
 Time Step:  175100, Simulation Time: 562.43609 s
 Time Step:  175200, Simulation Time: 562.73146 s
 Time Step:  175300, Simulation Time: 563.01418 s
 Time Step:  175400, Simulation Time: 563.30230 s
 Time Step:  175500, Simulation Time: 563.59634 s
 Time Step:  175600, Simulation Time: 563.88821 s
 Time Step:  175700, Simulation Time: 564.17581 s
 Time Step:  175800, Simulation Time: 564.46705 s
 Time Step:  175900, Simulation Time: 564.75656 s
 Time Step:  176000, Simulation Time: 565.04149 s
 Time Step:  176100, Simulation Time: 565.34193 s
 Time Step:  176200, Simulation Time: 565.63472 s
 Time Step:  176300, Simulation Time: 565.92811 s
 Time Step:  176400, Simulation Time: 566.22478 s
 Time Step:  176500, Simulation Time: 566.51766 s
 Time Step:  176600, Simulation Time: 566.80400 s
 Time Step:  176700, Simulation Time: 567.08590 s
 Time Step:  176800, Simulation Time: 567.37460 s
 Time Step:  176900, Simulation Time: 567.66949 s
 Time Step:  177000, Simulation Time: 567.97031 s
 Time Step:  177100, Simulation Time: 568.26048 s
 Time Step:  177200, Simulation Time: 568.56865 s
 Time Step:  177300, Simulation Time: 568.87131 s
 Time Step:  177400, Simulation Time: 569.17097 s
 Time Step:  177500, Simulation Time: 569.46679 s
 Time Step:  177600, Simulation Time: 569.76955 s
 Time Step:  177700, Simulation Time: 570.07231 s
 Time Step:  177800, Simulation Time: 570.36761 s
 Time Step:  177900, Simulation Time: 570.66590 s
 Time Step:  178000, Simulation Time: 570.96874 s
 Time Step:  178100, Simulation Time: 571.27256 s
 Time Step:  178200, Simulation Time: 571.57377 s
 Time Step:  178300, Simulation Time: 571.87485 s
 Time Step:  178400, Simulation Time: 572.18189 s
 Time Step:  178500, Simulation Time: 572.49067 s
 Time Step:  178600, Simulation Time: 572.78876 s
 Time Step:  178700, Simulation Time: 573.10122 s
 Time Step:  178800, Simulation Time: 573.39653 s
 Time Step:  178900, Simulation Time: 573.68943 s
 Time Step:  179000, Simulation Time: 573.98118 s
 Time Step:  179100, Simulation Time: 574.28137 s
 Time Step:  179200, Simulation Time: 574.57618 s
 Time Step:  179300, Simulation Time: 574.87578 s
 Time Step:  179400, Simulation Time: 575.17041 s
 Time Step:  179500, Simulation Time: 575.46424 s
 Time Step:  179600, Simulation Time: 575.75914 s
 Time Step:  179700, Simulation Time: 576.05846 s
 Time Step:  179800, Simulation Time: 576.35412 s
 Time Step:  179900, Simulation Time: 576.65423 s
 Time Step:  180000, Simulation Time: 576.94488 s
 Time Step:  180100, Simulation Time: 577.22739 s
 Time Step:  180200, Simulation Time: 577.51601 s
 Time Step:  180300, Simulation Time: 577.80665 s
 Time Step:  180400, Simulation Time: 578.10273 s
 Time Step:  180500, Simulation Time: 578.41289 s
 Time Step:  180600, Simulation Time: 578.70902 s
 Time Step:  180700, Simulation Time: 579.00647 s
 Time Step:  180800, Simulation Time: 579.31063 s
 Time Step:  180900, Simulation Time: 579.62076 s
 Time Step:  181000, Simulation Time: 579.91854 s
 Time Step:  181100, Simulation Time: 580.23221 s
 Time Step:  181200, Simulation Time: 580.52413 s
 Time Step:  181300, Simulation Time: 580.83763 s
 Time Step:  181400, Simulation Time: 581.13873 s
 Time Step:  181500, Simulation Time: 581.43229 s
 Time Step:  181600, Simulation Time: 581.73112 s
 Time Step:  181700, Simulation Time: 582.03609 s
 Time Step:  181800, Simulation Time: 582.33930 s
 Time Step:  181900, Simulation Time: 582.63341 s
 Time Step:  182000, Simulation Time: 582.92976 s
 Time Step:  182100, Simulation Time: 583.23660 s
 Time Step:  182200, Simulation Time: 583.54405 s
 Time Step:  182300, Simulation Time: 583.82552 s
 Time Step:  182400, Simulation Time: 584.11436 s
 Time Step:  182500, Simulation Time: 584.41250 s
 Time Step:  182600, Simulation Time: 584.72414 s
 Time Step:  182700, Simulation Time: 585.03123 s
 Time Step:  182800, Simulation Time: 585.33147 s
 Time Step:  182900, Simulation Time: 585.63849 s
 Time Step:  183000, Simulation Time: 585.92774 s
 Time Step:  183100, Simulation Time: 586.22450 s
 Time Step:  183200, Simulation Time: 586.51356 s
 Time Step:  183300, Simulation Time: 586.81697 s
 Time Step:  183400, Simulation Time: 587.12518 s
 Time Step:  183500, Simulation Time: 587.42200 s
 Time Step:  183600, Simulation Time: 587.72050 s
 Time Step:  183700, Simulation Time: 588.01109 s
 Time Step:  183800, Simulation Time: 588.30284 s
 Time Step:  183900, Simulation Time: 588.59683 s
 Time Step:  184000, Simulation Time: 588.89455 s
 Time Step:  184100, Simulation Time: 589.19446 s
 Time Step:  184200, Simulation Time: 589.49715 s
 Time Step:  184300, Simulation Time: 589.79635 s
 Time Step:  184400, Simulation Time: 590.09094 s
 Time Step:  184500, Simulation Time: 590.38747 s
 Time Step:  184600, Simulation Time: 590.67543 s
 Time Step:  184700, Simulation Time: 590.96858 s
 Time Step:  184800, Simulation Time: 591.26636 s
 Time Step:  184900, Simulation Time: 591.56598 s
 Time Step:  185000, Simulation Time: 591.85525 s
 Time Step:  185100, Simulation Time: 592.13998 s
 Time Step:  185200, Simulation Time: 592.43083 s
 Time Step:  185300, Simulation Time: 592.72519 s
 Time Step:  185400, Simulation Time: 593.01779 s
 Time Step:  185500, Simulation Time: 593.30743 s
 Time Step:  185600, Simulation Time: 593.59441 s
 Time Step:  185700, Simulation Time: 593.88944 s
 Time Step:  185800, Simulation Time: 594.18584 s
 Time Step:  185900, Simulation Time: 594.48090 s
 Time Step:  186000, Simulation Time: 594.78649 s
 Time Step:  186100, Simulation Time: 595.07111 s
 Time Step:  186200, Simulation Time: 595.37059 s
 Time Step:  186300, Simulation Time: 595.66507 s
 Time Step:  186400, Simulation Time: 595.96393 s
 Time Step:  186500, Simulation Time: 596.26753 s
 Time Step:  186600, Simulation Time: 596.58267 s
 Time Step:  186700, Simulation Time: 596.88608 s
 Time Step:  186800, Simulation Time: 597.18421 s
 Time Step:  186900, Simulation Time: 597.48147 s
 Time Step:  187000, Simulation Time: 597.77718 s
 Time Step:  187100, Simulation Time: 598.07032 s
 Time Step:  187200, Simulation Time: 598.37424 s
 Time Step:  187300, Simulation Time: 598.67545 s
 Time Step:  187400, Simulation Time: 598.98217 s
 Time Step:  187500, Simulation Time: 599.29537 s
 Time Step:  187600, Simulation Time: 599.58263 s
 Time Step:  187700, Simulation Time: 599.87679 s
 Time Step:  187800, Simulation Time: 600.16482 s
 Time Step:  187900, Simulation Time: 600.46808 s
 Time Step:  188000, Simulation Time: 600.77999 s
 Time Step:  188100, Simulation Time: 601.08573 s
 Time Step:  188200, Simulation Time: 601.37553 s
 Time Step:  188300, Simulation Time: 601.67236 s
 Time Step:  188400, Simulation Time: 601.97415 s
 Time Step:  188500, Simulation Time: 602.27467 s
 Time Step:  188600, Simulation Time: 602.56082 s
 Time Step:  188700, Simulation Time: 602.84753 s
 Time Step:  188800, Simulation Time: 603.13846 s
 Time Step:  188900, Simulation Time: 603.43731 s
 Time Step:  189000, Simulation Time: 603.74343 s
 Time Step:  189100, Simulation Time: 604.04891 s
 Time Step:  189200, Simulation Time: 604.35486 s
 Time Step:  189300, Simulation Time: 604.66230 s
 Time Step:  189400, Simulation Time: 604.95766 s
 Time Step:  189500, Simulation Time: 605.25997 s
 Time Step:  189600, Simulation Time: 605.55506 s
 Time Step:  189700, Simulation Time: 605.85931 s
 Time Step:  189800, Simulation Time: 606.14998 s
 Time Step:  189900, Simulation Time: 606.45501 s
 Time Step:  190000, Simulation Time: 606.75556 s
 Time Step:  190100, Simulation Time: 607.04647 s
 Time Step:  190200, Simulation Time: 607.34075 s
 Time Step:  190300, Simulation Time: 607.63965 s
 Time Step:  190400, Simulation Time: 607.94540 s
 Time Step:  190500, Simulation Time: 608.24661 s
 Time Step:  190600, Simulation Time: 608.54903 s
 Time Step:  190700, Simulation Time: 608.84482 s
 Time Step:  190800, Simulation Time: 609.14178 s
 Time Step:  190900, Simulation Time: 609.44374 s
 Time Step:  191000, Simulation Time: 609.73504 s
 Time Step:  191100, Simulation Time: 610.03325 s
 Time Step:  191200, Simulation Time: 610.30929 s
 Time Step:  191300, Simulation Time: 610.60134 s
 Time Step:  191400, Simulation Time: 610.89673 s
 Time Step:  191500, Simulation Time: 611.19613 s
 Time Step:  191600, Simulation Time: 611.49419 s
 Time Step:  191700, Simulation Time: 611.78689 s
 Time Step:  191800, Simulation Time: 612.07987 s
 Time Step:  191900, Simulation Time: 612.36592 s
 Time Step:  192000, Simulation Time: 612.65511 s
 Time Step:  192100, Simulation Time: 612.95137 s
 Time Step:  192200, Simulation Time: 613.24748 s
 Time Step:  192300, Simulation Time: 613.54358 s
 Time Step:  192400, Simulation Time: 613.83667 s
 Time Step:  192500, Simulation Time: 614.13866 s
 Time Step:  192600, Simulation Time: 614.44790 s
 Time Step:  192700, Simulation Time: 614.76764 s
 Time Step:  192800, Simulation Time: 615.06645 s
 Time Step:  192900, Simulation Time: 615.37176 s
 Time Step:  193000, Simulation Time: 615.67625 s
 Time Step:  193100, Simulation Time: 615.97336 s
 Time Step:  193200, Simulation Time: 616.26540 s
 Time Step:  193300, Simulation Time: 616.55359 s
 Time Step:  193400, Simulation Time: 616.83987 s
 Time Step:  193500, Simulation Time: 617.12522 s
 Time Step:  193600, Simulation Time: 617.40744 s
 Time Step:  193700, Simulation Time: 617.69903 s
 Time Step:  193800, Simulation Time: 617.98499 s
 Time Step:  193900, Simulation Time: 618.27865 s
 Time Step:  194000, Simulation Time: 618.57232 s
 Time Step:  194100, Simulation Time: 618.87481 s
 Time Step:  194200, Simulation Time: 619.17199 s
 Time Step:  194300, Simulation Time: 619.46887 s
 Time Step:  194400, Simulation Time: 619.76688 s
 Time Step:  194500, Simulation Time: 620.06977 s
 Time Step:  194600, Simulation Time: 620.36411 s
 Time Step:  194700, Simulation Time: 620.65549 s
 Time Step:  194800, Simulation Time: 620.95159 s
 Time Step:  194900, Simulation Time: 621.24408 s
 Time Step:  195000, Simulation Time: 621.54457 s
 Time Step:  195100, Simulation Time: 621.84733 s
 Time Step:  195200, Simulation Time: 622.14416 s
 Time Step:  195300, Simulation Time: 622.43927 s
 Time Step:  195400, Simulation Time: 622.75521 s
 Time Step:  195500, Simulation Time: 623.07374 s
 Time Step:  195600, Simulation Time: 623.37591 s
 Time Step:  195700, Simulation Time: 623.68135 s
 Time Step:  195800, Simulation Time: 623.97626 s
 Time Step:  195900, Simulation Time: 624.27995 s
 Time Step:  196000, Simulation Time: 624.57763 s
 Time Step:  196100, Simulation Time: 624.88099 s
 Time Step:  196200, Simulation Time: 625.17924 s
 Time Step:  196300, Simulation Time: 625.47724 s
 Time Step:  196400, Simulation Time: 625.77224 s
 Time Step:  196500, Simulation Time: 626.06664 s
 Time Step:  196600, Simulation Time: 626.36371 s
 Time Step:  196700, Simulation Time: 626.67947 s
 Time Step:  196800, Simulation Time: 626.97446 s
 Time Step:  196900, Simulation Time: 627.28106 s
 Time Step:  197000, Simulation Time: 627.58143 s
 Time Step:  197100, Simulation Time: 627.87976 s
 Time Step:  197200, Simulation Time: 628.17388 s
 Time Step:  197300, Simulation Time: 628.48430 s
 Time Step:  197400, Simulation Time: 628.78436 s
 Time Step:  197500, Simulation Time: 629.08779 s
 Time Step:  197600, Simulation Time: 629.38947 s
 Time Step:  197700, Simulation Time: 629.68020 s
 Time Step:  197800, Simulation Time: 629.98437 s
 Time Step:  197900, Simulation Time: 630.28639 s
 Time Step:  198000, Simulation Time: 630.58134 s
 Time Step:  198100, Simulation Time: 630.87300 s
 Time Step:  198200, Simulation Time: 631.16802 s
 Time Step:  198300, Simulation Time: 631.45871 s
 Time Step:  198400, Simulation Time: 631.75404 s
 Time Step:  198500, Simulation Time: 632.04477 s
 Time Step:  198600, Simulation Time: 632.34082 s
 Time Step:  198700, Simulation Time: 632.64363 s
 Time Step:  198800, Simulation Time: 632.94427 s
 Time Step:  198900, Simulation Time: 633.24769 s
 Time Step:  199000, Simulation Time: 633.53843 s
 Time Step:  199100, Simulation Time: 633.83430 s
 Time Step:  199200, Simulation Time: 634.13387 s
 Time Step:  199300, Simulation Time: 634.42805 s
 Time Step:  199400, Simulation Time: 634.72522 s
 Time Step:  199500, Simulation Time: 635.03193 s
 Time Step:  199600, Simulation Time: 635.33003 s
 Time Step:  199700, Simulation Time: 635.63220 s
 Time Step:  199800, Simulation Time: 635.93726 s
 Time Step:  199900, Simulation Time: 636.23915 s
 Time Step:  200000, Simulation Time: 636.52977 s
 Time Step:  200100, Simulation Time: 636.84884 s
 Time Step:  200200, Simulation Time: 637.13816 s
 Time Step:  200300, Simulation Time: 637.43330 s
 Time Step:  200400, Simulation Time: 637.73517 s
 Time Step:  200500, Simulation Time: 638.03264 s
 Time Step:  200600, Simulation Time: 638.33126 s
 Time Step:  200700, Simulation Time: 638.63472 s
 Time Step:  200800, Simulation Time: 638.93818 s
 Time Step:  200900, Simulation Time: 639.22706 s
 Time Step:  201000, Simulation Time: 639.52369 s
 Time Step:  201100, Simulation Time: 639.82067 s
 Time Step:  201200, Simulation Time: 640.10427 s
 Time Step:  201300, Simulation Time: 640.40180 s
 Time Step:  201400, Simulation Time: 640.68713 s
 Time Step:  201500, Simulation Time: 640.97186 s
 Time Step:  201600, Simulation Time: 641.27688 s
 Time Step:  201700, Simulation Time: 641.58248 s
 Time Step:  201800, Simulation Time: 641.87528 s
 Time Step:  201900, Simulation Time: 642.16536 s
 Time Step:  202000, Simulation Time: 642.45633 s
 Time Step:  202100, Simulation Time: 642.75112 s
 Time Step:  202200, Simulation Time: 643.04587 s
 Time Step:  202300, Simulation Time: 643.33957 s
 Time Step:  202400, Simulation Time: 643.62608 s
 Time Step:  202500, Simulation Time: 643.92980 s
 Time Step:  202600, Simulation Time: 644.22733 s
 Time Step:  202700, Simulation Time: 644.53479 s
 Time Step:  202800, Simulation Time: 644.83245 s
 Time Step:  202900, Simulation Time: 645.13438 s
 Time Step:  203000, Simulation Time: 645.42739 s
 Time Step:  203100, Simulation Time: 645.72568 s
 Time Step:  203200, Simulation Time: 646.02725 s
 Time Step:  203300, Simulation Time: 646.31419 s
 Time Step:  203400, Simulation Time: 646.61470 s
 Time Step:  203500, Simulation Time: 646.90505 s
 Time Step:  203600, Simulation Time: 647.19486 s
 Time Step:  203700, Simulation Time: 647.50206 s
 Time Step:  203800, Simulation Time: 647.80504 s
 Time Step:  203900, Simulation Time: 648.10803 s
 Time Step:  204000, Simulation Time: 648.41101 s
 Time Step:  204100, Simulation Time: 648.71399 s
 Time Step:  204200, Simulation Time: 649.01086 s
 Time Step:  204300, Simulation Time: 649.29912 s
 Time Step:  204400, Simulation Time: 649.59276 s
 Time Step:  204500, Simulation Time: 649.89552 s
 Time Step:  204600, Simulation Time: 650.21404 s
 Time Step:  204700, Simulation Time: 650.50925 s
 Time Step:  204800, Simulation Time: 650.80734 s
 Time Step:  204900, Simulation Time: 651.09762 s
 Time Step:  205000, Simulation Time: 651.40695 s
 Time Step:  205100, Simulation Time: 651.71315 s
 Time Step:  205200, Simulation Time: 652.01469 s
 Time Step:  205300, Simulation Time: 652.32337 s
 Time Step:  205400, Simulation Time: 652.62332 s
 Time Step:  205500, Simulation Time: 652.91620 s
 Time Step:  205600, Simulation Time: 653.20842 s
 Time Step:  205700, Simulation Time: 653.49424 s
 Time Step:  205800, Simulation Time: 653.79468 s
 Time Step:  205900, Simulation Time: 654.10523 s
 Time Step:  206000, Simulation Time: 654.40050 s
 Time Step:  206100, Simulation Time: 654.69823 s
 Time Step:  206200, Simulation Time: 655.00077 s
 Time Step:  206300, Simulation Time: 655.29230 s
 Time Step:  206400, Simulation Time: 655.57398 s
 Time Step:  206500, Simulation Time: 655.85570 s
 Time Step:  206600, Simulation Time: 656.15205 s
 Time Step:  206700, Simulation Time: 656.45410 s
 Time Step:  206800, Simulation Time: 656.75016 s
 Time Step:  206900, Simulation Time: 657.04611 s
 Time Step:  207000, Simulation Time: 657.34474 s
 Time Step:  207100, Simulation Time: 657.63751 s
 Time Step:  207200, Simulation Time: 657.94400 s
 Time Step:  207300, Simulation Time: 658.25049 s
 Time Step:  207400, Simulation Time: 658.54872 s
 Time Step:  207500, Simulation Time: 658.84780 s
 Time Step:  207600, Simulation Time: 659.15138 s
 Time Step:  207700, Simulation Time: 659.44138 s
 Time Step:  207800, Simulation Time: 659.74194 s
 Time Step:  207900, Simulation Time: 660.03976 s
 Time Step:  208000, Simulation Time: 660.35622 s
 Time Step:  208100, Simulation Time: 660.66099 s
 Time Step:  208200, Simulation Time: 660.97215 s
 Time Step:  208300, Simulation Time: 661.24885 s
 Time Step:  208400, Simulation Time: 661.54613 s
 Time Step:  208500, Simulation Time: 661.83460 s
 Time Step:  208600, Simulation Time: 662.11506 s
 Time Step:  208700, Simulation Time: 662.40019 s
 Time Step:  208800, Simulation Time: 662.68213 s
 Time Step:  208900, Simulation Time: 662.97905 s
 Time Step:  209000, Simulation Time: 663.26444 s
 Time Step:  209100, Simulation Time: 663.54874 s
 Time Step:  209200, Simulation Time: 663.84942 s
 Time Step:  209300, Simulation Time: 664.13014 s
 Time Step:  209400, Simulation Time: 664.42210 s
 Time Step:  209500, Simulation Time: 664.71099 s
 Time Step:  209600, Simulation Time: 664.99324 s
 Time Step:  209700, Simulation Time: 665.27115 s
 Time Step:  209800, Simulation Time: 665.56492 s
 Time Step:  209900, Simulation Time: 665.86170 s
 Time Step:  210000, Simulation Time: 666.16248 s
 Time Step:  210100, Simulation Time: 666.43785 s
 Time Step:  210200, Simulation Time: 666.73607 s
 Time Step:  210300, Simulation Time: 667.03843 s
 Time Step:  210400, Simulation Time: 667.34319 s
 Time Step:  210500, Simulation Time: 667.64599 s
 Time Step:  210600, Simulation Time: 667.94050 s
 Time Step:  210700, Simulation Time: 668.23070 s
 Time Step:  210800, Simulation Time: 668.51403 s
 Time Step:  210900, Simulation Time: 668.80063 s
 Time Step:  211000, Simulation Time: 669.08822 s
 Time Step:  211100, Simulation Time: 669.38398 s
 Time Step:  211200, Simulation Time: 669.68261 s
 Time Step:  211300, Simulation Time: 669.98325 s
 Time Step:  211400, Simulation Time: 670.28364 s
 Time Step:  211500, Simulation Time: 670.58298 s
 Time Step:  211600, Simulation Time: 670.87990 s
 Time Step:  211700, Simulation Time: 671.18107 s
 Time Step:  211800, Simulation Time: 671.47771 s
 Time Step:  211900, Simulation Time: 671.77076 s
 Time Step:  212000, Simulation Time: 672.07482 s
 Time Step:  212100, Simulation Time: 672.36040 s
 Time Step:  212200, Simulation Time: 672.66592 s
 Time Step:  212300, Simulation Time: 672.97092 s
 Time Step:  212400, Simulation Time: 673.26192 s
 Time Step:  212500, Simulation Time: 673.55787 s
 Time Step:  212600, Simulation Time: 673.84897 s
 Time Step:  212700, Simulation Time: 674.14173 s
 Time Step:  212800, Simulation Time: 674.44864 s
 Time Step:  212900, Simulation Time: 674.73279 s
 Time Step:  213000, Simulation Time: 675.01963 s
 Time Step:  213100, Simulation Time: 675.30632 s
 Time Step:  213200, Simulation Time: 675.59202 s
 Time Step:  213300, Simulation Time: 675.89589 s
 Time Step:  213400, Simulation Time: 676.20568 s
 Time Step:  213500, Simulation Time: 676.51631 s
 Time Step:  213600, Simulation Time: 676.80655 s
 Time Step:  213700, Simulation Time: 677.09978 s
 Time Step:  213800, Simulation Time: 677.40045 s
 Time Step:  213900, Simulation Time: 677.69747 s
 Time Step:  214000, Simulation Time: 677.98586 s
 Time Step:  214100, Simulation Time: 678.26643 s
 Time Step:  214200, Simulation Time: 678.54611 s
 Time Step:  214300, Simulation Time: 678.82076 s
 Time Step:  214400, Simulation Time: 679.10982 s
 Time Step:  214500, Simulation Time: 679.40174 s
 Time Step:  214600, Simulation Time: 679.70494 s
 Time Step:  214700, Simulation Time: 680.01846 s
 Time Step:  214800, Simulation Time: 680.30837 s
 Time Step:  214900, Simulation Time: 680.60607 s
 Time Step:  215000, Simulation Time: 680.91273 s
 Time Step:  215100, Simulation Time: 681.21548 s
 Time Step:  215200, Simulation Time: 681.50487 s
 Time Step:  215300, Simulation Time: 681.79563 s
 Time Step:  215400, Simulation Time: 682.10317 s
 Time Step:  215500, Simulation Time: 682.39729 s
 Time Step:  215600, Simulation Time: 682.69977 s
 Time Step:  215700, Simulation Time: 682.99582 s
 Time Step:  215800, Simulation Time: 683.29813 s
 Time Step:  215900, Simulation Time: 683.58709 s
 Time Step:  216000, Simulation Time: 683.89306 s
 Time Step:  216100, Simulation Time: 684.19007 s
 Time Step:  216200, Simulation Time: 684.49982 s
 Time Step:  216300, Simulation Time: 684.80428 s
 Time Step:  216400, Simulation Time: 685.10945 s
 Time Step:  216500, Simulation Time: 685.41004 s
 Time Step:  216600, Simulation Time: 685.71235 s
 Time Step:  216700, Simulation Time: 686.02517 s
 Time Step:  216800, Simulation Time: 686.32746 s
 Time Step:  216900, Simulation Time: 686.63057 s
 Time Step:  217000, Simulation Time: 686.93797 s
 Time Step:  217100, Simulation Time: 687.22332 s
 Time Step:  217200, Simulation Time: 687.52100 s
 Time Step:  217300, Simulation Time: 687.81304 s
 Time Step:  217400, Simulation Time: 688.10407 s
 Time Step:  217500, Simulation Time: 688.39040 s
 Time Step:  217600, Simulation Time: 688.68624 s
 Time Step:  217700, Simulation Time: 688.98520 s
 Time Step:  217800, Simulation Time: 689.28044 s
 Time Step:  217900, Simulation Time: 689.58001 s
 Time Step:  218000, Simulation Time: 689.88178 s
 Time Step:  218100, Simulation Time: 690.17959 s
 Time Step:  218200, Simulation Time: 690.47817 s
 Time Step:  218300, Simulation Time: 690.77044 s
 Time Step:  218400, Simulation Time: 691.06863 s
 Time Step:  218500, Simulation Time: 691.37168 s
 Time Step:  218600, Simulation Time: 691.65233 s
 Time Step:  218700, Simulation Time: 691.92320 s
 Time Step:  218800, Simulation Time: 692.21069 s
 Time Step:  218900, Simulation Time: 692.50315 s
 Time Step:  219000, Simulation Time: 692.79901 s
 Time Step:  219100, Simulation Time: 693.08138 s
 Time Step:  219200, Simulation Time: 693.36650 s
 Time Step:  219300, Simulation Time: 693.64641 s
 Time Step:  219400, Simulation Time: 693.93004 s
 Time Step:  219500, Simulation Time: 694.22061 s
 Time Step:  219600, Simulation Time: 694.50718 s
 Time Step:  219700, Simulation Time: 694.78532 s
 Time Step:  219800, Simulation Time: 695.07494 s
 Time Step:  219900, Simulation Time: 695.35574 s
 Time Step:  220000, Simulation Time: 695.65127 s
 Time Step:  220100, Simulation Time: 695.94543 s
 Time Step:  220200, Simulation Time: 696.23545 s
 Time Step:  220300, Simulation Time: 696.52510 s
 Time Step:  220400, Simulation Time: 696.80842 s
 Time Step:  220500, Simulation Time: 697.08619 s
 Time Step:  220600, Simulation Time: 697.36373 s
 Time Step:  220700, Simulation Time: 697.63971 s
 Time Step:  220800, Simulation Time: 697.93882 s
 Time Step:  220900, Simulation Time: 698.23089 s
 Time Step:  221000, Simulation Time: 698.52083 s
 Time Step:  221100, Simulation Time: 698.81334 s
 Time Step:  221200, Simulation Time: 699.11222 s
 Time Step:  221300, Simulation Time: 699.40826 s
 Time Step:  221400, Simulation Time: 699.70320 s
 Time Step:  221500, Simulation Time: 699.99926 s
 Time Step:  221600, Simulation Time: 700.29954 s
 Time Step:  221700, Simulation Time: 700.58415 s
 Time Step:  221800, Simulation Time: 700.87239 s
 Time Step:  221900, Simulation Time: 701.17574 s
 Time Step:  222000, Simulation Time: 701.46518 s
 Time Step:  222100, Simulation Time: 701.76513 s
 Time Step:  222200, Simulation Time: 702.05721 s
 Time Step:  222300, Simulation Time: 702.35626 s
 Time Step:  222400, Simulation Time: 702.65447 s
 Time Step:  222500, Simulation Time: 702.96040 s
 Time Step:  222600, Simulation Time: 703.25424 s
 Time Step:  222700, Simulation Time: 703.55238 s
 Time Step:  222800, Simulation Time: 703.85101 s
 Time Step:  222900, Simulation Time: 704.13752 s
 Time Step:  223000, Simulation Time: 704.42543 s
 Time Step:  223100, Simulation Time: 704.70653 s
 Time Step:  223200, Simulation Time: 704.99797 s
 Time Step:  223300, Simulation Time: 705.28134 s
 Time Step:  223400, Simulation Time: 705.55921 s
 Time Step:  223500, Simulation Time: 705.85090 s
 Time Step:  223600, Simulation Time: 706.14362 s
 Time Step:  223700, Simulation Time: 706.43534 s
 Time Step:  223800, Simulation Time: 706.73258 s
 Time Step:  223900, Simulation Time: 707.02140 s
 Time Step:  224000, Simulation Time: 707.31044 s
 Time Step:  224100, Simulation Time: 707.60564 s
 Time Step:  224200, Simulation Time: 707.88185 s
 Time Step:  224300, Simulation Time: 708.18421 s
 Time Step:  224400, Simulation Time: 708.47989 s
 Time Step:  224500, Simulation Time: 708.77212 s
 Time Step:  224600, Simulation Time: 709.05519 s
 Time Step:  224700, Simulation Time: 709.33952 s
 Time Step:  224800, Simulation Time: 709.62220 s
 Time Step:  224900, Simulation Time: 709.92686 s
 Time Step:  225000, Simulation Time: 710.21661 s
 Time Step:  225100, Simulation Time: 710.50157 s
 Time Step:  225200, Simulation Time: 710.80081 s
 Time Step:  225300, Simulation Time: 711.09557 s
 Time Step:  225400, Simulation Time: 711.41299 s
 Time Step:  225500, Simulation Time: 711.71788 s
 Time Step:  225600, Simulation Time: 712.02647 s
 Time Step:  225700, Simulation Time: 712.31848 s
 Time Step:  225800, Simulation Time: 712.61413 s
 Time Step:  225900, Simulation Time: 712.90878 s
 Time Step:  226000, Simulation Time: 713.20669 s
 Time Step:  226100, Simulation Time: 713.50656 s
 Time Step:  226200, Simulation Time: 713.81001 s
 Time Step:  226300, Simulation Time: 714.11003 s
 Time Step:  226400, Simulation Time: 714.40726 s
 Time Step:  226500, Simulation Time: 714.71052 s
 Time Step:  226600, Simulation Time: 715.00047 s
 Time Step:  226700, Simulation Time: 715.30758 s
 Time Step:  226800, Simulation Time: 715.60680 s
 Time Step:  226900, Simulation Time: 715.90690 s
 Time Step:  227000, Simulation Time: 716.21089 s
 Time Step:  227100, Simulation Time: 716.51331 s
 Time Step:  227200, Simulation Time: 716.83338 s
 Time Step:  227300, Simulation Time: 717.12610 s
 Time Step:  227400, Simulation Time: 717.42034 s
 Time Step:  227500, Simulation Time: 717.72443 s
 Time Step:  227600, Simulation Time: 718.01853 s
 Time Step:  227700, Simulation Time: 718.31405 s
 Time Step:  227800, Simulation Time: 718.62111 s
 Time Step:  227900, Simulation Time: 718.91815 s
 Time Step:  228000, Simulation Time: 719.20873 s
 Time Step:  228100, Simulation Time: 719.50503 s
 Time Step:  228200, Simulation Time: 719.81551 s
 Time Step:  228300, Simulation Time: 720.10216 s
 Time Step:  228400, Simulation Time: 720.40664 s
 Time Step:  228500, Simulation Time: 720.70938 s
 Time Step:  228600, Simulation Time: 721.01374 s
 Time Step:  228700, Simulation Time: 721.29394 s
 Time Step:  228800, Simulation Time: 721.57497 s
 Time Step:  228900, Simulation Time: 721.86364 s
 Time Step:  229000, Simulation Time: 722.15322 s
 Time Step:  229100, Simulation Time: 722.44492 s
 Time Step:  229200, Simulation Time: 722.73701 s
 Time Step:  229300, Simulation Time: 723.02779 s
 Time Step:  229400, Simulation Time: 723.31551 s
 Time Step:  229500, Simulation Time: 723.59856 s
 Time Step:  229600, Simulation Time: 723.89358 s
 Time Step:  229700, Simulation Time: 724.19531 s
 Time Step:  229800, Simulation Time: 724.48427 s
 Time Step:  229900, Simulation Time: 724.78702 s
 Time Step:  230000, Simulation Time: 725.08504 s
 Time Step:  230100, Simulation Time: 725.37572 s
 Time Step:  230200, Simulation Time: 725.68215 s
 Time Step:  230300, Simulation Time: 725.98573 s
 Time Step:  230400, Simulation Time: 726.29786 s
 Time Step:  230500, Simulation Time: 726.60882 s
 Time Step:  230600, Simulation Time: 726.90062 s
 Time Step:  230700, Simulation Time: 727.18227 s
 Time Step:  230800, Simulation Time: 727.48497 s
 Time Step:  230900, Simulation Time: 727.79079 s
 Time Step:  231000, Simulation Time: 728.09633 s
 Time Step:  231100, Simulation Time: 728.38590 s
 Time Step:  231200, Simulation Time: 728.67636 s
 Time Step:  231300, Simulation Time: 728.96969 s
 Time Step:  231400, Simulation Time: 729.26842 s
 Time Step:  231500, Simulation Time: 729.56980 s
 Time Step:  231600, Simulation Time: 729.87387 s
 Time Step:  231700, Simulation Time: 730.16870 s
 Time Step:  231800, Simulation Time: 730.47630 s
 Time Step:  231900, Simulation Time: 730.76211 s
 Time Step:  232000, Simulation Time: 731.05085 s
 Time Step:  232100, Simulation Time: 731.34901 s
 Time Step:  232200, Simulation Time: 731.65134 s
 Time Step:  232300, Simulation Time: 731.94854 s
 Time Step:  232400, Simulation Time: 732.24760 s
 Time Step:  232500, Simulation Time: 732.53650 s
 Time Step:  232600, Simulation Time: 732.84063 s
 Time Step:  232700, Simulation Time: 733.13450 s
 Time Step:  232800, Simulation Time: 733.43062 s
 Time Step:  232900, Simulation Time: 733.71641 s
 Time Step:  233000, Simulation Time: 733.99264 s
 Time Step:  233100, Simulation Time: 734.28331 s
 Time Step:  233200, Simulation Time: 734.56828 s
 Time Step:  233300, Simulation Time: 734.85681 s
 Time Step:  233400, Simulation Time: 735.13227 s
 Time Step:  233500, Simulation Time: 735.41290 s
 Time Step:  233600, Simulation Time: 735.70503 s
 Time Step:  233700, Simulation Time: 735.99913 s
 Time Step:  233800, Simulation Time: 736.28121 s
 Time Step:  233900, Simulation Time: 736.57615 s
 Time Step:  234000, Simulation Time: 736.87676 s
 Time Step:  234100, Simulation Time: 737.18034 s
 Time Step:  234200, Simulation Time: 737.47491 s
 Time Step:  234300, Simulation Time: 737.75301 s
 Time Step:  234400, Simulation Time: 738.02770 s
 Time Step:  234500, Simulation Time: 738.30799 s
 Time Step:  234600, Simulation Time: 738.58796 s
 Time Step:  234700, Simulation Time: 738.87302 s
 Time Step:  234800, Simulation Time: 739.15596 s
 Time Step:  234900, Simulation Time: 739.44806 s
 Time Step:  235000, Simulation Time: 739.73171 s
 Time Step:  235100, Simulation Time: 740.00814 s
 Time Step:  235200, Simulation Time: 740.29488 s
 Time Step:  235300, Simulation Time: 740.57005 s
 Time Step:  235400, Simulation Time: 740.85723 s
 Time Step:  235500, Simulation Time: 741.13812 s
 Time Step:  235600, Simulation Time: 741.42470 s
 Time Step:  235700, Simulation Time: 741.70676 s
 Time Step:  235800, Simulation Time: 741.98696 s
 Time Step:  235900, Simulation Time: 742.28371 s
 Time Step:  236000, Simulation Time: 742.57447 s
 Time Step:  236100, Simulation Time: 742.85814 s
 Time Step:  236200, Simulation Time: 743.14898 s
 Time Step:  236300, Simulation Time: 743.43442 s
 Time Step:  236400, Simulation Time: 743.71397 s
 Time Step:  236500, Simulation Time: 744.01173 s
 Time Step:  236600, Simulation Time: 744.30080 s
 Time Step:  236700, Simulation Time: 744.58145 s
 Time Step:  236800, Simulation Time: 744.86019 s
 Time Step:  236900, Simulation Time: 745.14449 s
 Time Step:  237000, Simulation Time: 745.42661 s
 Time Step:  237100, Simulation Time: 745.72237 s
 Time Step:  237200, Simulation Time: 745.99593 s
 Time Step:  237300, Simulation Time: 746.28786 s
 Time Step:  237400, Simulation Time: 746.57815 s
 Time Step:  237500, Simulation Time: 746.87940 s
 Time Step:  237600, Simulation Time: 747.17035 s
 Time Step:  237700, Simulation Time: 747.45029 s
 Time Step:  237800, Simulation Time: 747.73774 s
 Time Step:  237900, Simulation Time: 748.01782 s
 Time Step:  238000, Simulation Time: 748.30651 s
 Time Step:  238100, Simulation Time: 748.59953 s
 Time Step:  238200, Simulation Time: 748.88956 s
 Time Step:  238300, Simulation Time: 749.17817 s
 Time Step:  238400, Simulation Time: 749.47006 s
 Time Step:  238500, Simulation Time: 749.76002 s
 Time Step:  238600, Simulation Time: 750.04962 s
 Time Step:  238700, Simulation Time: 750.33791 s
 Time Step:  238800, Simulation Time: 750.62319 s
 Time Step:  238900, Simulation Time: 750.91629 s
 Time Step:  239000, Simulation Time: 751.20803 s
 Time Step:  239100, Simulation Time: 751.48986 s
 Time Step:  239200, Simulation Time: 751.77814 s
 Time Step:  239300, Simulation Time: 752.07065 s
 Time Step:  239400, Simulation Time: 752.35896 s
 Time Step:  239500, Simulation Time: 752.64956 s
 Time Step:  239600, Simulation Time: 752.92331 s
 Time Step:  239700, Simulation Time: 753.20431 s
 Time Step:  239800, Simulation Time: 753.48879 s
 Time Step:  239900, Simulation Time: 753.77487 s
 Time Step:  240000, Simulation Time: 754.05814 s
 Time Step:  240100, Simulation Time: 754.34337 s
 Time Step:  240200, Simulation Time: 754.62724 s
 Time Step:  240300, Simulation Time: 754.91294 s
 Time Step:  240400, Simulation Time: 755.19866 s
 Time Step:  240500, Simulation Time: 755.48495 s
 Time Step:  240600, Simulation Time: 755.76799 s
 Time Step:  240700, Simulation Time: 756.05107 s
 Time Step:  240800, Simulation Time: 756.34412 s
 Time Step:  240900, Simulation Time: 756.63077 s
 Time Step:  241000, Simulation Time: 756.92218 s
 Time Step:  241100, Simulation Time: 757.21667 s
 Time Step:  241200, Simulation Time: 757.51407 s
 Time Step:  241300, Simulation Time: 757.80821 s
 Time Step:  241400, Simulation Time: 758.11493 s
 Time Step:  241500, Simulation Time: 758.41583 s
 Time Step:  241600, Simulation Time: 758.71821 s
 Time Step:  241700, Simulation Time: 759.01128 s
 Time Step:  241800, Simulation Time: 759.31747 s
 Time Step:  241900, Simulation Time: 759.61327 s
 Time Step:  242000, Simulation Time: 759.89917 s
 Time Step:  242100, Simulation Time: 760.21383 s
 Time Step:  242200, Simulation Time: 760.49845 s
 Time Step:  242300, Simulation Time: 760.79152 s
 Time Step:  242400, Simulation Time: 761.08175 s
 Time Step:  242500, Simulation Time: 761.37491 s
 Time Step:  242600, Simulation Time: 761.67893 s
 Time Step:  242700, Simulation Time: 761.96613 s
 Time Step:  242800, Simulation Time: 762.27102 s
 Time Step:  242900, Simulation Time: 762.57098 s
 Time Step:  243000, Simulation Time: 762.86718 s
 Time Step:  243100, Simulation Time: 763.16013 s
 Time Step:  243200, Simulation Time: 763.46021 s
 Time Step:  243300, Simulation Time: 763.74790 s
 Time Step:  243400, Simulation Time: 764.03276 s
 Time Step:  243500, Simulation Time: 764.32479 s
 Time Step:  243600, Simulation Time: 764.61388 s
 Time Step:  243700, Simulation Time: 764.91383 s
 Time Step:  243800, Simulation Time: 765.22239 s
 Time Step:  243900, Simulation Time: 765.51895 s
 Time Step:  244000, Simulation Time: 765.81011 s
 Time Step:  244100, Simulation Time: 766.09900 s
 Time Step:  244200, Simulation Time: 766.40468 s
 Time Step:  244300, Simulation Time: 766.69019 s
 Time Step:  244400, Simulation Time: 766.97852 s
 Time Step:  244500, Simulation Time: 767.27179 s
 Time Step:  244600, Simulation Time: 767.56468 s
 Time Step:  244700, Simulation Time: 767.86012 s
 Time Step:  244800, Simulation Time: 768.15171 s
 Time Step:  244900, Simulation Time: 768.43682 s
 Time Step:  245000, Simulation Time: 768.73437 s
 Time Step:  245100, Simulation Time: 769.01995 s
 Time Step:  245200, Simulation Time: 769.30903 s
 Time Step:  245300, Simulation Time: 769.59560 s
 Time Step:  245400, Simulation Time: 769.88255 s
 Time Step:  245500, Simulation Time: 770.16901 s
 Time Step:  245600, Simulation Time: 770.46273 s
 Time Step:  245700, Simulation Time: 770.75122 s
 Time Step:  245800, Simulation Time: 771.05128 s
 Time Step:  245900, Simulation Time: 771.34820 s
 Time Step:  246000, Simulation Time: 771.64546 s
 Time Step:  246100, Simulation Time: 771.93205 s
 Time Step:  246200, Simulation Time: 772.22143 s
 Time Step:  246300, Simulation Time: 772.51347 s
 Time Step:  246400, Simulation Time: 772.81352 s
 Time Step:  246500, Simulation Time: 773.09618 s
 Time Step:  246600, Simulation Time: 773.38921 s
 Time Step:  246700, Simulation Time: 773.67523 s
 Time Step:  246800, Simulation Time: 773.95486 s
 Time Step:  246900, Simulation Time: 774.23229 s
 Time Step:  247000, Simulation Time: 774.51587 s
 Time Step:  247100, Simulation Time: 774.81128 s
 Time Step:  247200, Simulation Time: 775.09186 s
 Time Step:  247300, Simulation Time: 775.37314 s
 Time Step:  247400, Simulation Time: 775.65471 s
 Time Step:  247500, Simulation Time: 775.92700 s
 Time Step:  247600, Simulation Time: 776.20175 s
 Time Step:  247700, Simulation Time: 776.47408 s
 Time Step:  247800, Simulation Time: 776.75770 s
 Time Step:  247900, Simulation Time: 777.03289 s
 Time Step:  248000, Simulation Time: 777.32813 s
 Time Step:  248100, Simulation Time: 777.62998 s
 Time Step:  248200, Simulation Time: 777.92139 s
 Time Step:  248300, Simulation Time: 778.19903 s
 Time Step:  248400, Simulation Time: 778.48336 s
 Time Step:  248500, Simulation Time: 778.76883 s
 Time Step:  248600, Simulation Time: 779.05505 s
 Time Step:  248700, Simulation Time: 779.34987 s
 Time Step:  248800, Simulation Time: 779.64220 s
 Time Step:  248900, Simulation Time: 779.92193 s
 Time Step:  249000, Simulation Time: 780.21162 s
 Time Step:  249100, Simulation Time: 780.49527 s
 Time Step:  249200, Simulation Time: 780.76261 s
 Time Step:  249300, Simulation Time: 781.04677 s
 Time Step:  249400, Simulation Time: 781.35382 s
 Time Step:  249500, Simulation Time: 781.63893 s
 Time Step:  249600, Simulation Time: 781.92196 s
 Time Step:  249700, Simulation Time: 782.20882 s
 Time Step:  249800, Simulation Time: 782.48677 s
 Time Step:  249900, Simulation Time: 782.77588 s
 Time Step:  250000, Simulation Time: 783.07199 s
 Time Step:  250100, Simulation Time: 783.35058 s
 Time Step:  250200, Simulation Time: 783.62702 s
 Time Step:  250300, Simulation Time: 783.92134 s
 Time Step:  250400, Simulation Time: 784.21908 s
 Time Step:  250500, Simulation Time: 784.50392 s
 Time Step:  250600, Simulation Time: 784.78382 s
 Time Step:  250700, Simulation Time: 785.06023 s
 Time Step:  250800, Simulation Time: 785.34547 s
 Time Step:  250900, Simulation Time: 785.62375 s
 Time Step:  251000, Simulation Time: 785.91244 s
 Time Step:  251100, Simulation Time: 786.19034 s
 Time Step:  251200, Simulation Time: 786.47393 s
 Time Step:  251300, Simulation Time: 786.75040 s
 Time Step:  251400, Simulation Time: 787.04282 s
 Time Step:  251500, Simulation Time: 787.32445 s
 Time Step:  251600, Simulation Time: 787.59891 s
 Time Step:  251700, Simulation Time: 787.88312 s
 Time Step:  251800, Simulation Time: 788.18555 s
 Time Step:  251900, Simulation Time: 788.49437 s
 Time Step:  252000, Simulation Time: 788.79166 s
 Time Step:  252100, Simulation Time: 789.08197 s
 Time Step:  252200, Simulation Time: 789.37240 s
 Time Step:  252300, Simulation Time: 789.66456 s
 Time Step:  252400, Simulation Time: 789.95815 s
 Time Step:  252500, Simulation Time: 790.23552 s
 Time Step:  252600, Simulation Time: 790.51551 s
 Time Step:  252700, Simulation Time: 790.80014 s
 Time Step:  252800, Simulation Time: 791.08337 s
 Time Step:  252900, Simulation Time: 791.37795 s
 Time Step:  253000, Simulation Time: 791.67450 s
 Time Step:  253100, Simulation Time: 791.95857 s
 Time Step:  253200, Simulation Time: 792.25270 s
 Time Step:  253300, Simulation Time: 792.54051 s
 Time Step:  253400, Simulation Time: 792.82293 s
 Time Step:  253500, Simulation Time: 793.10542 s
 Time Step:  253600, Simulation Time: 793.39773 s
 Time Step:  253700, Simulation Time: 793.68621 s
 Time Step:  253800, Simulation Time: 793.97291 s
 Time Step:  253900, Simulation Time: 794.27075 s
 Time Step:  254000, Simulation Time: 794.57470 s
 Time Step:  254100, Simulation Time: 794.85692 s
 Time Step:  254200, Simulation Time: 795.15524 s
 Time Step:  254300, Simulation Time: 795.45882 s
 Time Step:  254400, Simulation Time: 795.75126 s
 Time Step:  254500, Simulation Time: 796.04064 s
 Time Step:  254600, Simulation Time: 796.32868 s
 Time Step:  254700, Simulation Time: 796.61788 s
 Time Step:  254800, Simulation Time: 796.90444 s
 Time Step:  254900, Simulation Time: 797.19255 s
 Time Step:  255000, Simulation Time: 797.47834 s
 Time Step:  255100, Simulation Time: 797.76462 s
 Time Step:  255200, Simulation Time: 798.06482 s
 Time Step:  255300, Simulation Time: 798.37176 s
 Time Step:  255400, Simulation Time: 798.67090 s
 Time Step:  255500, Simulation Time: 798.96852 s
 Time Step:  255600, Simulation Time: 799.25928 s
 Time Step:  255700, Simulation Time: 799.55160 s
 Time Step:  255800, Simulation Time: 799.84623 s
 Time Step:  255900, Simulation Time: 800.13517 s
 Time Step:  256000, Simulation Time: 800.42852 s
 Time Step:  256100, Simulation Time: 800.72355 s
 Time Step:  256200, Simulation Time: 801.02463 s
 Time Step:  256300, Simulation Time: 801.31185 s
 Time Step:  256400, Simulation Time: 801.61060 s
 Time Step:  256500, Simulation Time: 801.90900 s
 Time Step:  256600, Simulation Time: 802.20594 s
 Time Step:  256700, Simulation Time: 802.50201 s
 Time Step:  256800, Simulation Time: 802.81481 s
 Time Step:  256900, Simulation Time: 803.11575 s
 Time Step:  257000, Simulation Time: 803.41089 s
 Time Step:  257100, Simulation Time: 803.69392 s
 Time Step:  257200, Simulation Time: 803.99449 s
 Time Step:  257300, Simulation Time: 804.27582 s
 Time Step:  257400, Simulation Time: 804.56047 s
 Time Step:  257500, Simulation Time: 804.84929 s
 Time Step:  257600, Simulation Time: 805.13690 s
 Time Step:  257700, Simulation Time: 805.42614 s
 Time Step:  257800, Simulation Time: 805.71970 s
 Time Step:  257900, Simulation Time: 806.00149 s
 Time Step:  258000, Simulation Time: 806.28822 s
 Time Step:  258100, Simulation Time: 806.58003 s
 Time Step:  258200, Simulation Time: 806.87246 s
 Time Step:  258300, Simulation Time: 807.18012 s
 Time Step:  258400, Simulation Time: 807.47639 s
 Time Step:  258500, Simulation Time: 807.76671 s
 Time Step:  258600, Simulation Time: 808.06162 s
 Time Step:  258700, Simulation Time: 808.35622 s
 Time Step:  258800, Simulation Time: 808.65059 s
 Time Step:  258900, Simulation Time: 808.94762 s
 Time Step:  259000, Simulation Time: 809.24785 s
 Time Step:  259100, Simulation Time: 809.54287 s
 Time Step:  259200, Simulation Time: 809.83450 s
 Time Step:  259300, Simulation Time: 810.11469 s
 Time Step:  259400, Simulation Time: 810.40757 s
 Time Step:  259500, Simulation Time: 810.68868 s
 Time Step:  259600, Simulation Time: 810.96785 s
 Time Step:  259700, Simulation Time: 811.25105 s
 Time Step:  259800, Simulation Time: 811.54846 s
 Time Step:  259900, Simulation Time: 811.83563 s
 Time Step:  260000, Simulation Time: 812.15200 s
 Time Step:  260100, Simulation Time: 812.45152 s
 Time Step:  260200, Simulation Time: 812.74332 s
 Time Step:  260300, Simulation Time: 813.02555 s
 Time Step:  260400, Simulation Time: 813.31722 s
 Time Step:  260500, Simulation Time: 813.60846 s
 Time Step:  260600, Simulation Time: 813.90044 s
 Time Step:  260700, Simulation Time: 814.18715 s
 Time Step:  260800, Simulation Time: 814.47188 s
 Time Step:  260900, Simulation Time: 814.75860 s
 Time Step:  261000, Simulation Time: 815.04703 s
 Time Step:  261100, Simulation Time: 815.33808 s
 Time Step:  261200, Simulation Time: 815.61889 s
 Time Step:  261300, Simulation Time: 815.92409 s
 Time Step:  261400, Simulation Time: 816.21029 s
 Time Step:  261500, Simulation Time: 816.50341 s
 Time Step:  261600, Simulation Time: 816.79596 s
 Time Step:  261700, Simulation Time: 817.07753 s
 Time Step:  261800, Simulation Time: 817.38094 s
 Time Step:  261900, Simulation Time: 817.68682 s
 Time Step:  262000, Simulation Time: 817.97345 s
 Time Step:  262100, Simulation Time: 818.27151 s
 Time Step:  262200, Simulation Time: 818.56120 s
 Time Step:  262300, Simulation Time: 818.84319 s
 Time Step:  262400, Simulation Time: 819.11732 s
 Time Step:  262500, Simulation Time: 819.40096 s
 Time Step:  262600, Simulation Time: 819.70091 s
 Time Step:  262700, Simulation Time: 819.99375 s
 Time Step:  262800, Simulation Time: 820.28081 s
 Time Step:  262900, Simulation Time: 820.58064 s
 Time Step:  263000, Simulation Time: 820.88661 s
 Time Step:  263100, Simulation Time: 821.18502 s
 Time Step:  263200, Simulation Time: 821.49942 s
 Time Step:  263300, Simulation Time: 821.78630 s
 Time Step:  263400, Simulation Time: 822.08381 s
 Time Step:  263500, Simulation Time: 822.37979 s
 Time Step:  263600, Simulation Time: 822.66243 s
 Time Step:  263700, Simulation Time: 822.95294 s
 Time Step:  263800, Simulation Time: 823.23702 s
 Time Step:  263900, Simulation Time: 823.52594 s
 Time Step:  264000, Simulation Time: 823.81451 s
 Time Step:  264100, Simulation Time: 824.10804 s
 Time Step:  264200, Simulation Time: 824.39889 s
 Time Step:  264300, Simulation Time: 824.68796 s
 Time Step:  264400, Simulation Time: 824.98351 s
 Time Step:  264500, Simulation Time: 825.28350 s
 Time Step:  264600, Simulation Time: 825.58229 s
 Time Step:  264700, Simulation Time: 825.87700 s
 Time Step:  264800, Simulation Time: 826.16905 s
 Time Step:  264900, Simulation Time: 826.46343 s
 Time Step:  265000, Simulation Time: 826.76387 s
 Time Step:  265100, Simulation Time: 827.06130 s
 Time Step:  265200, Simulation Time: 827.36331 s
 Time Step:  265300, Simulation Time: 827.66782 s
 Time Step:  265400, Simulation Time: 827.96203 s
 Time Step:  265500, Simulation Time: 828.25830 s
 Time Step:  265600, Simulation Time: 828.53964 s
 Time Step:  265700, Simulation Time: 828.82895 s
 Time Step:  265800, Simulation Time: 829.12843 s
 Time Step:  265900, Simulation Time: 829.42550 s
 Time Step:  266000, Simulation Time: 829.71519 s
 Time Step:  266100, Simulation Time: 830.01381 s
 Time Step:  266200, Simulation Time: 830.31754 s
 Time Step:  266300, Simulation Time: 830.62534 s
 Time Step:  266400, Simulation Time: 830.92901 s
 Time Step:  266500, Simulation Time: 831.21829 s
 Time Step:  266600, Simulation Time: 831.52669 s
 Time Step:  266700, Simulation Time: 831.82520 s
 Time Step:  266800, Simulation Time: 832.13484 s
 Time Step:  266900, Simulation Time: 832.39996 s
 Time Step:  267000, Simulation Time: 832.68838 s
 Time Step:  267100, Simulation Time: 832.99488 s
 Time Step:  267200, Simulation Time: 833.28457 s
 Time Step:  267300, Simulation Time: 833.58905 s
 Time Step:  267400, Simulation Time: 833.88420 s
 Time Step:  267500, Simulation Time: 834.17813 s
 Time Step:  267600, Simulation Time: 834.48123 s
 Time Step:  267700, Simulation Time: 834.77561 s
 Time Step:  267800, Simulation Time: 835.06405 s
 Time Step:  267900, Simulation Time: 835.35828 s
 Time Step:  268000, Simulation Time: 835.64698 s
 Time Step:  268100, Simulation Time: 835.94980 s
 Time Step:  268200, Simulation Time: 836.24795 s
 Time Step:  268300, Simulation Time: 836.54283 s
 Time Step:  268400, Simulation Time: 836.84518 s
 Time Step:  268500, Simulation Time: 837.14518 s
 Time Step:  268600, Simulation Time: 837.44359 s
 Time Step:  268700, Simulation Time: 837.74493 s
 Time Step:  268800, Simulation Time: 838.03733 s
 Time Step:  268900, Simulation Time: 838.33418 s
 Time Step:  269000, Simulation Time: 838.62535 s
 Time Step:  269100, Simulation Time: 838.92183 s
 Time Step:  269200, Simulation Time: 839.21784 s
 Time Step:  269300, Simulation Time: 839.51319 s
 Time Step:  269400, Simulation Time: 839.79683 s
 Time Step:  269500, Simulation Time: 840.08843 s
 Time Step:  269600, Simulation Time: 840.37743 s
 Time Step:  269700, Simulation Time: 840.65804 s
 Time Step:  269800, Simulation Time: 840.95220 s
 Time Step:  269900, Simulation Time: 841.24724 s
 Time Step:  270000, Simulation Time: 841.54221 s
 Time Step:  270100, Simulation Time: 841.82194 s
 Time Step:  270200, Simulation Time: 842.11793 s
 Time Step:  270300, Simulation Time: 842.40076 s
 Time Step:  270400, Simulation Time: 842.70380 s
 Time Step:  270500, Simulation Time: 843.00995 s
 Time Step:  270600, Simulation Time: 843.29944 s
 Time Step:  270700, Simulation Time: 843.59209 s
 Time Step:  270800, Simulation Time: 843.87688 s
 Time Step:  270900, Simulation Time: 844.16670 s
 Time Step:  271000, Simulation Time: 844.46155 s
 Time Step:  271100, Simulation Time: 844.76431 s
 Time Step:  271200, Simulation Time: 845.07132 s
 Time Step:  271300, Simulation Time: 845.36923 s
 Time Step:  271400, Simulation Time: 845.67137 s
 Time Step:  271500, Simulation Time: 845.95589 s
 Time Step:  271600, Simulation Time: 846.23806 s
 Time Step:  271700, Simulation Time: 846.53513 s
 Time Step:  271800, Simulation Time: 846.83327 s
 Time Step:  271900, Simulation Time: 847.12801 s
 Time Step:  272000, Simulation Time: 847.42431 s
 Time Step:  272100, Simulation Time: 847.72359 s
 Time Step:  272200, Simulation Time: 848.01113 s
 Time Step:  272300, Simulation Time: 848.31129 s
 Time Step:  272400, Simulation Time: 848.59292 s
 Time Step:  272500, Simulation Time: 848.88654 s
 Time Step:  272600, Simulation Time: 849.17291 s
 Time Step:  272700, Simulation Time: 849.47075 s
 Time Step:  272800, Simulation Time: 849.77145 s
 Time Step:  272900, Simulation Time: 850.07993 s
 Time Step:  273000, Simulation Time: 850.37780 s
 Time Step:  273100, Simulation Time: 850.67791 s
 Time Step:  273200, Simulation Time: 850.96768 s
 Time Step:  273300, Simulation Time: 851.26809 s
 Time Step:  273400, Simulation Time: 851.57656 s
 Time Step:  273500, Simulation Time: 851.87701 s
 Time Step:  273600, Simulation Time: 852.15690 s
 Time Step:  273700, Simulation Time: 852.43317 s
 Time Step:  273800, Simulation Time: 852.71585 s
 Time Step:  273900, Simulation Time: 853.00733 s
 Time Step:  274000, Simulation Time: 853.30735 s
 Time Step:  274100, Simulation Time: 853.59557 s
 Time Step:  274200, Simulation Time: 853.87756 s
 Time Step:  274300, Simulation Time: 854.16248 s
 Time Step:  274400, Simulation Time: 854.44915 s
 Time Step:  274500, Simulation Time: 854.73733 s
 Time Step:  274600, Simulation Time: 855.01271 s
 Time Step:  274700, Simulation Time: 855.30137 s
 Time Step:  274800, Simulation Time: 855.58509 s
 Time Step:  274900, Simulation Time: 855.86401 s
 Time Step:  275000, Simulation Time: 856.15731 s
 Time Step:  275100, Simulation Time: 856.44043 s
 Time Step:  275200, Simulation Time: 856.71825 s
 Time Step:  275300, Simulation Time: 857.00958 s
 Time Step:  275400, Simulation Time: 857.30372 s
 Time Step:  275500, Simulation Time: 857.60128 s
 Time Step:  275600, Simulation Time: 857.89903 s
 Time Step:  275700, Simulation Time: 858.20243 s
 Time Step:  275800, Simulation Time: 858.51072 s
 Time Step:  275900, Simulation Time: 858.81881 s
 Time Step:  276000, Simulation Time: 859.11574 s
 Time Step:  276100, Simulation Time: 859.39945 s
 Time Step:  276200, Simulation Time: 859.69090 s
 Time Step:  276300, Simulation Time: 859.98910 s
 Time Step:  276400, Simulation Time: 860.28409 s
 Time Step:  276500, Simulation Time: 860.56880 s
 Time Step:  276600, Simulation Time: 860.86430 s
 Time Step:  276700, Simulation Time: 861.16463 s
 Time Step:  276800, Simulation Time: 861.47480 s
 Time Step:  276900, Simulation Time: 861.77058 s
 Time Step:  277000, Simulation Time: 862.06552 s
 Time Step:  277100, Simulation Time: 862.38157 s
 Time Step:  277200, Simulation Time: 862.67576 s
 Time Step:  277300, Simulation Time: 862.97497 s
 Time Step:  277400, Simulation Time: 863.27291 s
 Time Step:  277500, Simulation Time: 863.57061 s
 Time Step:  277600, Simulation Time: 863.87204 s
 Time Step:  277700, Simulation Time: 864.16867 s
 Time Step:  277800, Simulation Time: 864.46434 s
 Time Step:  277900, Simulation Time: 864.75458 s
 Time Step:  278000, Simulation Time: 865.05183 s
 Time Step:  278100, Simulation Time: 865.33890 s
 Time Step:  278200, Simulation Time: 865.62931 s
 Time Step:  278300, Simulation Time: 865.93356 s
 Time Step:  278400, Simulation Time: 866.23667 s
 Time Step:  278500, Simulation Time: 866.54819 s
 Time Step:  278600, Simulation Time: 866.85274 s
 Time Step:  278700, Simulation Time: 867.14878 s
 Time Step:  278800, Simulation Time: 867.43508 s
 Time Step:  278900, Simulation Time: 867.72738 s
 Time Step:  279000, Simulation Time: 868.02228 s
 Time Step:  279100, Simulation Time: 868.33252 s
 Time Step:  279200, Simulation Time: 868.63137 s
 Time Step:  279300, Simulation Time: 868.92682 s
 Time Step:  279400, Simulation Time: 869.22343 s
 Time Step:  279500, Simulation Time: 869.51613 s
 Time Step:  279600, Simulation Time: 869.81446 s
 Time Step:  279700, Simulation Time: 870.11055 s
 Time Step:  279800, Simulation Time: 870.40089 s
 Time Step:  279900, Simulation Time: 870.69468 s
 Time Step:  280000, Simulation Time: 871.00114 s
 Time Step:  280100, Simulation Time: 871.29672 s
 Time Step:  280200, Simulation Time: 871.58058 s
 Time Step:  280300, Simulation Time: 871.86887 s
 Time Step:  280400, Simulation Time: 872.14828 s
 Time Step:  280500, Simulation Time: 872.44356 s
 Time Step:  280600, Simulation Time: 872.72974 s
 Time Step:  280700, Simulation Time: 873.01937 s
 Time Step:  280800, Simulation Time: 873.31780 s
 Time Step:  280900, Simulation Time: 873.60977 s
 Time Step:  281000, Simulation Time: 873.89953 s
 Time Step:  281100, Simulation Time: 874.18257 s
 Time Step:  281200, Simulation Time: 874.46506 s
 Time Step:  281300, Simulation Time: 874.74553 s
 Time Step:  281400, Simulation Time: 875.03514 s
 Time Step:  281500, Simulation Time: 875.33531 s
 Time Step:  281600, Simulation Time: 875.62807 s
 Time Step:  281700, Simulation Time: 875.92452 s
 Time Step:  281800, Simulation Time: 876.22930 s
 Time Step:  281900, Simulation Time: 876.52068 s
 Time Step:  282000, Simulation Time: 876.81883 s
 Time Step:  282100, Simulation Time: 877.12359 s
 Time Step:  282200, Simulation Time: 877.41393 s
 Time Step:  282300, Simulation Time: 877.72063 s
 Time Step:  282400, Simulation Time: 878.01956 s
 Time Step:  282500, Simulation Time: 878.30686 s
 Time Step:  282600, Simulation Time: 878.59564 s
 Time Step:  282700, Simulation Time: 878.87298 s
 Time Step:  282800, Simulation Time: 879.16666 s
 Time Step:  282900, Simulation Time: 879.46024 s
 Time Step:  283000, Simulation Time: 879.75208 s
 Time Step:  283100, Simulation Time: 880.06229 s
 Time Step:  283200, Simulation Time: 880.35065 s
 Time Step:  283300, Simulation Time: 880.63810 s
 Time Step:  283400, Simulation Time: 880.92132 s
 Time Step:  283500, Simulation Time: 881.21630 s
 Time Step:  283600, Simulation Time: 881.51609 s
 Time Step:  283700, Simulation Time: 881.81449 s
 Time Step:  283800, Simulation Time: 882.11031 s
 Time Step:  283900, Simulation Time: 882.39803 s
 Time Step:  284000, Simulation Time: 882.69472 s
 Time Step:  284100, Simulation Time: 882.97933 s
 Time Step:  284200, Simulation Time: 883.27995 s
 Time Step:  284300, Simulation Time: 883.57981 s
 Time Step:  284400, Simulation Time: 883.88467 s
 Time Step:  284500, Simulation Time: 884.18707 s
 Time Step:  284600, Simulation Time: 884.48028 s
 Time Step:  284700, Simulation Time: 884.77268 s
 Time Step:  284800, Simulation Time: 885.06569 s
 Time Step:  284900, Simulation Time: 885.34514 s
 Time Step:  285000, Simulation Time: 885.61874 s
 Time Step:  285100, Simulation Time: 885.89438 s
 Time Step:  285200, Simulation Time: 886.17812 s
 Time Step:  285300, Simulation Time: 886.46551 s
 Time Step:  285400, Simulation Time: 886.75984 s
 Time Step:  285500, Simulation Time: 887.05371 s
 Time Step:  285600, Simulation Time: 887.33841 s
 Time Step:  285700, Simulation Time: 887.62804 s
 Time Step:  285800, Simulation Time: 887.92822 s
 Time Step:  285900, Simulation Time: 888.21639 s
 Time Step:  286000, Simulation Time: 888.50543 s
 Time Step:  286100, Simulation Time: 888.78961 s
 Time Step:  286200, Simulation Time: 889.07269 s
 Time Step:  286300, Simulation Time: 889.35472 s
 Time Step:  286400, Simulation Time: 889.63804 s
 Time Step:  286500, Simulation Time: 889.92700 s
 Time Step:  286600, Simulation Time: 890.20746 s
 Time Step:  286700, Simulation Time: 890.49943 s
 Time Step:  286800, Simulation Time: 890.78461 s
 Time Step:  286900, Simulation Time: 891.07889 s
 Time Step:  287000, Simulation Time: 891.37193 s
 Time Step:  287100, Simulation Time: 891.66706 s
 Time Step:  287200, Simulation Time: 891.95350 s
 Time Step:  287300, Simulation Time: 892.23486 s
 Time Step:  287400, Simulation Time: 892.52486 s
 Time Step:  287500, Simulation Time: 892.82096 s
 Time Step:  287600, Simulation Time: 893.11430 s
 Time Step:  287700, Simulation Time: 893.40687 s
 Time Step:  287800, Simulation Time: 893.71303 s
 Time Step:  287900, Simulation Time: 893.99848 s
 Time Step:  288000, Simulation Time: 894.29880 s
 Time Step:  288100, Simulation Time: 894.57681 s
 Time Step:  288200, Simulation Time: 894.87723 s
 Time Step:  288300, Simulation Time: 895.17528 s
 Time Step:  288400, Simulation Time: 895.46521 s
 Time Step:  288500, Simulation Time: 895.74753 s
 Time Step:  288600, Simulation Time: 896.03588 s
 Time Step:  288700, Simulation Time: 896.33807 s
 Time Step:  288800, Simulation Time: 896.62889 s
 Time Step:  288900, Simulation Time: 896.91421 s
 Time Step:  289000, Simulation Time: 897.20022 s
 Time Step:  289100, Simulation Time: 897.48658 s
 Time Step:  289200, Simulation Time: 897.76664 s
 Time Step:  289300, Simulation Time: 898.06451 s
 Time Step:  289400, Simulation Time: 898.36080 s
 Time Step:  289500, Simulation Time: 898.65306 s
 Time Step:  289600, Simulation Time: 898.95130 s
 Time Step:  289700, Simulation Time: 899.22266 s
 Time Step:  289800, Simulation Time: 899.50939 s
 Time Step:  289900, Simulation Time: 899.79989 s
 Time Step:  290000, Simulation Time: 900.10637 s
 Time Step:  290100, Simulation Time: 900.39069 s
 Time Step:  290200, Simulation Time: 900.68683 s
 Time Step:  290300, Simulation Time: 900.96457 s
 Time Step:  290400, Simulation Time: 901.24598 s
 Time Step:  290500, Simulation Time: 901.52708 s
 Time Step:  290600, Simulation Time: 901.81744 s
 Time Step:  290700, Simulation Time: 902.11419 s
 Time Step:  290800, Simulation Time: 902.42547 s
 Time Step:  290900, Simulation Time: 902.72771 s
 Time Step:  291000, Simulation Time: 903.02260 s
 Time Step:  291100, Simulation Time: 903.31359 s
 Time Step:  291200, Simulation Time: 903.60948 s
 Time Step:  291300, Simulation Time: 903.90464 s
 Time Step:  291400, Simulation Time: 904.20166 s
 Time Step:  291500, Simulation Time: 904.48684 s
 Time Step:  291600, Simulation Time: 904.77257 s
 Time Step:  291700, Simulation Time: 905.06560 s
 Time Step:  291800, Simulation Time: 905.35885 s
 Time Step:  291900, Simulation Time: 905.64102 s
 Time Step:  292000, Simulation Time: 905.93199 s
 Time Step:  292100, Simulation Time: 906.21949 s
 Time Step:  292200, Simulation Time: 906.49923 s
 Time Step:  292300, Simulation Time: 906.77238 s
 Time Step:  292400, Simulation Time: 907.05425 s
 Time Step:  292500, Simulation Time: 907.34660 s
 Time Step:  292600, Simulation Time: 907.62954 s
 Time Step:  292700, Simulation Time: 907.92065 s
 Time Step:  292800, Simulation Time: 908.20389 s
 Time Step:  292900, Simulation Time: 908.50450 s
 Time Step:  293000, Simulation Time: 908.80329 s
 Time Step:  293100, Simulation Time: 909.09345 s
 Time Step:  293200, Simulation Time: 909.39060 s
 Time Step:  293300, Simulation Time: 909.68972 s
 Time Step:  293400, Simulation Time: 909.97502 s
 Time Step:  293500, Simulation Time: 910.26266 s
 Time Step:  293600, Simulation Time: 910.54691 s
 Time Step:  293700, Simulation Time: 910.83428 s
 Time Step:  293800, Simulation Time: 911.12194 s
 Time Step:  293900, Simulation Time: 911.40730 s
 Time Step:  294000, Simulation Time: 911.69221 s
 Time Step:  294100, Simulation Time: 911.97544 s
 Time Step:  294200, Simulation Time: 912.27452 s
 Time Step:  294300, Simulation Time: 912.55530 s
 Time Step:  294400, Simulation Time: 912.85282 s
 Time Step:  294500, Simulation Time: 913.14180 s
 Time Step:  294600, Simulation Time: 913.43178 s
 Time Step:  294700, Simulation Time: 913.71552 s
 Time Step:  294800, Simulation Time: 914.00389 s
 Time Step:  294900, Simulation Time: 914.29819 s
 Time Step:  295000, Simulation Time: 914.59746 s
 Time Step:  295100, Simulation Time: 914.89188 s
 Time Step:  295200, Simulation Time: 915.18054 s
 Time Step:  295300, Simulation Time: 915.46977 s
 Time Step:  295400, Simulation Time: 915.76447 s
 Time Step:  295500, Simulation Time: 916.06242 s
 Time Step:  295600, Simulation Time: 916.35071 s
 Time Step:  295700, Simulation Time: 916.63373 s
 Time Step:  295800, Simulation Time: 916.91766 s
 Time Step:  295900, Simulation Time: 917.21346 s
 Time Step:  296000, Simulation Time: 917.50405 s
 Time Step:  296100, Simulation Time: 917.79483 s
 Time Step:  296200, Simulation Time: 918.10072 s
 Time Step:  296300, Simulation Time: 918.39580 s
 Time Step:  296400, Simulation Time: 918.70080 s
 Time Step:  296500, Simulation Time: 919.00037 s
 Time Step:  296600, Simulation Time: 919.30577 s
 Time Step:  296700, Simulation Time: 919.60186 s
 Time Step:  296800, Simulation Time: 919.88890 s
 Time Step:  296900, Simulation Time: 920.18707 s
 Time Step:  297000, Simulation Time: 920.48330 s
 Time Step:  297100, Simulation Time: 920.77084 s
 Time Step:  297200, Simulation Time: 921.06320 s
 Time Step:  297300, Simulation Time: 921.34547 s
 Time Step:  297400, Simulation Time: 921.63890 s
 Time Step:  297500, Simulation Time: 921.93133 s
 Time Step:  297600, Simulation Time: 922.22231 s
 Time Step:  297700, Simulation Time: 922.51980 s
 Time Step:  297800, Simulation Time: 922.81368 s
 Time Step:  297900, Simulation Time: 923.10973 s
 Time Step:  298000, Simulation Time: 923.39678 s
 Time Step:  298100, Simulation Time: 923.67864 s
 Time Step:  298200, Simulation Time: 923.96302 s
 Time Step:  298300, Simulation Time: 924.25728 s
 Time Step:  298400, Simulation Time: 924.55041 s
 Time Step:  298500, Simulation Time: 924.84544 s
 Time Step:  298600, Simulation Time: 925.14384 s
 Time Step:  298700, Simulation Time: 925.44350 s
 Time Step:  298800, Simulation Time: 925.73879 s
 Time Step:  298900, Simulation Time: 926.03618 s
 Time Step:  299000, Simulation Time: 926.33829 s
 Time Step:  299100, Simulation Time: 926.64393 s
 Time Step:  299200, Simulation Time: 926.94286 s
 Time Step:  299300, Simulation Time: 927.23618 s
 Time Step:  299400, Simulation Time: 927.54526 s
 Time Step:  299500, Simulation Time: 927.84748 s
 Time Step:  299600, Simulation Time: 928.14480 s
 Time Step:  299700, Simulation Time: 928.44044 s
 Time Step:  299800, Simulation Time: 928.73894 s
 Time Step:  299900, Simulation Time: 929.03889 s
 Time Step:  300000, Simulation Time: 929.32402 s
 Time Step:  300100, Simulation Time: 929.62132 s
 Time Step:  300200, Simulation Time: 929.91908 s
 Time Step:  300300, Simulation Time: 930.20935 s
 Time Step:  300400, Simulation Time: 930.50547 s
 Time Step:  300500, Simulation Time: 930.78820 s
 Time Step:  300600, Simulation Time: 931.07567 s
 Time Step:  300700, Simulation Time: 931.37252 s
 Time Step:  300800, Simulation Time: 931.66818 s
 Time Step:  300900, Simulation Time: 931.95626 s
 Time Step:  301000, Simulation Time: 932.25718 s
 Time Step:  301100, Simulation Time: 932.55755 s
 Time Step:  301200, Simulation Time: 932.85124 s
 Time Step:  301300, Simulation Time: 933.14820 s
 Time Step:  301400, Simulation Time: 933.44540 s
 Time Step:  301500, Simulation Time: 933.74437 s
 Time Step:  301600, Simulation Time: 934.04229 s
 Time Step:  301700, Simulation Time: 934.35392 s
 Time Step:  301800, Simulation Time: 934.65438 s
 Time Step:  301900, Simulation Time: 934.95699 s
 Time Step:  302000, Simulation Time: 935.25092 s
 Time Step:  302100, Simulation Time: 935.54043 s
 Time Step:  302200, Simulation Time: 935.83222 s
 Time Step:  302300, Simulation Time: 936.12256 s
 Time Step:  302400, Simulation Time: 936.41778 s
 Time Step:  302500, Simulation Time: 936.70453 s
 Time Step:  302600, Simulation Time: 937.00839 s
 Time Step:  302700, Simulation Time: 937.28366 s
 Time Step:  302800, Simulation Time: 937.57575 s
 Time Step:  302900, Simulation Time: 937.86453 s
 Time Step:  303000, Simulation Time: 938.15189 s
 Time Step:  303100, Simulation Time: 938.44826 s
 Time Step:  303200, Simulation Time: 938.74284 s
 Time Step:  303300, Simulation Time: 939.03305 s
 Time Step:  303400, Simulation Time: 939.31730 s
 Time Step:  303500, Simulation Time: 939.61587 s
 Time Step:  303600, Simulation Time: 939.90181 s
 Time Step:  303700, Simulation Time: 940.18774 s
 Time Step:  303800, Simulation Time: 940.47753 s
 Time Step:  303900, Simulation Time: 940.76523 s
 Time Step:  304000, Simulation Time: 941.05290 s
 Time Step:  304100, Simulation Time: 941.33752 s
 Time Step:  304200, Simulation Time: 941.62665 s
 Time Step:  304300, Simulation Time: 941.91637 s
 Time Step:  304400, Simulation Time: 942.21059 s
 Time Step:  304500, Simulation Time: 942.50997 s
 Time Step:  304600, Simulation Time: 942.81916 s
 Time Step:  304700, Simulation Time: 943.11073 s
 Time Step:  304800, Simulation Time: 943.39747 s
 Time Step:  304900, Simulation Time: 943.69291 s
 Time Step:  305000, Simulation Time: 943.98052 s
 Time Step:  305100, Simulation Time: 944.26150 s
 Time Step:  305200, Simulation Time: 944.53950 s
 Time Step:  305300, Simulation Time: 944.82228 s
 Time Step:  305400, Simulation Time: 945.11023 s
 Time Step:  305500, Simulation Time: 945.39919 s
 Time Step:  305600, Simulation Time: 945.68395 s
 Time Step:  305700, Simulation Time: 945.97327 s
 Time Step:  305800, Simulation Time: 946.25146 s
 Time Step:  305900, Simulation Time: 946.52481 s
 Time Step:  306000, Simulation Time: 946.79535 s
 Time Step:  306100, Simulation Time: 947.08859 s
 Time Step:  306200, Simulation Time: 947.36692 s
 Time Step:  306300, Simulation Time: 947.65516 s
 Time Step:  306400, Simulation Time: 947.94895 s
 Time Step:  306500, Simulation Time: 948.24887 s
 Time Step:  306600, Simulation Time: 948.53932 s
 Time Step:  306700, Simulation Time: 948.83500 s
 Time Step:  306800, Simulation Time: 949.13152 s
 Time Step:  306900, Simulation Time: 949.42484 s
 Time Step:  307000, Simulation Time: 949.72310 s
 Time Step:  307100, Simulation Time: 950.01842 s
 Time Step:  307200, Simulation Time: 950.32018 s
 Time Step:  307300, Simulation Time: 950.62893 s
 Time Step:  307400, Simulation Time: 950.92323 s
 Time Step:  307500, Simulation Time: 951.21473 s
 Time Step:  307600, Simulation Time: 951.50826 s
 Time Step:  307700, Simulation Time: 951.79733 s
 Time Step:  307800, Simulation Time: 952.09510 s
 Time Step:  307900, Simulation Time: 952.39349 s
 Time Step:  308000, Simulation Time: 952.69123 s
 Time Step:  308100, Simulation Time: 952.97753 s
 Time Step:  308200, Simulation Time: 953.26870 s
 Time Step:  308300, Simulation Time: 953.56915 s
 Time Step:  308400, Simulation Time: 953.87271 s
 Time Step:  308500, Simulation Time: 954.16579 s
 Time Step:  308600, Simulation Time: 954.46464 s
 Time Step:  308700, Simulation Time: 954.75975 s
 Time Step:  308800, Simulation Time: 955.04334 s
 Time Step:  308900, Simulation Time: 955.33132 s
 Time Step:  309000, Simulation Time: 955.61854 s
 Time Step:  309100, Simulation Time: 955.91015 s
 Time Step:  309200, Simulation Time: 956.19697 s
 Time Step:  309300, Simulation Time: 956.48255 s
 Time Step:  309400, Simulation Time: 956.77675 s
 Time Step:  309500, Simulation Time: 957.07025 s
 Time Step:  309600, Simulation Time: 957.36306 s
 Time Step:  309700, Simulation Time: 957.65217 s
 Time Step:  309800, Simulation Time: 957.93063 s
 Time Step:  309900, Simulation Time: 958.23049 s
 Time Step:  310000, Simulation Time: 958.51938 s
 Time Step:  310100, Simulation Time: 958.81618 s
 Time Step:  310200, Simulation Time: 959.11026 s
 Time Step:  310300, Simulation Time: 959.39811 s
 Time Step:  310400, Simulation Time: 959.68542 s
 Time Step:  310500, Simulation Time: 959.97975 s
 Time Step:  310600, Simulation Time: 960.26994 s
 Time Step:  310700, Simulation Time: 960.57356 s
 Time Step:  310800, Simulation Time: 960.85926 s
 Time Step:  310900, Simulation Time: 961.14673 s
 Time Step:  311000, Simulation Time: 961.43312 s
 Time Step:  311100, Simulation Time: 961.72393 s
 Time Step:  311200, Simulation Time: 962.01633 s
 Time Step:  311300, Simulation Time: 962.29977 s
 Time Step:  311400, Simulation Time: 962.56493 s
 Time Step:  311500, Simulation Time: 962.84205 s
 Time Step:  311600, Simulation Time: 963.12220 s
 Time Step:  311700, Simulation Time: 963.41117 s
 Time Step:  311800, Simulation Time: 963.69293 s
 Time Step:  311900, Simulation Time: 963.99001 s
 Time Step:  312000, Simulation Time: 964.28910 s
 Time Step:  312100, Simulation Time: 964.59055 s
 Time Step:  312200, Simulation Time: 964.88504 s
 Time Step:  312300, Simulation Time: 965.18425 s
 Time Step:  312400, Simulation Time: 965.47112 s
 Time Step:  312500, Simulation Time: 965.76013 s
 Time Step:  312600, Simulation Time: 966.04523 s
 Time Step:  312700, Simulation Time: 966.32185 s
 Time Step:  312800, Simulation Time: 966.60340 s
 Time Step:  312900, Simulation Time: 966.90090 s
 Time Step:  313000, Simulation Time: 967.18652 s
 Time Step:  313100, Simulation Time: 967.47835 s
 Time Step:  313200, Simulation Time: 967.77418 s
 Time Step:  313300, Simulation Time: 968.06707 s
 Time Step:  313400, Simulation Time: 968.37959 s
 Time Step:  313500, Simulation Time: 968.66477 s
 Time Step:  313600, Simulation Time: 968.95934 s
 Time Step:  313700, Simulation Time: 969.24882 s
 Time Step:  313800, Simulation Time: 969.54712 s
 Time Step:  313900, Simulation Time: 969.82840 s
 Time Step:  314000, Simulation Time: 970.12309 s
 Time Step:  314100, Simulation Time: 970.40905 s
 Time Step:  314200, Simulation Time: 970.69308 s
 Time Step:  314300, Simulation Time: 970.98646 s
 Time Step:  314400, Simulation Time: 971.27666 s
 Time Step:  314500, Simulation Time: 971.57252 s
 Time Step:  314600, Simulation Time: 971.86393 s
 Time Step:  314700, Simulation Time: 972.16220 s
 Time Step:  314800, Simulation Time: 972.45617 s
 Time Step:  314900, Simulation Time: 972.77131 s
 Time Step:  315000, Simulation Time: 973.06407 s
 Time Step:  315100, Simulation Time: 973.36071 s
 Time Step:  315200, Simulation Time: 973.65854 s
 Time Step:  315300, Simulation Time: 973.96290 s
 Time Step:  315400, Simulation Time: 974.24987 s
 Time Step:  315500, Simulation Time: 974.54078 s
 Time Step:  315600, Simulation Time: 974.81406 s
 Time Step:  315700, Simulation Time: 975.11767 s
 Time Step:  315800, Simulation Time: 975.42133 s
 Time Step:  315900, Simulation Time: 975.72026 s
 Time Step:  316000, Simulation Time: 976.01024 s
 Time Step:  316100, Simulation Time: 976.29775 s
 Time Step:  316200, Simulation Time: 976.58282 s
 Time Step:  316300, Simulation Time: 976.86307 s
 Time Step:  316400, Simulation Time: 977.14461 s
 Time Step:  316500, Simulation Time: 977.43482 s
 Time Step:  316600, Simulation Time: 977.73063 s
 Time Step:  316700, Simulation Time: 978.02145 s
 Time Step:  316800, Simulation Time: 978.30395 s
 Time Step:  316900, Simulation Time: 978.59834 s
 Time Step:  317000, Simulation Time: 978.89423 s
 Time Step:  317100, Simulation Time: 979.19595 s
 Time Step:  317200, Simulation Time: 979.49697 s
 Time Step:  317300, Simulation Time: 979.79079 s
 Time Step:  317400, Simulation Time: 980.08648 s
 Time Step:  317500, Simulation Time: 980.37622 s
 Time Step:  317600, Simulation Time: 980.66670 s
 Time Step:  317700, Simulation Time: 980.95972 s
 Time Step:  317800, Simulation Time: 981.26343 s
 Time Step:  317900, Simulation Time: 981.55434 s
 Time Step:  318000, Simulation Time: 981.83598 s
 Time Step:  318100, Simulation Time: 982.13168 s
 Time Step:  318200, Simulation Time: 982.42003 s
 Time Step:  318300, Simulation Time: 982.70478 s
 Time Step:  318400, Simulation Time: 982.98960 s
 Time Step:  318500, Simulation Time: 983.29224 s
 Time Step:  318600, Simulation Time: 983.59533 s
 Time Step:  318700, Simulation Time: 983.89507 s
 Time Step:  318800, Simulation Time: 984.18843 s
 Time Step:  318900, Simulation Time: 984.49220 s
 Time Step:  319000, Simulation Time: 984.77787 s
 Time Step:  319100, Simulation Time: 985.07424 s
 Time Step:  319200, Simulation Time: 985.35917 s
 Time Step:  319300, Simulation Time: 985.64805 s
 Time Step:  319400, Simulation Time: 985.94564 s
 Time Step:  319500, Simulation Time: 986.24972 s
 Time Step:  319600, Simulation Time: 986.53313 s
 Time Step:  319700, Simulation Time: 986.82274 s
 Time Step:  319800, Simulation Time: 987.11005 s
 Time Step:  319900, Simulation Time: 987.39544 s
 Time Step:  320000, Simulation Time: 987.68590 s
 Time Step:  320100, Simulation Time: 987.99302 s
 Time Step:  320200, Simulation Time: 988.29427 s
 Time Step:  320300, Simulation Time: 988.58622 s
 Time Step:  320400, Simulation Time: 988.87974 s
 Time Step:  320500, Simulation Time: 989.18905 s
 Time Step:  320600, Simulation Time: 989.50111 s
 Time Step:  320700, Simulation Time: 989.80146 s
 Time Step:  320800, Simulation Time: 990.08826 s
 Time Step:  320900, Simulation Time: 990.39468 s
 Time Step:  321000, Simulation Time: 990.68043 s
 Time Step:  321100, Simulation Time: 990.96902 s
 Time Step:  321200, Simulation Time: 991.24963 s
 Time Step:  321300, Simulation Time: 991.55679 s
 Time Step:  321400, Simulation Time: 991.85462 s
 Time Step:  321500, Simulation Time: 992.14648 s
 Time Step:  321600, Simulation Time: 992.43356 s
 Time Step:  321700, Simulation Time: 992.72836 s
 Time Step:  321800, Simulation Time: 993.01621 s
 Time Step:  321900, Simulation Time: 993.29582 s
 Time Step:  322000, Simulation Time: 993.57438 s
 Time Step:  322100, Simulation Time: 993.86977 s
 Time Step:  322200, Simulation Time: 994.15959 s
 Time Step:  322300, Simulation Time: 994.43453 s
 Time Step:  322400, Simulation Time: 994.72256 s
 Time Step:  322500, Simulation Time: 995.00639 s
 Time Step:  322600, Simulation Time: 995.28791 s
 Time Step:  322700, Simulation Time: 995.56783 s
 Time Step:  322800, Simulation Time: 995.85182 s
 Time Step:  322900, Simulation Time: 996.13475 s
 Time Step:  323000, Simulation Time: 996.41201 s
 Time Step:  323100, Simulation Time: 996.69135 s
 Time Step:  323200, Simulation Time: 996.96766 s
 Time Step:  323300, Simulation Time: 997.25630 s
 Time Step:  323400, Simulation Time: 997.54093 s
 Time Step:  323500, Simulation Time: 997.82380 s
 Time Step:  323600, Simulation Time: 998.11423 s
 Time Step:  323700, Simulation Time: 998.41792 s
 Time Step:  323800, Simulation Time: 998.72274 s
 Time Step:  323900, Simulation Time: 999.02257 s
 Time Step:  324000, Simulation Time: 999.30931 s
 Time Step:  324100, Simulation Time: 999.59476 s
 Time Step:  324200, Simulation Time: 999.88603 s
 Time Step:  324300, Simulation Time: 1000.1884 s
 Time Step:  324400, Simulation Time: 1000.4843 s
 Time Step:  324500, Simulation Time: 1000.7774 s
 Time Step:  324600, Simulation Time: 1001.0605 s
 Time Step:  324700, Simulation Time: 1001.3445 s
 Time Step:  324800, Simulation Time: 1001.6380 s
 Time Step:  324900, Simulation Time: 1001.9319 s
 Time Step:  325000, Simulation Time: 1002.2338 s
 Time Step:  325100, Simulation Time: 1002.5189 s
 Time Step:  325200, Simulation Time: 1002.8039 s
 Time Step:  325300, Simulation Time: 1003.0939 s
 Time Step:  325400, Simulation Time: 1003.3712 s
 Time Step:  325500, Simulation Time: 1003.6589 s
 Time Step:  325600, Simulation Time: 1003.9528 s
 Time Step:  325700, Simulation Time: 1004.2420 s
 Time Step:  325800, Simulation Time: 1004.5247 s
 Time Step:  325900, Simulation Time: 1004.8029 s
 Time Step:  326000, Simulation Time: 1005.0808 s
 Time Step:  326100, Simulation Time: 1005.3731 s
 Time Step:  326200, Simulation Time: 1005.6701 s
 Time Step:  326300, Simulation Time: 1005.9653 s
 Time Step:  326400, Simulation Time: 1006.2527 s
 Time Step:  326500, Simulation Time: 1006.5491 s
 Time Step:  326600, Simulation Time: 1006.8319 s
 Time Step:  326700, Simulation Time: 1007.1231 s
 Time Step:  326800, Simulation Time: 1007.4199 s
 Time Step:  326900, Simulation Time: 1007.7002 s
 Time Step:  327000, Simulation Time: 1008.0038 s
 Time Step:  327100, Simulation Time: 1008.3059 s
 Time Step:  327200, Simulation Time: 1008.5951 s
 Time Step:  327300, Simulation Time: 1008.8895 s
 Time Step:  327400, Simulation Time: 1009.1746 s
 Time Step:  327500, Simulation Time: 1009.4657 s
 Time Step:  327600, Simulation Time: 1009.7553 s
 Time Step:  327700, Simulation Time: 1010.0454 s
 Time Step:  327800, Simulation Time: 1010.3315 s
 Time Step:  327900, Simulation Time: 1010.6132 s
 Time Step:  328000, Simulation Time: 1010.9071 s
 Time Step:  328100, Simulation Time: 1011.1901 s
 Time Step:  328200, Simulation Time: 1011.4835 s
 Time Step:  328300, Simulation Time: 1011.7585 s
 Time Step:  328400, Simulation Time: 1012.0471 s
 Time Step:  328500, Simulation Time: 1012.3566 s
 Time Step:  328600, Simulation Time: 1012.6359 s
 Time Step:  328700, Simulation Time: 1012.9230 s
 Time Step:  328800, Simulation Time: 1013.2145 s
 Time Step:  328900, Simulation Time: 1013.5120 s
 Time Step:  329000, Simulation Time: 1013.7962 s
 Time Step:  329100, Simulation Time: 1014.0799 s
 Time Step:  329200, Simulation Time: 1014.3562 s
 Time Step:  329300, Simulation Time: 1014.6454 s
 Time Step:  329400, Simulation Time: 1014.9321 s
 Time Step:  329500, Simulation Time: 1015.2181 s
 Time Step:  329600, Simulation Time: 1015.5067 s
 Time Step:  329700, Simulation Time: 1015.7933 s
 Time Step:  329800, Simulation Time: 1016.0861 s
 Time Step:  329900, Simulation Time: 1016.3867 s
 Time Step:  330000, Simulation Time: 1016.6792 s
 Time Step:  330100, Simulation Time: 1016.9666 s
 Time Step:  330200, Simulation Time: 1017.2593 s
 Time Step:  330300, Simulation Time: 1017.5394 s
 Time Step:  330400, Simulation Time: 1017.8366 s
 Time Step:  330500, Simulation Time: 1018.1340 s
 Time Step:  330600, Simulation Time: 1018.4206 s
 Time Step:  330700, Simulation Time: 1018.7130 s
 Time Step:  330800, Simulation Time: 1019.0186 s
 Time Step:  330900, Simulation Time: 1019.3094 s
 Time Step:  331000, Simulation Time: 1019.5965 s
 Time Step:  331100, Simulation Time: 1019.8832 s
 Time Step:  331200, Simulation Time: 1020.1754 s
 Time Step:  331300, Simulation Time: 1020.4584 s
 Time Step:  331400, Simulation Time: 1020.7368 s
 Time Step:  331500, Simulation Time: 1021.0198 s
 Time Step:  331600, Simulation Time: 1021.3106 s
 Time Step:  331700, Simulation Time: 1021.5943 s
 Time Step:  331800, Simulation Time: 1021.8940 s
 Time Step:  331900, Simulation Time: 1022.1878 s
 Time Step:  332000, Simulation Time: 1022.4800 s
 Time Step:  332100, Simulation Time: 1022.7687 s
 Time Step:  332200, Simulation Time: 1023.0549 s
 Time Step:  332300, Simulation Time: 1023.3379 s
 Time Step:  332400, Simulation Time: 1023.6204 s
 Time Step:  332500, Simulation Time: 1023.8921 s
 Time Step:  332600, Simulation Time: 1024.1712 s
 Time Step:  332700, Simulation Time: 1024.4709 s
 Time Step:  332800, Simulation Time: 1024.7571 s
 Time Step:  332900, Simulation Time: 1025.0414 s
 Time Step:  333000, Simulation Time: 1025.3171 s
 Time Step:  333100, Simulation Time: 1025.6041 s
 Time Step:  333200, Simulation Time: 1025.8813 s
 Time Step:  333300, Simulation Time: 1026.1632 s
 Time Step:  333400, Simulation Time: 1026.4417 s
 Time Step:  333500, Simulation Time: 1026.7245 s
 Time Step:  333600, Simulation Time: 1027.0162 s
 Time Step:  333700, Simulation Time: 1027.3180 s
 Time Step:  333800, Simulation Time: 1027.6038 s
 Time Step:  333900, Simulation Time: 1027.8975 s
 Time Step:  334000, Simulation Time: 1028.1910 s
 Time Step:  334100, Simulation Time: 1028.4771 s
 Time Step:  334200, Simulation Time: 1028.7633 s
 Time Step:  334300, Simulation Time: 1029.0537 s
 Time Step:  334400, Simulation Time: 1029.3317 s
 Time Step:  334500, Simulation Time: 1029.6185 s
 Time Step:  334600, Simulation Time: 1029.9118 s
 Time Step:  334700, Simulation Time: 1030.1972 s
 Time Step:  334800, Simulation Time: 1030.4963 s
 Time Step:  334900, Simulation Time: 1030.8071 s
 Time Step:  335000, Simulation Time: 1031.1126 s
 Time Step:  335100, Simulation Time: 1031.3992 s
 Time Step:  335200, Simulation Time: 1031.6906 s
 Time Step:  335300, Simulation Time: 1031.9885 s
 Time Step:  335400, Simulation Time: 1032.2852 s
 Time Step:  335500, Simulation Time: 1032.5768 s
 Time Step:  335600, Simulation Time: 1032.8655 s
 Time Step:  335700, Simulation Time: 1033.1536 s
 Time Step:  335800, Simulation Time: 1033.4586 s
 Time Step:  335900, Simulation Time: 1033.7452 s
 Time Step:  336000, Simulation Time: 1034.0366 s
 Time Step:  336100, Simulation Time: 1034.3278 s
 Time Step:  336200, Simulation Time: 1034.6130 s
 Time Step:  336300, Simulation Time: 1034.9029 s
 Time Step:  336400, Simulation Time: 1035.1962 s
 Time Step:  336500, Simulation Time: 1035.4844 s
 Time Step:  336600, Simulation Time: 1035.7735 s
 Time Step:  336700, Simulation Time: 1036.0669 s
 Time Step:  336800, Simulation Time: 1036.3615 s
 Time Step:  336900, Simulation Time: 1036.6563 s
 Time Step:  337000, Simulation Time: 1036.9450 s
 Time Step:  337100, Simulation Time: 1037.2314 s
 Time Step:  337200, Simulation Time: 1037.5215 s
 Time Step:  337300, Simulation Time: 1037.8078 s
 Time Step:  337400, Simulation Time: 1038.1097 s
 Time Step:  337500, Simulation Time: 1038.4090 s
 Time Step:  337600, Simulation Time: 1038.6987 s
 Time Step:  337700, Simulation Time: 1038.9818 s
 Time Step:  337800, Simulation Time: 1039.2869 s
 Time Step:  337900, Simulation Time: 1039.5904 s
 Time Step:  338000, Simulation Time: 1039.8854 s
 Time Step:  338100, Simulation Time: 1040.1703 s
 Time Step:  338200, Simulation Time: 1040.4507 s
 Time Step:  338300, Simulation Time: 1040.7567 s
 Time Step:  338400, Simulation Time: 1041.0400 s
 Time Step:  338500, Simulation Time: 1041.3348 s
 Time Step:  338600, Simulation Time: 1041.6302 s
 Time Step:  338700, Simulation Time: 1041.9440 s
 Time Step:  338800, Simulation Time: 1042.2271 s
 Time Step:  338900, Simulation Time: 1042.4992 s
 Time Step:  339000, Simulation Time: 1042.7832 s
 Time Step:  339100, Simulation Time: 1043.0716 s
 Time Step:  339200, Simulation Time: 1043.3555 s
 Time Step:  339300, Simulation Time: 1043.6454 s
 Time Step:  339400, Simulation Time: 1043.9411 s
 Time Step:  339500, Simulation Time: 1044.2271 s
 Time Step:  339600, Simulation Time: 1044.5186 s
 Time Step:  339700, Simulation Time: 1044.8017 s
 Time Step:  339800, Simulation Time: 1045.0975 s
 Time Step:  339900, Simulation Time: 1045.3913 s
 Time Step:  340000, Simulation Time: 1045.6967 s
 Time Step:  340100, Simulation Time: 1045.9846 s
 Time Step:  340200, Simulation Time: 1046.2807 s
 Time Step:  340300, Simulation Time: 1046.5785 s
 Time Step:  340400, Simulation Time: 1046.8722 s
 Time Step:  340500, Simulation Time: 1047.1587 s
 Time Step:  340600, Simulation Time: 1047.4489 s
 Time Step:  340700, Simulation Time: 1047.7315 s
 Time Step:  340800, Simulation Time: 1048.0148 s
 Time Step:  340900, Simulation Time: 1048.3030 s
 Time Step:  341000, Simulation Time: 1048.5953 s
 Time Step:  341100, Simulation Time: 1048.8801 s
 Time Step:  341200, Simulation Time: 1049.1732 s
 Time Step:  341300, Simulation Time: 1049.4675 s
 Time Step:  341400, Simulation Time: 1049.7549 s
 Time Step:  341500, Simulation Time: 1050.0375 s
 Time Step:  341600, Simulation Time: 1050.3096 s
 Time Step:  341700, Simulation Time: 1050.5948 s
 Time Step:  341800, Simulation Time: 1050.8707 s
 Time Step:  341900, Simulation Time: 1051.1538 s
 Time Step:  342000, Simulation Time: 1051.4372 s
 Time Step:  342100, Simulation Time: 1051.7305 s
 Time Step:  342200, Simulation Time: 1052.0208 s
 Time Step:  342300, Simulation Time: 1052.3177 s
 Time Step:  342400, Simulation Time: 1052.6180 s
 Time Step:  342500, Simulation Time: 1052.9153 s
 Time Step:  342600, Simulation Time: 1053.1985 s
 Time Step:  342700, Simulation Time: 1053.4945 s
 Time Step:  342800, Simulation Time: 1053.7797 s
 Time Step:  342900, Simulation Time: 1054.0559 s
 Time Step:  343000, Simulation Time: 1054.3488 s
 Time Step:  343100, Simulation Time: 1054.6416 s
 Time Step:  343200, Simulation Time: 1054.9421 s
 Time Step:  343300, Simulation Time: 1055.2389 s
 Time Step:  343400, Simulation Time: 1055.5327 s
 Time Step:  343500, Simulation Time: 1055.8387 s
 Time Step:  343600, Simulation Time: 1056.1281 s
 Time Step:  343700, Simulation Time: 1056.4121 s
 Time Step:  343800, Simulation Time: 1056.7112 s
 Time Step:  343900, Simulation Time: 1057.0079 s
 Time Step:  344000, Simulation Time: 1057.2989 s
 Time Step:  344100, Simulation Time: 1057.5867 s
 Time Step:  344200, Simulation Time: 1057.8793 s
 Time Step:  344300, Simulation Time: 1058.1795 s
 Time Step:  344400, Simulation Time: 1058.4753 s
 Time Step:  344500, Simulation Time: 1058.7808 s
 Time Step:  344600, Simulation Time: 1059.0815 s
 Time Step:  344700, Simulation Time: 1059.3782 s
 Time Step:  344800, Simulation Time: 1059.6704 s
 Time Step:  344900, Simulation Time: 1059.9659 s
 Time Step:  345000, Simulation Time: 1060.2601 s
 Time Step:  345100, Simulation Time: 1060.5523 s
 Time Step:  345200, Simulation Time: 1060.8303 s
 Time Step:  345300, Simulation Time: 1061.1205 s
 Time Step:  345400, Simulation Time: 1061.3956 s
 Time Step:  345500, Simulation Time: 1061.6798 s
 Time Step:  345600, Simulation Time: 1061.9541 s
 Time Step:  345700, Simulation Time: 1062.2391 s
 Time Step:  345800, Simulation Time: 1062.5250 s
 Time Step:  345900, Simulation Time: 1062.8220 s
 Time Step:  346000, Simulation Time: 1063.1145 s
 Time Step:  346100, Simulation Time: 1063.4095 s
 Time Step:  346200, Simulation Time: 1063.6911 s
 Time Step:  346300, Simulation Time: 1063.9765 s
 Time Step:  346400, Simulation Time: 1064.2693 s
 Time Step:  346500, Simulation Time: 1064.5732 s
 Time Step:  346600, Simulation Time: 1064.8682 s
 Time Step:  346700, Simulation Time: 1065.1720 s
 Time Step:  346800, Simulation Time: 1065.4669 s
 Time Step:  346900, Simulation Time: 1065.7615 s
 Time Step:  347000, Simulation Time: 1066.0487 s
 Time Step:  347100, Simulation Time: 1066.3339 s
 Time Step:  347200, Simulation Time: 1066.6210 s
 Time Step:  347300, Simulation Time: 1066.8929 s
 Time Step:  347400, Simulation Time: 1067.1733 s
 Time Step:  347500, Simulation Time: 1067.4617 s
 Time Step:  347600, Simulation Time: 1067.7509 s
 Time Step:  347700, Simulation Time: 1068.0378 s
 Time Step:  347800, Simulation Time: 1068.3349 s
 Time Step:  347900, Simulation Time: 1068.6285 s
 Time Step:  348000, Simulation Time: 1068.9191 s
 Time Step:  348100, Simulation Time: 1069.2100 s
 Time Step:  348200, Simulation Time: 1069.5114 s
 Time Step:  348300, Simulation Time: 1069.8111 s
 Time Step:  348400, Simulation Time: 1070.1193 s
 Time Step:  348500, Simulation Time: 1070.4159 s
 Time Step:  348600, Simulation Time: 1070.7126 s
 Time Step:  348700, Simulation Time: 1071.0029 s
 Time Step:  348800, Simulation Time: 1071.2983 s
 Time Step:  348900, Simulation Time: 1071.6051 s
 Time Step:  349000, Simulation Time: 1071.8853 s
 Time Step:  349100, Simulation Time: 1072.1694 s
 Time Step:  349200, Simulation Time: 1072.4561 s
 Time Step:  349300, Simulation Time: 1072.7537 s
 Time Step:  349400, Simulation Time: 1073.0381 s
 Time Step:  349500, Simulation Time: 1073.3184 s
 Time Step:  349600, Simulation Time: 1073.5977 s
 Time Step:  349700, Simulation Time: 1073.8745 s
 Time Step:  349800, Simulation Time: 1074.1684 s
 Time Step:  349900, Simulation Time: 1074.4621 s
 Time Step:  350000, Simulation Time: 1074.7555 s
 Time Step:  350100, Simulation Time: 1075.0398 s
 Time Step:  350200, Simulation Time: 1075.3269 s
 Time Step:  350300, Simulation Time: 1075.6151 s
 Time Step:  350400, Simulation Time: 1075.8992 s
 Time Step:  350500, Simulation Time: 1076.1854 s
 Time Step:  350600, Simulation Time: 1076.4607 s
 Time Step:  350700, Simulation Time: 1076.7532 s
 Time Step:  350800, Simulation Time: 1077.0471 s
 Time Step:  350900, Simulation Time: 1077.3231 s
 Time Step:  351000, Simulation Time: 1077.6018 s
 Time Step:  351100, Simulation Time: 1077.8847 s
 Time Step:  351200, Simulation Time: 1078.1587 s
 Time Step:  351300, Simulation Time: 1078.4409 s
 Time Step:  351400, Simulation Time: 1078.7289 s
 Time Step:  351500, Simulation Time: 1079.0117 s
 Time Step:  351600, Simulation Time: 1079.3022 s
 Time Step:  351700, Simulation Time: 1079.5824 s
 Time Step:  351800, Simulation Time: 1079.8775 s
 Time Step:  351900, Simulation Time: 1080.1714 s
 Time Step:  352000, Simulation Time: 1080.4543 s
 Time Step:  352100, Simulation Time: 1080.7382 s
 Time Step:  352200, Simulation Time: 1081.0253 s
 Time Step:  352300, Simulation Time: 1081.3156 s
 Time Step:  352400, Simulation Time: 1081.6027 s
 Time Step:  352500, Simulation Time: 1081.9058 s
 Time Step:  352600, Simulation Time: 1082.1822 s
 Time Step:  352700, Simulation Time: 1082.4673 s
 Time Step:  352800, Simulation Time: 1082.7558 s
 Time Step:  352900, Simulation Time: 1083.0499 s
 Time Step:  353000, Simulation Time: 1083.3357 s
 Time Step:  353100, Simulation Time: 1083.6263 s
 Time Step:  353200, Simulation Time: 1083.9043 s
 Time Step:  353300, Simulation Time: 1084.1733 s
 Time Step:  353400, Simulation Time: 1084.4425 s
 Time Step:  353500, Simulation Time: 1084.7289 s
 Time Step:  353600, Simulation Time: 1085.0111 s
 Time Step:  353700, Simulation Time: 1085.2946 s
 Time Step:  353800, Simulation Time: 1085.5818 s
 Time Step:  353900, Simulation Time: 1085.8673 s
 Time Step:  354000, Simulation Time: 1086.1488 s
 Time Step:  354100, Simulation Time: 1086.4433 s
 Time Step:  354200, Simulation Time: 1086.7344 s
 Time Step:  354300, Simulation Time: 1087.0377 s
 Time Step:  354400, Simulation Time: 1087.3293 s
 Time Step:  354500, Simulation Time: 1087.6210 s
 Time Step:  354600, Simulation Time: 1087.9070 s
 Time Step:  354700, Simulation Time: 1088.1854 s
 Time Step:  354800, Simulation Time: 1088.4604 s
 Time Step:  354900, Simulation Time: 1088.7460 s
 Time Step:  355000, Simulation Time: 1089.0397 s
 Time Step:  355100, Simulation Time: 1089.3263 s
 Time Step:  355200, Simulation Time: 1089.6116 s
 Time Step:  355300, Simulation Time: 1089.8958 s
 Time Step:  355400, Simulation Time: 1090.1781 s
 Time Step:  355500, Simulation Time: 1090.4660 s
 Time Step:  355600, Simulation Time: 1090.7531 s
 Time Step:  355700, Simulation Time: 1091.0507 s
 Time Step:  355800, Simulation Time: 1091.3462 s
 Time Step:  355900, Simulation Time: 1091.6391 s
 Time Step:  356000, Simulation Time: 1091.9370 s
 Time Step:  356100, Simulation Time: 1092.2356 s
 Time Step:  356200, Simulation Time: 1092.5108 s
 Time Step:  356300, Simulation Time: 1092.7875 s
 Time Step:  356400, Simulation Time: 1093.0703 s
 Time Step:  356500, Simulation Time: 1093.3471 s
 Time Step:  356600, Simulation Time: 1093.6206 s
 Time Step:  356700, Simulation Time: 1093.8997 s
 Time Step:  356800, Simulation Time: 1094.1799 s
 Time Step:  356900, Simulation Time: 1094.4652 s
 Time Step:  357000, Simulation Time: 1094.7430 s
 Time Step:  357100, Simulation Time: 1095.0188 s
 Time Step:  357200, Simulation Time: 1095.3136 s
 Time Step:  357300, Simulation Time: 1095.6033 s
 Time Step:  357400, Simulation Time: 1095.8963 s
 Time Step:  357500, Simulation Time: 1096.1931 s
 Time Step:  357600, Simulation Time: 1096.4896 s
 Time Step:  357700, Simulation Time: 1096.7852 s
 Time Step:  357800, Simulation Time: 1097.0796 s
 Time Step:  357900, Simulation Time: 1097.3653 s
 Time Step:  358000, Simulation Time: 1097.6494 s
 Time Step:  358100, Simulation Time: 1097.9487 s
 Time Step:  358200, Simulation Time: 1098.2393 s
 Time Step:  358300, Simulation Time: 1098.5348 s
 Time Step:  358400, Simulation Time: 1098.8343 s
 Time Step:  358500, Simulation Time: 1099.1213 s
 Time Step:  358600, Simulation Time: 1099.4146 s
 Time Step:  358700, Simulation Time: 1099.7051 s
 Time Step:  358800, Simulation Time: 1099.9936 s
 Time Step:  358900, Simulation Time: 1100.3045 s
 Time Step:  359000, Simulation Time: 1100.5989 s
 Time Step:  359100, Simulation Time: 1100.8843 s
 Time Step:  359200, Simulation Time: 1101.1704 s
 Time Step:  359300, Simulation Time: 1101.4616 s
 Time Step:  359400, Simulation Time: 1101.7677 s
 Time Step:  359500, Simulation Time: 1102.0650 s
 Time Step:  359600, Simulation Time: 1102.3482 s
 Time Step:  359700, Simulation Time: 1102.6359 s
 Time Step:  359800, Simulation Time: 1102.9249 s
 Time Step:  359900, Simulation Time: 1103.2059 s
 Time Step:  360000, Simulation Time: 1103.4965 s
 Time Step:  360100, Simulation Time: 1103.7921 s
 Time Step:  360200, Simulation Time: 1104.0844 s
 Time Step:  360300, Simulation Time: 1104.3711 s
 Time Step:  360400, Simulation Time: 1104.6618 s
 Time Step:  360500, Simulation Time: 1104.9417 s
 Time Step:  360600, Simulation Time: 1105.2223 s
 Time Step:  360700, Simulation Time: 1105.5147 s
 Time Step:  360800, Simulation Time: 1105.7938 s
 Time Step:  360900, Simulation Time: 1106.0844 s
 Time Step:  361000, Simulation Time: 1106.3695 s
 Time Step:  361100, Simulation Time: 1106.6609 s
 Time Step:  361200, Simulation Time: 1106.9451 s
 Time Step:  361300, Simulation Time: 1107.2332 s
 Time Step:  361400, Simulation Time: 1107.5283 s
 Time Step:  361500, Simulation Time: 1107.8158 s
 Time Step:  361600, Simulation Time: 1108.1023 s
 Time Step:  361700, Simulation Time: 1108.3807 s
 Time Step:  361800, Simulation Time: 1108.6667 s
 Time Step:  361900, Simulation Time: 1108.9621 s
 Time Step:  362000, Simulation Time: 1109.2576 s
 Time Step:  362100, Simulation Time: 1109.5463 s
 Time Step:  362200, Simulation Time: 1109.8413 s
 Time Step:  362300, Simulation Time: 1110.1346 s
 Time Step:  362400, Simulation Time: 1110.4254 s
 Time Step:  362500, Simulation Time: 1110.7096 s
 Time Step:  362600, Simulation Time: 1110.9990 s
 Time Step:  362700, Simulation Time: 1111.2983 s
 Time Step:  362800, Simulation Time: 1111.5945 s
 Time Step:  362900, Simulation Time: 1111.8891 s
 Time Step:  363000, Simulation Time: 1112.1731 s
 Time Step:  363100, Simulation Time: 1112.4628 s
 Time Step:  363200, Simulation Time: 1112.7565 s
 Time Step:  363300, Simulation Time: 1113.0469 s
 Time Step:  363400, Simulation Time: 1113.3303 s
 Time Step:  363500, Simulation Time: 1113.6187 s
 Time Step:  363600, Simulation Time: 1113.9054 s
 Time Step:  363700, Simulation Time: 1114.1989 s
 Time Step:  363800, Simulation Time: 1114.4864 s
 Time Step:  363900, Simulation Time: 1114.7738 s
 Time Step:  364000, Simulation Time: 1115.0439 s
 Time Step:  364100, Simulation Time: 1115.3234 s
 Time Step:  364200, Simulation Time: 1115.6173 s
 Time Step:  364300, Simulation Time: 1115.9118 s
 Time Step:  364400, Simulation Time: 1116.2044 s
 Time Step:  364500, Simulation Time: 1116.4943 s
 Time Step:  364600, Simulation Time: 1116.7771 s
 Time Step:  364700, Simulation Time: 1117.0534 s
 Time Step:  364800, Simulation Time: 1117.3527 s
 Time Step:  364900, Simulation Time: 1117.6352 s
 Time Step:  365000, Simulation Time: 1117.9247 s
 Time Step:  365100, Simulation Time: 1118.2142 s
 Time Step:  365200, Simulation Time: 1118.5042 s
 Time Step:  365300, Simulation Time: 1118.7918 s
 Time Step:  365400, Simulation Time: 1119.0848 s
 Time Step:  365500, Simulation Time: 1119.3757 s
 Time Step:  365600, Simulation Time: 1119.6622 s
 Time Step:  365700, Simulation Time: 1119.9483 s
 Time Step:  365800, Simulation Time: 1120.2307 s
 Time Step:  365900, Simulation Time: 1120.5252 s
 Time Step:  366000, Simulation Time: 1120.8123 s
 Time Step:  366100, Simulation Time: 1121.0917 s
 Time Step:  366200, Simulation Time: 1121.3802 s
 Time Step:  366300, Simulation Time: 1121.6758 s
 Time Step:  366400, Simulation Time: 1121.9701 s
 Time Step:  366500, Simulation Time: 1122.2607 s
 Time Step:  366600, Simulation Time: 1122.5434 s
 Time Step:  366700, Simulation Time: 1122.8174 s
 Time Step:  366800, Simulation Time: 1123.0974 s
 Time Step:  366900, Simulation Time: 1123.3871 s
 Time Step:  367000, Simulation Time: 1123.6746 s
 Time Step:  367100, Simulation Time: 1123.9592 s
 Time Step:  367200, Simulation Time: 1124.2540 s
 Time Step:  367300, Simulation Time: 1124.5397 s
 Time Step:  367400, Simulation Time: 1124.8307 s
 Time Step:  367500, Simulation Time: 1125.1275 s
 Time Step:  367600, Simulation Time: 1125.4214 s
 Time Step:  367700, Simulation Time: 1125.7021 s
 Time Step:  367800, Simulation Time: 1125.9909 s
 Time Step:  367900, Simulation Time: 1126.2943 s
 Time Step:  368000, Simulation Time: 1126.5921 s
 Time Step:  368100, Simulation Time: 1126.8844 s
 Time Step:  368200, Simulation Time: 1127.1655 s
 Time Step:  368300, Simulation Time: 1127.4386 s
 Time Step:  368400, Simulation Time: 1127.7318 s
 Time Step:  368500, Simulation Time: 1128.0232 s
 Time Step:  368600, Simulation Time: 1128.3102 s
 Time Step:  368700, Simulation Time: 1128.5895 s
 Time Step:  368800, Simulation Time: 1128.8688 s
 Time Step:  368900, Simulation Time: 1129.1343 s
 Time Step:  369000, Simulation Time: 1129.4237 s
 Time Step:  369100, Simulation Time: 1129.7122 s
 Time Step:  369200, Simulation Time: 1129.9862 s
 Time Step:  369300, Simulation Time: 1130.2756 s
 Time Step:  369400, Simulation Time: 1130.5551 s
 Time Step:  369500, Simulation Time: 1130.8343 s
 Time Step:  369600, Simulation Time: 1131.1097 s
 Time Step:  369700, Simulation Time: 1131.4039 s
 Time Step:  369800, Simulation Time: 1131.6935 s
 Time Step:  369900, Simulation Time: 1131.9846 s
 Time Step:  370000, Simulation Time: 1132.2623 s
 Time Step:  370100, Simulation Time: 1132.5518 s
 Time Step:  370200, Simulation Time: 1132.8387 s
 Time Step:  370300, Simulation Time: 1133.1285 s
 Time Step:  370400, Simulation Time: 1133.4185 s
 Time Step:  370500, Simulation Time: 1133.7034 s
 Time Step:  370600, Simulation Time: 1133.9995 s
 Time Step:  370700, Simulation Time: 1134.2919 s
 Time Step:  370800, Simulation Time: 1134.5913 s
 Time Step:  370900, Simulation Time: 1134.8866 s
 Time Step:  371000, Simulation Time: 1135.1913 s
 Time Step:  371100, Simulation Time: 1135.4875 s
 Time Step:  371200, Simulation Time: 1135.7820 s
 Time Step:  371300, Simulation Time: 1136.0842 s
 Time Step:  371400, Simulation Time: 1136.3677 s
 Time Step:  371500, Simulation Time: 1136.6610 s
 Time Step:  371600, Simulation Time: 1136.9566 s
 Time Step:  371700, Simulation Time: 1137.2552 s
 Time Step:  371800, Simulation Time: 1137.5515 s
 Time Step:  371900, Simulation Time: 1137.8427 s
 Time Step:  372000, Simulation Time: 1138.1335 s
 Time Step:  372100, Simulation Time: 1138.4239 s
 Time Step:  372200, Simulation Time: 1138.7100 s
 Time Step:  372300, Simulation Time: 1139.0073 s
 Time Step:  372400, Simulation Time: 1139.2902 s
 Time Step:  372500, Simulation Time: 1139.5673 s
 Time Step:  372600, Simulation Time: 1139.8531 s
 Time Step:  372700, Simulation Time: 1140.1375 s
 Time Step:  372800, Simulation Time: 1140.4308 s
 Time Step:  372900, Simulation Time: 1140.7152 s
 Time Step:  373000, Simulation Time: 1140.9979 s
 Time Step:  373100, Simulation Time: 1141.2952 s
 Time Step:  373200, Simulation Time: 1141.5931 s
 Time Step:  373300, Simulation Time: 1141.8809 s
 Time Step:  373400, Simulation Time: 1142.1629 s
 Time Step:  373500, Simulation Time: 1142.4355 s
 Time Step:  373600, Simulation Time: 1142.7304 s
 Time Step:  373700, Simulation Time: 1143.0092 s
 Time Step:  373800, Simulation Time: 1143.3052 s
 Time Step:  373900, Simulation Time: 1143.5839 s
 Time Step:  374000, Simulation Time: 1143.8553 s
 Time Step:  374100, Simulation Time: 1144.1271 s
 Time Step:  374200, Simulation Time: 1144.4105 s
 Time Step:  374300, Simulation Time: 1144.7004 s
 Time Step:  374400, Simulation Time: 1144.9917 s
 Time Step:  374500, Simulation Time: 1145.2701 s
 Time Step:  374600, Simulation Time: 1145.5682 s
 Time Step:  374700, Simulation Time: 1145.8486 s
 Time Step:  374800, Simulation Time: 1146.1398 s
 Time Step:  374900, Simulation Time: 1146.4353 s
 Time Step:  375000, Simulation Time: 1146.7247 s
 Time Step:  375100, Simulation Time: 1147.0182 s
 Time Step:  375200, Simulation Time: 1147.3111 s
 Time Step:  375300, Simulation Time: 1147.6057 s
 Time Step:  375400, Simulation Time: 1147.8940 s
 Time Step:  375500, Simulation Time: 1148.1754 s
 Time Step:  375600, Simulation Time: 1148.4542 s
 Time Step:  375700, Simulation Time: 1148.7375 s
 Time Step:  375800, Simulation Time: 1149.0262 s
 Time Step:  375900, Simulation Time: 1149.3113 s
 Time Step:  376000, Simulation Time: 1149.6046 s
 Time Step:  376100, Simulation Time: 1149.8825 s
 Time Step:  376200, Simulation Time: 1150.1768 s
 Time Step:  376300, Simulation Time: 1150.4606 s
 Time Step:  376400, Simulation Time: 1150.7573 s
 Time Step:  376500, Simulation Time: 1151.0525 s
 Time Step:  376600, Simulation Time: 1151.3386 s
 Time Step:  376700, Simulation Time: 1151.6152 s
 Time Step:  376800, Simulation Time: 1151.8926 s
 Time Step:  376900, Simulation Time: 1152.1683 s
 Time Step:  377000, Simulation Time: 1152.4548 s
 Time Step:  377100, Simulation Time: 1152.7395 s
 Time Step:  377200, Simulation Time: 1153.0179 s
 Time Step:  377300, Simulation Time: 1153.2960 s
 Time Step:  377400, Simulation Time: 1153.5849 s
 Time Step:  377500, Simulation Time: 1153.8715 s
 Time Step:  377600, Simulation Time: 1154.1548 s
 Time Step:  377700, Simulation Time: 1154.4414 s
 Time Step:  377800, Simulation Time: 1154.7330 s
 Time Step:  377900, Simulation Time: 1155.0313 s
 Time Step:  378000, Simulation Time: 1155.3355 s
 Time Step:  378100, Simulation Time: 1155.6369 s
 Time Step:  378200, Simulation Time: 1155.9206 s
 Time Step:  378300, Simulation Time: 1156.2153 s
 Time Step:  378400, Simulation Time: 1156.5024 s
 Time Step:  378500, Simulation Time: 1156.7913 s
 Time Step:  378600, Simulation Time: 1157.0762 s
 Time Step:  378700, Simulation Time: 1157.3609 s
 Time Step:  378800, Simulation Time: 1157.6409 s
 Time Step:  378900, Simulation Time: 1157.9189 s
 Time Step:  379000, Simulation Time: 1158.1911 s
 Time Step:  379100, Simulation Time: 1158.4667 s
 Time Step:  379200, Simulation Time: 1158.7414 s
 Time Step:  379300, Simulation Time: 1159.0321 s
 Time Step:  379400, Simulation Time: 1159.3232 s
 Time Step:  379500, Simulation Time: 1159.6106 s
 Time Step:  379600, Simulation Time: 1159.8962 s
 Time Step:  379700, Simulation Time: 1160.1800 s
 Time Step:  379800, Simulation Time: 1160.4559 s
 Time Step:  379900, Simulation Time: 1160.7400 s
 Time Step:  380000, Simulation Time: 1161.0272 s
 Time Step:  380100, Simulation Time: 1161.3192 s
 Time Step:  380200, Simulation Time: 1161.6120 s
 Time Step:  380300, Simulation Time: 1161.9162 s
 Time Step:  380400, Simulation Time: 1162.2184 s
 Time Step:  380500, Simulation Time: 1162.5105 s
 Time Step:  380600, Simulation Time: 1162.7966 s
 Time Step:  380700, Simulation Time: 1163.0837 s
 Time Step:  380800, Simulation Time: 1163.3760 s
 Time Step:  380900, Simulation Time: 1163.6670 s
 Time Step:  381000, Simulation Time: 1163.9692 s
 Time Step:  381100, Simulation Time: 1164.2635 s
 Time Step:  381200, Simulation Time: 1164.5457 s
 Time Step:  381300, Simulation Time: 1164.8340 s
 Time Step:  381400, Simulation Time: 1165.1227 s
 Time Step:  381500, Simulation Time: 1165.4189 s
 Time Step:  381600, Simulation Time: 1165.7186 s
 Time Step:  381700, Simulation Time: 1166.0239 s
 Time Step:  381800, Simulation Time: 1166.3108 s
 Time Step:  381900, Simulation Time: 1166.6148 s
 Time Step:  382000, Simulation Time: 1166.9080 s
 Time Step:  382100, Simulation Time: 1167.1938 s
 Time Step:  382200, Simulation Time: 1167.4786 s
 Time Step:  382300, Simulation Time: 1167.7717 s
 Time Step:  382400, Simulation Time: 1168.0560 s
 Time Step:  382500, Simulation Time: 1168.3446 s
 Time Step:  382600, Simulation Time: 1168.6357 s
 Time Step:  382700, Simulation Time: 1168.9272 s
 Time Step:  382800, Simulation Time: 1169.2144 s
 Time Step:  382900, Simulation Time: 1169.5046 s
 Time Step:  383000, Simulation Time: 1169.7965 s
 Time Step:  383100, Simulation Time: 1170.0917 s
 Time Step:  383200, Simulation Time: 1170.3856 s
 Time Step:  383300, Simulation Time: 1170.6698 s
 Time Step:  383400, Simulation Time: 1170.9414 s
 Time Step:  383500, Simulation Time: 1171.2271 s
 Time Step:  383600, Simulation Time: 1171.5118 s
 Time Step:  383700, Simulation Time: 1171.7854 s
 Time Step:  383800, Simulation Time: 1172.0796 s
 Time Step:  383900, Simulation Time: 1172.3654 s
 Time Step:  384000, Simulation Time: 1172.6487 s
 Time Step:  384100, Simulation Time: 1172.9490 s
 Time Step:  384200, Simulation Time: 1173.2396 s
 Time Step:  384300, Simulation Time: 1173.5306 s
 Time Step:  384400, Simulation Time: 1173.8165 s
 Time Step:  384500, Simulation Time: 1174.0958 s
 Time Step:  384600, Simulation Time: 1174.3819 s
 Time Step:  384700, Simulation Time: 1174.6736 s
 Time Step:  384800, Simulation Time: 1174.9587 s
 Time Step:  384900, Simulation Time: 1175.2451 s
 Time Step:  385000, Simulation Time: 1175.5303 s
 Time Step:  385100, Simulation Time: 1175.8160 s
 Time Step:  385200, Simulation Time: 1176.1024 s
 Time Step:  385300, Simulation Time: 1176.3830 s
 Time Step:  385400, Simulation Time: 1176.6545 s
 Time Step:  385500, Simulation Time: 1176.9381 s
 Time Step:  385600, Simulation Time: 1177.2170 s
 Time Step:  385700, Simulation Time: 1177.4883 s
 Time Step:  385800, Simulation Time: 1177.7764 s
 Time Step:  385900, Simulation Time: 1178.0560 s
 Time Step:  386000, Simulation Time: 1178.3432 s
 Time Step:  386100, Simulation Time: 1178.6401 s
 Time Step:  386200, Simulation Time: 1178.9268 s
 Time Step:  386300, Simulation Time: 1179.2234 s
 Time Step:  386400, Simulation Time: 1179.5107 s
 Time Step:  386500, Simulation Time: 1179.8084 s
 Time Step:  386600, Simulation Time: 1180.1061 s
 Time Step:  386700, Simulation Time: 1180.3931 s
 Time Step:  386800, Simulation Time: 1180.6870 s
 Time Step:  386900, Simulation Time: 1180.9857 s
 Time Step:  387000, Simulation Time: 1181.2745 s
 Time Step:  387100, Simulation Time: 1181.5591 s
 Time Step:  387200, Simulation Time: 1181.8488 s
 Time Step:  387300, Simulation Time: 1182.1321 s
 Time Step:  387400, Simulation Time: 1182.4184 s
 Time Step:  387500, Simulation Time: 1182.7153 s
 Time Step:  387600, Simulation Time: 1183.0064 s
 Time Step:  387700, Simulation Time: 1183.3015 s
 Time Step:  387800, Simulation Time: 1183.6003 s
 Time Step:  387900, Simulation Time: 1183.9006 s
 Time Step:  388000, Simulation Time: 1184.1812 s
 Time Step:  388100, Simulation Time: 1184.4615 s
 Time Step:  388200, Simulation Time: 1184.7468 s
 Time Step:  388300, Simulation Time: 1185.0432 s
 Time Step:  388400, Simulation Time: 1185.3257 s
 Time Step:  388500, Simulation Time: 1185.6174 s
 Time Step:  388600, Simulation Time: 1185.9257 s
 Time Step:  388700, Simulation Time: 1186.2237 s
 Time Step:  388800, Simulation Time: 1186.5145 s
 Time Step:  388900, Simulation Time: 1186.8039 s
 Time Step:  389000, Simulation Time: 1187.0881 s
 Time Step:  389100, Simulation Time: 1187.3773 s
 Time Step:  389200, Simulation Time: 1187.6714 s
 Time Step:  389300, Simulation Time: 1187.9648 s
 Time Step:  389400, Simulation Time: 1188.2535 s
 Time Step:  389500, Simulation Time: 1188.5388 s
 Time Step:  389600, Simulation Time: 1188.8193 s
 Time Step:  389700, Simulation Time: 1189.1061 s
 Time Step:  389800, Simulation Time: 1189.3958 s
 Time Step:  389900, Simulation Time: 1189.6922 s
 Time Step:  390000, Simulation Time: 1189.9901 s
 Time Step:  390100, Simulation Time: 1190.2732 s
 Time Step:  390200, Simulation Time: 1190.5600 s
 Time Step:  390300, Simulation Time: 1190.8457 s
 Time Step:  390400, Simulation Time: 1191.1325 s
 Time Step:  390500, Simulation Time: 1191.4152 s
 Time Step:  390600, Simulation Time: 1191.7035 s
 Time Step:  390700, Simulation Time: 1191.9953 s
 Time Step:  390800, Simulation Time: 1192.2827 s
 Time Step:  390900, Simulation Time: 1192.5669 s
 Time Step:  391000, Simulation Time: 1192.8590 s
 Time Step:  391100, Simulation Time: 1193.1517 s
 Time Step:  391200, Simulation Time: 1193.4421 s
 Time Step:  391300, Simulation Time: 1193.7326 s
 Time Step:  391400, Simulation Time: 1194.0196 s
 Time Step:  391500, Simulation Time: 1194.3108 s
 Time Step:  391600, Simulation Time: 1194.6015 s
 Time Step:  391700, Simulation Time: 1194.8965 s
 Time Step:  391800, Simulation Time: 1195.1886 s
 Time Step:  391900, Simulation Time: 1195.4718 s
 Time Step:  392000, Simulation Time: 1195.7618 s
 Time Step:  392100, Simulation Time: 1196.0479 s
 Time Step:  392200, Simulation Time: 1196.3345 s
 Time Step:  392300, Simulation Time: 1196.6187 s
 Time Step:  392400, Simulation Time: 1196.9083 s
 Time Step:  392500, Simulation Time: 1197.1824 s
 Time Step:  392600, Simulation Time: 1197.4660 s
 Time Step:  392700, Simulation Time: 1197.7583 s
 Time Step:  392800, Simulation Time: 1198.0519 s
 Time Step:  392900, Simulation Time: 1198.3546 s
 Time Step:  393000, Simulation Time: 1198.6451 s
 Time Step:  393100, Simulation Time: 1198.9202 s
 Time Step:  393200, Simulation Time: 1199.2041 s
 Time Step:  393300, Simulation Time: 1199.4788 s
 Time Step:  393400, Simulation Time: 1199.7523 s
 Time Step:  393500, Simulation Time: 1200.0388 s
 Time Step:  393600, Simulation Time: 1200.3189 s
 Time Step:  393700, Simulation Time: 1200.5943 s
 Time Step:  393800, Simulation Time: 1200.8674 s
 Time Step:  393900, Simulation Time: 1201.1510 s
 Time Step:  394000, Simulation Time: 1201.4318 s
 Time Step:  394100, Simulation Time: 1201.7203 s
 Time Step:  394200, Simulation Time: 1202.0195 s
 Time Step:  394300, Simulation Time: 1202.3175 s
 Time Step:  394400, Simulation Time: 1202.6041 s
 Time Step:  394500, Simulation Time: 1202.8959 s
 Time Step:  394600, Simulation Time: 1203.1737 s
 Time Step:  394700, Simulation Time: 1203.4683 s
 Time Step:  394800, Simulation Time: 1203.7654 s
 Time Step:  394900, Simulation Time: 1204.0571 s
 Time Step:  395000, Simulation Time: 1204.3368 s
 Time Step:  395100, Simulation Time: 1204.6252 s
 Time Step:  395200, Simulation Time: 1204.9213 s
 Time Step:  395300, Simulation Time: 1205.1895 s
 Time Step:  395400, Simulation Time: 1205.4735 s
 Time Step:  395500, Simulation Time: 1205.7665 s
 Time Step:  395600, Simulation Time: 1206.0555 s
 Time Step:  395700, Simulation Time: 1206.3426 s
 Time Step:  395800, Simulation Time: 1206.6259 s
 Time Step:  395900, Simulation Time: 1206.9160 s
 Time Step:  396000, Simulation Time: 1207.2092 s
 Time Step:  396100, Simulation Time: 1207.5009 s
 Time Step:  396200, Simulation Time: 1207.7852 s
 Time Step:  396300, Simulation Time: 1208.0792 s
 Time Step:  396400, Simulation Time: 1208.3540 s
 Time Step:  396500, Simulation Time: 1208.6409 s
 Time Step:  396600, Simulation Time: 1208.9213 s
 Time Step:  396700, Simulation Time: 1209.2103 s
 Time Step:  396800, Simulation Time: 1209.4965 s
 Time Step:  396900, Simulation Time: 1209.7957 s
 Time Step:  397000, Simulation Time: 1210.0927 s
 Time Step:  397100, Simulation Time: 1210.3793 s
 Time Step:  397200, Simulation Time: 1210.6524 s
 Time Step:  397300, Simulation Time: 1210.9339 s
 Time Step:  397400, Simulation Time: 1211.2132 s
 Time Step:  397500, Simulation Time: 1211.4891 s
 Time Step:  397600, Simulation Time: 1211.7769 s
 Time Step:  397700, Simulation Time: 1212.0539 s
 Time Step:  397800, Simulation Time: 1212.3329 s
 Time Step:  397900, Simulation Time: 1212.6157 s
 Time Step:  398000, Simulation Time: 1212.8928 s
 Time Step:  398100, Simulation Time: 1213.1886 s
 Time Step:  398200, Simulation Time: 1213.4845 s
 Time Step:  398300, Simulation Time: 1213.7766 s
 Time Step:  398400, Simulation Time: 1214.0669 s
 Time Step:  398500, Simulation Time: 1214.3564 s
 Time Step:  398600, Simulation Time: 1214.6446 s
 Time Step:  398700, Simulation Time: 1214.9352 s
 Time Step:  398800, Simulation Time: 1215.2268 s
 Time Step:  398900, Simulation Time: 1215.5103 s
 Time Step:  399000, Simulation Time: 1215.8013 s
 Time Step:  399100, Simulation Time: 1216.0855 s
 Time Step:  399200, Simulation Time: 1216.3902 s
 Time Step:  399300, Simulation Time: 1216.6760 s
 Time Step:  399400, Simulation Time: 1216.9584 s
 Time Step:  399500, Simulation Time: 1217.2487 s
 Time Step:  399600, Simulation Time: 1217.5227 s
 Time Step:  399700, Simulation Time: 1217.8031 s
 Time Step:  399800, Simulation Time: 1218.0814 s
 Time Step:  399900, Simulation Time: 1218.3608 s
 Time Step:  400000, Simulation Time: 1218.6522 s
 Time Step:  400100, Simulation Time: 1218.9209 s
 Time Step:  400200, Simulation Time: 1219.1941 s
 Time Step:  400300, Simulation Time: 1219.4772 s
 Time Step:  400400, Simulation Time: 1219.7619 s
 Time Step:  400500, Simulation Time: 1220.0615 s
 Time Step:  400600, Simulation Time: 1220.3568 s
 Time Step:  400700, Simulation Time: 1220.6468 s
 Time Step:  400800, Simulation Time: 1220.9243 s
 Time Step:  400900, Simulation Time: 1221.2082 s
 Time Step:  401000, Simulation Time: 1221.4928 s
 Time Step:  401100, Simulation Time: 1221.7696 s
 Time Step:  401200, Simulation Time: 1222.0376 s
 Time Step:  401300, Simulation Time: 1222.3116 s
 Time Step:  401400, Simulation Time: 1222.5990 s
 Time Step:  401500, Simulation Time: 1222.8904 s
 Time Step:  401600, Simulation Time: 1223.1896 s
 Time Step:  401700, Simulation Time: 1223.4895 s
 Time Step:  401800, Simulation Time: 1223.7805 s
 Time Step:  401900, Simulation Time: 1224.0744 s
 Time Step:  402000, Simulation Time: 1224.3508 s
 Time Step:  402100, Simulation Time: 1224.6335 s
 Time Step:  402200, Simulation Time: 1224.9275 s
 Time Step:  402300, Simulation Time: 1225.2181 s
 Time Step:  402400, Simulation Time: 1225.5096 s
 Time Step:  402500, Simulation Time: 1225.7987 s
 Time Step:  402600, Simulation Time: 1226.0851 s
 Time Step:  402700, Simulation Time: 1226.3843 s
 Time Step:  402800, Simulation Time: 1226.6853 s
 Time Step:  402900, Simulation Time: 1226.9675 s
 Time Step:  403000, Simulation Time: 1227.2543 s
 Time Step:  403100, Simulation Time: 1227.5483 s
 Time Step:  403200, Simulation Time: 1227.8483 s
 Time Step:  403300, Simulation Time: 1228.1353 s
 Time Step:  403400, Simulation Time: 1228.4147 s
 Time Step:  403500, Simulation Time: 1228.6857 s
 Time Step:  403600, Simulation Time: 1228.9558 s
 Time Step:  403700, Simulation Time: 1229.2409 s
 Time Step:  403800, Simulation Time: 1229.5292 s
 Time Step:  403900, Simulation Time: 1229.8247 s
 Time Step:  404000, Simulation Time: 1230.1086 s
 Time Step:  404100, Simulation Time: 1230.3918 s
 Time Step:  404200, Simulation Time: 1230.6738 s
 Time Step:  404300, Simulation Time: 1230.9654 s
 Time Step:  404400, Simulation Time: 1231.2429 s
 Time Step:  404500, Simulation Time: 1231.5159 s
 Time Step:  404600, Simulation Time: 1231.7877 s
 Time Step:  404700, Simulation Time: 1232.0637 s
 Time Step:  404800, Simulation Time: 1232.3479 s
 Time Step:  404900, Simulation Time: 1232.6166 s
 Time Step:  405000, Simulation Time: 1232.8906 s
 Time Step:  405100, Simulation Time: 1233.1939 s
 Time Step:  405200, Simulation Time: 1233.4849 s
 Time Step:  405300, Simulation Time: 1233.7611 s
 Time Step:  405400, Simulation Time: 1234.0526 s
 Time Step:  405500, Simulation Time: 1234.3444 s
 Time Step:  405600, Simulation Time: 1234.6328 s
 Time Step:  405700, Simulation Time: 1234.9082 s
 Time Step:  405800, Simulation Time: 1235.1825 s
 Time Step:  405900, Simulation Time: 1235.4668 s
 Time Step:  406000, Simulation Time: 1235.7412 s
 Time Step:  406100, Simulation Time: 1236.0181 s
 Time Step:  406200, Simulation Time: 1236.2905 s
 Time Step:  406300, Simulation Time: 1236.5671 s
 Time Step:  406400, Simulation Time: 1236.8659 s
 Time Step:  406500, Simulation Time: 1237.1464 s
 Time Step:  406600, Simulation Time: 1237.4172 s
 Time Step:  406700, Simulation Time: 1237.7051 s
 Time Step:  406800, Simulation Time: 1237.9876 s
 Time Step:  406900, Simulation Time: 1238.2809 s
 Time Step:  407000, Simulation Time: 1238.5549 s
 Time Step:  407100, Simulation Time: 1238.8268 s
 Time Step:  407200, Simulation Time: 1239.0950 s
 Time Step:  407300, Simulation Time: 1239.3767 s
 Time Step:  407400, Simulation Time: 1239.6472 s
 Time Step:  407500, Simulation Time: 1239.9198 s
 Time Step:  407600, Simulation Time: 1240.1890 s
 Time Step:  407700, Simulation Time: 1240.4751 s
 Time Step:  407800, Simulation Time: 1240.7622 s
 Time Step:  407900, Simulation Time: 1241.0569 s
 Time Step:  408000, Simulation Time: 1241.3413 s
 Time Step:  408100, Simulation Time: 1241.6188 s
 Time Step:  408200, Simulation Time: 1241.8876 s
 Time Step:  408300, Simulation Time: 1242.1570 s
 Time Step:  408400, Simulation Time: 1242.4389 s
 Time Step:  408500, Simulation Time: 1242.7133 s
 Time Step:  408600, Simulation Time: 1242.9870 s
 Time Step:  408700, Simulation Time: 1243.2642 s
 Time Step:  408800, Simulation Time: 1243.5448 s
 Time Step:  408900, Simulation Time: 1243.8197 s
 Time Step:  409000, Simulation Time: 1244.1000 s
 Time Step:  409100, Simulation Time: 1244.4024 s
 Time Step:  409200, Simulation Time: 1244.7054 s
 Time Step:  409300, Simulation Time: 1244.9902 s
 Time Step:  409400, Simulation Time: 1245.2772 s
 Time Step:  409500, Simulation Time: 1245.5622 s
 Time Step:  409600, Simulation Time: 1245.8465 s
 Time Step:  409700, Simulation Time: 1246.1249 s
 Time Step:  409800, Simulation Time: 1246.4153 s
 Time Step:  409900, Simulation Time: 1246.6917 s
 Time Step:  410000, Simulation Time: 1246.9918 s
 Time Step:  410100, Simulation Time: 1247.2817 s
 Time Step:  410200, Simulation Time: 1247.5743 s
 Time Step:  410300, Simulation Time: 1247.8652 s
 Time Step:  410400, Simulation Time: 1248.1468 s
 Time Step:  410500, Simulation Time: 1248.4337 s
 Time Step:  410600, Simulation Time: 1248.7208 s
 Time Step:  410700, Simulation Time: 1249.0140 s
 Time Step:  410800, Simulation Time: 1249.3066 s
 Time Step:  410900, Simulation Time: 1249.5901 s
 Time Step:  411000, Simulation Time: 1249.8676 s
 Time Step:  411100, Simulation Time: 1250.1495 s
 Time Step:  411200, Simulation Time: 1250.4279 s
 Time Step:  411300, Simulation Time: 1250.7108 s
 Time Step:  411400, Simulation Time: 1250.9840 s
 Time Step:  411500, Simulation Time: 1251.2832 s
 Time Step:  411600, Simulation Time: 1251.5747 s
 Time Step:  411700, Simulation Time: 1251.8538 s
 Time Step:  411800, Simulation Time: 1252.1376 s
 Time Step:  411900, Simulation Time: 1252.4324 s
 Time Step:  412000, Simulation Time: 1252.7348 s
 Time Step:  412100, Simulation Time: 1253.0181 s
 Time Step:  412200, Simulation Time: 1253.2853 s
 Time Step:  412300, Simulation Time: 1253.5619 s
 Time Step:  412400, Simulation Time: 1253.8396 s
 Time Step:  412500, Simulation Time: 1254.1401 s
 Time Step:  412600, Simulation Time: 1254.4340 s
 Time Step:  412700, Simulation Time: 1254.7336 s
 Time Step:  412800, Simulation Time: 1255.0243 s
 Time Step:  412900, Simulation Time: 1255.3050 s
 Time Step:  413000, Simulation Time: 1255.5927 s
 Time Step:  413100, Simulation Time: 1255.8850 s
 Time Step:  413200, Simulation Time: 1256.1812 s
 Time Step:  413300, Simulation Time: 1256.4723 s
 Time Step:  413400, Simulation Time: 1256.7565 s
 Time Step:  413500, Simulation Time: 1257.0300 s
 Time Step:  413600, Simulation Time: 1257.2994 s
 Time Step:  413700, Simulation Time: 1257.5742 s
 Time Step:  413800, Simulation Time: 1257.8501 s
 Time Step:  413900, Simulation Time: 1258.1281 s
 Time Step:  414000, Simulation Time: 1258.4133 s
 Time Step:  414100, Simulation Time: 1258.6931 s
 Time Step:  414200, Simulation Time: 1258.9798 s
 Time Step:  414300, Simulation Time: 1259.2578 s
 Time Step:  414400, Simulation Time: 1259.5409 s
 Time Step:  414500, Simulation Time: 1259.8226 s
 Time Step:  414600, Simulation Time: 1260.1097 s
 Time Step:  414700, Simulation Time: 1260.3910 s
 Time Step:  414800, Simulation Time: 1260.6763 s
 Time Step:  414900, Simulation Time: 1260.9689 s
 Time Step:  415000, Simulation Time: 1261.2633 s
 Time Step:  415100, Simulation Time: 1261.5365 s
 Time Step:  415200, Simulation Time: 1261.8196 s
 Time Step:  415300, Simulation Time: 1262.0893 s
 Time Step:  415400, Simulation Time: 1262.3766 s
 Time Step:  415500, Simulation Time: 1262.6603 s
 Time Step:  415600, Simulation Time: 1262.9405 s
 Time Step:  415700, Simulation Time: 1263.2202 s
 Time Step:  415800, Simulation Time: 1263.4960 s
 Time Step:  415900, Simulation Time: 1263.7827 s
 Time Step:  416000, Simulation Time: 1264.0630 s
 Time Step:  416100, Simulation Time: 1264.3386 s
 Time Step:  416200, Simulation Time: 1264.6139 s
 Time Step:  416300, Simulation Time: 1264.8860 s
 Time Step:  416400, Simulation Time: 1265.1631 s
 Time Step:  416500, Simulation Time: 1265.4423 s
 Time Step:  416600, Simulation Time: 1265.7356 s
 Time Step:  416700, Simulation Time: 1266.0140 s
 Time Step:  416800, Simulation Time: 1266.2770 s
 Time Step:  416900, Simulation Time: 1266.5502 s
 Time Step:  417000, Simulation Time: 1266.8320 s
 Time Step:  417100, Simulation Time: 1267.1181 s
 Time Step:  417200, Simulation Time: 1267.4003 s
 Time Step:  417300, Simulation Time: 1267.6774 s
 Time Step:  417400, Simulation Time: 1267.9555 s
 Time Step:  417500, Simulation Time: 1268.2381 s
 Time Step:  417600, Simulation Time: 1268.5296 s
 Time Step:  417700, Simulation Time: 1268.8284 s
 Time Step:  417800, Simulation Time: 1269.1128 s
 Time Step:  417900, Simulation Time: 1269.3973 s
 Time Step:  418000, Simulation Time: 1269.6811 s
 Time Step:  418100, Simulation Time: 1269.9675 s
 Time Step:  418200, Simulation Time: 1270.2447 s
 Time Step:  418300, Simulation Time: 1270.5261 s
 Time Step:  418400, Simulation Time: 1270.8060 s
 Time Step:  418500, Simulation Time: 1271.0916 s
 Time Step:  418600, Simulation Time: 1271.3729 s
 Time Step:  418700, Simulation Time: 1271.6581 s
 Time Step:  418800, Simulation Time: 1271.9383 s
 Time Step:  418900, Simulation Time: 1272.2171 s
 Time Step:  419000, Simulation Time: 1272.4869 s
 Time Step:  419100, Simulation Time: 1272.7561 s
 Time Step:  419200, Simulation Time: 1273.0318 s
 Time Step:  419300, Simulation Time: 1273.3098 s
 Time Step:  419400, Simulation Time: 1273.5947 s
 Time Step:  419500, Simulation Time: 1273.8782 s
 Time Step:  419600, Simulation Time: 1274.1464 s
 Time Step:  419700, Simulation Time: 1274.4291 s
 Time Step:  419800, Simulation Time: 1274.7176 s
 Time Step:  419900, Simulation Time: 1274.9896 s
 Time Step:  420000, Simulation Time: 1275.2640 s
 Time Step:  420100, Simulation Time: 1275.5433 s
 Time Step:  420200, Simulation Time: 1275.8286 s
 Time Step:  420300, Simulation Time: 1276.1092 s
 Time Step:  420400, Simulation Time: 1276.3868 s
 Time Step:  420500, Simulation Time: 1276.6622 s
 Time Step:  420600, Simulation Time: 1276.9459 s
 Time Step:  420700, Simulation Time: 1277.2246 s
 Time Step:  420800, Simulation Time: 1277.5049 s
 Time Step:  420900, Simulation Time: 1277.7922 s
 Time Step:  421000, Simulation Time: 1278.0706 s
 Time Step:  421100, Simulation Time: 1278.3485 s
 Time Step:  421200, Simulation Time: 1278.6242 s
 Time Step:  421300, Simulation Time: 1278.9014 s
 Time Step:  421400, Simulation Time: 1279.1924 s
 Time Step:  421500, Simulation Time: 1279.4856 s
 Time Step:  421600, Simulation Time: 1279.7691 s
 Time Step:  421700, Simulation Time: 1280.0458 s
 Time Step:  421800, Simulation Time: 1280.3220 s
 Time Step:  421900, Simulation Time: 1280.6148 s
 Time Step:  422000, Simulation Time: 1280.8909 s
 Time Step:  422100, Simulation Time: 1281.1676 s
 Time Step:  422200, Simulation Time: 1281.4489 s
 Time Step:  422300, Simulation Time: 1281.7258 s
 Time Step:  422400, Simulation Time: 1282.0206 s
 Time Step:  422500, Simulation Time: 1282.3118 s
 Time Step:  422600, Simulation Time: 1282.6082 s
 Time Step:  422700, Simulation Time: 1282.8909 s
 Time Step:  422800, Simulation Time: 1283.1747 s
 Time Step:  422900, Simulation Time: 1283.4525 s
 Time Step:  423000, Simulation Time: 1283.7209 s
 Time Step:  423100, Simulation Time: 1284.0049 s
 Time Step:  423200, Simulation Time: 1284.2908 s
 Time Step:  423300, Simulation Time: 1284.5816 s
 Time Step:  423400, Simulation Time: 1284.8619 s
 Time Step:  423500, Simulation Time: 1285.1431 s
 Time Step:  423600, Simulation Time: 1285.4174 s
 Time Step:  423700, Simulation Time: 1285.6974 s
 Time Step:  423800, Simulation Time: 1285.9860 s
 Time Step:  423900, Simulation Time: 1286.2717 s
 Time Step:  424000, Simulation Time: 1286.5767 s
 Time Step:  424100, Simulation Time: 1286.8561 s
 Time Step:  424200, Simulation Time: 1287.1360 s
 Time Step:  424300, Simulation Time: 1287.4135 s
 Time Step:  424400, Simulation Time: 1287.6976 s
 Time Step:  424500, Simulation Time: 1287.9830 s
 Time Step:  424600, Simulation Time: 1288.2676 s
 Time Step:  424700, Simulation Time: 1288.5547 s
 Time Step:  424800, Simulation Time: 1288.8340 s
 Time Step:  424900, Simulation Time: 1289.1195 s
 Time Step:  425000, Simulation Time: 1289.3999 s
 Time Step:  425100, Simulation Time: 1289.6768 s
 Time Step:  425200, Simulation Time: 1289.9633 s
 Time Step:  425300, Simulation Time: 1290.2439 s
 Time Step:  425400, Simulation Time: 1290.5256 s
 Time Step:  425500, Simulation Time: 1290.8308 s
 Time Step:  425600, Simulation Time: 1291.1313 s
 Time Step:  425700, Simulation Time: 1291.4269 s
 Time Step:  425800, Simulation Time: 1291.7160 s
 Time Step:  425900, Simulation Time: 1292.0012 s
 Time Step:  426000, Simulation Time: 1292.3008 s
 Time Step:  426100, Simulation Time: 1292.5953 s
 Time Step:  426200, Simulation Time: 1292.8880 s
 Time Step:  426300, Simulation Time: 1293.1796 s
 Time Step:  426400, Simulation Time: 1293.4742 s
 Time Step:  426500, Simulation Time: 1293.7659 s
 Time Step:  426600, Simulation Time: 1294.0616 s
 Time Step:  426700, Simulation Time: 1294.3444 s
 Time Step:  426800, Simulation Time: 1294.6163 s
 Time Step:  426900, Simulation Time: 1294.8949 s
 Time Step:  427000, Simulation Time: 1295.1825 s
 Time Step:  427100, Simulation Time: 1295.4649 s
 Time Step:  427200, Simulation Time: 1295.7449 s
 Time Step:  427300, Simulation Time: 1296.0213 s
 Time Step:  427400, Simulation Time: 1296.2984 s
 Time Step:  427500, Simulation Time: 1296.5928 s
 Time Step:  427600, Simulation Time: 1296.8902 s
 Time Step:  427700, Simulation Time: 1297.1781 s
 Time Step:  427800, Simulation Time: 1297.4647 s
 Time Step:  427900, Simulation Time: 1297.7543 s
 Time Step:  428000, Simulation Time: 1298.0364 s
 Time Step:  428100, Simulation Time: 1298.3122 s
 Time Step:  428200, Simulation Time: 1298.6024 s
 Time Step:  428300, Simulation Time: 1298.8882 s
 Time Step:  428400, Simulation Time: 1299.1771 s
 Time Step:  428500, Simulation Time: 1299.4709 s
 Time Step:  428600, Simulation Time: 1299.7663 s
 Time Step:  428700, Simulation Time: 1300.0538 s
 Time Step:  428800, Simulation Time: 1300.3388 s
 Time Step:  428900, Simulation Time: 1300.6347 s
 Time Step:  429000, Simulation Time: 1300.9161 s
 Time Step:  429100, Simulation Time: 1301.1965 s
 Time Step:  429200, Simulation Time: 1301.4791 s
 Time Step:  429300, Simulation Time: 1301.7489 s
 Time Step:  429400, Simulation Time: 1302.0268 s
 Time Step:  429500, Simulation Time: 1302.3020 s
 Time Step:  429600, Simulation Time: 1302.5725 s
 Time Step:  429700, Simulation Time: 1302.8480 s
 Time Step:  429800, Simulation Time: 1303.1281 s
 Time Step:  429900, Simulation Time: 1303.4029 s
 Time Step:  430000, Simulation Time: 1303.6877 s
 Time Step:  430100, Simulation Time: 1303.9653 s
 Time Step:  430200, Simulation Time: 1304.2471 s
 Time Step:  430300, Simulation Time: 1304.5168 s
 Time Step:  430400, Simulation Time: 1304.7969 s
 Time Step:  430500, Simulation Time: 1305.0844 s
 Time Step:  430600, Simulation Time: 1305.3742 s
 Time Step:  430700, Simulation Time: 1305.6664 s
 Time Step:  430800, Simulation Time: 1305.9494 s
 Time Step:  430900, Simulation Time: 1306.2337 s
 Time Step:  431000, Simulation Time: 1306.5297 s
 Time Step:  431100, Simulation Time: 1306.8202 s
 Time Step:  431200, Simulation Time: 1307.1183 s
 Time Step:  431300, Simulation Time: 1307.4140 s
 Time Step:  431400, Simulation Time: 1307.7036 s
 Time Step:  431500, Simulation Time: 1307.9883 s
 Time Step:  431600, Simulation Time: 1308.2770 s
 Time Step:  431700, Simulation Time: 1308.5705 s
 Time Step:  431800, Simulation Time: 1308.8474 s
 Time Step:  431900, Simulation Time: 1309.1215 s
 Time Step:  432000, Simulation Time: 1309.4051 s
 Time Step:  432100, Simulation Time: 1309.6900 s
 Time Step:  432200, Simulation Time: 1309.9667 s
 Time Step:  432300, Simulation Time: 1310.2614 s
 Time Step:  432400, Simulation Time: 1310.5427 s
 Time Step:  432500, Simulation Time: 1310.8377 s
 Time Step:  432600, Simulation Time: 1311.1162 s
 Time Step:  432700, Simulation Time: 1311.4024 s
 Time Step:  432800, Simulation Time: 1311.7009 s
 Time Step:  432900, Simulation Time: 1311.9821 s
 Time Step:  433000, Simulation Time: 1312.2690 s
 Time Step:  433100, Simulation Time: 1312.5514 s
 Time Step:  433200, Simulation Time: 1312.8327 s
 Time Step:  433300, Simulation Time: 1313.1372 s
 Time Step:  433400, Simulation Time: 1313.4352 s
 Time Step:  433500, Simulation Time: 1313.7230 s
 Time Step:  433600, Simulation Time: 1314.0028 s
 Time Step:  433700, Simulation Time: 1314.2842 s
 Time Step:  433800, Simulation Time: 1314.5670 s
 Time Step:  433900, Simulation Time: 1314.8439 s
 Time Step:  434000, Simulation Time: 1315.1283 s
 Time Step:  434100, Simulation Time: 1315.4132 s
 Time Step:  434200, Simulation Time: 1315.7068 s
 Time Step:  434300, Simulation Time: 1315.9952 s
 Time Step:  434400, Simulation Time: 1316.2754 s
 Time Step:  434500, Simulation Time: 1316.5695 s
 Time Step:  434600, Simulation Time: 1316.8541 s
 Time Step:  434700, Simulation Time: 1317.1482 s
 Time Step:  434800, Simulation Time: 1317.4347 s
 Time Step:  434900, Simulation Time: 1317.7159 s
 Time Step:  435000, Simulation Time: 1317.9986 s
 Time Step:  435100, Simulation Time: 1318.2798 s
 Time Step:  435200, Simulation Time: 1318.5650 s
 Time Step:  435300, Simulation Time: 1318.8407 s
 Time Step:  435400, Simulation Time: 1319.1166 s
 Time Step:  435500, Simulation Time: 1319.4166 s
 Time Step:  435600, Simulation Time: 1319.7170 s
 Time Step:  435700, Simulation Time: 1320.0064 s
 Time Step:  435800, Simulation Time: 1320.2975 s
 Time Step:  435900, Simulation Time: 1320.5802 s
 Time Step:  436000, Simulation Time: 1320.8577 s
 Time Step:  436100, Simulation Time: 1321.1483 s
 Time Step:  436200, Simulation Time: 1321.4453 s
 Time Step:  436300, Simulation Time: 1321.7387 s
 Time Step:  436400, Simulation Time: 1322.0295 s
 Time Step:  436500, Simulation Time: 1322.3251 s
 Time Step:  436600, Simulation Time: 1322.6159 s
 Time Step:  436700, Simulation Time: 1322.9093 s
 Time Step:  436800, Simulation Time: 1323.1999 s
 Time Step:  436900, Simulation Time: 1323.4815 s
 Time Step:  437000, Simulation Time: 1323.7601 s
 Time Step:  437100, Simulation Time: 1324.0403 s
 Time Step:  437200, Simulation Time: 1324.3220 s
 Time Step:  437300, Simulation Time: 1324.6121 s
 Time Step:  437400, Simulation Time: 1324.9034 s
 Time Step:  437500, Simulation Time: 1325.1936 s
 Time Step:  437600, Simulation Time: 1325.4870 s
 Time Step:  437700, Simulation Time: 1325.7797 s
 Time Step:  437800, Simulation Time: 1326.0715 s
 Time Step:  437900, Simulation Time: 1326.3566 s
 Time Step:  438000, Simulation Time: 1326.6344 s
 Time Step:  438100, Simulation Time: 1326.9083 s
 Time Step:  438200, Simulation Time: 1327.1776 s
 Time Step:  438300, Simulation Time: 1327.4525 s
 Time Step:  438400, Simulation Time: 1327.7288 s
 Time Step:  438500, Simulation Time: 1328.0045 s
 Time Step:  438600, Simulation Time: 1328.2866 s
 Time Step:  438700, Simulation Time: 1328.5657 s
 Time Step:  438800, Simulation Time: 1328.8391 s
 Time Step:  438900, Simulation Time: 1329.1273 s
 Time Step:  439000, Simulation Time: 1329.4057 s
 Time Step:  439100, Simulation Time: 1329.6879 s
 Time Step:  439200, Simulation Time: 1329.9630 s
 Time Step:  439300, Simulation Time: 1330.2503 s
 Time Step:  439400, Simulation Time: 1330.5356 s
 Time Step:  439500, Simulation Time: 1330.8277 s
 Time Step:  439600, Simulation Time: 1331.1135 s
 Time Step:  439700, Simulation Time: 1331.3840 s
 Time Step:  439800, Simulation Time: 1331.6740 s
 Time Step:  439900, Simulation Time: 1331.9649 s
 Time Step:  440000, Simulation Time: 1332.2498 s
 Time Step:  440100, Simulation Time: 1332.5447 s
 Time Step:  440200, Simulation Time: 1332.8352 s
 Time Step:  440300, Simulation Time: 1333.1237 s
 Time Step:  440400, Simulation Time: 1333.4189 s
 Time Step:  440500, Simulation Time: 1333.7161 s
 Time Step:  440600, Simulation Time: 1334.0024 s
 Time Step:  440700, Simulation Time: 1334.2735 s
 Time Step:  440800, Simulation Time: 1334.5604 s
 Time Step:  440900, Simulation Time: 1334.8422 s
 Time Step:  441000, Simulation Time: 1335.1257 s
 Time Step:  441100, Simulation Time: 1335.4019 s
 Time Step:  441200, Simulation Time: 1335.6854 s
 Time Step:  441300, Simulation Time: 1335.9688 s
 Time Step:  441400, Simulation Time: 1336.2673 s
 Time Step:  441500, Simulation Time: 1336.5576 s
 Time Step:  441600, Simulation Time: 1336.8469 s
 Time Step:  441700, Simulation Time: 1337.1246 s
 Time Step:  441800, Simulation Time: 1337.4140 s
 Time Step:  441900, Simulation Time: 1337.7046 s
 Time Step:  442000, Simulation Time: 1337.9863 s
 Time Step:  442100, Simulation Time: 1338.2782 s
 Time Step:  442200, Simulation Time: 1338.5690 s
 Time Step:  442300, Simulation Time: 1338.8586 s
 Time Step:  442400, Simulation Time: 1339.1476 s
 Time Step:  442500, Simulation Time: 1339.4268 s
 Time Step:  442600, Simulation Time: 1339.7112 s
 Time Step:  442700, Simulation Time: 1339.9902 s
 Time Step:  442800, Simulation Time: 1340.2736 s
 Time Step:  442900, Simulation Time: 1340.5690 s
 Time Step:  443000, Simulation Time: 1340.8626 s
 Time Step:  443100, Simulation Time: 1341.1643 s
 Time Step:  443200, Simulation Time: 1341.4567 s
 Time Step:  443300, Simulation Time: 1341.7464 s
 Time Step:  443400, Simulation Time: 1342.0432 s
 Time Step:  443500, Simulation Time: 1342.3502 s
 Time Step:  443600, Simulation Time: 1342.6270 s
 Time Step:  443700, Simulation Time: 1342.9172 s
 Time Step:  443800, Simulation Time: 1343.2113 s
 Time Step:  443900, Simulation Time: 1343.5005 s
 Time Step:  444000, Simulation Time: 1343.7885 s
 Time Step:  444100, Simulation Time: 1344.0713 s
 Time Step:  444200, Simulation Time: 1344.3491 s
 Time Step:  444300, Simulation Time: 1344.6319 s
 Time Step:  444400, Simulation Time: 1344.9071 s
 Time Step:  444500, Simulation Time: 1345.1873 s
 Time Step:  444600, Simulation Time: 1345.4648 s
 Time Step:  444700, Simulation Time: 1345.7490 s
 Time Step:  444800, Simulation Time: 1346.0348 s
 Time Step:  444900, Simulation Time: 1346.3078 s
 Time Step:  445000, Simulation Time: 1346.5886 s
 Time Step:  445100, Simulation Time: 1346.8710 s
 Time Step:  445200, Simulation Time: 1347.1584 s
 Time Step:  445300, Simulation Time: 1347.4530 s
 Time Step:  445400, Simulation Time: 1347.7296 s
 Time Step:  445500, Simulation Time: 1348.0043 s
 Time Step:  445600, Simulation Time: 1348.2952 s
 Time Step:  445700, Simulation Time: 1348.5864 s
 Time Step:  445800, Simulation Time: 1348.8710 s
 Time Step:  445900, Simulation Time: 1349.1506 s
 Time Step:  446000, Simulation Time: 1349.4337 s
 Time Step:  446100, Simulation Time: 1349.7242 s
 Time Step:  446200, Simulation Time: 1350.0183 s
 Time Step:  446300, Simulation Time: 1350.3214 s
 Time Step:  446400, Simulation Time: 1350.6168 s
 Time Step:  446500, Simulation Time: 1350.9098 s
 Time Step:  446600, Simulation Time: 1351.1991 s
 Time Step:  446700, Simulation Time: 1351.4875 s
 Time Step:  446800, Simulation Time: 1351.7646 s
 Time Step:  446900, Simulation Time: 1352.0429 s
 Time Step:  447000, Simulation Time: 1352.3132 s
 Time Step:  447100, Simulation Time: 1352.6014 s
 Time Step:  447200, Simulation Time: 1352.8850 s
 Time Step:  447300, Simulation Time: 1353.1673 s
 Time Step:  447400, Simulation Time: 1353.4382 s
 Time Step:  447500, Simulation Time: 1353.7290 s
 Time Step:  447600, Simulation Time: 1354.0223 s
 Time Step:  447700, Simulation Time: 1354.3034 s
 Time Step:  447800, Simulation Time: 1354.5882 s
 Time Step:  447900, Simulation Time: 1354.8818 s
 Time Step:  448000, Simulation Time: 1355.1762 s
 Time Step:  448100, Simulation Time: 1355.4542 s
 Time Step:  448200, Simulation Time: 1355.7445 s
 Time Step:  448300, Simulation Time: 1356.0249 s
 Time Step:  448400, Simulation Time: 1356.3001 s
 Time Step:  448500, Simulation Time: 1356.5728 s
 Time Step:  448600, Simulation Time: 1356.8530 s
 Time Step:  448700, Simulation Time: 1357.1189 s
 Time Step:  448800, Simulation Time: 1357.3958 s
 Time Step:  448900, Simulation Time: 1357.6859 s
 Time Step:  449000, Simulation Time: 1357.9737 s
 Time Step:  449100, Simulation Time: 1358.2643 s
 Time Step:  449200, Simulation Time: 1358.5537 s
 Time Step:  449300, Simulation Time: 1358.8267 s
 Time Step:  449400, Simulation Time: 1359.0996 s
 Time Step:  449500, Simulation Time: 1359.3786 s
 Time Step:  449600, Simulation Time: 1359.6552 s
 Time Step:  449700, Simulation Time: 1359.9350 s
 Time Step:  449800, Simulation Time: 1360.2211 s
 Time Step:  449900, Simulation Time: 1360.5079 s
 Time Step:  450000, Simulation Time: 1360.7904 s
 Time Step:  450100, Simulation Time: 1361.0830 s
 Time Step:  450200, Simulation Time: 1361.3736 s
 Time Step:  450300, Simulation Time: 1361.6670 s
 Time Step:  450400, Simulation Time: 1361.9637 s
 Time Step:  450500, Simulation Time: 1362.2504 s
 Time Step:  450600, Simulation Time: 1362.5495 s
 Time Step:  450700, Simulation Time: 1362.8300 s
 Time Step:  450800, Simulation Time: 1363.1139 s
 Time Step:  450900, Simulation Time: 1363.4188 s
 Time Step:  451000, Simulation Time: 1363.7120 s
 Time Step:  451100, Simulation Time: 1363.9829 s
 Time Step:  451200, Simulation Time: 1364.2674 s
 Time Step:  451300, Simulation Time: 1364.5514 s
 Time Step:  451400, Simulation Time: 1364.8338 s
 Time Step:  451500, Simulation Time: 1365.1130 s
 Time Step:  451600, Simulation Time: 1365.3987 s
 Time Step:  451700, Simulation Time: 1365.6841 s
 Time Step:  451800, Simulation Time: 1365.9747 s
 Time Step:  451900, Simulation Time: 1366.2572 s
 Time Step:  452000, Simulation Time: 1366.5507 s
 Time Step:  452100, Simulation Time: 1366.8371 s
 Time Step:  452200, Simulation Time: 1367.1189 s
 Time Step:  452300, Simulation Time: 1367.3936 s
 Time Step:  452400, Simulation Time: 1367.6687 s
 Time Step:  452500, Simulation Time: 1367.9564 s
 Time Step:  452600, Simulation Time: 1368.2322 s
 Time Step:  452700, Simulation Time: 1368.5011 s
 Time Step:  452800, Simulation Time: 1368.7860 s
 Time Step:  452900, Simulation Time: 1369.0824 s
 Time Step:  453000, Simulation Time: 1369.3735 s
 Time Step:  453100, Simulation Time: 1369.6589 s
 Time Step:  453200, Simulation Time: 1369.9507 s
 Time Step:  453300, Simulation Time: 1370.2431 s
 Time Step:  453400, Simulation Time: 1370.5166 s
 Time Step:  453500, Simulation Time: 1370.7896 s
 Time Step:  453600, Simulation Time: 1371.0725 s
 Time Step:  453700, Simulation Time: 1371.3528 s
 Time Step:  453800, Simulation Time: 1371.6393 s
 Time Step:  453900, Simulation Time: 1371.9311 s
 Time Step:  454000, Simulation Time: 1372.2194 s
 Time Step:  454100, Simulation Time: 1372.5094 s
 Time Step:  454200, Simulation Time: 1372.7914 s
 Time Step:  454300, Simulation Time: 1373.0775 s
 Time Step:  454400, Simulation Time: 1373.3483 s
 Time Step:  454500, Simulation Time: 1373.6339 s
 Time Step:  454600, Simulation Time: 1373.9192 s
 Time Step:  454700, Simulation Time: 1374.1945 s
 Time Step:  454800, Simulation Time: 1374.4695 s
 Time Step:  454900, Simulation Time: 1374.7638 s
 Time Step:  455000, Simulation Time: 1375.0493 s
 Time Step:  455100, Simulation Time: 1375.3305 s
 Time Step:  455200, Simulation Time: 1375.6047 s
 Time Step:  455300, Simulation Time: 1375.8937 s
 Time Step:  455400, Simulation Time: 1376.1790 s
 Time Step:  455500, Simulation Time: 1376.4657 s
 Time Step:  455600, Simulation Time: 1376.7428 s
 Time Step:  455700, Simulation Time: 1377.0309 s
 Time Step:  455800, Simulation Time: 1377.3135 s
 Time Step:  455900, Simulation Time: 1377.6002 s
 Time Step:  456000, Simulation Time: 1377.8840 s
 Time Step:  456100, Simulation Time: 1378.1718 s
 Time Step:  456200, Simulation Time: 1378.4490 s
 Time Step:  456300, Simulation Time: 1378.7326 s
 Time Step:  456400, Simulation Time: 1379.0285 s
 Time Step:  456500, Simulation Time: 1379.3118 s
 Time Step:  456600, Simulation Time: 1379.6068 s
 Time Step:  456700, Simulation Time: 1379.8978 s
 Time Step:  456800, Simulation Time: 1380.1908 s
 Time Step:  456900, Simulation Time: 1380.4814 s
 Time Step:  457000, Simulation Time: 1380.7723 s
 Time Step:  457100, Simulation Time: 1381.0482 s
 Time Step:  457200, Simulation Time: 1381.3140 s
 Time Step:  457300, Simulation Time: 1381.5986 s
 Time Step:  457400, Simulation Time: 1381.8934 s
 Time Step:  457500, Simulation Time: 1382.1838 s
 Time Step:  457600, Simulation Time: 1382.4627 s
 Time Step:  457700, Simulation Time: 1382.7491 s
 Time Step:  457800, Simulation Time: 1383.0269 s
 Time Step:  457900, Simulation Time: 1383.3092 s
 Time Step:  458000, Simulation Time: 1383.5909 s
 Time Step:  458100, Simulation Time: 1383.8699 s
 Time Step:  458200, Simulation Time: 1384.1456 s
 Time Step:  458300, Simulation Time: 1384.4318 s
 Time Step:  458400, Simulation Time: 1384.7197 s
 Time Step:  458500, Simulation Time: 1385.0086 s
 Time Step:  458600, Simulation Time: 1385.2932 s
 Time Step:  458700, Simulation Time: 1385.5675 s
 Time Step:  458800, Simulation Time: 1385.8469 s
 Time Step:  458900, Simulation Time: 1386.1351 s
 Time Step:  459000, Simulation Time: 1386.4226 s
 Time Step:  459100, Simulation Time: 1386.7054 s
 Time Step:  459200, Simulation Time: 1386.9829 s
 Time Step:  459300, Simulation Time: 1387.2579 s
 Time Step:  459400, Simulation Time: 1387.5392 s
 Time Step:  459500, Simulation Time: 1387.8274 s
 Time Step:  459600, Simulation Time: 1388.1127 s
 Time Step:  459700, Simulation Time: 1388.4029 s
 Time Step:  459800, Simulation Time: 1388.6921 s
 Time Step:  459900, Simulation Time: 1388.9750 s
 Time Step:  460000, Simulation Time: 1389.2749 s
 Time Step:  460100, Simulation Time: 1389.5726 s
 Time Step:  460200, Simulation Time: 1389.8579 s
 Time Step:  460300, Simulation Time: 1390.1460 s
 Time Step:  460400, Simulation Time: 1390.4279 s
 Time Step:  460500, Simulation Time: 1390.7226 s
 Time Step:  460600, Simulation Time: 1391.0126 s
 Time Step:  460700, Simulation Time: 1391.3046 s
 Time Step:  460800, Simulation Time: 1391.5951 s
 Time Step:  460900, Simulation Time: 1391.8732 s
 Time Step:  461000, Simulation Time: 1392.1589 s
 Time Step:  461100, Simulation Time: 1392.4535 s
 Time Step:  461200, Simulation Time: 1392.7437 s
 Time Step:  461300, Simulation Time: 1393.0309 s
 Time Step:  461400, Simulation Time: 1393.2912 s
 Time Step:  461500, Simulation Time: 1393.5635 s
 Time Step:  461600, Simulation Time: 1393.8345 s
 Time Step:  461700, Simulation Time: 1394.1149 s
 Time Step:  461800, Simulation Time: 1394.3901 s
 Time Step:  461900, Simulation Time: 1394.6699 s
 Time Step:  462000, Simulation Time: 1394.9519 s
 Time Step:  462100, Simulation Time: 1395.2310 s
 Time Step:  462200, Simulation Time: 1395.5020 s
 Time Step:  462300, Simulation Time: 1395.7775 s
 Time Step:  462400, Simulation Time: 1396.0632 s
 Time Step:  462500, Simulation Time: 1396.3468 s
 Time Step:  462600, Simulation Time: 1396.6083 s
 Time Step:  462700, Simulation Time: 1396.8865 s
 Time Step:  462800, Simulation Time: 1397.1749 s
 Time Step:  462900, Simulation Time: 1397.4652 s
 Time Step:  463000, Simulation Time: 1397.7508 s
 Time Step:  463100, Simulation Time: 1398.0360 s
 Time Step:  463200, Simulation Time: 1398.3090 s
 Time Step:  463300, Simulation Time: 1398.5902 s
 Time Step:  463400, Simulation Time: 1398.8812 s
 Time Step:  463500, Simulation Time: 1399.1575 s
 Time Step:  463600, Simulation Time: 1399.4300 s
 Time Step:  463700, Simulation Time: 1399.7042 s
 Time Step:  463800, Simulation Time: 1399.9854 s
 Time Step:  463900, Simulation Time: 1400.2812 s
 Time Step:  464000, Simulation Time: 1400.5611 s
 Time Step:  464100, Simulation Time: 1400.8350 s
 Time Step:  464200, Simulation Time: 1401.1100 s
 Time Step:  464300, Simulation Time: 1401.3893 s
 Time Step:  464400, Simulation Time: 1401.6646 s
 Time Step:  464500, Simulation Time: 1401.9545 s
 Time Step:  464600, Simulation Time: 1402.2454 s
 Time Step:  464700, Simulation Time: 1402.5316 s
 Time Step:  464800, Simulation Time: 1402.8216 s
 Time Step:  464900, Simulation Time: 1403.1157 s
 Time Step:  465000, Simulation Time: 1403.3963 s
 Time Step:  465100, Simulation Time: 1403.6901 s
 Time Step:  465200, Simulation Time: 1403.9988 s
 Time Step:  465300, Simulation Time: 1404.2902 s
 Time Step:  465400, Simulation Time: 1404.5945 s
 Time Step:  465500, Simulation Time: 1404.8797 s
 Time Step:  465600, Simulation Time: 1405.1605 s
 Time Step:  465700, Simulation Time: 1405.4472 s
 Time Step:  465800, Simulation Time: 1405.7290 s
 Time Step:  465900, Simulation Time: 1406.0093 s
 Time Step:  466000, Simulation Time: 1406.2884 s
 Time Step:  466100, Simulation Time: 1406.5717 s
 Time Step:  466200, Simulation Time: 1406.8601 s
 Time Step:  466300, Simulation Time: 1407.1400 s
 Time Step:  466400, Simulation Time: 1407.4194 s
 Time Step:  466500, Simulation Time: 1407.7133 s
 Time Step:  466600, Simulation Time: 1407.9906 s
 Time Step:  466700, Simulation Time: 1408.2840 s
 Time Step:  466800, Simulation Time: 1408.5927 s
 Time Step:  466900, Simulation Time: 1408.8844 s
 Time Step:  467000, Simulation Time: 1409.1737 s
 Time Step:  467100, Simulation Time: 1409.4594 s
 Time Step:  467200, Simulation Time: 1409.7513 s
 Time Step:  467300, Simulation Time: 1410.0381 s
 Time Step:  467400, Simulation Time: 1410.3187 s
 Time Step:  467500, Simulation Time: 1410.6192 s
 Time Step:  467600, Simulation Time: 1410.9162 s
 Time Step:  467700, Simulation Time: 1411.2130 s
 Time Step:  467800, Simulation Time: 1411.5028 s
 Time Step:  467900, Simulation Time: 1411.7849 s
 Time Step:  468000, Simulation Time: 1412.0878 s
 Time Step:  468100, Simulation Time: 1412.3795 s
 Time Step:  468200, Simulation Time: 1412.6662 s
 Time Step:  468300, Simulation Time: 1412.9527 s
 Time Step:  468400, Simulation Time: 1413.2340 s
 Time Step:  468500, Simulation Time: 1413.5089 s
 Time Step:  468600, Simulation Time: 1413.7960 s
 Time Step:  468700, Simulation Time: 1414.0763 s
 Time Step:  468800, Simulation Time: 1414.3623 s
 Time Step:  468900, Simulation Time: 1414.6355 s
 Time Step:  469000, Simulation Time: 1414.9065 s
 Time Step:  469100, Simulation Time: 1415.1769 s
 Time Step:  469200, Simulation Time: 1415.4687 s
 Time Step:  469300, Simulation Time: 1415.7497 s
 Time Step:  469400, Simulation Time: 1416.0441 s
 Time Step:  469500, Simulation Time: 1416.3268 s
 Time Step:  469600, Simulation Time: 1416.6186 s
 Time Step:  469700, Simulation Time: 1416.9131 s
 Time Step:  469800, Simulation Time: 1417.1962 s
 Time Step:  469900, Simulation Time: 1417.4707 s
 Time Step:  470000, Simulation Time: 1417.7667 s
 Time Step:  470100, Simulation Time: 1418.0646 s
 Time Step:  470200, Simulation Time: 1418.3521 s
 Time Step:  470300, Simulation Time: 1418.6411 s
 Time Step:  470400, Simulation Time: 1418.9162 s
 Time Step:  470500, Simulation Time: 1419.2045 s
 Time Step:  470600, Simulation Time: 1419.4895 s
 Time Step:  470700, Simulation Time: 1419.7688 s
 Time Step:  470800, Simulation Time: 1420.0461 s
 Time Step:  470900, Simulation Time: 1420.3205 s
 Time Step:  471000, Simulation Time: 1420.6019 s
 Time Step:  471100, Simulation Time: 1420.8903 s
 Time Step:  471200, Simulation Time: 1421.1708 s
 Time Step:  471300, Simulation Time: 1421.4510 s
 Time Step:  471400, Simulation Time: 1421.7423 s
 Time Step:  471500, Simulation Time: 1422.0160 s
 Time Step:  471600, Simulation Time: 1422.2884 s
 Time Step:  471700, Simulation Time: 1422.5684 s
 Time Step:  471800, Simulation Time: 1422.8563 s
 Time Step:  471900, Simulation Time: 1423.1509 s
 Time Step:  472000, Simulation Time: 1423.4252 s
 Time Step:  472100, Simulation Time: 1423.7104 s
 Time Step:  472200, Simulation Time: 1423.9945 s
 Time Step:  472300, Simulation Time: 1424.2927 s
 Time Step:  472400, Simulation Time: 1424.5782 s
 Time Step:  472500, Simulation Time: 1424.8658 s
 Time Step:  472600, Simulation Time: 1425.1470 s
 Time Step:  472700, Simulation Time: 1425.4288 s
 Time Step:  472800, Simulation Time: 1425.7018 s
 Time Step:  472900, Simulation Time: 1425.9795 s
 Time Step:  473000, Simulation Time: 1426.2563 s
 Time Step:  473100, Simulation Time: 1426.5321 s
 Time Step:  473200, Simulation Time: 1426.8178 s
 Time Step:  473300, Simulation Time: 1427.0924 s
 Time Step:  473400, Simulation Time: 1427.3768 s
 Time Step:  473500, Simulation Time: 1427.6622 s
 Time Step:  473600, Simulation Time: 1427.9507 s
 Time Step:  473700, Simulation Time: 1428.2451 s
 Time Step:  473800, Simulation Time: 1428.5350 s
 Time Step:  473900, Simulation Time: 1428.8233 s
 Time Step:  474000, Simulation Time: 1429.1147 s
 Time Step:  474100, Simulation Time: 1429.4001 s
 Time Step:  474200, Simulation Time: 1429.6970 s
 Time Step:  474300, Simulation Time: 1429.9778 s
 Time Step:  474400, Simulation Time: 1430.2577 s
 Time Step:  474500, Simulation Time: 1430.5398 s
 Time Step:  474600, Simulation Time: 1430.8299 s
 Time Step:  474700, Simulation Time: 1431.1105 s
 Time Step:  474800, Simulation Time: 1431.3997 s
 Time Step:  474900, Simulation Time: 1431.6891 s
 Time Step:  475000, Simulation Time: 1431.9695 s
 Time Step:  475100, Simulation Time: 1432.2533 s
 Time Step:  475200, Simulation Time: 1432.5529 s
 Time Step:  475300, Simulation Time: 1432.8539 s
 Time Step:  475400, Simulation Time: 1433.1509 s
 Time Step:  475500, Simulation Time: 1433.4346 s
 Time Step:  475600, Simulation Time: 1433.7186 s
 Time Step:  475700, Simulation Time: 1434.0065 s
 Time Step:  475800, Simulation Time: 1434.2923 s
 Time Step:  475900, Simulation Time: 1434.5833 s
 Time Step:  476000, Simulation Time: 1434.8730 s
 Time Step:  476100, Simulation Time: 1435.1469 s
 Time Step:  476200, Simulation Time: 1435.4395 s
 Time Step:  476300, Simulation Time: 1435.7273 s
 Time Step:  476400, Simulation Time: 1436.0179 s
 Time Step:  476500, Simulation Time: 1436.3056 s
 Time Step:  476600, Simulation Time: 1436.5838 s
 Time Step:  476700, Simulation Time: 1436.8630 s
 Time Step:  476800, Simulation Time: 1437.1319 s
 Time Step:  476900, Simulation Time: 1437.4085 s
 Time Step:  477000, Simulation Time: 1437.6881 s
 Time Step:  477100, Simulation Time: 1437.9667 s
 Time Step:  477200, Simulation Time: 1438.2697 s
 Time Step:  477300, Simulation Time: 1438.5525 s
 Time Step:  477400, Simulation Time: 1438.8426 s
 Time Step:  477500, Simulation Time: 1439.1239 s
 Time Step:  477600, Simulation Time: 1439.4141 s
 Time Step:  477700, Simulation Time: 1439.7065 s
 Time Step:  477800, Simulation Time: 1439.9872 s
 Time Step:  477900, Simulation Time: 1440.2774 s
 Time Step:  478000, Simulation Time: 1440.5491 s
 Time Step:  478100, Simulation Time: 1440.8427 s
 Time Step:  478200, Simulation Time: 1441.1423 s
 Time Step:  478300, Simulation Time: 1441.4209 s
 Time Step:  478400, Simulation Time: 1441.6975 s
 Time Step:  478500, Simulation Time: 1441.9743 s
 Time Step:  478600, Simulation Time: 1442.2533 s
 Time Step:  478700, Simulation Time: 1442.5346 s
 Time Step:  478800, Simulation Time: 1442.8196 s
 Time Step:  478900, Simulation Time: 1443.1044 s
 Time Step:  479000, Simulation Time: 1443.3826 s
 Time Step:  479100, Simulation Time: 1443.6640 s
 Time Step:  479200, Simulation Time: 1443.9477 s
 Time Step:  479300, Simulation Time: 1444.2340 s
 Time Step:  479400, Simulation Time: 1444.5259 s
 Time Step:  479500, Simulation Time: 1444.8179 s
 Time Step:  479600, Simulation Time: 1445.0931 s
 Time Step:  479700, Simulation Time: 1445.3752 s
 Time Step:  479800, Simulation Time: 1445.6718 s
 Time Step:  479900, Simulation Time: 1445.9539 s
 Time Step:  480000, Simulation Time: 1446.2206 s
 Time Step:  480100, Simulation Time: 1446.4994 s
 Time Step:  480200, Simulation Time: 1446.7870 s
 Time Step:  480300, Simulation Time: 1447.0619 s
 Time Step:  480400, Simulation Time: 1447.3475 s
 Time Step:  480500, Simulation Time: 1447.6224 s
 Time Step:  480600, Simulation Time: 1447.9145 s
 Time Step:  480700, Simulation Time: 1448.1816 s
 Time Step:  480800, Simulation Time: 1448.4772 s
 Time Step:  480900, Simulation Time: 1448.7736 s
 Time Step:  481000, Simulation Time: 1449.0600 s
 Time Step:  481100, Simulation Time: 1449.3490 s
 Time Step:  481200, Simulation Time: 1449.6316 s
 Time Step:  481300, Simulation Time: 1449.9262 s
 Time Step:  481400, Simulation Time: 1450.2088 s
 Time Step:  481500, Simulation Time: 1450.5032 s
 Time Step:  481600, Simulation Time: 1450.7828 s
 Time Step:  481700, Simulation Time: 1451.0645 s
 Time Step:  481800, Simulation Time: 1451.3434 s
 Time Step:  481900, Simulation Time: 1451.6310 s
 Time Step:  482000, Simulation Time: 1451.9302 s
 Time Step:  482100, Simulation Time: 1452.2251 s
 Time Step:  482200, Simulation Time: 1452.5117 s
 Time Step:  482300, Simulation Time: 1452.8059 s
 Time Step:  482400, Simulation Time: 1453.0970 s
 Time Step:  482500, Simulation Time: 1453.3697 s
 Time Step:  482600, Simulation Time: 1453.6620 s
 Time Step:  482700, Simulation Time: 1453.9443 s
 Time Step:  482800, Simulation Time: 1454.2254 s
 Time Step:  482900, Simulation Time: 1454.5134 s
 Time Step:  483000, Simulation Time: 1454.8186 s
 Time Step:  483100, Simulation Time: 1455.1157 s
 Time Step:  483200, Simulation Time: 1455.3973 s
 Time Step:  483300, Simulation Time: 1455.6882 s
 Time Step:  483400, Simulation Time: 1455.9834 s
 Time Step:  483500, Simulation Time: 1456.2745 s
 Time Step:  483600, Simulation Time: 1456.5649 s
 Time Step:  483700, Simulation Time: 1456.8502 s
 Time Step:  483800, Simulation Time: 1457.1353 s
 Time Step:  483900, Simulation Time: 1457.4294 s
 Time Step:  484000, Simulation Time: 1457.7146 s
 Time Step:  484100, Simulation Time: 1457.9976 s
 Time Step:  484200, Simulation Time: 1458.2879 s
 Time Step:  484300, Simulation Time: 1458.5919 s
 Time Step:  484400, Simulation Time: 1458.8692 s
 Time Step:  484500, Simulation Time: 1459.1474 s
 Time Step:  484600, Simulation Time: 1459.4328 s
 Time Step:  484700, Simulation Time: 1459.7282 s
 Time Step:  484800, Simulation Time: 1460.0093 s
 Time Step:  484900, Simulation Time: 1460.2942 s
 Time Step:  485000, Simulation Time: 1460.5679 s
 Time Step:  485100, Simulation Time: 1460.8551 s
 Time Step:  485200, Simulation Time: 1461.1438 s
 Time Step:  485300, Simulation Time: 1461.4380 s
 Time Step:  485400, Simulation Time: 1461.7374 s
 Time Step:  485500, Simulation Time: 1462.0160 s
 Time Step:  485600, Simulation Time: 1462.2870 s
 Time Step:  485700, Simulation Time: 1462.5713 s
 Time Step:  485800, Simulation Time: 1462.8443 s
 Time Step:  485900, Simulation Time: 1463.1421 s
 Time Step:  486000, Simulation Time: 1463.4202 s
 Time Step:  486100, Simulation Time: 1463.6971 s
 Time Step:  486200, Simulation Time: 1463.9773 s
 Time Step:  486300, Simulation Time: 1464.2643 s
 Time Step:  486400, Simulation Time: 1464.5470 s
 Time Step:  486500, Simulation Time: 1464.8346 s
 Time Step:  486600, Simulation Time: 1465.1287 s
 Time Step:  486700, Simulation Time: 1465.4299 s
 Time Step:  486800, Simulation Time: 1465.7150 s
 Time Step:  486900, Simulation Time: 1466.0122 s
 Time Step:  487000, Simulation Time: 1466.3028 s
 Time Step:  487100, Simulation Time: 1466.5880 s
 Time Step:  487200, Simulation Time: 1466.8657 s
 Time Step:  487300, Simulation Time: 1467.1628 s
 Time Step:  487400, Simulation Time: 1467.4477 s
 Time Step:  487500, Simulation Time: 1467.7335 s
 Time Step:  487600, Simulation Time: 1468.0182 s
 Time Step:  487700, Simulation Time: 1468.3000 s
 Time Step:  487800, Simulation Time: 1468.5835 s
 Time Step:  487900, Simulation Time: 1468.8761 s
 Time Step:  488000, Simulation Time: 1469.1618 s
 Time Step:  488100, Simulation Time: 1469.4559 s
 Time Step:  488200, Simulation Time: 1469.7517 s
 Time Step:  488300, Simulation Time: 1470.0313 s
 Time Step:  488400, Simulation Time: 1470.3195 s
 Time Step:  488500, Simulation Time: 1470.6166 s
 Time Step:  488600, Simulation Time: 1470.9078 s
 Time Step:  488700, Simulation Time: 1471.1971 s
 Time Step:  488800, Simulation Time: 1471.4829 s
 Time Step:  488900, Simulation Time: 1471.7650 s
 Time Step:  489000, Simulation Time: 1472.0526 s
 Time Step:  489100, Simulation Time: 1472.3354 s
 Time Step:  489200, Simulation Time: 1472.6239 s
 Time Step:  489300, Simulation Time: 1472.9097 s
 Time Step:  489400, Simulation Time: 1473.1934 s
 Time Step:  489500, Simulation Time: 1473.4779 s
 Time Step:  489600, Simulation Time: 1473.7558 s
 Time Step:  489700, Simulation Time: 1474.0517 s
 Time Step:  489800, Simulation Time: 1474.3479 s
 Time Step:  489900, Simulation Time: 1474.6396 s
 Time Step:  490000, Simulation Time: 1474.9347 s
 Time Step:  490100, Simulation Time: 1475.2256 s
 Time Step:  490200, Simulation Time: 1475.5117 s
 Time Step:  490300, Simulation Time: 1475.7961 s
 Time Step:  490400, Simulation Time: 1476.0771 s
 Time Step:  490500, Simulation Time: 1476.3618 s
 Time Step:  490600, Simulation Time: 1476.6531 s
 Time Step:  490700, Simulation Time: 1476.9479 s
 Time Step:  490800, Simulation Time: 1477.2325 s
 Time Step:  490900, Simulation Time: 1477.5188 s
 Time Step:  491000, Simulation Time: 1477.8039 s
 Time Step:  491100, Simulation Time: 1478.0920 s
 Time Step:  491200, Simulation Time: 1478.3690 s
 Time Step:  491300, Simulation Time: 1478.6483 s
 Time Step:  491400, Simulation Time: 1478.9309 s
 Time Step:  491500, Simulation Time: 1479.2144 s
 Time Step:  491600, Simulation Time: 1479.4866 s
 Time Step:  491700, Simulation Time: 1479.7825 s
 Time Step:  491800, Simulation Time: 1480.0660 s
 Time Step:  491900, Simulation Time: 1480.3462 s
 Time Step:  492000, Simulation Time: 1480.6421 s
 Time Step:  492100, Simulation Time: 1480.9307 s
 Time Step:  492200, Simulation Time: 1481.2241 s
 Time Step:  492300, Simulation Time: 1481.5142 s
 Time Step:  492400, Simulation Time: 1481.7940 s
 Time Step:  492500, Simulation Time: 1482.0766 s
 Time Step:  492600, Simulation Time: 1482.3617 s
 Time Step:  492700, Simulation Time: 1482.6414 s
 Time Step:  492800, Simulation Time: 1482.9117 s
 Time Step:  492900, Simulation Time: 1483.2002 s
 Time Step:  493000, Simulation Time: 1483.4913 s
 Time Step:  493100, Simulation Time: 1483.7844 s
 Time Step:  493200, Simulation Time: 1484.0718 s
 Time Step:  493300, Simulation Time: 1484.3498 s
 Time Step:  493400, Simulation Time: 1484.6270 s
 Time Step:  493500, Simulation Time: 1484.9152 s
 Time Step:  493600, Simulation Time: 1485.1955 s
 Time Step:  493700, Simulation Time: 1485.4774 s
 Time Step:  493800, Simulation Time: 1485.7544 s
 Time Step:  493900, Simulation Time: 1486.0342 s
 Time Step:  494000, Simulation Time: 1486.3112 s
 Time Step:  494100, Simulation Time: 1486.5828 s
 Time Step:  494200, Simulation Time: 1486.8482 s
 Time Step:  494300, Simulation Time: 1487.1259 s
 Time Step:  494400, Simulation Time: 1487.3945 s
 Time Step:  494500, Simulation Time: 1487.6667 s
 Time Step:  494600, Simulation Time: 1487.9477 s
 Time Step:  494700, Simulation Time: 1488.2432 s
 Time Step:  494800, Simulation Time: 1488.5184 s
 Time Step:  494900, Simulation Time: 1488.7909 s
 Time Step:  495000, Simulation Time: 1489.0622 s
 Time Step:  495100, Simulation Time: 1489.3399 s
 Time Step:  495200, Simulation Time: 1489.6214 s
 Time Step:  495300, Simulation Time: 1489.8933 s
 Time Step:  495400, Simulation Time: 1490.1641 s
 Time Step:  495500, Simulation Time: 1490.4378 s
 Time Step:  495600, Simulation Time: 1490.7198 s
 Time Step:  495700, Simulation Time: 1490.9997 s
 Time Step:  495800, Simulation Time: 1491.2813 s
 Time Step:  495900, Simulation Time: 1491.5633 s
 Time Step:  496000, Simulation Time: 1491.8511 s
 Time Step:  496100, Simulation Time: 1492.1355 s
 Time Step:  496200, Simulation Time: 1492.4210 s
 Time Step:  496300, Simulation Time: 1492.7045 s
 Time Step:  496400, Simulation Time: 1493.0050 s
 Time Step:  496500, Simulation Time: 1493.2865 s
 Time Step:  496600, Simulation Time: 1493.5664 s
 Time Step:  496700, Simulation Time: 1493.8601 s
 Time Step:  496800, Simulation Time: 1494.1430 s
 Time Step:  496900, Simulation Time: 1494.4255 s
 Time Step:  497000, Simulation Time: 1494.7189 s
 Time Step:  497100, Simulation Time: 1495.0139 s
 Time Step:  497200, Simulation Time: 1495.2997 s
 Time Step:  497300, Simulation Time: 1495.5746 s
 Time Step:  497400, Simulation Time: 1495.8491 s
 Time Step:  497500, Simulation Time: 1496.1534 s
 Time Step:  497600, Simulation Time: 1496.4205 s
 Time Step:  497700, Simulation Time: 1496.6965 s
 Time Step:  497800, Simulation Time: 1496.9954 s
 Time Step:  497900, Simulation Time: 1497.3006 s
 Time Step:  498000, Simulation Time: 1497.5791 s
 Time Step:  498100, Simulation Time: 1497.8671 s
 Time Step:  498200, Simulation Time: 1498.1523 s
 Time Step:  498300, Simulation Time: 1498.4349 s
 Time Step:  498400, Simulation Time: 1498.7224 s
 Time Step:  498500, Simulation Time: 1499.0092 s
 Time Step:  498600, Simulation Time: 1499.2861 s
 Time Step:  498700, Simulation Time: 1499.5605 s
 Time Step:  498800, Simulation Time: 1499.8357 s
 Time Step:  498900, Simulation Time: 1500.1207 s
 Time Step:  499000, Simulation Time: 1500.4120 s
 Time Step:  499100, Simulation Time: 1500.6968 s
 Time Step:  499200, Simulation Time: 1500.9824 s
 Time Step:  499300, Simulation Time: 1501.2610 s
 Time Step:  499400, Simulation Time: 1501.5364 s
 Time Step:  499500, Simulation Time: 1501.8183 s
 Time Step:  499600, Simulation Time: 1502.0855 s
 Time Step:  499700, Simulation Time: 1502.3652 s
 Time Step:  499800, Simulation Time: 1502.6416 s
 Time Step:  499900, Simulation Time: 1502.9373 s
 Time Step:  500000, Simulation Time: 1503.2211 s
 Time Step:  500100, Simulation Time: 1503.5067 s
 Time Step:  500200, Simulation Time: 1503.7982 s
 Time Step:  500300, Simulation Time: 1504.0813 s
 Time Step:  500400, Simulation Time: 1504.3585 s
 Time Step:  500500, Simulation Time: 1504.6465 s
 Time Step:  500600, Simulation Time: 1504.9327 s
 Time Step:  500700, Simulation Time: 1505.2215 s
 Time Step:  500800, Simulation Time: 1505.5022 s
 Time Step:  500900, Simulation Time: 1505.7873 s
 Time Step:  501000, Simulation Time: 1506.0764 s
 Time Step:  501100, Simulation Time: 1506.3652 s
 Time Step:  501200, Simulation Time: 1506.6542 s
 Time Step:  501300, Simulation Time: 1506.9417 s
 Time Step:  501400, Simulation Time: 1507.2385 s
 Time Step:  501500, Simulation Time: 1507.5168 s
 Time Step:  501600, Simulation Time: 1507.8073 s
 Time Step:  501700, Simulation Time: 1508.0921 s
 Time Step:  501800, Simulation Time: 1508.3781 s
 Time Step:  501900, Simulation Time: 1508.6642 s
 Time Step:  502000, Simulation Time: 1508.9503 s
 Time Step:  502100, Simulation Time: 1509.2394 s
 Time Step:  502200, Simulation Time: 1509.5417 s
 Time Step:  502300, Simulation Time: 1509.8407 s
 Time Step:  502400, Simulation Time: 1510.1403 s
 Time Step:  502500, Simulation Time: 1510.4154 s
 Time Step:  502600, Simulation Time: 1510.6843 s
 Time Step:  502700, Simulation Time: 1510.9668 s
 Time Step:  502800, Simulation Time: 1511.2474 s
 Time Step:  502900, Simulation Time: 1511.5389 s
 Time Step:  503000, Simulation Time: 1511.8313 s
 Time Step:  503100, Simulation Time: 1512.1178 s
 Time Step:  503200, Simulation Time: 1512.4007 s
 Time Step:  503300, Simulation Time: 1512.6751 s
 Time Step:  503400, Simulation Time: 1512.9608 s
 Time Step:  503500, Simulation Time: 1513.2563 s
 Time Step:  503600, Simulation Time: 1513.5348 s
 Time Step:  503700, Simulation Time: 1513.8121 s
 Time Step:  503800, Simulation Time: 1514.0937 s
 Time Step:  503900, Simulation Time: 1514.3797 s
 Time Step:  504000, Simulation Time: 1514.6581 s
 Time Step:  504100, Simulation Time: 1514.9362 s
 Time Step:  504200, Simulation Time: 1515.2174 s
 Time Step:  504300, Simulation Time: 1515.4899 s
 Time Step:  504400, Simulation Time: 1515.7640 s
 Time Step:  504500, Simulation Time: 1516.0396 s
 Time Step:  504600, Simulation Time: 1516.3211 s
 Time Step:  504700, Simulation Time: 1516.6030 s
 Time Step:  504800, Simulation Time: 1516.8749 s
 Time Step:  504900, Simulation Time: 1517.1479 s
 Time Step:  505000, Simulation Time: 1517.4283 s
 Time Step:  505100, Simulation Time: 1517.7161 s
 Time Step:  505200, Simulation Time: 1517.9999 s
 Time Step:  505300, Simulation Time: 1518.2768 s
 Time Step:  505400, Simulation Time: 1518.5495 s
 Time Step:  505500, Simulation Time: 1518.8271 s
 Time Step:  505600, Simulation Time: 1519.1113 s
 Time Step:  505700, Simulation Time: 1519.3961 s
 Time Step:  505800, Simulation Time: 1519.6755 s
 Time Step:  505900, Simulation Time: 1519.9475 s
 Time Step:  506000, Simulation Time: 1520.2171 s
 Time Step:  506100, Simulation Time: 1520.4978 s
 Time Step:  506200, Simulation Time: 1520.7699 s
 Time Step:  506300, Simulation Time: 1521.0533 s
 Time Step:  506400, Simulation Time: 1521.3344 s
 Time Step:  506500, Simulation Time: 1521.6230 s
 Time Step:  506600, Simulation Time: 1521.8932 s
 Time Step:  506700, Simulation Time: 1522.1748 s
 Time Step:  506800, Simulation Time: 1522.4604 s
 Time Step:  506900, Simulation Time: 1522.7292 s
 Time Step:  507000, Simulation Time: 1523.0197 s
 Time Step:  507100, Simulation Time: 1523.3049 s
 Time Step:  507200, Simulation Time: 1523.5972 s
 Time Step:  507300, Simulation Time: 1523.8867 s
 Time Step:  507400, Simulation Time: 1524.1755 s
 Time Step:  507500, Simulation Time: 1524.4645 s
 Time Step:  507600, Simulation Time: 1524.7516 s
 Time Step:  507700, Simulation Time: 1525.0330 s
 Time Step:  507800, Simulation Time: 1525.3312 s
 Time Step:  507900, Simulation Time: 1525.6148 s
 Time Step:  508000, Simulation Time: 1525.8901 s
 Time Step:  508100, Simulation Time: 1526.1643 s
 Time Step:  508200, Simulation Time: 1526.4549 s
 Time Step:  508300, Simulation Time: 1526.7483 s
 Time Step:  508400, Simulation Time: 1527.0300 s
 Time Step:  508500, Simulation Time: 1527.3101 s
 Time Step:  508600, Simulation Time: 1527.5993 s
 Time Step:  508700, Simulation Time: 1527.8830 s
 Time Step:  508800, Simulation Time: 1528.1696 s
 Time Step:  508900, Simulation Time: 1528.4393 s
 Time Step:  509000, Simulation Time: 1528.7215 s
 Time Step:  509100, Simulation Time: 1529.0044 s
 Time Step:  509200, Simulation Time: 1529.2975 s
 Time Step:  509300, Simulation Time: 1529.5967 s
 Time Step:  509400, Simulation Time: 1529.8915 s
 Time Step:  509500, Simulation Time: 1530.1678 s
 Time Step:  509600, Simulation Time: 1530.4472 s
 Time Step:  509700, Simulation Time: 1530.7224 s
 Time Step:  509800, Simulation Time: 1531.0040 s
 Time Step:  509900, Simulation Time: 1531.2973 s
 Time Step:  510000, Simulation Time: 1531.5863 s
 Time Step:  510100, Simulation Time: 1531.8854 s
 Time Step:  510200, Simulation Time: 1532.1682 s
 Time Step:  510300, Simulation Time: 1532.4569 s
 Time Step:  510400, Simulation Time: 1532.7426 s
 Time Step:  510500, Simulation Time: 1533.0320 s
 Time Step:  510600, Simulation Time: 1533.3206 s
 Time Step:  510700, Simulation Time: 1533.6037 s
 Time Step:  510800, Simulation Time: 1533.8896 s
 Time Step:  510900, Simulation Time: 1534.1808 s
 Time Step:  511000, Simulation Time: 1534.4662 s
 Time Step:  511100, Simulation Time: 1534.7571 s
 Time Step:  511200, Simulation Time: 1535.0416 s
 Time Step:  511300, Simulation Time: 1535.3524 s
 Time Step:  511400, Simulation Time: 1535.6446 s
 Time Step:  511500, Simulation Time: 1535.9345 s
 Time Step:  511600, Simulation Time: 1536.2279 s
 Time Step:  511700, Simulation Time: 1536.5154 s
 Time Step:  511800, Simulation Time: 1536.8031 s
 Time Step:  511900, Simulation Time: 1537.0872 s
 Time Step:  512000, Simulation Time: 1537.3789 s
 Time Step:  512100, Simulation Time: 1537.6657 s
 Time Step:  512200, Simulation Time: 1537.9592 s
 Time Step:  512300, Simulation Time: 1538.2382 s
 Time Step:  512400, Simulation Time: 1538.5236 s
 Time Step:  512500, Simulation Time: 1538.8121 s
 Time Step:  512600, Simulation Time: 1539.0945 s
 Time Step:  512700, Simulation Time: 1539.3706 s
 Time Step:  512800, Simulation Time: 1539.6604 s
 Time Step:  512900, Simulation Time: 1539.9361 s
 Time Step:  513000, Simulation Time: 1540.2317 s
 Time Step:  513100, Simulation Time: 1540.5295 s
 Time Step:  513200, Simulation Time: 1540.8101 s
 Time Step:  513300, Simulation Time: 1541.0857 s
 Time Step:  513400, Simulation Time: 1541.3802 s
 Time Step:  513500, Simulation Time: 1541.6703 s
 Time Step:  513600, Simulation Time: 1541.9577 s
 Time Step:  513700, Simulation Time: 1542.2450 s
 Time Step:  513800, Simulation Time: 1542.5278 s
 Time Step:  513900, Simulation Time: 1542.8107 s
 Time Step:  514000, Simulation Time: 1543.0900 s
 Time Step:  514100, Simulation Time: 1543.3613 s
 Time Step:  514200, Simulation Time: 1543.6300 s
 Time Step:  514300, Simulation Time: 1543.9037 s
 Time Step:  514400, Simulation Time: 1544.1839 s
 Time Step:  514500, Simulation Time: 1544.4575 s
 Time Step:  514600, Simulation Time: 1544.7311 s
 Time Step:  514700, Simulation Time: 1545.0110 s
 Time Step:  514800, Simulation Time: 1545.2907 s
 Time Step:  514900, Simulation Time: 1545.5742 s
 Time Step:  515000, Simulation Time: 1545.8698 s
 Time Step:  515100, Simulation Time: 1546.1600 s
 Time Step:  515200, Simulation Time: 1546.4468 s
 Time Step:  515300, Simulation Time: 1546.7277 s
 Time Step:  515400, Simulation Time: 1547.0106 s
 Time Step:  515500, Simulation Time: 1547.2950 s
 Time Step:  515600, Simulation Time: 1547.5850 s
 Time Step:  515700, Simulation Time: 1547.8791 s
 Time Step:  515800, Simulation Time: 1548.1704 s
 Time Step:  515900, Simulation Time: 1548.4649 s
 Time Step:  516000, Simulation Time: 1548.7510 s
 Time Step:  516100, Simulation Time: 1549.0270 s
 Time Step:  516200, Simulation Time: 1549.3124 s
 Time Step:  516300, Simulation Time: 1549.6037 s
 Time Step:  516400, Simulation Time: 1549.8883 s
 Time Step:  516500, Simulation Time: 1550.1681 s
 Time Step:  516600, Simulation Time: 1550.4589 s
 Time Step:  516700, Simulation Time: 1550.7507 s
 Time Step:  516800, Simulation Time: 1551.0455 s
 Time Step:  516900, Simulation Time: 1551.3233 s
 Time Step:  517000, Simulation Time: 1551.6027 s
 Time Step:  517100, Simulation Time: 1551.8918 s
 Time Step:  517200, Simulation Time: 1552.1821 s
 Time Step:  517300, Simulation Time: 1552.4680 s
 Time Step:  517400, Simulation Time: 1552.7505 s
 Time Step:  517500, Simulation Time: 1553.0210 s
 Time Step:  517600, Simulation Time: 1553.2987 s
 Time Step:  517700, Simulation Time: 1553.5672 s
 Time Step:  517800, Simulation Time: 1553.8376 s
 Time Step:  517900, Simulation Time: 1554.1202 s
 Time Step:  518000, Simulation Time: 1554.4054 s
 Time Step:  518100, Simulation Time: 1554.6831 s
 Time Step:  518200, Simulation Time: 1554.9641 s
 Time Step:  518300, Simulation Time: 1555.2436 s
 Time Step:  518400, Simulation Time: 1555.5310 s
 Time Step:  518500, Simulation Time: 1555.8109 s
 Time Step:  518600, Simulation Time: 1556.0944 s
 Time Step:  518700, Simulation Time: 1556.3749 s
 Time Step:  518800, Simulation Time: 1556.6592 s
 Time Step:  518900, Simulation Time: 1556.9413 s
 Time Step:  519000, Simulation Time: 1557.2240 s
 Time Step:  519100, Simulation Time: 1557.5219 s
 Time Step:  519200, Simulation Time: 1557.8167 s
 Time Step:  519300, Simulation Time: 1558.0948 s
 Time Step:  519400, Simulation Time: 1558.3812 s
 Time Step:  519500, Simulation Time: 1558.6651 s
 Time Step:  519600, Simulation Time: 1558.9565 s
 Time Step:  519700, Simulation Time: 1559.2560 s
 Time Step:  519800, Simulation Time: 1559.5314 s
 Time Step:  519900, Simulation Time: 1559.8098 s
 Time Step:  520000, Simulation Time: 1560.0975 s
 Time Step:  520100, Simulation Time: 1560.3834 s
 Time Step:  520200, Simulation Time: 1560.6575 s
 Time Step:  520300, Simulation Time: 1560.9339 s
 Time Step:  520400, Simulation Time: 1561.2263 s
 Time Step:  520500, Simulation Time: 1561.5195 s
 Time Step:  520600, Simulation Time: 1561.8102 s
 Time Step:  520700, Simulation Time: 1562.0935 s
 Time Step:  520800, Simulation Time: 1562.3748 s
 Time Step:  520900, Simulation Time: 1562.6567 s
 Time Step:  521000, Simulation Time: 1562.9392 s
 Time Step:  521100, Simulation Time: 1563.2218 s
 Time Step:  521200, Simulation Time: 1563.5156 s
 Time Step:  521300, Simulation Time: 1563.8077 s
 Time Step:  521400, Simulation Time: 1564.0896 s
 Time Step:  521500, Simulation Time: 1564.3852 s
 Time Step:  521600, Simulation Time: 1564.6726 s
 Time Step:  521700, Simulation Time: 1564.9607 s
 Time Step:  521800, Simulation Time: 1565.2523 s
 Time Step:  521900, Simulation Time: 1565.5389 s
 Time Step:  522000, Simulation Time: 1565.8250 s
 Time Step:  522100, Simulation Time: 1566.1121 s
 Time Step:  522200, Simulation Time: 1566.3993 s
 Time Step:  522300, Simulation Time: 1566.6781 s
 Time Step:  522400, Simulation Time: 1566.9566 s
 Time Step:  522500, Simulation Time: 1567.2434 s
 Time Step:  522600, Simulation Time: 1567.5296 s
 Time Step:  522700, Simulation Time: 1567.8205 s
 Time Step:  522800, Simulation Time: 1568.1184 s
 Time Step:  522900, Simulation Time: 1568.4082 s
 Time Step:  523000, Simulation Time: 1568.6958 s
 Time Step:  523100, Simulation Time: 1568.9863 s
 Time Step:  523200, Simulation Time: 1569.2746 s
 Time Step:  523300, Simulation Time: 1569.5593 s
 Time Step:  523400, Simulation Time: 1569.8444 s
 Time Step:  523500, Simulation Time: 1570.1256 s
 Time Step:  523600, Simulation Time: 1570.4050 s
 Time Step:  523700, Simulation Time: 1570.6845 s
 Time Step:  523800, Simulation Time: 1570.9790 s
 Time Step:  523900, Simulation Time: 1571.2665 s
 Time Step:  524000, Simulation Time: 1571.5454 s
 Time Step:  524100, Simulation Time: 1571.8192 s
 Time Step:  524200, Simulation Time: 1572.1069 s
 Time Step:  524300, Simulation Time: 1572.3813 s
 Time Step:  524400, Simulation Time: 1572.6570 s
 Time Step:  524500, Simulation Time: 1572.9437 s
 Time Step:  524600, Simulation Time: 1573.2241 s
 Time Step:  524700, Simulation Time: 1573.5057 s
 Time Step:  524800, Simulation Time: 1573.7829 s
 Time Step:  524900, Simulation Time: 1574.0738 s
 Time Step:  525000, Simulation Time: 1574.3650 s
 Time Step:  525100, Simulation Time: 1574.6493 s
 Time Step:  525200, Simulation Time: 1574.9436 s
 Time Step:  525300, Simulation Time: 1575.2348 s
 Time Step:  525400, Simulation Time: 1575.5274 s
 Time Step:  525500, Simulation Time: 1575.8119 s
 Time Step:  525600, Simulation Time: 1576.0961 s
 Time Step:  525700, Simulation Time: 1576.3757 s
 Time Step:  525800, Simulation Time: 1576.6553 s
 Time Step:  525900, Simulation Time: 1576.9382 s
 Time Step:  526000, Simulation Time: 1577.2286 s
 Time Step:  526100, Simulation Time: 1577.5194 s
 Time Step:  526200, Simulation Time: 1577.8028 s
 Time Step:  526300, Simulation Time: 1578.0745 s
 Time Step:  526400, Simulation Time: 1578.3630 s
 Time Step:  526500, Simulation Time: 1578.6407 s
 Time Step:  526600, Simulation Time: 1578.9178 s
 Time Step:  526700, Simulation Time: 1579.1856 s
 Time Step:  526800, Simulation Time: 1579.4703 s
 Time Step:  526900, Simulation Time: 1579.7516 s
 Time Step:  527000, Simulation Time: 1580.0321 s
 Time Step:  527100, Simulation Time: 1580.3134 s
 Time Step:  527200, Simulation Time: 1580.5983 s
 Time Step:  527300, Simulation Time: 1580.8790 s
 Time Step:  527400, Simulation Time: 1581.1716 s
 Time Step:  527500, Simulation Time: 1581.4491 s
 Time Step:  527600, Simulation Time: 1581.7328 s
 Time Step:  527700, Simulation Time: 1582.0140 s
 Time Step:  527800, Simulation Time: 1582.3021 s
 Time Step:  527900, Simulation Time: 1582.5756 s
 Time Step:  528000, Simulation Time: 1582.8467 s
 Time Step:  528100, Simulation Time: 1583.1268 s
 Time Step:  528200, Simulation Time: 1583.4125 s
 Time Step:  528300, Simulation Time: 1583.7088 s
 Time Step:  528400, Simulation Time: 1583.9995 s
 Time Step:  528500, Simulation Time: 1584.2875 s
 Time Step:  528600, Simulation Time: 1584.5803 s
 Time Step:  528700, Simulation Time: 1584.8624 s
 Time Step:  528800, Simulation Time: 1585.1376 s
 Time Step:  528900, Simulation Time: 1585.4299 s
 Time Step:  529000, Simulation Time: 1585.7189 s
 Time Step:  529100, Simulation Time: 1585.9982 s
 Time Step:  529200, Simulation Time: 1586.2833 s
 Time Step:  529300, Simulation Time: 1586.5712 s
 Time Step:  529400, Simulation Time: 1586.8582 s
 Time Step:  529500, Simulation Time: 1587.1524 s
 Time Step:  529600, Simulation Time: 1587.4454 s
 Time Step:  529700, Simulation Time: 1587.7496 s
 Time Step:  529800, Simulation Time: 1588.0364 s
 Time Step:  529900, Simulation Time: 1588.3183 s
 Time Step:  530000, Simulation Time: 1588.5839 s
 Time Step:  530100, Simulation Time: 1588.8646 s
 Time Step:  530200, Simulation Time: 1589.1421 s
 Time Step:  530300, Simulation Time: 1589.4245 s
 Time Step:  530400, Simulation Time: 1589.7162 s
 Time Step:  530500, Simulation Time: 1590.0081 s
 Time Step:  530600, Simulation Time: 1590.2949 s
 Time Step:  530700, Simulation Time: 1590.5798 s
 Time Step:  530800, Simulation Time: 1590.8643 s
 Time Step:  530900, Simulation Time: 1591.1428 s
 Time Step:  531000, Simulation Time: 1591.4343 s
 Time Step:  531100, Simulation Time: 1591.7304 s
 Time Step:  531200, Simulation Time: 1592.0140 s
 Time Step:  531300, Simulation Time: 1592.2932 s
 Time Step:  531400, Simulation Time: 1592.5797 s
 Time Step:  531500, Simulation Time: 1592.8682 s
 Time Step:  531600, Simulation Time: 1593.1554 s
 Time Step:  531700, Simulation Time: 1593.4329 s
 Time Step:  531800, Simulation Time: 1593.7174 s
 Time Step:  531900, Simulation Time: 1594.0099 s
 Time Step:  532000, Simulation Time: 1594.3046 s
 Time Step:  532100, Simulation Time: 1594.5878 s
 Time Step:  532200, Simulation Time: 1594.8730 s
 Time Step:  532300, Simulation Time: 1595.1469 s
 Time Step:  532400, Simulation Time: 1595.4233 s
 Time Step:  532500, Simulation Time: 1595.6998 s
 Time Step:  532600, Simulation Time: 1595.9718 s
 Time Step:  532700, Simulation Time: 1596.2546 s
 Time Step:  532800, Simulation Time: 1596.5296 s
 Time Step:  532900, Simulation Time: 1596.8017 s
 Time Step:  533000, Simulation Time: 1597.0751 s
 Time Step:  533100, Simulation Time: 1597.3535 s
 Time Step:  533200, Simulation Time: 1597.6480 s
 Time Step:  533300, Simulation Time: 1597.9385 s
 Time Step:  533400, Simulation Time: 1598.2344 s
 Time Step:  533500, Simulation Time: 1598.5148 s
 Time Step:  533600, Simulation Time: 1598.8090 s
 Time Step:  533700, Simulation Time: 1599.1012 s
 Time Step:  533800, Simulation Time: 1599.3866 s
 Time Step:  533900, Simulation Time: 1599.6688 s
 Time Step:  534000, Simulation Time: 1599.9295 s
 Time Step:  534100, Simulation Time: 1600.2147 s
 Time Step:  534200, Simulation Time: 1600.4896 s
 Time Step:  534300, Simulation Time: 1600.7668 s
 Time Step:  534400, Simulation Time: 1601.0509 s
 Time Step:  534500, Simulation Time: 1601.3441 s
 Time Step:  534600, Simulation Time: 1601.6351 s
 Time Step:  534700, Simulation Time: 1601.9335 s
 Time Step:  534800, Simulation Time: 1602.2207 s
 Time Step:  534900, Simulation Time: 1602.5092 s
 Time Step:  535000, Simulation Time: 1602.8051 s
 Time Step:  535100, Simulation Time: 1603.0979 s
 Time Step:  535200, Simulation Time: 1603.3883 s
 Time Step:  535300, Simulation Time: 1603.6695 s
 Time Step:  535400, Simulation Time: 1603.9466 s
 Time Step:  535500, Simulation Time: 1604.2243 s
 Time Step:  535600, Simulation Time: 1604.5022 s
 Time Step:  535700, Simulation Time: 1604.7701 s
 Time Step:  535800, Simulation Time: 1605.0395 s
 Time Step:  535900, Simulation Time: 1605.3261 s
 Time Step:  536000, Simulation Time: 1605.6031 s
 Time Step:  536100, Simulation Time: 1605.8971 s
 Time Step:  536200, Simulation Time: 1606.1865 s
 Time Step:  536300, Simulation Time: 1606.4947 s
 Time Step:  536400, Simulation Time: 1606.7809 s
 Time Step:  536500, Simulation Time: 1607.0733 s
 Time Step:  536600, Simulation Time: 1607.3656 s
 Time Step:  536700, Simulation Time: 1607.6513 s
 Time Step:  536800, Simulation Time: 1607.9339 s
 Time Step:  536900, Simulation Time: 1608.2114 s
 Time Step:  537000, Simulation Time: 1608.4850 s
 Time Step:  537100, Simulation Time: 1608.7647 s
 Time Step:  537200, Simulation Time: 1609.0342 s
 Time Step:  537300, Simulation Time: 1609.3117 s
 Time Step:  537400, Simulation Time: 1609.5985 s
 Time Step:  537500, Simulation Time: 1609.8741 s
 Time Step:  537600, Simulation Time: 1610.1529 s
 Time Step:  537700, Simulation Time: 1610.4328 s
 Time Step:  537800, Simulation Time: 1610.7180 s
 Time Step:  537900, Simulation Time: 1611.0027 s
 Time Step:  538000, Simulation Time: 1611.2883 s
 Time Step:  538100, Simulation Time: 1611.5734 s
 Time Step:  538200, Simulation Time: 1611.8529 s
 Time Step:  538300, Simulation Time: 1612.1406 s
 Time Step:  538400, Simulation Time: 1612.4295 s
 Time Step:  538500, Simulation Time: 1612.7082 s
 Time Step:  538600, Simulation Time: 1612.9856 s
 Time Step:  538700, Simulation Time: 1613.2760 s
 Time Step:  538800, Simulation Time: 1613.5585 s
 Time Step:  538900, Simulation Time: 1613.8519 s
 Time Step:  539000, Simulation Time: 1614.1385 s
 Time Step:  539100, Simulation Time: 1614.4217 s
 Time Step:  539200, Simulation Time: 1614.7032 s
 Time Step:  539300, Simulation Time: 1614.9847 s
 Time Step:  539400, Simulation Time: 1615.2734 s
 Time Step:  539500, Simulation Time: 1615.5449 s
 Time Step:  539600, Simulation Time: 1615.8118 s
 Time Step:  539700, Simulation Time: 1616.0888 s
 Time Step:  539800, Simulation Time: 1616.3839 s
 Time Step:  539900, Simulation Time: 1616.6637 s
 Time Step:  540000, Simulation Time: 1616.9595 s
 Time Step:  540100, Simulation Time: 1617.2543 s
 Time Step:  540200, Simulation Time: 1617.5345 s
 Time Step:  540300, Simulation Time: 1617.8112 s
 Time Step:  540400, Simulation Time: 1618.0873 s
 Time Step:  540500, Simulation Time: 1618.3562 s
 Time Step:  540600, Simulation Time: 1618.6257 s
 Time Step:  540700, Simulation Time: 1618.9004 s
 Time Step:  540800, Simulation Time: 1619.1817 s
 Time Step:  540900, Simulation Time: 1619.4534 s
 Time Step:  541000, Simulation Time: 1619.7235 s
 Time Step:  541100, Simulation Time: 1619.9924 s
 Time Step:  541200, Simulation Time: 1620.2675 s
 Time Step:  541300, Simulation Time: 1620.5386 s
 Time Step:  541400, Simulation Time: 1620.8122 s
 Time Step:  541500, Simulation Time: 1621.0947 s
 Time Step:  541600, Simulation Time: 1621.3730 s
 Time Step:  541700, Simulation Time: 1621.6553 s
 Time Step:  541800, Simulation Time: 1621.9304 s
 Time Step:  541900, Simulation Time: 1622.2056 s
 Time Step:  542000, Simulation Time: 1622.4934 s
 Time Step:  542100, Simulation Time: 1622.7785 s
 Time Step:  542200, Simulation Time: 1623.0578 s
 Time Step:  542300, Simulation Time: 1623.3440 s
 Time Step:  542400, Simulation Time: 1623.6320 s
 Time Step:  542500, Simulation Time: 1623.9164 s
 Time Step:  542600, Simulation Time: 1624.1936 s
 Time Step:  542700, Simulation Time: 1624.4827 s
 Time Step:  542800, Simulation Time: 1624.7725 s
 Time Step:  542900, Simulation Time: 1625.0471 s
 Time Step:  543000, Simulation Time: 1625.3179 s
 Time Step:  543100, Simulation Time: 1625.5969 s
 Time Step:  543200, Simulation Time: 1625.8952 s
 Time Step:  543300, Simulation Time: 1626.1741 s
 Time Step:  543400, Simulation Time: 1626.4434 s
 Time Step:  543500, Simulation Time: 1626.7296 s
 Time Step:  543600, Simulation Time: 1627.0194 s
 Time Step:  543700, Simulation Time: 1627.3050 s
 Time Step:  543800, Simulation Time: 1627.5786 s
 Time Step:  543900, Simulation Time: 1627.8548 s
 Time Step:  544000, Simulation Time: 1628.1312 s
 Time Step:  544100, Simulation Time: 1628.4111 s
 Time Step:  544200, Simulation Time: 1628.6939 s
 Time Step:  544300, Simulation Time: 1628.9770 s
 Time Step:  544400, Simulation Time: 1629.2618 s
 Time Step:  544500, Simulation Time: 1629.5403 s
 Time Step:  544600, Simulation Time: 1629.8082 s
 Time Step:  544700, Simulation Time: 1630.0824 s
 Time Step:  544800, Simulation Time: 1630.3590 s
 Time Step:  544900, Simulation Time: 1630.6454 s
 Time Step:  545000, Simulation Time: 1630.9288 s
 Time Step:  545100, Simulation Time: 1631.2097 s
 Time Step:  545200, Simulation Time: 1631.4939 s
 Time Step:  545300, Simulation Time: 1631.7885 s
 Time Step:  545400, Simulation Time: 1632.0862 s
 Time Step:  545500, Simulation Time: 1632.3750 s
 Time Step:  545600, Simulation Time: 1632.6533 s
 Time Step:  545700, Simulation Time: 1632.9343 s
 Time Step:  545800, Simulation Time: 1633.2114 s
 Time Step:  545900, Simulation Time: 1633.4971 s
 Time Step:  546000, Simulation Time: 1633.7994 s
 Time Step:  546100, Simulation Time: 1634.0849 s
 Time Step:  546200, Simulation Time: 1634.3580 s
 Time Step:  546300, Simulation Time: 1634.6379 s
 Time Step:  546400, Simulation Time: 1634.9142 s
 Time Step:  546500, Simulation Time: 1635.1987 s
 Time Step:  546600, Simulation Time: 1635.4778 s
 Time Step:  546700, Simulation Time: 1635.7584 s
 Time Step:  546800, Simulation Time: 1636.0515 s
 Time Step:  546900, Simulation Time: 1636.3310 s
 Time Step:  547000, Simulation Time: 1636.6081 s
 Time Step:  547100, Simulation Time: 1636.8923 s
 Time Step:  547200, Simulation Time: 1637.1841 s
 Time Step:  547300, Simulation Time: 1637.4624 s
 Time Step:  547400, Simulation Time: 1637.7547 s
 Time Step:  547500, Simulation Time: 1638.0363 s
 Time Step:  547600, Simulation Time: 1638.3172 s
 Time Step:  547700, Simulation Time: 1638.5893 s
 Time Step:  547800, Simulation Time: 1638.8723 s
 Time Step:  547900, Simulation Time: 1639.1464 s
 Time Step:  548000, Simulation Time: 1639.4192 s
 Time Step:  548100, Simulation Time: 1639.7051 s
 Time Step:  548200, Simulation Time: 1639.9863 s
 Time Step:  548300, Simulation Time: 1640.2548 s
 Time Step:  548400, Simulation Time: 1640.5300 s
 Time Step:  548500, Simulation Time: 1640.8095 s
 Time Step:  548600, Simulation Time: 1641.0922 s
 Time Step:  548700, Simulation Time: 1641.3823 s
 Time Step:  548800, Simulation Time: 1641.6670 s
 Time Step:  548900, Simulation Time: 1641.9654 s
 Time Step:  549000, Simulation Time: 1642.2524 s
 Time Step:  549100, Simulation Time: 1642.5345 s
 Time Step:  549200, Simulation Time: 1642.8068 s
 Time Step:  549300, Simulation Time: 1643.0964 s
 Time Step:  549400, Simulation Time: 1643.3907 s
 Time Step:  549500, Simulation Time: 1643.6709 s
 Time Step:  549600, Simulation Time: 1643.9609 s
 Time Step:  549700, Simulation Time: 1644.2454 s
 Time Step:  549800, Simulation Time: 1644.5330 s
 Time Step:  549900, Simulation Time: 1644.8282 s
 Time Step:  550000, Simulation Time: 1645.1154 s
 Time Step:  550100, Simulation Time: 1645.4071 s
 Time Step:  550200, Simulation Time: 1645.6939 s
 Time Step:  550300, Simulation Time: 1645.9791 s
 Time Step:  550400, Simulation Time: 1646.2709 s
 Time Step:  550500, Simulation Time: 1646.5448 s
 Time Step:  550600, Simulation Time: 1646.8339 s
 Time Step:  550700, Simulation Time: 1647.1144 s
 Time Step:  550800, Simulation Time: 1647.3846 s
 Time Step:  550900, Simulation Time: 1647.6643 s
 Time Step:  551000, Simulation Time: 1647.9509 s
 Time Step:  551100, Simulation Time: 1648.2430 s
 Time Step:  551200, Simulation Time: 1648.5260 s
 Time Step:  551300, Simulation Time: 1648.8110 s
 Time Step:  551400, Simulation Time: 1649.0940 s
 Time Step:  551500, Simulation Time: 1649.3800 s
 Time Step:  551600, Simulation Time: 1649.6774 s
 Time Step:  551700, Simulation Time: 1649.9612 s
 Time Step:  551800, Simulation Time: 1650.2286 s
 Time Step:  551900, Simulation Time: 1650.5165 s
 Time Step:  552000, Simulation Time: 1650.8072 s
 Time Step:  552100, Simulation Time: 1651.0813 s
 Time Step:  552200, Simulation Time: 1651.3590 s
 Time Step:  552300, Simulation Time: 1651.6378 s
 Time Step:  552400, Simulation Time: 1651.9219 s
 Time Step:  552500, Simulation Time: 1652.2173 s
 Time Step:  552600, Simulation Time: 1652.5029 s
 Time Step:  552700, Simulation Time: 1652.7908 s
 Time Step:  552800, Simulation Time: 1653.0728 s
 Time Step:  552900, Simulation Time: 1653.3616 s
 Time Step:  553000, Simulation Time: 1653.6283 s
 Time Step:  553100, Simulation Time: 1653.9054 s
 Time Step:  553200, Simulation Time: 1654.1928 s
 Time Step:  553300, Simulation Time: 1654.4755 s
 Time Step:  553400, Simulation Time: 1654.7560 s
 Time Step:  553500, Simulation Time: 1655.0398 s
 Time Step:  553600, Simulation Time: 1655.3138 s
 Time Step:  553700, Simulation Time: 1655.5928 s
 Time Step:  553800, Simulation Time: 1655.8744 s
 Time Step:  553900, Simulation Time: 1656.1424 s
 Time Step:  554000, Simulation Time: 1656.4119 s
 Time Step:  554100, Simulation Time: 1656.6887 s
 Time Step:  554200, Simulation Time: 1656.9735 s
 Time Step:  554300, Simulation Time: 1657.2508 s
 Time Step:  554400, Simulation Time: 1657.5299 s
 Time Step:  554500, Simulation Time: 1657.8168 s
 Time Step:  554600, Simulation Time: 1658.0964 s
 Time Step:  554700, Simulation Time: 1658.3762 s
 Time Step:  554800, Simulation Time: 1658.6541 s
 Time Step:  554900, Simulation Time: 1658.9283 s
 Time Step:  555000, Simulation Time: 1659.1969 s
 Time Step:  555100, Simulation Time: 1659.4654 s
 Time Step:  555200, Simulation Time: 1659.7579 s
 Time Step:  555300, Simulation Time: 1660.0399 s
 Time Step:  555400, Simulation Time: 1660.3215 s
 Time Step:  555500, Simulation Time: 1660.5930 s
 Time Step:  555600, Simulation Time: 1660.8713 s
 Time Step:  555700, Simulation Time: 1661.1504 s
 Time Step:  555800, Simulation Time: 1661.4392 s
 Time Step:  555900, Simulation Time: 1661.7174 s
 Time Step:  556000, Simulation Time: 1661.9908 s
 Time Step:  556100, Simulation Time: 1662.2682 s
 Time Step:  556200, Simulation Time: 1662.5389 s
 Time Step:  556300, Simulation Time: 1662.8187 s
 Time Step:  556400, Simulation Time: 1663.0990 s
 Time Step:  556500, Simulation Time: 1663.3724 s
 Time Step:  556600, Simulation Time: 1663.6531 s
 Time Step:  556700, Simulation Time: 1663.9286 s
 Time Step:  556800, Simulation Time: 1664.2070 s
 Time Step:  556900, Simulation Time: 1664.4996 s
 Time Step:  557000, Simulation Time: 1664.7936 s
 Time Step:  557100, Simulation Time: 1665.0829 s
 Time Step:  557200, Simulation Time: 1665.3661 s
 Time Step:  557300, Simulation Time: 1665.6430 s
 Time Step:  557400, Simulation Time: 1665.9365 s
 Time Step:  557500, Simulation Time: 1666.2168 s
 Time Step:  557600, Simulation Time: 1666.4996 s
 Time Step:  557700, Simulation Time: 1666.7957 s
 Time Step:  557800, Simulation Time: 1667.0901 s
 Time Step:  557900, Simulation Time: 1667.3749 s
 Time Step:  558000, Simulation Time: 1667.6593 s
 Time Step:  558100, Simulation Time: 1667.9481 s
 Time Step:  558200, Simulation Time: 1668.2409 s
 Time Step:  558300, Simulation Time: 1668.5292 s
 Time Step:  558400, Simulation Time: 1668.8080 s
 Time Step:  558500, Simulation Time: 1669.0913 s
 Time Step:  558600, Simulation Time: 1669.3743 s
 Time Step:  558700, Simulation Time: 1669.6699 s
 Time Step:  558800, Simulation Time: 1669.9502 s
 Time Step:  558900, Simulation Time: 1670.2274 s
 Time Step:  559000, Simulation Time: 1670.5099 s
 Time Step:  559100, Simulation Time: 1670.7987 s
 Time Step:  559200, Simulation Time: 1671.0834 s
 Time Step:  559300, Simulation Time: 1671.3772 s
 Time Step:  559400, Simulation Time: 1671.6698 s
 Time Step:  559500, Simulation Time: 1671.9506 s
 Time Step:  559600, Simulation Time: 1672.2549 s
 Time Step:  559700, Simulation Time: 1672.5592 s
 Time Step:  559800, Simulation Time: 1672.8564 s
 Time Step:  559900, Simulation Time: 1673.1463 s
 Time Step:  560000, Simulation Time: 1673.4306 s
 Time Step:  560100, Simulation Time: 1673.7109 s
 Time Step:  560200, Simulation Time: 1673.9799 s
 Time Step:  560300, Simulation Time: 1674.2545 s
 Time Step:  560400, Simulation Time: 1674.5265 s
 Time Step:  560500, Simulation Time: 1674.7971 s
 Time Step:  560600, Simulation Time: 1675.0745 s
 Time Step:  560700, Simulation Time: 1675.3499 s
 Time Step:  560800, Simulation Time: 1675.6314 s
 Time Step:  560900, Simulation Time: 1675.9194 s
 Time Step:  561000, Simulation Time: 1676.1964 s
 Time Step:  561100, Simulation Time: 1676.4830 s
 Time Step:  561200, Simulation Time: 1676.7565 s
 Time Step:  561300, Simulation Time: 1677.0525 s
 Time Step:  561400, Simulation Time: 1677.3401 s
 Time Step:  561500, Simulation Time: 1677.6295 s
 Time Step:  561600, Simulation Time: 1677.9093 s
 Time Step:  561700, Simulation Time: 1678.1924 s
 Time Step:  561800, Simulation Time: 1678.4706 s
 Time Step:  561900, Simulation Time: 1678.7557 s
 Time Step:  562000, Simulation Time: 1679.0419 s
 Time Step:  562100, Simulation Time: 1679.3388 s
 Time Step:  562200, Simulation Time: 1679.6311 s
 Time Step:  562300, Simulation Time: 1679.9125 s
 Time Step:  562400, Simulation Time: 1680.1977 s
 Time Step:  562500, Simulation Time: 1680.4828 s
 Time Step:  562600, Simulation Time: 1680.7745 s
 Time Step:  562700, Simulation Time: 1681.0538 s
 Time Step:  562800, Simulation Time: 1681.3347 s
 Time Step:  562900, Simulation Time: 1681.6176 s
 Time Step:  563000, Simulation Time: 1681.9113 s
 Time Step:  563100, Simulation Time: 1682.2046 s
 Time Step:  563200, Simulation Time: 1682.4946 s
 Time Step:  563300, Simulation Time: 1682.7729 s
 Time Step:  563400, Simulation Time: 1683.0457 s
 Time Step:  563500, Simulation Time: 1683.3275 s
 Time Step:  563600, Simulation Time: 1683.6115 s
 Time Step:  563700, Simulation Time: 1683.8919 s
 Time Step:  563800, Simulation Time: 1684.1682 s
 Time Step:  563900, Simulation Time: 1684.4498 s
 Time Step:  564000, Simulation Time: 1684.7280 s
 Time Step:  564100, Simulation Time: 1685.0103 s
 Time Step:  564200, Simulation Time: 1685.2966 s
 Time Step:  564300, Simulation Time: 1685.5733 s
 Time Step:  564400, Simulation Time: 1685.8556 s
 Time Step:  564500, Simulation Time: 1686.1358 s
 Time Step:  564600, Simulation Time: 1686.4190 s
 Time Step:  564700, Simulation Time: 1686.6979 s
 Time Step:  564800, Simulation Time: 1686.9769 s
 Time Step:  564900, Simulation Time: 1687.2533 s
 Time Step:  565000, Simulation Time: 1687.5282 s
 Time Step:  565100, Simulation Time: 1687.8138 s
 Time Step:  565200, Simulation Time: 1688.0849 s
 Time Step:  565300, Simulation Time: 1688.3743 s
 Time Step:  565400, Simulation Time: 1688.6628 s
 Time Step:  565500, Simulation Time: 1688.9415 s
 Time Step:  565600, Simulation Time: 1689.2156 s
 Time Step:  565700, Simulation Time: 1689.4914 s
 Time Step:  565800, Simulation Time: 1689.7764 s
 Time Step:  565900, Simulation Time: 1690.0571 s
 Time Step:  566000, Simulation Time: 1690.3323 s
 Time Step:  566100, Simulation Time: 1690.6087 s
 Time Step:  566200, Simulation Time: 1690.9035 s
 Time Step:  566300, Simulation Time: 1691.1803 s
 Time Step:  566400, Simulation Time: 1691.4753 s
 Time Step:  566500, Simulation Time: 1691.7549 s
 Time Step:  566600, Simulation Time: 1692.0400 s
 Time Step:  566700, Simulation Time: 1692.3316 s
 Time Step:  566800, Simulation Time: 1692.6114 s
 Time Step:  566900, Simulation Time: 1692.8713 s
 Time Step:  567000, Simulation Time: 1693.1554 s
 Time Step:  567100, Simulation Time: 1693.4400 s
 Time Step:  567200, Simulation Time: 1693.7196 s
 Time Step:  567300, Simulation Time: 1694.0012 s
 Time Step:  567400, Simulation Time: 1694.2798 s
 Time Step:  567500, Simulation Time: 1694.5694 s
 Time Step:  567600, Simulation Time: 1694.8581 s
 Time Step:  567700, Simulation Time: 1695.1367 s
 Time Step:  567800, Simulation Time: 1695.4199 s
 Time Step:  567900, Simulation Time: 1695.7074 s
 Time Step:  568000, Simulation Time: 1695.9929 s
 Time Step:  568100, Simulation Time: 1696.2680 s
 Time Step:  568200, Simulation Time: 1696.5422 s
 Time Step:  568300, Simulation Time: 1696.8237 s
 Time Step:  568400, Simulation Time: 1697.1096 s
 Time Step:  568500, Simulation Time: 1697.4075 s
 Time Step:  568600, Simulation Time: 1697.6865 s
 Time Step:  568700, Simulation Time: 1697.9727 s
 Time Step:  568800, Simulation Time: 1698.2430 s
 Time Step:  568900, Simulation Time: 1698.5276 s
 Time Step:  569000, Simulation Time: 1698.8173 s
 Time Step:  569100, Simulation Time: 1699.1113 s
 Time Step:  569200, Simulation Time: 1699.3988 s
 Time Step:  569300, Simulation Time: 1699.6807 s
 Time Step:  569400, Simulation Time: 1699.9404 s
 Time Step:  569500, Simulation Time: 1700.2223 s
 Time Step:  569600, Simulation Time: 1700.5125 s
 Time Step:  569700, Simulation Time: 1700.7940 s
 Time Step:  569800, Simulation Time: 1701.0801 s
 Time Step:  569900, Simulation Time: 1701.3542 s
 Time Step:  570000, Simulation Time: 1701.6349 s
 Time Step:  570100, Simulation Time: 1701.9161 s
 Time Step:  570200, Simulation Time: 1702.2037 s
 Time Step:  570300, Simulation Time: 1702.4838 s
 Time Step:  570400, Simulation Time: 1702.7735 s
 Time Step:  570500, Simulation Time: 1703.0593 s
 Time Step:  570600, Simulation Time: 1703.3463 s
 Time Step:  570700, Simulation Time: 1703.6204 s
 Time Step:  570800, Simulation Time: 1703.8935 s
 Time Step:  570900, Simulation Time: 1704.1651 s
 Time Step:  571000, Simulation Time: 1704.4420 s
 Time Step:  571100, Simulation Time: 1704.7203 s
 Time Step:  571200, Simulation Time: 1704.9940 s
 Time Step:  571300, Simulation Time: 1705.2810 s
 Time Step:  571400, Simulation Time: 1705.5608 s
 Time Step:  571500, Simulation Time: 1705.8308 s
 Time Step:  571600, Simulation Time: 1706.1003 s
 Time Step:  571700, Simulation Time: 1706.3629 s
 Time Step:  571800, Simulation Time: 1706.6481 s
 Time Step:  571900, Simulation Time: 1706.9302 s
 Time Step:  572000, Simulation Time: 1707.2036 s
 Time Step:  572100, Simulation Time: 1707.4899 s
 Time Step:  572200, Simulation Time: 1707.7630 s
 Time Step:  572300, Simulation Time: 1708.0403 s
 Time Step:  572400, Simulation Time: 1708.3227 s
 Time Step:  572500, Simulation Time: 1708.6095 s
 Time Step:  572600, Simulation Time: 1708.8999 s
 Time Step:  572700, Simulation Time: 1709.1769 s
 Time Step:  572800, Simulation Time: 1709.4630 s
 Time Step:  572900, Simulation Time: 1709.7495 s
 Time Step:  573000, Simulation Time: 1710.0314 s
 Time Step:  573100, Simulation Time: 1710.3029 s
 Time Step:  573200, Simulation Time: 1710.5742 s
 Time Step:  573300, Simulation Time: 1710.8627 s
 Time Step:  573400, Simulation Time: 1711.1255 s
 Time Step:  573500, Simulation Time: 1711.4037 s
 Time Step:  573600, Simulation Time: 1711.6832 s
 Time Step:  573700, Simulation Time: 1711.9603 s
 Time Step:  573800, Simulation Time: 1712.2367 s
 Time Step:  573900, Simulation Time: 1712.5186 s
 Time Step:  574000, Simulation Time: 1712.8034 s
 Time Step:  574100, Simulation Time: 1713.0857 s
 Time Step:  574200, Simulation Time: 1713.3740 s
 Time Step:  574300, Simulation Time: 1713.6557 s
 Time Step:  574400, Simulation Time: 1713.9399 s
 Time Step:  574500, Simulation Time: 1714.2287 s
 Time Step:  574600, Simulation Time: 1714.5095 s
 Time Step:  574700, Simulation Time: 1714.7969 s
 Time Step:  574800, Simulation Time: 1715.0806 s
 Time Step:  574900, Simulation Time: 1715.3590 s
 Time Step:  575000, Simulation Time: 1715.6442 s
 Time Step:  575100, Simulation Time: 1715.9203 s
 Time Step:  575200, Simulation Time: 1716.1957 s
 Time Step:  575300, Simulation Time: 1716.4809 s
 Time Step:  575400, Simulation Time: 1716.7611 s
 Time Step:  575500, Simulation Time: 1717.0458 s
 Time Step:  575600, Simulation Time: 1717.3338 s
 Time Step:  575700, Simulation Time: 1717.6145 s
 Time Step:  575800, Simulation Time: 1717.8997 s
 Time Step:  575900, Simulation Time: 1718.1799 s
 Time Step:  576000, Simulation Time: 1718.4738 s
 Time Step:  576100, Simulation Time: 1718.7587 s
 Time Step:  576200, Simulation Time: 1719.0356 s
 Time Step:  576300, Simulation Time: 1719.3340 s
 Time Step:  576400, Simulation Time: 1719.6233 s
 Time Step:  576500, Simulation Time: 1719.9040 s
 Time Step:  576600, Simulation Time: 1720.1902 s
 Time Step:  576700, Simulation Time: 1720.4593 s
 Time Step:  576800, Simulation Time: 1720.7492 s
 Time Step:  576900, Simulation Time: 1721.0311 s
 Time Step:  577000, Simulation Time: 1721.3146 s
 Time Step:  577100, Simulation Time: 1721.5969 s
 Time Step:  577200, Simulation Time: 1721.8864 s
 Time Step:  577300, Simulation Time: 1722.1792 s
 Time Step:  577400, Simulation Time: 1722.4569 s
 Time Step:  577500, Simulation Time: 1722.7352 s
 Time Step:  577600, Simulation Time: 1723.0157 s
 Time Step:  577700, Simulation Time: 1723.2997 s
 Time Step:  577800, Simulation Time: 1723.5658 s
 Time Step:  577900, Simulation Time: 1723.8473 s
 Time Step:  578000, Simulation Time: 1724.1276 s
 Time Step:  578100, Simulation Time: 1724.4111 s
 Time Step:  578200, Simulation Time: 1724.6987 s
 Time Step:  578300, Simulation Time: 1724.9810 s
 Time Step:  578400, Simulation Time: 1725.2650 s
 Time Step:  578500, Simulation Time: 1725.5677 s
 Time Step:  578600, Simulation Time: 1725.8681 s
 Time Step:  578700, Simulation Time: 1726.1607 s
 Time Step:  578800, Simulation Time: 1726.4378 s
 Time Step:  578900, Simulation Time: 1726.7424 s
 Time Step:  579000, Simulation Time: 1727.0163 s
 Time Step:  579100, Simulation Time: 1727.3013 s
 Time Step:  579200, Simulation Time: 1727.5833 s
 Time Step:  579300, Simulation Time: 1727.8717 s
 Time Step:  579400, Simulation Time: 1728.1525 s
 Time Step:  579500, Simulation Time: 1728.4369 s
 Time Step:  579600, Simulation Time: 1728.7130 s
 Time Step:  579700, Simulation Time: 1728.9958 s
 Time Step:  579800, Simulation Time: 1729.2738 s
 Time Step:  579900, Simulation Time: 1729.5496 s
 Time Step:  580000, Simulation Time: 1729.8426 s
 Time Step:  580100, Simulation Time: 1730.1303 s
 Time Step:  580200, Simulation Time: 1730.4087 s
 Time Step:  580300, Simulation Time: 1730.7016 s
 Time Step:  580400, Simulation Time: 1730.9810 s
 Time Step:  580500, Simulation Time: 1731.2446 s
 Time Step:  580600, Simulation Time: 1731.5174 s
 Time Step:  580700, Simulation Time: 1731.7906 s
 Time Step:  580800, Simulation Time: 1732.0692 s
 Time Step:  580900, Simulation Time: 1732.3455 s
 Time Step:  581000, Simulation Time: 1732.6144 s
 Time Step:  581100, Simulation Time: 1732.8881 s
 Time Step:  581200, Simulation Time: 1733.1615 s
 Time Step:  581300, Simulation Time: 1733.4522 s
 Time Step:  581400, Simulation Time: 1733.7215 s
 Time Step:  581500, Simulation Time: 1733.9945 s
 Time Step:  581600, Simulation Time: 1734.2737 s
 Time Step:  581700, Simulation Time: 1734.5562 s
 Time Step:  581800, Simulation Time: 1734.8434 s
 Time Step:  581900, Simulation Time: 1735.1318 s
 Time Step:  582000, Simulation Time: 1735.4200 s
 Time Step:  582100, Simulation Time: 1735.6885 s
 Time Step:  582200, Simulation Time: 1735.9628 s
 Time Step:  582300, Simulation Time: 1736.2343 s
 Time Step:  582400, Simulation Time: 1736.5013 s
 Time Step:  582500, Simulation Time: 1736.7777 s
 Time Step:  582600, Simulation Time: 1737.0616 s
 Time Step:  582700, Simulation Time: 1737.3419 s
 Time Step:  582800, Simulation Time: 1737.6090 s
 Time Step:  582900, Simulation Time: 1737.8949 s
 Time Step:  583000, Simulation Time: 1738.1770 s
 Time Step:  583100, Simulation Time: 1738.4693 s
 Time Step:  583200, Simulation Time: 1738.7450 s
 Time Step:  583300, Simulation Time: 1739.0234 s
 Time Step:  583400, Simulation Time: 1739.3041 s
 Time Step:  583500, Simulation Time: 1739.5958 s
 Time Step:  583600, Simulation Time: 1739.8883 s
 Time Step:  583700, Simulation Time: 1740.1728 s
 Time Step:  583800, Simulation Time: 1740.4523 s
 Time Step:  583900, Simulation Time: 1740.7312 s
 Time Step:  584000, Simulation Time: 1741.0022 s
 Time Step:  584100, Simulation Time: 1741.2809 s
 Time Step:  584200, Simulation Time: 1741.5656 s
 Time Step:  584300, Simulation Time: 1741.8400 s
 Time Step:  584400, Simulation Time: 1742.1109 s
 Time Step:  584500, Simulation Time: 1742.3843 s
 Time Step:  584600, Simulation Time: 1742.6717 s
 Time Step:  584700, Simulation Time: 1742.9563 s
 Time Step:  584800, Simulation Time: 1743.2485 s
 Time Step:  584900, Simulation Time: 1743.5517 s
 Time Step:  585000, Simulation Time: 1743.8419 s
 Time Step:  585100, Simulation Time: 1744.1313 s
 Time Step:  585200, Simulation Time: 1744.4076 s
 Time Step:  585300, Simulation Time: 1744.6924 s
 Time Step:  585400, Simulation Time: 1744.9742 s
 Time Step:  585500, Simulation Time: 1745.2598 s
 Time Step:  585600, Simulation Time: 1745.5455 s
 Time Step:  585700, Simulation Time: 1745.8291 s
 Time Step:  585800, Simulation Time: 1746.1172 s
 Time Step:  585900, Simulation Time: 1746.4042 s
 Time Step:  586000, Simulation Time: 1746.6801 s
 Time Step:  586100, Simulation Time: 1746.9567 s
 Time Step:  586200, Simulation Time: 1747.2445 s
 Time Step:  586300, Simulation Time: 1747.5279 s
 Time Step:  586400, Simulation Time: 1747.8112 s
 Time Step:  586500, Simulation Time: 1748.0918 s
 Time Step:  586600, Simulation Time: 1748.3861 s
 Time Step:  586700, Simulation Time: 1748.6600 s
 Time Step:  586800, Simulation Time: 1748.9340 s
 Time Step:  586900, Simulation Time: 1749.2189 s
 Time Step:  587000, Simulation Time: 1749.5066 s
 Time Step:  587100, Simulation Time: 1749.7736 s
 Time Step:  587200, Simulation Time: 1750.0517 s
 Time Step:  587300, Simulation Time: 1750.3291 s
 Time Step:  587400, Simulation Time: 1750.6051 s
 Time Step:  587500, Simulation Time: 1750.9017 s
 Time Step:  587600, Simulation Time: 1751.1872 s
 Time Step:  587700, Simulation Time: 1751.4774 s
 Time Step:  587800, Simulation Time: 1751.7571 s
 Time Step:  587900, Simulation Time: 1752.0261 s
 Time Step:  588000, Simulation Time: 1752.3018 s
 Time Step:  588100, Simulation Time: 1752.5717 s
 Time Step:  588200, Simulation Time: 1752.8473 s
 Time Step:  588300, Simulation Time: 1753.1294 s
 Time Step:  588400, Simulation Time: 1753.3985 s
 Time Step:  588500, Simulation Time: 1753.6735 s
 Time Step:  588600, Simulation Time: 1753.9439 s
 Time Step:  588700, Simulation Time: 1754.2183 s
 Time Step:  588800, Simulation Time: 1754.4872 s
 Time Step:  588900, Simulation Time: 1754.7669 s
 Time Step:  589000, Simulation Time: 1755.0447 s
 Time Step:  589100, Simulation Time: 1755.3239 s
 Time Step:  589200, Simulation Time: 1755.6050 s
 Time Step:  589300, Simulation Time: 1755.8800 s
 Time Step:  589400, Simulation Time: 1756.1453 s
 Time Step:  589500, Simulation Time: 1756.4145 s
 Time Step:  589600, Simulation Time: 1756.6926 s
 Time Step:  589700, Simulation Time: 1756.9754 s
 Time Step:  589800, Simulation Time: 1757.2569 s
 Time Step:  589900, Simulation Time: 1757.5383 s
 Time Step:  590000, Simulation Time: 1757.8164 s
 Time Step:  590100, Simulation Time: 1758.1064 s
 Time Step:  590200, Simulation Time: 1758.3929 s
 Time Step:  590300, Simulation Time: 1758.6776 s
 Time Step:  590400, Simulation Time: 1758.9503 s
 Time Step:  590500, Simulation Time: 1759.2210 s
 Time Step:  590600, Simulation Time: 1759.5046 s
 Time Step:  590700, Simulation Time: 1759.7859 s
 Time Step:  590800, Simulation Time: 1760.0753 s
 Time Step:  590900, Simulation Time: 1760.3782 s
 Time Step:  591000, Simulation Time: 1760.6681 s
 Time Step:  591100, Simulation Time: 1760.9460 s
 Time Step:  591200, Simulation Time: 1761.2162 s
 Time Step:  591300, Simulation Time: 1761.4905 s
 Time Step:  591400, Simulation Time: 1761.7569 s
 Time Step:  591500, Simulation Time: 1762.0354 s
 Time Step:  591600, Simulation Time: 1762.3177 s
 Time Step:  591700, Simulation Time: 1762.6065 s
 Time Step:  591800, Simulation Time: 1762.8969 s
 Time Step:  591900, Simulation Time: 1763.1829 s
 Time Step:  592000, Simulation Time: 1763.4683 s
 Time Step:  592100, Simulation Time: 1763.7593 s
 Time Step:  592200, Simulation Time: 1764.0332 s
 Time Step:  592300, Simulation Time: 1764.3305 s
 Time Step:  592400, Simulation Time: 1764.5998 s
 Time Step:  592500, Simulation Time: 1764.8876 s
 Time Step:  592600, Simulation Time: 1765.1606 s
 Time Step:  592700, Simulation Time: 1765.4431 s
 Time Step:  592800, Simulation Time: 1765.7222 s
 Time Step:  592900, Simulation Time: 1766.0085 s
 Time Step:  593000, Simulation Time: 1766.2904 s
 Time Step:  593100, Simulation Time: 1766.5640 s
 Time Step:  593200, Simulation Time: 1766.8348 s
 Time Step:  593300, Simulation Time: 1767.1231 s
 Time Step:  593400, Simulation Time: 1767.3993 s
 Time Step:  593500, Simulation Time: 1767.6902 s
 Time Step:  593600, Simulation Time: 1767.9662 s
 Time Step:  593700, Simulation Time: 1768.2429 s
 Time Step:  593800, Simulation Time: 1768.5238 s
 Time Step:  593900, Simulation Time: 1768.8104 s
 Time Step:  594000, Simulation Time: 1769.1077 s
 Time Step:  594100, Simulation Time: 1769.3894 s
 Time Step:  594200, Simulation Time: 1769.6732 s
 Time Step:  594300, Simulation Time: 1769.9520 s
 Time Step:  594400, Simulation Time: 1770.2493 s
 Time Step:  594500, Simulation Time: 1770.5413 s
 Time Step:  594600, Simulation Time: 1770.8153 s
 Time Step:  594700, Simulation Time: 1771.0937 s
 Time Step:  594800, Simulation Time: 1771.3736 s
 Time Step:  594900, Simulation Time: 1771.6658 s
 Time Step:  595000, Simulation Time: 1771.9431 s
 Time Step:  595100, Simulation Time: 1772.2234 s
 Time Step:  595200, Simulation Time: 1772.4994 s
 Time Step:  595300, Simulation Time: 1772.7780 s
 Time Step:  595400, Simulation Time: 1773.0677 s
 Time Step:  595500, Simulation Time: 1773.3496 s
 Time Step:  595600, Simulation Time: 1773.6401 s
 Time Step:  595700, Simulation Time: 1773.9191 s
 Time Step:  595800, Simulation Time: 1774.2066 s
 Time Step:  595900, Simulation Time: 1774.4900 s
 Time Step:  596000, Simulation Time: 1774.7748 s
 Time Step:  596100, Simulation Time: 1775.0466 s
 Time Step:  596200, Simulation Time: 1775.3197 s
 Time Step:  596300, Simulation Time: 1775.5921 s
 Time Step:  596400, Simulation Time: 1775.8735 s
 Time Step:  596500, Simulation Time: 1776.1647 s
 Time Step:  596600, Simulation Time: 1776.4368 s
 Time Step:  596700, Simulation Time: 1776.7148 s
 Time Step:  596800, Simulation Time: 1777.0069 s
 Time Step:  596900, Simulation Time: 1777.2941 s
 Time Step:  597000, Simulation Time: 1777.5745 s
 Time Step:  597100, Simulation Time: 1777.8461 s
 Time Step:  597200, Simulation Time: 1778.1377 s
 Time Step:  597300, Simulation Time: 1778.4315 s
 Time Step:  597400, Simulation Time: 1778.7105 s
 Time Step:  597500, Simulation Time: 1778.9839 s
 Time Step:  597600, Simulation Time: 1779.2651 s
 Time Step:  597700, Simulation Time: 1779.5373 s
 Time Step:  597800, Simulation Time: 1779.8038 s
 Time Step:  597900, Simulation Time: 1780.0841 s
 Time Step:  598000, Simulation Time: 1780.3649 s
 Time Step:  598100, Simulation Time: 1780.6570 s
 Time Step:  598200, Simulation Time: 1780.9358 s
 Time Step:  598300, Simulation Time: 1781.2151 s
 Time Step:  598400, Simulation Time: 1781.4901 s
 Time Step:  598500, Simulation Time: 1781.7688 s
 Time Step:  598600, Simulation Time: 1782.0586 s
 Time Step:  598700, Simulation Time: 1782.3402 s
 Time Step:  598800, Simulation Time: 1782.6273 s
 Time Step:  598900, Simulation Time: 1782.9072 s
 Time Step:  599000, Simulation Time: 1783.1859 s
 Time Step:  599100, Simulation Time: 1783.4679 s
 Time Step:  599200, Simulation Time: 1783.7502 s
 Time Step:  599300, Simulation Time: 1784.0284 s
 Time Step:  599400, Simulation Time: 1784.3128 s
 Time Step:  599500, Simulation Time: 1784.5895 s
 Time Step:  599600, Simulation Time: 1784.8728 s
 Time Step:  599700, Simulation Time: 1785.1535 s
 Time Step:  599800, Simulation Time: 1785.4253 s
 Time Step:  599900, Simulation Time: 1785.6957 s
 Time Step:  600000, Simulation Time: 1785.9746 s
 Time Step:  600100, Simulation Time: 1786.2501 s
 Time Step:  600200, Simulation Time: 1786.5273 s
 Time Step:  600300, Simulation Time: 1786.8039 s
 Time Step:  600400, Simulation Time: 1787.0911 s
 Time Step:  600500, Simulation Time: 1787.3738 s
 Time Step:  600600, Simulation Time: 1787.6656 s
 Time Step:  600700, Simulation Time: 1787.9469 s
 Time Step:  600800, Simulation Time: 1788.2270 s
 Time Step:  600900, Simulation Time: 1788.5017 s
 Time Step:  601000, Simulation Time: 1788.7800 s
 Time Step:  601100, Simulation Time: 1789.0567 s
 Time Step:  601200, Simulation Time: 1789.3433 s
 Time Step:  601300, Simulation Time: 1789.6286 s
 Time Step:  601400, Simulation Time: 1789.9194 s
 Time Step:  601500, Simulation Time: 1790.2017 s
 Time Step:  601600, Simulation Time: 1790.4825 s
 Time Step:  601700, Simulation Time: 1790.7696 s
 Time Step:  601800, Simulation Time: 1791.0605 s
 Time Step:  601900, Simulation Time: 1791.3370 s
 Time Step:  602000, Simulation Time: 1791.6146 s
 Time Step:  602100, Simulation Time: 1791.8869 s
 Time Step:  602200, Simulation Time: 1792.1599 s
 Time Step:  602300, Simulation Time: 1792.4348 s
 Time Step:  602400, Simulation Time: 1792.7192 s
 Time Step:  602500, Simulation Time: 1793.0003 s
 Time Step:  602600, Simulation Time: 1793.2817 s
 Time Step:  602700, Simulation Time: 1793.5647 s
 Time Step:  602800, Simulation Time: 1793.8528 s
 Time Step:  602900, Simulation Time: 1794.1485 s
 Time Step:  603000, Simulation Time: 1794.4413 s
 Time Step:  603100, Simulation Time: 1794.7282 s
 Time Step:  603200, Simulation Time: 1795.0089 s
 Time Step:  603300, Simulation Time: 1795.3026 s
 Time Step:  603400, Simulation Time: 1795.5928 s
 Time Step:  603500, Simulation Time: 1795.8815 s
 Time Step:  603600, Simulation Time: 1796.1711 s
 Time Step:  603700, Simulation Time: 1796.4502 s
 Time Step:  603800, Simulation Time: 1796.7389 s
 Time Step:  603900, Simulation Time: 1797.0280 s
 Time Step:  604000, Simulation Time: 1797.3092 s
 Time Step:  604100, Simulation Time: 1797.5890 s
 Time Step:  604200, Simulation Time: 1797.8814 s
 Time Step:  604300, Simulation Time: 1798.1673 s
 Time Step:  604400, Simulation Time: 1798.4531 s
 Time Step:  604500, Simulation Time: 1798.7429 s
 Time Step:  604600, Simulation Time: 1799.0382 s
 Time Step:  604700, Simulation Time: 1799.3241 s
 Time Step:  604800, Simulation Time: 1799.6060 s
 Time Step:  604900, Simulation Time: 1799.8918 s
 Time Step:  605000, Simulation Time: 1800.1810 s
 Time Step:  605100, Simulation Time: 1800.4640 s
 Time Step:  605200, Simulation Time: 1800.7631 s
 Time Step:  605300, Simulation Time: 1801.0492 s
 Time Step:  605400, Simulation Time: 1801.3413 s
 Time Step:  605500, Simulation Time: 1801.6346 s
 Time Step:  605600, Simulation Time: 1801.9329 s
 Time Step:  605700, Simulation Time: 1802.2188 s
 Time Step:  605800, Simulation Time: 1802.5119 s
 Time Step:  605900, Simulation Time: 1802.8059 s
 Time Step:  606000, Simulation Time: 1803.0982 s
 Time Step:  606100, Simulation Time: 1803.3774 s
 Time Step:  606200, Simulation Time: 1803.6685 s
 Time Step:  606300, Simulation Time: 1803.9483 s
 Time Step:  606400, Simulation Time: 1804.2226 s
 Time Step:  606500, Simulation Time: 1804.5128 s
 Time Step:  606600, Simulation Time: 1804.8095 s
 Time Step:  606700, Simulation Time: 1805.0802 s
 Time Step:  606800, Simulation Time: 1805.3489 s
 Time Step:  606900, Simulation Time: 1805.6348 s
 Time Step:  607000, Simulation Time: 1805.9153 s
 Time Step:  607100, Simulation Time: 1806.2044 s
 Time Step:  607200, Simulation Time: 1806.4996 s
 Time Step:  607300, Simulation Time: 1806.7857 s
 Time Step:  607400, Simulation Time: 1807.0695 s
 Time Step:  607500, Simulation Time: 1807.3568 s
 Time Step:  607600, Simulation Time: 1807.6431 s
 Time Step:  607700, Simulation Time: 1807.9328 s
 Time Step:  607800, Simulation Time: 1808.2115 s
 Time Step:  607900, Simulation Time: 1808.4924 s
 Time Step:  608000, Simulation Time: 1808.7692 s
 Time Step:  608100, Simulation Time: 1809.0461 s
 Time Step:  608200, Simulation Time: 1809.3180 s
 Time Step:  608300, Simulation Time: 1809.6061 s
 Time Step:  608400, Simulation Time: 1809.8880 s
 Time Step:  608500, Simulation Time: 1810.1686 s
 Time Step:  608600, Simulation Time: 1810.4448 s
 Time Step:  608700, Simulation Time: 1810.7168 s
 Time Step:  608800, Simulation Time: 1811.0028 s
 Time Step:  608900, Simulation Time: 1811.2793 s
 Time Step:  609000, Simulation Time: 1811.5674 s
 Time Step:  609100, Simulation Time: 1811.8503 s
 Time Step:  609200, Simulation Time: 1812.1325 s
 Time Step:  609300, Simulation Time: 1812.4090 s
 Time Step:  609400, Simulation Time: 1812.6841 s
 Time Step:  609500, Simulation Time: 1812.9543 s
 Time Step:  609600, Simulation Time: 1813.2138 s
 Time Step:  609700, Simulation Time: 1813.5002 s
 Time Step:  609800, Simulation Time: 1813.7790 s
 Time Step:  609900, Simulation Time: 1814.0523 s
 Time Step:  610000, Simulation Time: 1814.3351 s
 Time Step:  610100, Simulation Time: 1814.6187 s
 Time Step:  610200, Simulation Time: 1814.8947 s
 Time Step:  610300, Simulation Time: 1815.1875 s
 Time Step:  610400, Simulation Time: 1815.4699 s
 Time Step:  610500, Simulation Time: 1815.7465 s
 Time Step:  610600, Simulation Time: 1816.0157 s
 Time Step:  610700, Simulation Time: 1816.3068 s
 Time Step:  610800, Simulation Time: 1816.5898 s
 Time Step:  610900, Simulation Time: 1816.8736 s
 Time Step:  611000, Simulation Time: 1817.1582 s
 Time Step:  611100, Simulation Time: 1817.4351 s
 Time Step:  611200, Simulation Time: 1817.7156 s
 Time Step:  611300, Simulation Time: 1817.9850 s
 Time Step:  611400, Simulation Time: 1818.2702 s
 Time Step:  611500, Simulation Time: 1818.5543 s
 Time Step:  611600, Simulation Time: 1818.8349 s
 Time Step:  611700, Simulation Time: 1819.1158 s
 Time Step:  611800, Simulation Time: 1819.3971 s
 Time Step:  611900, Simulation Time: 1819.6692 s
 Time Step:  612000, Simulation Time: 1819.9551 s
 Time Step:  612100, Simulation Time: 1820.2421 s
 Time Step:  612200, Simulation Time: 1820.5165 s
 Time Step:  612300, Simulation Time: 1820.7960 s
 Time Step:  612400, Simulation Time: 1821.0705 s
 Time Step:  612500, Simulation Time: 1821.3362 s
 Time Step:  612600, Simulation Time: 1821.6053 s
 Time Step:  612700, Simulation Time: 1821.8792 s
 Time Step:  612800, Simulation Time: 1822.1436 s
 Time Step:  612900, Simulation Time: 1822.4210 s
 Time Step:  613000, Simulation Time: 1822.6961 s
 Time Step:  613100, Simulation Time: 1822.9752 s
 Time Step:  613200, Simulation Time: 1823.2599 s
 Time Step:  613300, Simulation Time: 1823.5408 s
 Time Step:  613400, Simulation Time: 1823.8340 s
 Time Step:  613500, Simulation Time: 1824.1231 s
 Time Step:  613600, Simulation Time: 1824.4028 s
 Time Step:  613700, Simulation Time: 1824.6760 s
 Time Step:  613800, Simulation Time: 1824.9540 s
 Time Step:  613900, Simulation Time: 1825.2430 s
 Time Step:  614000, Simulation Time: 1825.5360 s
 Time Step:  614100, Simulation Time: 1825.8285 s
 Time Step:  614200, Simulation Time: 1826.1097 s
 Time Step:  614300, Simulation Time: 1826.3907 s
 Time Step:  614400, Simulation Time: 1826.6756 s
 Time Step:  614500, Simulation Time: 1826.9641 s
 Time Step:  614600, Simulation Time: 1827.2429 s
 Time Step:  614700, Simulation Time: 1827.5372 s
 Time Step:  614800, Simulation Time: 1827.8160 s
 Time Step:  614900, Simulation Time: 1828.0975 s
 Time Step:  615000, Simulation Time: 1828.3808 s
 Time Step:  615100, Simulation Time: 1828.6615 s
 Time Step:  615200, Simulation Time: 1828.9568 s
 Time Step:  615300, Simulation Time: 1829.2307 s
 Time Step:  615400, Simulation Time: 1829.5101 s
 Time Step:  615500, Simulation Time: 1829.7871 s
 Time Step:  615600, Simulation Time: 1830.0640 s
 Time Step:  615700, Simulation Time: 1830.3567 s
 Time Step:  615800, Simulation Time: 1830.6482 s
 Time Step:  615900, Simulation Time: 1830.9280 s
 Time Step:  616000, Simulation Time: 1831.2064 s
 Time Step:  616100, Simulation Time: 1831.4901 s
 Time Step:  616200, Simulation Time: 1831.7640 s
 Time Step:  616300, Simulation Time: 1832.0618 s
 Time Step:  616400, Simulation Time: 1832.3396 s
 Time Step:  616500, Simulation Time: 1832.6247 s
 Time Step:  616600, Simulation Time: 1832.9160 s
 Time Step:  616700, Simulation Time: 1833.1983 s
 Time Step:  616800, Simulation Time: 1833.4790 s
 Time Step:  616900, Simulation Time: 1833.7606 s
 Time Step:  617000, Simulation Time: 1834.0501 s
 Time Step:  617100, Simulation Time: 1834.3396 s
 Time Step:  617200, Simulation Time: 1834.6207 s
 Time Step:  617300, Simulation Time: 1834.9093 s
 Time Step:  617400, Simulation Time: 1835.1851 s
 Time Step:  617500, Simulation Time: 1835.4684 s
 Time Step:  617600, Simulation Time: 1835.7458 s
 Time Step:  617700, Simulation Time: 1836.0237 s
 Time Step:  617800, Simulation Time: 1836.3280 s
 Time Step:  617900, Simulation Time: 1836.6177 s
 Time Step:  618000, Simulation Time: 1836.9097 s
 Time Step:  618100, Simulation Time: 1837.1910 s
 Time Step:  618200, Simulation Time: 1837.4675 s
 Time Step:  618300, Simulation Time: 1837.7612 s
 Time Step:  618400, Simulation Time: 1838.0470 s
 Time Step:  618500, Simulation Time: 1838.3319 s
 Time Step:  618600, Simulation Time: 1838.6168 s
 Time Step:  618700, Simulation Time: 1838.9113 s
 Time Step:  618800, Simulation Time: 1839.1974 s
 Time Step:  618900, Simulation Time: 1839.4825 s
 Time Step:  619000, Simulation Time: 1839.7719 s
 Time Step:  619100, Simulation Time: 1840.0530 s
 Time Step:  619200, Simulation Time: 1840.3333 s
 Time Step:  619300, Simulation Time: 1840.6007 s
 Time Step:  619400, Simulation Time: 1840.8911 s
 Time Step:  619500, Simulation Time: 1841.1866 s
 Time Step:  619600, Simulation Time: 1841.4648 s
 Time Step:  619700, Simulation Time: 1841.7512 s
 Time Step:  619800, Simulation Time: 1842.0416 s
 Time Step:  619900, Simulation Time: 1842.3210 s
 Time Step:  620000, Simulation Time: 1842.6180 s
 Time Step:  620100, Simulation Time: 1842.8881 s
 Time Step:  620200, Simulation Time: 1843.1707 s
 Time Step:  620300, Simulation Time: 1843.4569 s
 Time Step:  620400, Simulation Time: 1843.7455 s
 Time Step:  620500, Simulation Time: 1844.0349 s
 Time Step:  620600, Simulation Time: 1844.3258 s
 Time Step:  620700, Simulation Time: 1844.6135 s
 Time Step:  620800, Simulation Time: 1844.9018 s
 Time Step:  620900, Simulation Time: 1845.1934 s
 Time Step:  621000, Simulation Time: 1845.4979 s
 Time Step:  621100, Simulation Time: 1845.7744 s
 Time Step:  621200, Simulation Time: 1846.0455 s
 Time Step:  621300, Simulation Time: 1846.3342 s
 Time Step:  621400, Simulation Time: 1846.6256 s
 Time Step:  621500, Simulation Time: 1846.9130 s
 Time Step:  621600, Simulation Time: 1847.1977 s
 Time Step:  621700, Simulation Time: 1847.4807 s
 Time Step:  621800, Simulation Time: 1847.7583 s
 Time Step:  621900, Simulation Time: 1848.0267 s
 Time Step:  622000, Simulation Time: 1848.3065 s
 Time Step:  622100, Simulation Time: 1848.5869 s
 Time Step:  622200, Simulation Time: 1848.8583 s
 Time Step:  622300, Simulation Time: 1849.1351 s
 Time Step:  622400, Simulation Time: 1849.4202 s
 Time Step:  622500, Simulation Time: 1849.6965 s
 Time Step:  622600, Simulation Time: 1849.9844 s
 Time Step:  622700, Simulation Time: 1850.2605 s
 Time Step:  622800, Simulation Time: 1850.5424 s
 Time Step:  622900, Simulation Time: 1850.8220 s
 Time Step:  623000, Simulation Time: 1851.1063 s
 Time Step:  623100, Simulation Time: 1851.3790 s
 Time Step:  623200, Simulation Time: 1851.6545 s
 Time Step:  623300, Simulation Time: 1851.9282 s
 Time Step:  623400, Simulation Time: 1852.2119 s
 Time Step:  623500, Simulation Time: 1852.4900 s
 Time Step:  623600, Simulation Time: 1852.7837 s
 Time Step:  623700, Simulation Time: 1853.0713 s
 Time Step:  623800, Simulation Time: 1853.3517 s
 Time Step:  623900, Simulation Time: 1853.6380 s
 Time Step:  624000, Simulation Time: 1853.9130 s
 Time Step:  624100, Simulation Time: 1854.1958 s
 Time Step:  624200, Simulation Time: 1854.4852 s
 Time Step:  624300, Simulation Time: 1854.7772 s
 Time Step:  624400, Simulation Time: 1855.0642 s
 Time Step:  624500, Simulation Time: 1855.3451 s
 Time Step:  624600, Simulation Time: 1855.6325 s
 Time Step:  624700, Simulation Time: 1855.9119 s
 Time Step:  624800, Simulation Time: 1856.1890 s
 Time Step:  624900, Simulation Time: 1856.4894 s
 Time Step:  625000, Simulation Time: 1856.7741 s
 Time Step:  625100, Simulation Time: 1857.0630 s
 Time Step:  625200, Simulation Time: 1857.3519 s
 Time Step:  625300, Simulation Time: 1857.6368 s
 Time Step:  625400, Simulation Time: 1857.9237 s
 Time Step:  625500, Simulation Time: 1858.2107 s
 Time Step:  625600, Simulation Time: 1858.4873 s
 Time Step:  625700, Simulation Time: 1858.7634 s
 Time Step:  625800, Simulation Time: 1859.0516 s
 Time Step:  625900, Simulation Time: 1859.3338 s
 Time Step:  626000, Simulation Time: 1859.6000 s
 Time Step:  626100, Simulation Time: 1859.8725 s
 Time Step:  626200, Simulation Time: 1860.1552 s
 Time Step:  626300, Simulation Time: 1860.4260 s
 Time Step:  626400, Simulation Time: 1860.6960 s
 Time Step:  626500, Simulation Time: 1860.9600 s
 Time Step:  626600, Simulation Time: 1861.2409 s
 Time Step:  626700, Simulation Time: 1861.5280 s
 Time Step:  626800, Simulation Time: 1861.8082 s
 Time Step:  626900, Simulation Time: 1862.0998 s
 Time Step:  627000, Simulation Time: 1862.3789 s
 Time Step:  627100, Simulation Time: 1862.6527 s
 Time Step:  627200, Simulation Time: 1862.9430 s
 Time Step:  627300, Simulation Time: 1863.2215 s
 Time Step:  627400, Simulation Time: 1863.4952 s
 Time Step:  627500, Simulation Time: 1863.7806 s
 Time Step:  627600, Simulation Time: 1864.0374 s
 Time Step:  627700, Simulation Time: 1864.3073 s
 Time Step:  627800, Simulation Time: 1864.5820 s
 Time Step:  627900, Simulation Time: 1864.8550 s
 Time Step:  628000, Simulation Time: 1865.1269 s
 Time Step:  628100, Simulation Time: 1865.4106 s
 Time Step:  628200, Simulation Time: 1865.6849 s
 Time Step:  628300, Simulation Time: 1865.9623 s
 Time Step:  628400, Simulation Time: 1866.2320 s
 Time Step:  628500, Simulation Time: 1866.5076 s
 Time Step:  628600, Simulation Time: 1866.7848 s
 Time Step:  628700, Simulation Time: 1867.0609 s
 Time Step:  628800, Simulation Time: 1867.3336 s
 Time Step:  628900, Simulation Time: 1867.6067 s
 Time Step:  629000, Simulation Time: 1867.8645 s
 Time Step:  629100, Simulation Time: 1868.1335 s
 Time Step:  629200, Simulation Time: 1868.4010 s
 Time Step:  629300, Simulation Time: 1868.6840 s
 Time Step:  629400, Simulation Time: 1868.9651 s
 Time Step:  629500, Simulation Time: 1869.2448 s
 Time Step:  629600, Simulation Time: 1869.5289 s
 Time Step:  629700, Simulation Time: 1869.8223 s
 Time Step:  629800, Simulation Time: 1870.1039 s
 Time Step:  629900, Simulation Time: 1870.3838 s
 Time Step:  630000, Simulation Time: 1870.6705 s
 Time Step:  630100, Simulation Time: 1870.9526 s
 Time Step:  630200, Simulation Time: 1871.2282 s
 Time Step:  630300, Simulation Time: 1871.4975 s
 Time Step:  630400, Simulation Time: 1871.7930 s
 Time Step:  630500, Simulation Time: 1872.0712 s
 Time Step:  630600, Simulation Time: 1872.3575 s
 Time Step:  630700, Simulation Time: 1872.6383 s
 Time Step:  630800, Simulation Time: 1872.9292 s
 Time Step:  630900, Simulation Time: 1873.2060 s
 Time Step:  631000, Simulation Time: 1873.4887 s
 Time Step:  631100, Simulation Time: 1873.7768 s
 Time Step:  631200, Simulation Time: 1874.0540 s
 Time Step:  631300, Simulation Time: 1874.3428 s
 Time Step:  631400, Simulation Time: 1874.6268 s
 Time Step:  631500, Simulation Time: 1874.9142 s
 Time Step:  631600, Simulation Time: 1875.2054 s
 Time Step:  631700, Simulation Time: 1875.4929 s
 Time Step:  631800, Simulation Time: 1875.7799 s
 Time Step:  631900, Simulation Time: 1876.0719 s
 Time Step:  632000, Simulation Time: 1876.3536 s
 Time Step:  632100, Simulation Time: 1876.6426 s
 Time Step:  632200, Simulation Time: 1876.9302 s
 Time Step:  632300, Simulation Time: 1877.2041 s
 Time Step:  632400, Simulation Time: 1877.4840 s
 Time Step:  632500, Simulation Time: 1877.7669 s
 Time Step:  632600, Simulation Time: 1878.0562 s
 Time Step:  632700, Simulation Time: 1878.3543 s
 Time Step:  632800, Simulation Time: 1878.6425 s
 Time Step:  632900, Simulation Time: 1878.9225 s
 Time Step:  633000, Simulation Time: 1879.2128 s
 Time Step:  633100, Simulation Time: 1879.4935 s
 Time Step:  633200, Simulation Time: 1879.7782 s
 Time Step:  633300, Simulation Time: 1880.0560 s
 Time Step:  633400, Simulation Time: 1880.3307 s
 Time Step:  633500, Simulation Time: 1880.6146 s
 Time Step:  633600, Simulation Time: 1880.9009 s
 Time Step:  633700, Simulation Time: 1881.1910 s
 Time Step:  633800, Simulation Time: 1881.4591 s
 Time Step:  633900, Simulation Time: 1881.7319 s
 Time Step:  634000, Simulation Time: 1882.0031 s
 Time Step:  634100, Simulation Time: 1882.2701 s
 Time Step:  634200, Simulation Time: 1882.5491 s
 Time Step:  634300, Simulation Time: 1882.8316 s
 Time Step:  634400, Simulation Time: 1883.1201 s
 Time Step:  634500, Simulation Time: 1883.4168 s
 Time Step:  634600, Simulation Time: 1883.7029 s
 Time Step:  634700, Simulation Time: 1883.9929 s
 Time Step:  634800, Simulation Time: 1884.2700 s
 Time Step:  634900, Simulation Time: 1884.5601 s
 Time Step:  635000, Simulation Time: 1884.8485 s
 Time Step:  635100, Simulation Time: 1885.1262 s
 Time Step:  635200, Simulation Time: 1885.4029 s
 Time Step:  635300, Simulation Time: 1885.6807 s
 Time Step:  635400, Simulation Time: 1885.9645 s
 Time Step:  635500, Simulation Time: 1886.2583 s
 Time Step:  635600, Simulation Time: 1886.5447 s
 Time Step:  635700, Simulation Time: 1886.8384 s
 Time Step:  635800, Simulation Time: 1887.1312 s
 Time Step:  635900, Simulation Time: 1887.4126 s
 Time Step:  636000, Simulation Time: 1887.7084 s
 Time Step:  636100, Simulation Time: 1887.9978 s
 Time Step:  636200, Simulation Time: 1888.2861 s
 Time Step:  636300, Simulation Time: 1888.5685 s
 Time Step:  636400, Simulation Time: 1888.8472 s
 Time Step:  636500, Simulation Time: 1889.1369 s
 Time Step:  636600, Simulation Time: 1889.4264 s
 Time Step:  636700, Simulation Time: 1889.7081 s
 Time Step:  636800, Simulation Time: 1889.9956 s
 Time Step:  636900, Simulation Time: 1890.2752 s
 Time Step:  637000, Simulation Time: 1890.5473 s
 Time Step:  637100, Simulation Time: 1890.8167 s
 Time Step:  637200, Simulation Time: 1891.1151 s
 Time Step:  637300, Simulation Time: 1891.3929 s
 Time Step:  637400, Simulation Time: 1891.6718 s
 Time Step:  637500, Simulation Time: 1891.9485 s
 Time Step:  637600, Simulation Time: 1892.2169 s
 Time Step:  637700, Simulation Time: 1892.4952 s
 Time Step:  637800, Simulation Time: 1892.7843 s
 Time Step:  637900, Simulation Time: 1893.0740 s
 Time Step:  638000, Simulation Time: 1893.3596 s
 Time Step:  638100, Simulation Time: 1893.6301 s
 Time Step:  638200, Simulation Time: 1893.9110 s
 Time Step:  638300, Simulation Time: 1894.1958 s
 Time Step:  638400, Simulation Time: 1894.4755 s
 Time Step:  638500, Simulation Time: 1894.7470 s
 Time Step:  638600, Simulation Time: 1895.0151 s
 Time Step:  638700, Simulation Time: 1895.2970 s
 Time Step:  638800, Simulation Time: 1895.5749 s
 Time Step:  638900, Simulation Time: 1895.8535 s
 Time Step:  639000, Simulation Time: 1896.1278 s
 Time Step:  639100, Simulation Time: 1896.3941 s
 Time Step:  639200, Simulation Time: 1896.6719 s
 Time Step:  639300, Simulation Time: 1896.9610 s
 Time Step:  639400, Simulation Time: 1897.2459 s
 Time Step:  639500, Simulation Time: 1897.5371 s
 Time Step:  639600, Simulation Time: 1897.8150 s
 Time Step:  639700, Simulation Time: 1898.0901 s
 Time Step:  639800, Simulation Time: 1898.3627 s
 Time Step:  639900, Simulation Time: 1898.6400 s
 Time Step:  640000, Simulation Time: 1898.9195 s
 Time Step:  640100, Simulation Time: 1899.1964 s
 Time Step:  640200, Simulation Time: 1899.4722 s
 Time Step:  640300, Simulation Time: 1899.7514 s
 Time Step:  640400, Simulation Time: 1900.0248 s
 Time Step:  640500, Simulation Time: 1900.3055 s
 Time Step:  640600, Simulation Time: 1900.5860 s
 Time Step:  640700, Simulation Time: 1900.8675 s
 Time Step:  640800, Simulation Time: 1901.1516 s
 Time Step:  640900, Simulation Time: 1901.4472 s
 Time Step:  641000, Simulation Time: 1901.7229 s
 Time Step:  641100, Simulation Time: 1902.0156 s
 Time Step:  641200, Simulation Time: 1902.3077 s
 Time Step:  641300, Simulation Time: 1902.5993 s
 Time Step:  641400, Simulation Time: 1902.8812 s
 Time Step:  641500, Simulation Time: 1903.1678 s
 Time Step:  641600, Simulation Time: 1903.4497 s
 Time Step:  641700, Simulation Time: 1903.7224 s
 Time Step:  641800, Simulation Time: 1904.0069 s
 Time Step:  641900, Simulation Time: 1904.3030 s
 Time Step:  642000, Simulation Time: 1904.5796 s
 Time Step:  642100, Simulation Time: 1904.8534 s
 Time Step:  642200, Simulation Time: 1905.1568 s
 Time Step:  642300, Simulation Time: 1905.4473 s
 Time Step:  642400, Simulation Time: 1905.7281 s
 Time Step:  642500, Simulation Time: 1906.0056 s
 Time Step:  642600, Simulation Time: 1906.2942 s
 Time Step:  642700, Simulation Time: 1906.5727 s
 Time Step:  642800, Simulation Time: 1906.8573 s
 Time Step:  642900, Simulation Time: 1907.1385 s
 Time Step:  643000, Simulation Time: 1907.4096 s
 Time Step:  643100, Simulation Time: 1907.6917 s
 Time Step:  643200, Simulation Time: 1907.9678 s
 Time Step:  643300, Simulation Time: 1908.2376 s
 Time Step:  643400, Simulation Time: 1908.5000 s
 Time Step:  643500, Simulation Time: 1908.7837 s
 Time Step:  643600, Simulation Time: 1909.0585 s
 Time Step:  643700, Simulation Time: 1909.3335 s
 Time Step:  643800, Simulation Time: 1909.5989 s
 Time Step:  643900, Simulation Time: 1909.8648 s
 Time Step:  644000, Simulation Time: 1910.1385 s
 Time Step:  644100, Simulation Time: 1910.4181 s
 Time Step:  644200, Simulation Time: 1910.7026 s
 Time Step:  644300, Simulation Time: 1910.9812 s
 Time Step:  644400, Simulation Time: 1911.2543 s
 Time Step:  644500, Simulation Time: 1911.5402 s
 Time Step:  644600, Simulation Time: 1911.8248 s
 Time Step:  644700, Simulation Time: 1912.1124 s
 Time Step:  644800, Simulation Time: 1912.3961 s
 Time Step:  644900, Simulation Time: 1912.6738 s
 Time Step:  645000, Simulation Time: 1912.9551 s
 Time Step:  645100, Simulation Time: 1913.2411 s
 Time Step:  645200, Simulation Time: 1913.5228 s
 Time Step:  645300, Simulation Time: 1913.7988 s
 Time Step:  645400, Simulation Time: 1914.0837 s
 Time Step:  645500, Simulation Time: 1914.3648 s
 Time Step:  645600, Simulation Time: 1914.6434 s
 Time Step:  645700, Simulation Time: 1914.9233 s
 Time Step:  645800, Simulation Time: 1915.2070 s
 Time Step:  645900, Simulation Time: 1915.4836 s
 Time Step:  646000, Simulation Time: 1915.7527 s
 Time Step:  646100, Simulation Time: 1916.0315 s
 Time Step:  646200, Simulation Time: 1916.3202 s
 Time Step:  646300, Simulation Time: 1916.6055 s
 Time Step:  646400, Simulation Time: 1916.8794 s
 Time Step:  646500, Simulation Time: 1917.1466 s
 Time Step:  646600, Simulation Time: 1917.4172 s
 Time Step:  646700, Simulation Time: 1917.6967 s
 Time Step:  646800, Simulation Time: 1917.9695 s
 Time Step:  646900, Simulation Time: 1918.2604 s
 Time Step:  647000, Simulation Time: 1918.5471 s
 Time Step:  647100, Simulation Time: 1918.8275 s
 Time Step:  647200, Simulation Time: 1919.1038 s
 Time Step:  647300, Simulation Time: 1919.4019 s
 Time Step:  647400, Simulation Time: 1919.6764 s
 Time Step:  647500, Simulation Time: 1919.9477 s
 Time Step:  647600, Simulation Time: 1920.2276 s
 Time Step:  647700, Simulation Time: 1920.5056 s
 Time Step:  647800, Simulation Time: 1920.7841 s
 Time Step:  647900, Simulation Time: 1921.0682 s
 Time Step:  648000, Simulation Time: 1921.3570 s
 Time Step:  648100, Simulation Time: 1921.6337 s
 Time Step:  648200, Simulation Time: 1921.9067 s
 Time Step:  648300, Simulation Time: 1922.1830 s
 Time Step:  648400, Simulation Time: 1922.4628 s
 Time Step:  648500, Simulation Time: 1922.7364 s
 Time Step:  648600, Simulation Time: 1923.0188 s
 Time Step:  648700, Simulation Time: 1923.2908 s
 Time Step:  648800, Simulation Time: 1923.5722 s
 Time Step:  648900, Simulation Time: 1923.8435 s
 Time Step:  649000, Simulation Time: 1924.1231 s
 Time Step:  649100, Simulation Time: 1924.4009 s
 Time Step:  649200, Simulation Time: 1924.6652 s
 Time Step:  649300, Simulation Time: 1924.9428 s
 Time Step:  649400, Simulation Time: 1925.2198 s
 Time Step:  649500, Simulation Time: 1925.5052 s
 Time Step:  649600, Simulation Time: 1925.7913 s
 Time Step:  649700, Simulation Time: 1926.0621 s
 Time Step:  649800, Simulation Time: 1926.3415 s
 Time Step:  649900, Simulation Time: 1926.6161 s
 Time Step:  650000, Simulation Time: 1926.8872 s
 Time Step:  650100, Simulation Time: 1927.1588 s
 Time Step:  650200, Simulation Time: 1927.4354 s
 Time Step:  650300, Simulation Time: 1927.7150 s
 Time Step:  650400, Simulation Time: 1927.9975 s
 Time Step:  650500, Simulation Time: 1928.2842 s
 Time Step:  650600, Simulation Time: 1928.5705 s
 Time Step:  650700, Simulation Time: 1928.8599 s
 Time Step:  650800, Simulation Time: 1929.1466 s
 Time Step:  650900, Simulation Time: 1929.4196 s
 Time Step:  651000, Simulation Time: 1929.7027 s
 Time Step:  651100, Simulation Time: 1929.9781 s
 Time Step:  651200, Simulation Time: 1930.2620 s
 Time Step:  651300, Simulation Time: 1930.5497 s
 Time Step:  651400, Simulation Time: 1930.8270 s
 Time Step:  651500, Simulation Time: 1931.1034 s
 Time Step:  651600, Simulation Time: 1931.3860 s
 Time Step:  651700, Simulation Time: 1931.6802 s
 Time Step:  651800, Simulation Time: 1931.9722 s
 Time Step:  651900, Simulation Time: 1932.2541 s
 Time Step:  652000, Simulation Time: 1932.5333 s
 Time Step:  652100, Simulation Time: 1932.8189 s
 Time Step:  652200, Simulation Time: 1933.0936 s
 Time Step:  652300, Simulation Time: 1933.3771 s
 Time Step:  652400, Simulation Time: 1933.6610 s
 Time Step:  652500, Simulation Time: 1933.9439 s
 Time Step:  652600, Simulation Time: 1934.2268 s
 Time Step:  652700, Simulation Time: 1934.5063 s
 Time Step:  652800, Simulation Time: 1934.7940 s
 Time Step:  652900, Simulation Time: 1935.0962 s
 Time Step:  653000, Simulation Time: 1935.3804 s
 Time Step:  653100, Simulation Time: 1935.6640 s
 Time Step:  653200, Simulation Time: 1935.9430 s
 Time Step:  653300, Simulation Time: 1936.2317 s
 Time Step:  653400, Simulation Time: 1936.5021 s
 Time Step:  653500, Simulation Time: 1936.7806 s
 Time Step:  653600, Simulation Time: 1937.0661 s
 Time Step:  653700, Simulation Time: 1937.3649 s
 Time Step:  653800, Simulation Time: 1937.6567 s
 Time Step:  653900, Simulation Time: 1937.9181 s
 Time Step:  654000, Simulation Time: 1938.2118 s
 Time Step:  654100, Simulation Time: 1938.4850 s
 Time Step:  654200, Simulation Time: 1938.7720 s
 Time Step:  654300, Simulation Time: 1939.0659 s
 Time Step:  654400, Simulation Time: 1939.3513 s
 Time Step:  654500, Simulation Time: 1939.6300 s
 Time Step:  654600, Simulation Time: 1939.9044 s
 Time Step:  654700, Simulation Time: 1940.1768 s
 Time Step:  654800, Simulation Time: 1940.4541 s
 Time Step:  654900, Simulation Time: 1940.7391 s
 Time Step:  655000, Simulation Time: 1941.0212 s
 Time Step:  655100, Simulation Time: 1941.3027 s
 Time Step:  655200, Simulation Time: 1941.5797 s
 Time Step:  655300, Simulation Time: 1941.8520 s
 Time Step:  655400, Simulation Time: 1942.1369 s
 Time Step:  655500, Simulation Time: 1942.4187 s
 Time Step:  655600, Simulation Time: 1942.7073 s
 Time Step:  655700, Simulation Time: 1943.0056 s
 Time Step:  655800, Simulation Time: 1943.2922 s
 Time Step:  655900, Simulation Time: 1943.5874 s
 Time Step:  656000, Simulation Time: 1943.8712 s
 Time Step:  656100, Simulation Time: 1944.1519 s
 Time Step:  656200, Simulation Time: 1944.4309 s
 Time Step:  656300, Simulation Time: 1944.7039 s
 Time Step:  656400, Simulation Time: 1944.9978 s
 Time Step:  656500, Simulation Time: 1945.2645 s
 Time Step:  656600, Simulation Time: 1945.5339 s
 Time Step:  656700, Simulation Time: 1945.8096 s
 Time Step:  656800, Simulation Time: 1946.0922 s
 Time Step:  656900, Simulation Time: 1946.3867 s
 Time Step:  657000, Simulation Time: 1946.6632 s
 Time Step:  657100, Simulation Time: 1946.9531 s
 Time Step:  657200, Simulation Time: 1947.2367 s
 Time Step:  657300, Simulation Time: 1947.5091 s
 Time Step:  657400, Simulation Time: 1947.7847 s
 Time Step:  657500, Simulation Time: 1948.0606 s
 Time Step:  657600, Simulation Time: 1948.3452 s
 Time Step:  657700, Simulation Time: 1948.6246 s
 Time Step:  657800, Simulation Time: 1948.8995 s
 Time Step:  657900, Simulation Time: 1949.1942 s
 Time Step:  658000, Simulation Time: 1949.4737 s
 Time Step:  658100, Simulation Time: 1949.7639 s
 Time Step:  658200, Simulation Time: 1950.0526 s
 Time Step:  658300, Simulation Time: 1950.3354 s
 Time Step:  658400, Simulation Time: 1950.6066 s
 Time Step:  658500, Simulation Time: 1950.8907 s
 Time Step:  658600, Simulation Time: 1951.1704 s
 Time Step:  658700, Simulation Time: 1951.4550 s
 Time Step:  658800, Simulation Time: 1951.7470 s
 Time Step:  658900, Simulation Time: 1952.0368 s
 Time Step:  659000, Simulation Time: 1952.3334 s
 Time Step:  659100, Simulation Time: 1952.6118 s
 Time Step:  659200, Simulation Time: 1952.8922 s
 Time Step:  659300, Simulation Time: 1953.1802 s
 Time Step:  659400, Simulation Time: 1953.4698 s
 Time Step:  659500, Simulation Time: 1953.7662 s
 Time Step:  659600, Simulation Time: 1954.0528 s
 Time Step:  659700, Simulation Time: 1954.3396 s
 Time Step:  659800, Simulation Time: 1954.6271 s
 Time Step:  659900, Simulation Time: 1954.9075 s
 Time Step:  660000, Simulation Time: 1955.1889 s
 Time Step:  660100, Simulation Time: 1955.4767 s
 Time Step:  660200, Simulation Time: 1955.7598 s
 Time Step:  660300, Simulation Time: 1956.0314 s
 Time Step:  660400, Simulation Time: 1956.3071 s
 Time Step:  660500, Simulation Time: 1956.5804 s
 Time Step:  660600, Simulation Time: 1956.8632 s
 Time Step:  660700, Simulation Time: 1957.1430 s
 Time Step:  660800, Simulation Time: 1957.4281 s
 Time Step:  660900, Simulation Time: 1957.7099 s
 Time Step:  661000, Simulation Time: 1958.0085 s
 Time Step:  661100, Simulation Time: 1958.2959 s
 Time Step:  661200, Simulation Time: 1958.5744 s
 Time Step:  661300, Simulation Time: 1958.8529 s
 Time Step:  661400, Simulation Time: 1959.1446 s
 Time Step:  661500, Simulation Time: 1959.4328 s
 Time Step:  661600, Simulation Time: 1959.7254 s
 Time Step:  661700, Simulation Time: 1960.0064 s
 Time Step:  661800, Simulation Time: 1960.2932 s
 Time Step:  661900, Simulation Time: 1960.5779 s
 Time Step:  662000, Simulation Time: 1960.8677 s
 Time Step:  662100, Simulation Time: 1961.1600 s
 Time Step:  662200, Simulation Time: 1961.4414 s
 Time Step:  662300, Simulation Time: 1961.7232 s
 Time Step:  662400, Simulation Time: 1961.9961 s
 Time Step:  662500, Simulation Time: 1962.2775 s
 Time Step:  662600, Simulation Time: 1962.5592 s
 Time Step:  662700, Simulation Time: 1962.8473 s
 Time Step:  662800, Simulation Time: 1963.1330 s
 Time Step:  662900, Simulation Time: 1963.4345 s
 Time Step:  663000, Simulation Time: 1963.7202 s
 Time Step:  663100, Simulation Time: 1964.0045 s
 Time Step:  663200, Simulation Time: 1964.2899 s
 Time Step:  663300, Simulation Time: 1964.5791 s
 Time Step:  663400, Simulation Time: 1964.8593 s
 Time Step:  663500, Simulation Time: 1965.1466 s
 Time Step:  663600, Simulation Time: 1965.4276 s
 Time Step:  663700, Simulation Time: 1965.7074 s
 Time Step:  663800, Simulation Time: 1965.9809 s
 Time Step:  663900, Simulation Time: 1966.2595 s
 Time Step:  664000, Simulation Time: 1966.5390 s
 Time Step:  664100, Simulation Time: 1966.8207 s
 Time Step:  664200, Simulation Time: 1967.1207 s
 Time Step:  664300, Simulation Time: 1967.4077 s
 Time Step:  664400, Simulation Time: 1967.6873 s
 Time Step:  664500, Simulation Time: 1967.9574 s
 Time Step:  664600, Simulation Time: 1968.2348 s
 Time Step:  664700, Simulation Time: 1968.5142 s
 Time Step:  664800, Simulation Time: 1968.8032 s
 Time Step:  664900, Simulation Time: 1969.0760 s
 Time Step:  665000, Simulation Time: 1969.3500 s
 Time Step:  665100, Simulation Time: 1969.6225 s
 Time Step:  665200, Simulation Time: 1969.8869 s
 Time Step:  665300, Simulation Time: 1970.1677 s
 Time Step:  665400, Simulation Time: 1970.4545 s
 Time Step:  665500, Simulation Time: 1970.7536 s
 Time Step:  665600, Simulation Time: 1971.0418 s
 Time Step:  665700, Simulation Time: 1971.3179 s
 Time Step:  665800, Simulation Time: 1971.5920 s
 Time Step:  665900, Simulation Time: 1971.8750 s
 Time Step:  666000, Simulation Time: 1972.1552 s
 Time Step:  666100, Simulation Time: 1972.4379 s
 Time Step:  666200, Simulation Time: 1972.7182 s
 Time Step:  666300, Simulation Time: 1972.9930 s
 Time Step:  666400, Simulation Time: 1973.2706 s
 Time Step:  666500, Simulation Time: 1973.5494 s
 Time Step:  666600, Simulation Time: 1973.8194 s
 Time Step:  666700, Simulation Time: 1974.1064 s
 Time Step:  666800, Simulation Time: 1974.3873 s
 Time Step:  666900, Simulation Time: 1974.6559 s
 Time Step:  667000, Simulation Time: 1974.9222 s
 Time Step:  667100, Simulation Time: 1975.2083 s
 Time Step:  667200, Simulation Time: 1975.4966 s
 Time Step:  667300, Simulation Time: 1975.7806 s
 Time Step:  667400, Simulation Time: 1976.0795 s
 Time Step:  667500, Simulation Time: 1976.3659 s
 Time Step:  667600, Simulation Time: 1976.6528 s
 Time Step:  667700, Simulation Time: 1976.9340 s
 Time Step:  667800, Simulation Time: 1977.2199 s
 Time Step:  667900, Simulation Time: 1977.5021 s
 Time Step:  668000, Simulation Time: 1977.7843 s
 Time Step:  668100, Simulation Time: 1978.0635 s
 Time Step:  668200, Simulation Time: 1978.3539 s
 Time Step:  668300, Simulation Time: 1978.6367 s
 Time Step:  668400, Simulation Time: 1978.9206 s
 Time Step:  668500, Simulation Time: 1979.2071 s
 Time Step:  668600, Simulation Time: 1979.4783 s
 Time Step:  668700, Simulation Time: 1979.7571 s
 Time Step:  668800, Simulation Time: 1980.0306 s
 Time Step:  668900, Simulation Time: 1980.3115 s
 Time Step:  669000, Simulation Time: 1980.5814 s
 Time Step:  669100, Simulation Time: 1980.8498 s
 Time Step:  669200, Simulation Time: 1981.1187 s
 Time Step:  669300, Simulation Time: 1981.3923 s
 Time Step:  669400, Simulation Time: 1981.6751 s
 Time Step:  669500, Simulation Time: 1981.9541 s
 Time Step:  669600, Simulation Time: 1982.2405 s
 Time Step:  669700, Simulation Time: 1982.5100 s
 Time Step:  669800, Simulation Time: 1982.7976 s
 Time Step:  669900, Simulation Time: 1983.0773 s
 Time Step:  670000, Simulation Time: 1983.3598 s
 Time Step:  670100, Simulation Time: 1983.6365 s
 Time Step:  670200, Simulation Time: 1983.9297 s
 Time Step:  670300, Simulation Time: 1984.2209 s
 Time Step:  670400, Simulation Time: 1984.4919 s
 Time Step:  670500, Simulation Time: 1984.7782 s
 Time Step:  670600, Simulation Time: 1985.0595 s
 Time Step:  670700, Simulation Time: 1985.3436 s
 Time Step:  670800, Simulation Time: 1985.6291 s
 Time Step:  670900, Simulation Time: 1985.9084 s
 Time Step:  671000, Simulation Time: 1986.1997 s
 Time Step:  671100, Simulation Time: 1986.4851 s
 Time Step:  671200, Simulation Time: 1986.7829 s
 Time Step:  671300, Simulation Time: 1987.0661 s
 Time Step:  671400, Simulation Time: 1987.3347 s
 Time Step:  671500, Simulation Time: 1987.6091 s
 Time Step:  671600, Simulation Time: 1987.8861 s
 Time Step:  671700, Simulation Time: 1988.1568 s
 Time Step:  671800, Simulation Time: 1988.4287 s
 Time Step:  671900, Simulation Time: 1988.7054 s
 Time Step:  672000, Simulation Time: 1988.9860 s
 Time Step:  672100, Simulation Time: 1989.2575 s
 Time Step:  672200, Simulation Time: 1989.5510 s
 Time Step:  672300, Simulation Time: 1989.8435 s
 Time Step:  672400, Simulation Time: 1990.1218 s
 Time Step:  672500, Simulation Time: 1990.4000 s
 Time Step:  672600, Simulation Time: 1990.6751 s
 Time Step:  672700, Simulation Time: 1990.9444 s
 Time Step:  672800, Simulation Time: 1991.2248 s
 Time Step:  672900, Simulation Time: 1991.4933 s
 Time Step:  673000, Simulation Time: 1991.7755 s
 Time Step:  673100, Simulation Time: 1992.0568 s
 Time Step:  673200, Simulation Time: 1992.3392 s
 Time Step:  673300, Simulation Time: 1992.6265 s
 Time Step:  673400, Simulation Time: 1992.8960 s
 Time Step:  673500, Simulation Time: 1993.1895 s
 Time Step:  673600, Simulation Time: 1993.4671 s
 Time Step:  673700, Simulation Time: 1993.7371 s
 Time Step:  673800, Simulation Time: 1994.0038 s
 Time Step:  673900, Simulation Time: 1994.2751 s
 Time Step:  674000, Simulation Time: 1994.5432 s
 Time Step:  674100, Simulation Time: 1994.8263 s
 Time Step:  674200, Simulation Time: 1995.0945 s
 Time Step:  674300, Simulation Time: 1995.3686 s
 Time Step:  674400, Simulation Time: 1995.6387 s
 Time Step:  674500, Simulation Time: 1995.9168 s
 Time Step:  674600, Simulation Time: 1996.1934 s
 Time Step:  674700, Simulation Time: 1996.4613 s
 Time Step:  674800, Simulation Time: 1996.7347 s
 Time Step:  674900, Simulation Time: 1997.0165 s
 Time Step:  675000, Simulation Time: 1997.2859 s
 Time Step:  675100, Simulation Time: 1997.5767 s
 Time Step:  675200, Simulation Time: 1997.8613 s
 Time Step:  675300, Simulation Time: 1998.1354 s
 Time Step:  675400, Simulation Time: 1998.4053 s
 Time Step:  675500, Simulation Time: 1998.6872 s
 Time Step:  675600, Simulation Time: 1998.9699 s
 Time Step:  675700, Simulation Time: 1999.2613 s
 Time Step:  675800, Simulation Time: 1999.5473 s
 Time Step:  675900, Simulation Time: 1999.8263 s
 Time Step:  676000, Simulation Time: 2000.1049 s
 Time Step:  676100, Simulation Time: 2000.3789 s
 Time Step:  676200, Simulation Time: 2000.6522 s
 Time Step:  676300, Simulation Time: 2000.9311 s
 Time Step:  676400, Simulation Time: 2001.1964 s
 Time Step:  676500, Simulation Time: 2001.4737 s
 Time Step:  676600, Simulation Time: 2001.7515 s
 Time Step:  676700, Simulation Time: 2002.0425 s
 Time Step:  676800, Simulation Time: 2002.3073 s
 Time Step:  676900, Simulation Time: 2002.5867 s
 Time Step:  677000, Simulation Time: 2002.8599 s
 Time Step:  677100, Simulation Time: 2003.1311 s
 Time Step:  677200, Simulation Time: 2003.4092 s
 Time Step:  677300, Simulation Time: 2003.6793 s
 Time Step:  677400, Simulation Time: 2003.9511 s
 Time Step:  677500, Simulation Time: 2004.2228 s
 Time Step:  677600, Simulation Time: 2004.4983 s
 Time Step:  677700, Simulation Time: 2004.7653 s
 Time Step:  677800, Simulation Time: 2005.0401 s
 Time Step:  677900, Simulation Time: 2005.3199 s
 Time Step:  678000, Simulation Time: 2005.5963 s
 Time Step:  678100, Simulation Time: 2005.8719 s
 Time Step:  678200, Simulation Time: 2006.1601 s
 Time Step:  678300, Simulation Time: 2006.4460 s
 Time Step:  678400, Simulation Time: 2006.7303 s
 Time Step:  678500, Simulation Time: 2007.0067 s
 Time Step:  678600, Simulation Time: 2007.2841 s
 Time Step:  678700, Simulation Time: 2007.5674 s
 Time Step:  678800, Simulation Time: 2007.8426 s
 Time Step:  678900, Simulation Time: 2008.1238 s
 Time Step:  679000, Simulation Time: 2008.4066 s
 Time Step:  679100, Simulation Time: 2008.6814 s
 Time Step:  679200, Simulation Time: 2008.9602 s
 Time Step:  679300, Simulation Time: 2009.2286 s
 Time Step:  679400, Simulation Time: 2009.5086 s
 Time Step:  679500, Simulation Time: 2009.7896 s
 Time Step:  679600, Simulation Time: 2010.0669 s
 Time Step:  679700, Simulation Time: 2010.3308 s
 Time Step:  679800, Simulation Time: 2010.5990 s
 Time Step:  679900, Simulation Time: 2010.8684 s
 Time Step:  680000, Simulation Time: 2011.1353 s
 Time Step:  680100, Simulation Time: 2011.4263 s
 Time Step:  680200, Simulation Time: 2011.7057 s
 Time Step:  680300, Simulation Time: 2011.9750 s
 Time Step:  680400, Simulation Time: 2012.2466 s
 Time Step:  680500, Simulation Time: 2012.5286 s
 Time Step:  680600, Simulation Time: 2012.8151 s
 Time Step:  680700, Simulation Time: 2013.0885 s
 Time Step:  680800, Simulation Time: 2013.3660 s
 Time Step:  680900, Simulation Time: 2013.6390 s
 Time Step:  681000, Simulation Time: 2013.9071 s
 Time Step:  681100, Simulation Time: 2014.1738 s
 Time Step:  681200, Simulation Time: 2014.4489 s
 Time Step:  681300, Simulation Time: 2014.7222 s
 Time Step:  681400, Simulation Time: 2015.0043 s
 Time Step:  681500, Simulation Time: 2015.2756 s
 Time Step:  681600, Simulation Time: 2015.5560 s
 Time Step:  681700, Simulation Time: 2015.8458 s
 Time Step:  681800, Simulation Time: 2016.1257 s
 Time Step:  681900, Simulation Time: 2016.4094 s
 Time Step:  682000, Simulation Time: 2016.6909 s
 Time Step:  682100, Simulation Time: 2016.9772 s
 Time Step:  682200, Simulation Time: 2017.2501 s
 Time Step:  682300, Simulation Time: 2017.5284 s
 Time Step:  682400, Simulation Time: 2017.8166 s
 Time Step:  682500, Simulation Time: 2018.0884 s
 Time Step:  682600, Simulation Time: 2018.3567 s
 Time Step:  682700, Simulation Time: 2018.6457 s
 Time Step:  682800, Simulation Time: 2018.9232 s
 Time Step:  682900, Simulation Time: 2019.1997 s
 Time Step:  683000, Simulation Time: 2019.4680 s
 Time Step:  683100, Simulation Time: 2019.7396 s
 Time Step:  683200, Simulation Time: 2020.0092 s
 Time Step:  683300, Simulation Time: 2020.2909 s
 Time Step:  683400, Simulation Time: 2020.5663 s
 Time Step:  683500, Simulation Time: 2020.8482 s
 Time Step:  683600, Simulation Time: 2021.1250 s
 Time Step:  683700, Simulation Time: 2021.4028 s
 Time Step:  683800, Simulation Time: 2021.6737 s
 Time Step:  683900, Simulation Time: 2021.9423 s
 Time Step:  684000, Simulation Time: 2022.2217 s
 Time Step:  684100, Simulation Time: 2022.5024 s
 Time Step:  684200, Simulation Time: 2022.7820 s
 Time Step:  684300, Simulation Time: 2023.0558 s
 Time Step:  684400, Simulation Time: 2023.3350 s
 Time Step:  684500, Simulation Time: 2023.6163 s
 Time Step:  684600, Simulation Time: 2023.8925 s
 Time Step:  684700, Simulation Time: 2024.1663 s
 Time Step:  684800, Simulation Time: 2024.4532 s
 Time Step:  684900, Simulation Time: 2024.7317 s
 Time Step:  685000, Simulation Time: 2025.0113 s
 Time Step:  685100, Simulation Time: 2025.2860 s
 Time Step:  685200, Simulation Time: 2025.5656 s
 Time Step:  685300, Simulation Time: 2025.8508 s
 Time Step:  685400, Simulation Time: 2026.1399 s
 Time Step:  685500, Simulation Time: 2026.4156 s
 Time Step:  685600, Simulation Time: 2026.6923 s
 Time Step:  685700, Simulation Time: 2026.9647 s
 Time Step:  685800, Simulation Time: 2027.2405 s
 Time Step:  685900, Simulation Time: 2027.5153 s
 Time Step:  686000, Simulation Time: 2027.7897 s
 Time Step:  686100, Simulation Time: 2028.0590 s
 Time Step:  686200, Simulation Time: 2028.3477 s
 Time Step:  686300, Simulation Time: 2028.6293 s
 Time Step:  686400, Simulation Time: 2028.9048 s
 Time Step:  686500, Simulation Time: 2029.1690 s
 Time Step:  686600, Simulation Time: 2029.4396 s
 Time Step:  686700, Simulation Time: 2029.7232 s
 Time Step:  686800, Simulation Time: 2030.0042 s
 Time Step:  686900, Simulation Time: 2030.2788 s
 Time Step:  687000, Simulation Time: 2030.5641 s
 Time Step:  687100, Simulation Time: 2030.8367 s
 Time Step:  687200, Simulation Time: 2031.1253 s
 Time Step:  687300, Simulation Time: 2031.4024 s
 Time Step:  687400, Simulation Time: 2031.6760 s
 Time Step:  687500, Simulation Time: 2031.9557 s
 Time Step:  687600, Simulation Time: 2032.2450 s
 Time Step:  687700, Simulation Time: 2032.5190 s
 Time Step:  687800, Simulation Time: 2032.7997 s
 Time Step:  687900, Simulation Time: 2033.0596 s
 Time Step:  688000, Simulation Time: 2033.3293 s
 Time Step:  688100, Simulation Time: 2033.5979 s
 Time Step:  688200, Simulation Time: 2033.8874 s
 Time Step:  688300, Simulation Time: 2034.1659 s
 Time Step:  688400, Simulation Time: 2034.4379 s
 Time Step:  688500, Simulation Time: 2034.7129 s
 Time Step:  688600, Simulation Time: 2034.9909 s
 Time Step:  688700, Simulation Time: 2035.2673 s
 Time Step:  688800, Simulation Time: 2035.5532 s
 Time Step:  688900, Simulation Time: 2035.8374 s
 Time Step:  689000, Simulation Time: 2036.1215 s
 Time Step:  689100, Simulation Time: 2036.4074 s
 Time Step:  689200, Simulation Time: 2036.6938 s
 Time Step:  689300, Simulation Time: 2036.9832 s
 Time Step:  689400, Simulation Time: 2037.2812 s
 Time Step:  689500, Simulation Time: 2037.5736 s
 Time Step:  689600, Simulation Time: 2037.8564 s
 Time Step:  689700, Simulation Time: 2038.1371 s
 Time Step:  689800, Simulation Time: 2038.4263 s
 Time Step:  689900, Simulation Time: 2038.7078 s
 Time Step:  690000, Simulation Time: 2038.9939 s
 Time Step:  690100, Simulation Time: 2039.2755 s
 Time Step:  690200, Simulation Time: 2039.5614 s
 Time Step:  690300, Simulation Time: 2039.8567 s
 Time Step:  690400, Simulation Time: 2040.1312 s
 Time Step:  690500, Simulation Time: 2040.4037 s
 Time Step:  690600, Simulation Time: 2040.6802 s
 Time Step:  690700, Simulation Time: 2040.9593 s
 Time Step:  690800, Simulation Time: 2041.2290 s
 Time Step:  690900, Simulation Time: 2041.4994 s
 Time Step:  691000, Simulation Time: 2041.7878 s
 Time Step:  691100, Simulation Time: 2042.0754 s
 Time Step:  691200, Simulation Time: 2042.3522 s
 Time Step:  691300, Simulation Time: 2042.6256 s
 Time Step:  691400, Simulation Time: 2042.9112 s
 Time Step:  691500, Simulation Time: 2043.1943 s
 Time Step:  691600, Simulation Time: 2043.4796 s
 Time Step:  691700, Simulation Time: 2043.7711 s
 Time Step:  691800, Simulation Time: 2044.0473 s
 Time Step:  691900, Simulation Time: 2044.3263 s
 Time Step:  692000, Simulation Time: 2044.6065 s
 Time Step:  692100, Simulation Time: 2044.8889 s
 Time Step:  692200, Simulation Time: 2045.1489 s
 Time Step:  692300, Simulation Time: 2045.4305 s
 Time Step:  692400, Simulation Time: 2045.7165 s
 Time Step:  692500, Simulation Time: 2045.9939 s
 Time Step:  692600, Simulation Time: 2046.2707 s
 Time Step:  692700, Simulation Time: 2046.5507 s
 Time Step:  692800, Simulation Time: 2046.8316 s
 Time Step:  692900, Simulation Time: 2047.1145 s
 Time Step:  693000, Simulation Time: 2047.3953 s
 Time Step:  693100, Simulation Time: 2047.6749 s
 Time Step:  693200, Simulation Time: 2047.9623 s
 Time Step:  693300, Simulation Time: 2048.2387 s
 Time Step:  693400, Simulation Time: 2048.5171 s
 Time Step:  693500, Simulation Time: 2048.8047 s
 Time Step:  693600, Simulation Time: 2049.0886 s
 Time Step:  693700, Simulation Time: 2049.3829 s
 Time Step:  693800, Simulation Time: 2049.6692 s
 Time Step:  693900, Simulation Time: 2049.9489 s
 Time Step:  694000, Simulation Time: 2050.2292 s
 Time Step:  694100, Simulation Time: 2050.5178 s
 Time Step:  694200, Simulation Time: 2050.7948 s
 Time Step:  694300, Simulation Time: 2051.0797 s
 Time Step:  694400, Simulation Time: 2051.3676 s
 Time Step:  694500, Simulation Time: 2051.6530 s
 Time Step:  694600, Simulation Time: 2051.9375 s
 Time Step:  694700, Simulation Time: 2052.2318 s
 Time Step:  694800, Simulation Time: 2052.5113 s
 Time Step:  694900, Simulation Time: 2052.7917 s
 Time Step:  695000, Simulation Time: 2053.0790 s
 Time Step:  695100, Simulation Time: 2053.3586 s
 Time Step:  695200, Simulation Time: 2053.6408 s
 Time Step:  695300, Simulation Time: 2053.9310 s
 Time Step:  695400, Simulation Time: 2054.2068 s
 Time Step:  695500, Simulation Time: 2054.4918 s
 Time Step:  695600, Simulation Time: 2054.7778 s
 Time Step:  695700, Simulation Time: 2055.0645 s
 Time Step:  695800, Simulation Time: 2055.3468 s
 Time Step:  695900, Simulation Time: 2055.6314 s
 Time Step:  696000, Simulation Time: 2055.9084 s
 Time Step:  696100, Simulation Time: 2056.1880 s
 Time Step:  696200, Simulation Time: 2056.4555 s
 Time Step:  696300, Simulation Time: 2056.7291 s
 Time Step:  696400, Simulation Time: 2057.0167 s
 Time Step:  696500, Simulation Time: 2057.2907 s
 Time Step:  696600, Simulation Time: 2057.5710 s
 Time Step:  696700, Simulation Time: 2057.8418 s
 Time Step:  696800, Simulation Time: 2058.1205 s
 Time Step:  696900, Simulation Time: 2058.4021 s
 Time Step:  697000, Simulation Time: 2058.6770 s
 Time Step:  697100, Simulation Time: 2058.9647 s
 Time Step:  697200, Simulation Time: 2059.2345 s
 Time Step:  697300, Simulation Time: 2059.5075 s
 Time Step:  697400, Simulation Time: 2059.7794 s
 Time Step:  697500, Simulation Time: 2060.0532 s
 Time Step:  697600, Simulation Time: 2060.3370 s
 Time Step:  697700, Simulation Time: 2060.6232 s
 Time Step:  697800, Simulation Time: 2060.9082 s
 Time Step:  697900, Simulation Time: 2061.1830 s
 Time Step:  698000, Simulation Time: 2061.4600 s
 Time Step:  698100, Simulation Time: 2061.7422 s
 Time Step:  698200, Simulation Time: 2062.0216 s
 Time Step:  698300, Simulation Time: 2062.2979 s
 Time Step:  698400, Simulation Time: 2062.5767 s
 Time Step:  698500, Simulation Time: 2062.8572 s
 Time Step:  698600, Simulation Time: 2063.1376 s
 Time Step:  698700, Simulation Time: 2063.4161 s
 Time Step:  698800, Simulation Time: 2063.6930 s
 Time Step:  698900, Simulation Time: 2063.9625 s
 Time Step:  699000, Simulation Time: 2064.2410 s
 Time Step:  699100, Simulation Time: 2064.5112 s
 Time Step:  699200, Simulation Time: 2064.7956 s
 Time Step:  699300, Simulation Time: 2065.0844 s
 Time Step:  699400, Simulation Time: 2065.3733 s
 Time Step:  699500, Simulation Time: 2065.6483 s
 Time Step:  699600, Simulation Time: 2065.9280 s
 Time Step:  699700, Simulation Time: 2066.2145 s
 Time Step:  699800, Simulation Time: 2066.5029 s
 Time Step:  699900, Simulation Time: 2066.7908 s
 Time Step:  700000, Simulation Time: 2067.0784 s
 Time Step:  700100, Simulation Time: 2067.3535 s
 Time Step:  700200, Simulation Time: 2067.6316 s
 Time Step:  700300, Simulation Time: 2067.9086 s
 Time Step:  700400, Simulation Time: 2068.1970 s
 Time Step:  700500, Simulation Time: 2068.4781 s
 Time Step:  700600, Simulation Time: 2068.7558 s
 Time Step:  700700, Simulation Time: 2069.0283 s
 Time Step:  700800, Simulation Time: 2069.3080 s
 Time Step:  700900, Simulation Time: 2069.5877 s
 Time Step:  701000, Simulation Time: 2069.8720 s
 Time Step:  701100, Simulation Time: 2070.1583 s
 Time Step:  701200, Simulation Time: 2070.4387 s
 Time Step:  701300, Simulation Time: 2070.7112 s
 Time Step:  701400, Simulation Time: 2070.9895 s
 Time Step:  701500, Simulation Time: 2071.2662 s
 Time Step:  701600, Simulation Time: 2071.5344 s
 Time Step:  701700, Simulation Time: 2071.8159 s
 Time Step:  701800, Simulation Time: 2072.0804 s
 Time Step:  701900, Simulation Time: 2072.3645 s
 Time Step:  702000, Simulation Time: 2072.6369 s
 Time Step:  702100, Simulation Time: 2072.9168 s
 Time Step:  702200, Simulation Time: 2073.1860 s
 Time Step:  702300, Simulation Time: 2073.4652 s
 Time Step:  702400, Simulation Time: 2073.7476 s
 Time Step:  702500, Simulation Time: 2074.0281 s
 Time Step:  702600, Simulation Time: 2074.3147 s
 Time Step:  702700, Simulation Time: 2074.6038 s
 Time Step:  702800, Simulation Time: 2074.8804 s
 Time Step:  702900, Simulation Time: 2075.1723 s
 Time Step:  703000, Simulation Time: 2075.4590 s
 Time Step:  703100, Simulation Time: 2075.7373 s
 Time Step:  703200, Simulation Time: 2076.0090 s
 Time Step:  703300, Simulation Time: 2076.2931 s
 Time Step:  703400, Simulation Time: 2076.5898 s
 Time Step:  703500, Simulation Time: 2076.8748 s
 Time Step:  703600, Simulation Time: 2077.1562 s
 Time Step:  703700, Simulation Time: 2077.4219 s
 Time Step:  703800, Simulation Time: 2077.7037 s
 Time Step:  703900, Simulation Time: 2077.9724 s
 Time Step:  704000, Simulation Time: 2078.2302 s
 Time Step:  704100, Simulation Time: 2078.5027 s
 Time Step:  704200, Simulation Time: 2078.7735 s
 Time Step:  704300, Simulation Time: 2079.0366 s
 Time Step:  704400, Simulation Time: 2079.3126 s
 Time Step:  704500, Simulation Time: 2079.5918 s
 Time Step:  704600, Simulation Time: 2079.8755 s
 Time Step:  704700, Simulation Time: 2080.1464 s
 Time Step:  704800, Simulation Time: 2080.4189 s
 Time Step:  704900, Simulation Time: 2080.6933 s
 Time Step:  705000, Simulation Time: 2080.9628 s
 Time Step:  705100, Simulation Time: 2081.2389 s
 Time Step:  705200, Simulation Time: 2081.5181 s
 Time Step:  705300, Simulation Time: 2081.7907 s
 Time Step:  705400, Simulation Time: 2082.0578 s
 Time Step:  705500, Simulation Time: 2082.3305 s
 Time Step:  705600, Simulation Time: 2082.6130 s
 Time Step:  705700, Simulation Time: 2082.8886 s
 Time Step:  705800, Simulation Time: 2083.1582 s
 Time Step:  705900, Simulation Time: 2083.4429 s
 Time Step:  706000, Simulation Time: 2083.7232 s
 Time Step:  706100, Simulation Time: 2083.9980 s
 Time Step:  706200, Simulation Time: 2084.2800 s
 Time Step:  706300, Simulation Time: 2084.5421 s
 Time Step:  706400, Simulation Time: 2084.8145 s
 Time Step:  706500, Simulation Time: 2085.0839 s
 Time Step:  706600, Simulation Time: 2085.3590 s
 Time Step:  706700, Simulation Time: 2085.6284 s
 Time Step:  706800, Simulation Time: 2085.8974 s
 Time Step:  706900, Simulation Time: 2086.1725 s
 Time Step:  707000, Simulation Time: 2086.4458 s
 Time Step:  707100, Simulation Time: 2086.7204 s
 Time Step:  707200, Simulation Time: 2087.0054 s
 Time Step:  707300, Simulation Time: 2087.2981 s
 Time Step:  707400, Simulation Time: 2087.5777 s
 Time Step:  707500, Simulation Time: 2087.8554 s
 Time Step:  707600, Simulation Time: 2088.1352 s
 Time Step:  707700, Simulation Time: 2088.4145 s
 Time Step:  707800, Simulation Time: 2088.6854 s
 Time Step:  707900, Simulation Time: 2088.9588 s
 Time Step:  708000, Simulation Time: 2089.2337 s
 Time Step:  708100, Simulation Time: 2089.5249 s
 Time Step:  708200, Simulation Time: 2089.8050 s
 Time Step:  708300, Simulation Time: 2090.0923 s
 Time Step:  708400, Simulation Time: 2090.3596 s
 Time Step:  708500, Simulation Time: 2090.6362 s
 Time Step:  708600, Simulation Time: 2090.9097 s
 Time Step:  708700, Simulation Time: 2091.1771 s
 Time Step:  708800, Simulation Time: 2091.4469 s
 Time Step:  708900, Simulation Time: 2091.7167 s
 Time Step:  709000, Simulation Time: 2091.9836 s
 Time Step:  709100, Simulation Time: 2092.2664 s
 Time Step:  709200, Simulation Time: 2092.5494 s
 Time Step:  709300, Simulation Time: 2092.8111 s
 Time Step:  709400, Simulation Time: 2093.0790 s
 Time Step:  709500, Simulation Time: 2093.3596 s
 Time Step:  709600, Simulation Time: 2093.6251 s
 Time Step:  709700, Simulation Time: 2093.8968 s
 Time Step:  709800, Simulation Time: 2094.1685 s
 Time Step:  709900, Simulation Time: 2094.4411 s
 Time Step:  710000, Simulation Time: 2094.7080 s
 Time Step:  710100, Simulation Time: 2094.9934 s
 Time Step:  710200, Simulation Time: 2095.2819 s
 Time Step:  710300, Simulation Time: 2095.5640 s
 Time Step:  710400, Simulation Time: 2095.8476 s
 Time Step:  710500, Simulation Time: 2096.1374 s
 Time Step:  710600, Simulation Time: 2096.4154 s
 Time Step:  710700, Simulation Time: 2096.6965 s
 Time Step:  710800, Simulation Time: 2096.9825 s
 Time Step:  710900, Simulation Time: 2097.2771 s
 Time Step:  711000, Simulation Time: 2097.5481 s
 Time Step:  711100, Simulation Time: 2097.8220 s
 Time Step:  711200, Simulation Time: 2098.1100 s
 Time Step:  711300, Simulation Time: 2098.4015 s
 Time Step:  711400, Simulation Time: 2098.6806 s
 Time Step:  711500, Simulation Time: 2098.9527 s
 Time Step:  711600, Simulation Time: 2099.2211 s
 Time Step:  711700, Simulation Time: 2099.5011 s
 Time Step:  711800, Simulation Time: 2099.7827 s
 Time Step:  711900, Simulation Time: 2100.0638 s
 Time Step:  712000, Simulation Time: 2100.3326 s
 Time Step:  712100, Simulation Time: 2100.6096 s
 Time Step:  712200, Simulation Time: 2100.8919 s
 Time Step:  712300, Simulation Time: 2101.1745 s
 Time Step:  712400, Simulation Time: 2101.4431 s
 Time Step:  712500, Simulation Time: 2101.7095 s
 Time Step:  712600, Simulation Time: 2101.9759 s
 Time Step:  712700, Simulation Time: 2102.2647 s
 Time Step:  712800, Simulation Time: 2102.5480 s
 Time Step:  712900, Simulation Time: 2102.8322 s
 Time Step:  713000, Simulation Time: 2103.1063 s
 Time Step:  713100, Simulation Time: 2103.3785 s
 Time Step:  713200, Simulation Time: 2103.6580 s
 Time Step:  713300, Simulation Time: 2103.9378 s
 Time Step:  713400, Simulation Time: 2104.2054 s
 Time Step:  713500, Simulation Time: 2104.4847 s
 Time Step:  713600, Simulation Time: 2104.7580 s
 Time Step:  713700, Simulation Time: 2105.0425 s
 Time Step:  713800, Simulation Time: 2105.3319 s
 Time Step:  713900, Simulation Time: 2105.6208 s
 Time Step:  714000, Simulation Time: 2105.9043 s
 Time Step:  714100, Simulation Time: 2106.1840 s
 Time Step:  714200, Simulation Time: 2106.4694 s
 Time Step:  714300, Simulation Time: 2106.7619 s
 Time Step:  714400, Simulation Time: 2107.0401 s
 Time Step:  714500, Simulation Time: 2107.3180 s
 Time Step:  714600, Simulation Time: 2107.5916 s
 Time Step:  714700, Simulation Time: 2107.8650 s
 Time Step:  714800, Simulation Time: 2108.1472 s
 Time Step:  714900, Simulation Time: 2108.4425 s
 Time Step:  715000, Simulation Time: 2108.7174 s
 Time Step:  715100, Simulation Time: 2108.9873 s
 Time Step:  715200, Simulation Time: 2109.2646 s
 Time Step:  715300, Simulation Time: 2109.5389 s
 Time Step:  715400, Simulation Time: 2109.8184 s
 Time Step:  715500, Simulation Time: 2110.0933 s
 Time Step:  715600, Simulation Time: 2110.3722 s
 Time Step:  715700, Simulation Time: 2110.6497 s
 Time Step:  715800, Simulation Time: 2110.9289 s
 Time Step:  715900, Simulation Time: 2111.2127 s
 Time Step:  716000, Simulation Time: 2111.4951 s
 Time Step:  716100, Simulation Time: 2111.7741 s
 Time Step:  716200, Simulation Time: 2112.0547 s
 Time Step:  716300, Simulation Time: 2112.3344 s
 Time Step:  716400, Simulation Time: 2112.6103 s
 Time Step:  716500, Simulation Time: 2112.8872 s
 Time Step:  716600, Simulation Time: 2113.1678 s
 Time Step:  716700, Simulation Time: 2113.4423 s
 Time Step:  716800, Simulation Time: 2113.7251 s
 Time Step:  716900, Simulation Time: 2114.0046 s
 Time Step:  717000, Simulation Time: 2114.2808 s
 Time Step:  717100, Simulation Time: 2114.5799 s
 Time Step:  717200, Simulation Time: 2114.8621 s
 Time Step:  717300, Simulation Time: 2115.1414 s
 Time Step:  717400, Simulation Time: 2115.4232 s
 Time Step:  717500, Simulation Time: 2115.6964 s
 Time Step:  717600, Simulation Time: 2115.9821 s
 Time Step:  717700, Simulation Time: 2116.2669 s
 Time Step:  717800, Simulation Time: 2116.5423 s
 Time Step:  717900, Simulation Time: 2116.8267 s
 Time Step:  718000, Simulation Time: 2117.1047 s
 Time Step:  718100, Simulation Time: 2117.3904 s
 Time Step:  718200, Simulation Time: 2117.6965 s
 Time Step:  718300, Simulation Time: 2117.9803 s
 Time Step:  718400, Simulation Time: 2118.2497 s
 Time Step:  718500, Simulation Time: 2118.5155 s
 Time Step:  718600, Simulation Time: 2118.7898 s
 Time Step:  718700, Simulation Time: 2119.0676 s
 Time Step:  718800, Simulation Time: 2119.3435 s
 Time Step:  718900, Simulation Time: 2119.6292 s
 Time Step:  719000, Simulation Time: 2119.9096 s
 Time Step:  719100, Simulation Time: 2120.1977 s
 Time Step:  719200, Simulation Time: 2120.4719 s
 Time Step:  719300, Simulation Time: 2120.7515 s
 Time Step:  719400, Simulation Time: 2121.0488 s
 Time Step:  719500, Simulation Time: 2121.3382 s
 Time Step:  719600, Simulation Time: 2121.6266 s
 Time Step:  719700, Simulation Time: 2121.9102 s
 Time Step:  719800, Simulation Time: 2122.1848 s
 Time Step:  719900, Simulation Time: 2122.4569 s
 Time Step:  720000, Simulation Time: 2122.7388 s
 Time Step:  720100, Simulation Time: 2123.0158 s
 Time Step:  720200, Simulation Time: 2123.3015 s
 Time Step:  720300, Simulation Time: 2123.5836 s
 Time Step:  720400, Simulation Time: 2123.8627 s
 Time Step:  720500, Simulation Time: 2124.1474 s
 Time Step:  720600, Simulation Time: 2124.4339 s
 Time Step:  720700, Simulation Time: 2124.7157 s
 Time Step:  720800, Simulation Time: 2125.0026 s
 Time Step:  720900, Simulation Time: 2125.2903 s
 Time Step:  721000, Simulation Time: 2125.5713 s
 Time Step:  721100, Simulation Time: 2125.8571 s
 Time Step:  721200, Simulation Time: 2126.1357 s
 Time Step:  721300, Simulation Time: 2126.4205 s
 Time Step:  721400, Simulation Time: 2126.7021 s
 Time Step:  721500, Simulation Time: 2126.9753 s
 Time Step:  721600, Simulation Time: 2127.2440 s
 Time Step:  721700, Simulation Time: 2127.5382 s
 Time Step:  721800, Simulation Time: 2127.8155 s
 Time Step:  721900, Simulation Time: 2128.1063 s
 Time Step:  722000, Simulation Time: 2128.3902 s
 Time Step:  722100, Simulation Time: 2128.6742 s
 Time Step:  722200, Simulation Time: 2128.9690 s
 Time Step:  722300, Simulation Time: 2129.2548 s
 Time Step:  722400, Simulation Time: 2129.5316 s
 Time Step:  722500, Simulation Time: 2129.8169 s
 Time Step:  722600, Simulation Time: 2130.0829 s
 Time Step:  722700, Simulation Time: 2130.3648 s
 Time Step:  722800, Simulation Time: 2130.6509 s
 Time Step:  722900, Simulation Time: 2130.9368 s
 Time Step:  723000, Simulation Time: 2131.2182 s
 Time Step:  723100, Simulation Time: 2131.4996 s
 Time Step:  723200, Simulation Time: 2131.7822 s
 Time Step:  723300, Simulation Time: 2132.0722 s
 Time Step:  723400, Simulation Time: 2132.3552 s
 Time Step:  723500, Simulation Time: 2132.6485 s
 Time Step:  723600, Simulation Time: 2132.9276 s
 Time Step:  723700, Simulation Time: 2133.2081 s
 Time Step:  723800, Simulation Time: 2133.4937 s
 Time Step:  723900, Simulation Time: 2133.7741 s
 Time Step:  724000, Simulation Time: 2134.0527 s
 Time Step:  724100, Simulation Time: 2134.3282 s
 Time Step:  724200, Simulation Time: 2134.6007 s
 Time Step:  724300, Simulation Time: 2134.8771 s
 Time Step:  724400, Simulation Time: 2135.1604 s
 Time Step:  724500, Simulation Time: 2135.4461 s
 Time Step:  724600, Simulation Time: 2135.7274 s
 Time Step:  724700, Simulation Time: 2135.9976 s
 Time Step:  724800, Simulation Time: 2136.2722 s
 Time Step:  724900, Simulation Time: 2136.5500 s
 Time Step:  725000, Simulation Time: 2136.8215 s
 Time Step:  725100, Simulation Time: 2137.1015 s
 Time Step:  725200, Simulation Time: 2137.3896 s
 Time Step:  725300, Simulation Time: 2137.6756 s
 Time Step:  725400, Simulation Time: 2137.9606 s
 Time Step:  725500, Simulation Time: 2138.2373 s
 Time Step:  725600, Simulation Time: 2138.5061 s
 Time Step:  725700, Simulation Time: 2138.7786 s
 Time Step:  725800, Simulation Time: 2139.0496 s
 Time Step:  725900, Simulation Time: 2139.3185 s
 Time Step:  726000, Simulation Time: 2139.5959 s
 Time Step:  726100, Simulation Time: 2139.8764 s
 Time Step:  726200, Simulation Time: 2140.1454 s
 Time Step:  726300, Simulation Time: 2140.4249 s
 Time Step:  726400, Simulation Time: 2140.6945 s
 Time Step:  726500, Simulation Time: 2140.9677 s
 Time Step:  726600, Simulation Time: 2141.2510 s
 Time Step:  726700, Simulation Time: 2141.5326 s
 Time Step:  726800, Simulation Time: 2141.8071 s
 Time Step:  726900, Simulation Time: 2142.0966 s
 Time Step:  727000, Simulation Time: 2142.3812 s
 Time Step:  727100, Simulation Time: 2142.6645 s
 Time Step:  727200, Simulation Time: 2142.9449 s
 Time Step:  727300, Simulation Time: 2143.2313 s
 Time Step:  727400, Simulation Time: 2143.5094 s
 Time Step:  727500, Simulation Time: 2143.7899 s
 Time Step:  727600, Simulation Time: 2144.0657 s
 Time Step:  727700, Simulation Time: 2144.3467 s
 Time Step:  727800, Simulation Time: 2144.6269 s
 Time Step:  727900, Simulation Time: 2144.8964 s
 Time Step:  728000, Simulation Time: 2145.1965 s
 Time Step:  728100, Simulation Time: 2145.4807 s
 Time Step:  728200, Simulation Time: 2145.7729 s
 Time Step:  728300, Simulation Time: 2146.0677 s
 Time Step:  728400, Simulation Time: 2146.3525 s
 Time Step:  728500, Simulation Time: 2146.6325 s
 Time Step:  728600, Simulation Time: 2146.9257 s
 Time Step:  728700, Simulation Time: 2147.2092 s
 Time Step:  728800, Simulation Time: 2147.4927 s
 Time Step:  728900, Simulation Time: 2147.7692 s
 Time Step:  729000, Simulation Time: 2148.0544 s
 Time Step:  729100, Simulation Time: 2148.3409 s
 Time Step:  729200, Simulation Time: 2148.6274 s
 Time Step:  729300, Simulation Time: 2148.8979 s
 Time Step:  729400, Simulation Time: 2149.1546 s
 Time Step:  729500, Simulation Time: 2149.4366 s
 Time Step:  729600, Simulation Time: 2149.7096 s
 Time Step:  729700, Simulation Time: 2149.9896 s
 Time Step:  729800, Simulation Time: 2150.2688 s
 Time Step:  729900, Simulation Time: 2150.5436 s
 Time Step:  730000, Simulation Time: 2150.8232 s
 Time Step:  730100, Simulation Time: 2151.0902 s
 Time Step:  730200, Simulation Time: 2151.3600 s
 Time Step:  730300, Simulation Time: 2151.6376 s
 Time Step:  730400, Simulation Time: 2151.9228 s
 Time Step:  730500, Simulation Time: 2152.2154 s
 Time Step:  730600, Simulation Time: 2152.5060 s
 Time Step:  730700, Simulation Time: 2152.7862 s
 Time Step:  730800, Simulation Time: 2153.0646 s
 Time Step:  730900, Simulation Time: 2153.3266 s
 Time Step:  731000, Simulation Time: 2153.6071 s
 Time Step:  731100, Simulation Time: 2153.8916 s
 Time Step:  731200, Simulation Time: 2154.1670 s
 Time Step:  731300, Simulation Time: 2154.4298 s
 Time Step:  731400, Simulation Time: 2154.7046 s
 Time Step:  731500, Simulation Time: 2154.9744 s
 Time Step:  731600, Simulation Time: 2155.2466 s
 Time Step:  731700, Simulation Time: 2155.5286 s
 Time Step:  731800, Simulation Time: 2155.8245 s
 Time Step:  731900, Simulation Time: 2156.1161 s
 Time Step:  732000, Simulation Time: 2156.3858 s
 Time Step:  732100, Simulation Time: 2156.6711 s
 Time Step:  732200, Simulation Time: 2156.9415 s
 Time Step:  732300, Simulation Time: 2157.2262 s
 Time Step:  732400, Simulation Time: 2157.5204 s
 Time Step:  732500, Simulation Time: 2157.7964 s
 Time Step:  732600, Simulation Time: 2158.0634 s
 Time Step:  732700, Simulation Time: 2158.3426 s
 Time Step:  732800, Simulation Time: 2158.6225 s
 Time Step:  732900, Simulation Time: 2158.8948 s
 Time Step:  733000, Simulation Time: 2159.1709 s
 Time Step:  733100, Simulation Time: 2159.4466 s
 Time Step:  733200, Simulation Time: 2159.7152 s
 Time Step:  733300, Simulation Time: 2159.9856 s
 Time Step:  733400, Simulation Time: 2160.2751 s
 Time Step:  733500, Simulation Time: 2160.5479 s
 Time Step:  733600, Simulation Time: 2160.8265 s
 Time Step:  733700, Simulation Time: 2161.1091 s
 Time Step:  733800, Simulation Time: 2161.3924 s
 Time Step:  733900, Simulation Time: 2161.6760 s
 Time Step:  734000, Simulation Time: 2161.9625 s
 Time Step:  734100, Simulation Time: 2162.2362 s
 Time Step:  734200, Simulation Time: 2162.5233 s
 Time Step:  734300, Simulation Time: 2162.8010 s
 Time Step:  734400, Simulation Time: 2163.0717 s
 Time Step:  734500, Simulation Time: 2163.3526 s
 Time Step:  734600, Simulation Time: 2163.6420 s
 Time Step:  734700, Simulation Time: 2163.9155 s
 Time Step:  734800, Simulation Time: 2164.1896 s
 Time Step:  734900, Simulation Time: 2164.4689 s
 Time Step:  735000, Simulation Time: 2164.7453 s
 Time Step:  735100, Simulation Time: 2165.0131 s
 Time Step:  735200, Simulation Time: 2165.3073 s
 Time Step:  735300, Simulation Time: 2165.6015 s
 Time Step:  735400, Simulation Time: 2165.8834 s
 Time Step:  735500, Simulation Time: 2166.1625 s
 Time Step:  735600, Simulation Time: 2166.4473 s
 Time Step:  735700, Simulation Time: 2166.7256 s
 Time Step:  735800, Simulation Time: 2167.0023 s
 Time Step:  735900, Simulation Time: 2167.2793 s
 Time Step:  736000, Simulation Time: 2167.5488 s
 Time Step:  736100, Simulation Time: 2167.8307 s
 Time Step:  736200, Simulation Time: 2168.1237 s
 Time Step:  736300, Simulation Time: 2168.4168 s
 Time Step:  736400, Simulation Time: 2168.7007 s
 Time Step:  736500, Simulation Time: 2168.9780 s
 Time Step:  736600, Simulation Time: 2169.2752 s
 Time Step:  736700, Simulation Time: 2169.5561 s
 Time Step:  736800, Simulation Time: 2169.8453 s
 Time Step:  736900, Simulation Time: 2170.1162 s
 Time Step:  737000, Simulation Time: 2170.4074 s
 Time Step:  737100, Simulation Time: 2170.6887 s
 Time Step:  737200, Simulation Time: 2170.9700 s
 Time Step:  737300, Simulation Time: 2171.2513 s
 Time Step:  737400, Simulation Time: 2171.5244 s
 Time Step:  737500, Simulation Time: 2171.7956 s
 Time Step:  737600, Simulation Time: 2172.0791 s
 Time Step:  737700, Simulation Time: 2172.3700 s
 Time Step:  737800, Simulation Time: 2172.6553 s
 Time Step:  737900, Simulation Time: 2172.9377 s
 Time Step:  738000, Simulation Time: 2173.2241 s
 Time Step:  738100, Simulation Time: 2173.5014 s
 Time Step:  738200, Simulation Time: 2173.7791 s
 Time Step:  738300, Simulation Time: 2174.0567 s
 Time Step:  738400, Simulation Time: 2174.3462 s
 Time Step:  738500, Simulation Time: 2174.6346 s
 Time Step:  738600, Simulation Time: 2174.9286 s
 Time Step:  738700, Simulation Time: 2175.2209 s
 Time Step:  738800, Simulation Time: 2175.5076 s
 Time Step:  738900, Simulation Time: 2175.7842 s
 Time Step:  739000, Simulation Time: 2176.0579 s
 Time Step:  739100, Simulation Time: 2176.3382 s
 Time Step:  739200, Simulation Time: 2176.6131 s
 Time Step:  739300, Simulation Time: 2176.8828 s
 Time Step:  739400, Simulation Time: 2177.1571 s
 Time Step:  739500, Simulation Time: 2177.4364 s
 Time Step:  739600, Simulation Time: 2177.7113 s
 Time Step:  739700, Simulation Time: 2177.9831 s
 Time Step:  739800, Simulation Time: 2178.2630 s
 Time Step:  739900, Simulation Time: 2178.5435 s
 Time Step:  740000, Simulation Time: 2178.8122 s
 Time Step:  740100, Simulation Time: 2179.0868 s
 Time Step:  740200, Simulation Time: 2179.3739 s
 Time Step:  740300, Simulation Time: 2179.6722 s
 Time Step:  740400, Simulation Time: 2179.9562 s
 Time Step:  740500, Simulation Time: 2180.2388 s
 Time Step:  740600, Simulation Time: 2180.5265 s
 Time Step:  740700, Simulation Time: 2180.8080 s
 Time Step:  740800, Simulation Time: 2181.0911 s
 Time Step:  740900, Simulation Time: 2181.3827 s
 Time Step:  741000, Simulation Time: 2181.6760 s
 Time Step:  741100, Simulation Time: 2181.9692 s
 Time Step:  741200, Simulation Time: 2182.2415 s
 Time Step:  741300, Simulation Time: 2182.5186 s
 Time Step:  741400, Simulation Time: 2182.7916 s
 Time Step:  741500, Simulation Time: 2183.0773 s
 Time Step:  741600, Simulation Time: 2183.3644 s
 Time Step:  741700, Simulation Time: 2183.6515 s
 Time Step:  741800, Simulation Time: 2183.9386 s
 Time Step:  741900, Simulation Time: 2184.2151 s
 Time Step:  742000, Simulation Time: 2184.4966 s
 Time Step:  742100, Simulation Time: 2184.7853 s
 Time Step:  742200, Simulation Time: 2185.0670 s
 Time Step:  742300, Simulation Time: 2185.3478 s
 Time Step:  742400, Simulation Time: 2185.6181 s
 Time Step:  742500, Simulation Time: 2185.9023 s
 Time Step:  742600, Simulation Time: 2186.1719 s
 Time Step:  742700, Simulation Time: 2186.4631 s
 Time Step:  742800, Simulation Time: 2186.7381 s
 Time Step:  742900, Simulation Time: 2187.0118 s
 Time Step:  743000, Simulation Time: 2187.2794 s
 Time Step:  743100, Simulation Time: 2187.5515 s
 Time Step:  743200, Simulation Time: 2187.8272 s
 Time Step:  743300, Simulation Time: 2188.1082 s
 Time Step:  743400, Simulation Time: 2188.4019 s
 Time Step:  743500, Simulation Time: 2188.6822 s
 Time Step:  743600, Simulation Time: 2188.9586 s
 Time Step:  743700, Simulation Time: 2189.2381 s
 Time Step:  743800, Simulation Time: 2189.5294 s
 Time Step:  743900, Simulation Time: 2189.8134 s
 Time Step:  744000, Simulation Time: 2190.0945 s
 Time Step:  744100, Simulation Time: 2190.3653 s
 Time Step:  744200, Simulation Time: 2190.6272 s
 Time Step:  744300, Simulation Time: 2190.8945 s
 Time Step:  744400, Simulation Time: 2191.1607 s
 Time Step:  744500, Simulation Time: 2191.4309 s
 Time Step:  744600, Simulation Time: 2191.6977 s
 Time Step:  744700, Simulation Time: 2191.9766 s
 Time Step:  744800, Simulation Time: 2192.2610 s
 Time Step:  744900, Simulation Time: 2192.5379 s
 Time Step:  745000, Simulation Time: 2192.8059 s
 Time Step:  745100, Simulation Time: 2193.0895 s
 Time Step:  745200, Simulation Time: 2193.3732 s
 Time Step:  745300, Simulation Time: 2193.6542 s
 Time Step:  745400, Simulation Time: 2193.9359 s
 Time Step:  745500, Simulation Time: 2194.2078 s
 Time Step:  745600, Simulation Time: 2194.4782 s
 Time Step:  745700, Simulation Time: 2194.7525 s
 Time Step:  745800, Simulation Time: 2195.0192 s
 Time Step:  745900, Simulation Time: 2195.2872 s
 Time Step:  746000, Simulation Time: 2195.5576 s
 Time Step:  746100, Simulation Time: 2195.8305 s
 Time Step:  746200, Simulation Time: 2196.0999 s
 Time Step:  746300, Simulation Time: 2196.3789 s
 Time Step:  746400, Simulation Time: 2196.6571 s
 Time Step:  746500, Simulation Time: 2196.9448 s
 Time Step:  746600, Simulation Time: 2197.2325 s
 Time Step:  746700, Simulation Time: 2197.5147 s
 Time Step:  746800, Simulation Time: 2197.7967 s
 Time Step:  746900, Simulation Time: 2198.0671 s
 Time Step:  747000, Simulation Time: 2198.3494 s
 Time Step:  747100, Simulation Time: 2198.6219 s
 Time Step:  747200, Simulation Time: 2198.8989 s
 Time Step:  747300, Simulation Time: 2199.1788 s
 Time Step:  747400, Simulation Time: 2199.4491 s
 Time Step:  747500, Simulation Time: 2199.7357 s
 Time Step:  747600, Simulation Time: 2200.0275 s
 Time Step:  747700, Simulation Time: 2200.3090 s
 Time Step:  747800, Simulation Time: 2200.5877 s
 Time Step:  747900, Simulation Time: 2200.8540 s
 Time Step:  748000, Simulation Time: 2201.1325 s
 Time Step:  748100, Simulation Time: 2201.4098 s
 Time Step:  748200, Simulation Time: 2201.6808 s
 Time Step:  748300, Simulation Time: 2201.9543 s
 Time Step:  748400, Simulation Time: 2202.2339 s
 Time Step:  748500, Simulation Time: 2202.5129 s
 Time Step:  748600, Simulation Time: 2202.7918 s
 Time Step:  748700, Simulation Time: 2203.0693 s
 Time Step:  748800, Simulation Time: 2203.3432 s
 Time Step:  748900, Simulation Time: 2203.6192 s
 Time Step:  749000, Simulation Time: 2203.8951 s
 Time Step:  749100, Simulation Time: 2204.1669 s
 Time Step:  749200, Simulation Time: 2204.4319 s
 Time Step:  749300, Simulation Time: 2204.7020 s
 Time Step:  749400, Simulation Time: 2204.9716 s
 Time Step:  749500, Simulation Time: 2205.2389 s
 Time Step:  749600, Simulation Time: 2205.5031 s
 Time Step:  749700, Simulation Time: 2205.7688 s
 Time Step:  749800, Simulation Time: 2206.0349 s
 Time Step:  749900, Simulation Time: 2206.3079 s
 Time Step:  750000, Simulation Time: 2206.5829 s
 Time Step:  750100, Simulation Time: 2206.8605 s
 Time Step:  750200, Simulation Time: 2207.1414 s
 Time Step:  750300, Simulation Time: 2207.4158 s
 Time Step:  750400, Simulation Time: 2207.6874 s
 Time Step:  750500, Simulation Time: 2207.9731 s
 Time Step:  750600, Simulation Time: 2208.2607 s
 Time Step:  750700, Simulation Time: 2208.5454 s
 Time Step:  750800, Simulation Time: 2208.8239 s
 Time Step:  750900, Simulation Time: 2209.0972 s
 Time Step:  751000, Simulation Time: 2209.3725 s
 Time Step:  751100, Simulation Time: 2209.6457 s
 Time Step:  751200, Simulation Time: 2209.9258 s
 Time Step:  751300, Simulation Time: 2210.2226 s
 Time Step:  751400, Simulation Time: 2210.5090 s
 Time Step:  751500, Simulation Time: 2210.7777 s
 Time Step:  751600, Simulation Time: 2211.0601 s
 Time Step:  751700, Simulation Time: 2211.3485 s
 Time Step:  751800, Simulation Time: 2211.6370 s
 Time Step:  751900, Simulation Time: 2211.9183 s
 Time Step:  752000, Simulation Time: 2212.1935 s
 Time Step:  752100, Simulation Time: 2212.4622 s
 Time Step:  752200, Simulation Time: 2212.7486 s
 Time Step:  752300, Simulation Time: 2213.0385 s
 Time Step:  752400, Simulation Time: 2213.3244 s
 Time Step:  752500, Simulation Time: 2213.6102 s
 Time Step:  752600, Simulation Time: 2213.8938 s
 Time Step:  752700, Simulation Time: 2214.1808 s
 Time Step:  752800, Simulation Time: 2214.4638 s
 Time Step:  752900, Simulation Time: 2214.7489 s
 Time Step:  753000, Simulation Time: 2215.0370 s
 Time Step:  753100, Simulation Time: 2215.3217 s
 Time Step:  753200, Simulation Time: 2215.6011 s
 Time Step:  753300, Simulation Time: 2215.8856 s
 Time Step:  753400, Simulation Time: 2216.1670 s
 Time Step:  753500, Simulation Time: 2216.4499 s
 Time Step:  753600, Simulation Time: 2216.7246 s
 Time Step:  753700, Simulation Time: 2216.9995 s
 Time Step:  753800, Simulation Time: 2217.2702 s
 Time Step:  753900, Simulation Time: 2217.5464 s
 Time Step:  754000, Simulation Time: 2217.8234 s
 Time Step:  754100, Simulation Time: 2218.1136 s
 Time Step:  754200, Simulation Time: 2218.3931 s
 Time Step:  754300, Simulation Time: 2218.6699 s
 Time Step:  754400, Simulation Time: 2218.9399 s
 Time Step:  754500, Simulation Time: 2219.2190 s
 Time Step:  754600, Simulation Time: 2219.5018 s
 Time Step:  754700, Simulation Time: 2219.7914 s
 Time Step:  754800, Simulation Time: 2220.0789 s
 Time Step:  754900, Simulation Time: 2220.3581 s
 Time Step:  755000, Simulation Time: 2220.6351 s
 Time Step:  755100, Simulation Time: 2220.9196 s
 Time Step:  755200, Simulation Time: 2221.2088 s
 Time Step:  755300, Simulation Time: 2221.4877 s
 Time Step:  755400, Simulation Time: 2221.7619 s
 Time Step:  755500, Simulation Time: 2222.0380 s
 Time Step:  755600, Simulation Time: 2222.3183 s
 Time Step:  755700, Simulation Time: 2222.6019 s
 Time Step:  755800, Simulation Time: 2222.8873 s
 Time Step:  755900, Simulation Time: 2223.1592 s
 Time Step:  756000, Simulation Time: 2223.4377 s
 Time Step:  756100, Simulation Time: 2223.7117 s
 Time Step:  756200, Simulation Time: 2223.9935 s
 Time Step:  756300, Simulation Time: 2224.2737 s
 Time Step:  756400, Simulation Time: 2224.5457 s
 Time Step:  756500, Simulation Time: 2224.8267 s
 Time Step:  756600, Simulation Time: 2225.1064 s
 Time Step:  756700, Simulation Time: 2225.3912 s
 Time Step:  756800, Simulation Time: 2225.6783 s
 Time Step:  756900, Simulation Time: 2225.9618 s
 Time Step:  757000, Simulation Time: 2226.2301 s
 Time Step:  757100, Simulation Time: 2226.5046 s
 Time Step:  757200, Simulation Time: 2226.7874 s
 Time Step:  757300, Simulation Time: 2227.0673 s
 Time Step:  757400, Simulation Time: 2227.3402 s
 Time Step:  757500, Simulation Time: 2227.6196 s
 Time Step:  757600, Simulation Time: 2227.8948 s
 Time Step:  757700, Simulation Time: 2228.1810 s
 Time Step:  757800, Simulation Time: 2228.4682 s
 Time Step:  757900, Simulation Time: 2228.7452 s
 Time Step:  758000, Simulation Time: 2229.0192 s
 Time Step:  758100, Simulation Time: 2229.2882 s
 Time Step:  758200, Simulation Time: 2229.5551 s
 Time Step:  758300, Simulation Time: 2229.8110 s
 Time Step:  758400, Simulation Time: 2230.0892 s
 Time Step:  758500, Simulation Time: 2230.3605 s
 Time Step:  758600, Simulation Time: 2230.6444 s
 Time Step:  758700, Simulation Time: 2230.9227 s
 Time Step:  758800, Simulation Time: 2231.1903 s
 Time Step:  758900, Simulation Time: 2231.4702 s
 Time Step:  759000, Simulation Time: 2231.7484 s
 Time Step:  759100, Simulation Time: 2232.0384 s
 Time Step:  759200, Simulation Time: 2232.3285 s
 Time Step:  759300, Simulation Time: 2232.6192 s
 Time Step:  759400, Simulation Time: 2232.9118 s
 Time Step:  759500, Simulation Time: 2233.1911 s
 Time Step:  759600, Simulation Time: 2233.4731 s
 Time Step:  759700, Simulation Time: 2233.7538 s
 Time Step:  759800, Simulation Time: 2234.0405 s
 Time Step:  759900, Simulation Time: 2234.3294 s
 Time Step:  760000, Simulation Time: 2234.6157 s
 Time Step:  760100, Simulation Time: 2234.8969 s
 Time Step:  760200, Simulation Time: 2235.1800 s
 Time Step:  760300, Simulation Time: 2235.4630 s
 Time Step:  760400, Simulation Time: 2235.7397 s
 Time Step:  760500, Simulation Time: 2236.0195 s
 Time Step:  760600, Simulation Time: 2236.2977 s
 Time Step:  760700, Simulation Time: 2236.5708 s
 Time Step:  760800, Simulation Time: 2236.8541 s
 Time Step:  760900, Simulation Time: 2237.1385 s
 Time Step:  761000, Simulation Time: 2237.4177 s
 Time Step:  761100, Simulation Time: 2237.6941 s
 Time Step:  761200, Simulation Time: 2237.9766 s
 Time Step:  761300, Simulation Time: 2238.2598 s
 Time Step:  761400, Simulation Time: 2238.5397 s
 Time Step:  761500, Simulation Time: 2238.8176 s
 Time Step:  761600, Simulation Time: 2239.0886 s
 Time Step:  761700, Simulation Time: 2239.3763 s
 Time Step:  761800, Simulation Time: 2239.6603 s
 Time Step:  761900, Simulation Time: 2239.9421 s
 Time Step:  762000, Simulation Time: 2240.2265 s
 Time Step:  762100, Simulation Time: 2240.5101 s
 Time Step:  762200, Simulation Time: 2240.7841 s
 Time Step:  762300, Simulation Time: 2241.0661 s
 Time Step:  762400, Simulation Time: 2241.3517 s
 Time Step:  762500, Simulation Time: 2241.6286 s
 Time Step:  762600, Simulation Time: 2241.8870 s
 Time Step:  762700, Simulation Time: 2242.1646 s
 Time Step:  762800, Simulation Time: 2242.4382 s
 Time Step:  762900, Simulation Time: 2242.7100 s
 Time Step:  763000, Simulation Time: 2242.9784 s
 Time Step:  763100, Simulation Time: 2243.2529 s
 Time Step:  763200, Simulation Time: 2243.5237 s
 Time Step:  763300, Simulation Time: 2243.8042 s
 Time Step:  763400, Simulation Time: 2244.0802 s
 Time Step:  763500, Simulation Time: 2244.3585 s
 Time Step:  763600, Simulation Time: 2244.6318 s
 Time Step:  763700, Simulation Time: 2244.9186 s
 Time Step:  763800, Simulation Time: 2245.2031 s
 Time Step:  763900, Simulation Time: 2245.4959 s
 Time Step:  764000, Simulation Time: 2245.7889 s
 Time Step:  764100, Simulation Time: 2246.0701 s
 Time Step:  764200, Simulation Time: 2246.3492 s
 Time Step:  764300, Simulation Time: 2246.6378 s
 Time Step:  764400, Simulation Time: 2246.9210 s
 Time Step:  764500, Simulation Time: 2247.1926 s
 Time Step:  764600, Simulation Time: 2247.4775 s
 Time Step:  764700, Simulation Time: 2247.7660 s
 Time Step:  764800, Simulation Time: 2248.0524 s
 Time Step:  764900, Simulation Time: 2248.3359 s
 Time Step:  765000, Simulation Time: 2248.6021 s
 Time Step:  765100, Simulation Time: 2248.8809 s
 Time Step:  765200, Simulation Time: 2249.1710 s
 Time Step:  765300, Simulation Time: 2249.4513 s
 Time Step:  765400, Simulation Time: 2249.7316 s
 Time Step:  765500, Simulation Time: 2250.0181 s
 Time Step:  765600, Simulation Time: 2250.3002 s
 Time Step:  765700, Simulation Time: 2250.5738 s
 Time Step:  765800, Simulation Time: 2250.8468 s
 Time Step:  765900, Simulation Time: 2251.1405 s
 Time Step:  766000, Simulation Time: 2251.4135 s
 Time Step:  766100, Simulation Time: 2251.6781 s
 Time Step:  766200, Simulation Time: 2251.9479 s
 Time Step:  766300, Simulation Time: 2252.2229 s
 Time Step:  766400, Simulation Time: 2252.4870 s
 Time Step:  766500, Simulation Time: 2252.7607 s
 Time Step:  766600, Simulation Time: 2253.0431 s
 Time Step:  766700, Simulation Time: 2253.3217 s
 Time Step:  766800, Simulation Time: 2253.5995 s
 Time Step:  766900, Simulation Time: 2253.8769 s
 Time Step:  767000, Simulation Time: 2254.1532 s
 Time Step:  767100, Simulation Time: 2254.4346 s
 Time Step:  767200, Simulation Time: 2254.7115 s
 Time Step:  767300, Simulation Time: 2254.9836 s
 Time Step:  767400, Simulation Time: 2255.2491 s
 Time Step:  767500, Simulation Time: 2255.5006 s
 Time Step:  767600, Simulation Time: 2255.7655 s
 Time Step:  767700, Simulation Time: 2256.0344 s
 Time Step:  767800, Simulation Time: 2256.3113 s
 Time Step:  767900, Simulation Time: 2256.5904 s
 Time Step:  768000, Simulation Time: 2256.8645 s
 Time Step:  768100, Simulation Time: 2257.1383 s
 Time Step:  768200, Simulation Time: 2257.4232 s
 Time Step:  768300, Simulation Time: 2257.7077 s
 Time Step:  768400, Simulation Time: 2257.9833 s
 Time Step:  768500, Simulation Time: 2258.2535 s
 Time Step:  768600, Simulation Time: 2258.5197 s
 Time Step:  768700, Simulation Time: 2258.8038 s
 Time Step:  768800, Simulation Time: 2259.0790 s
 Time Step:  768900, Simulation Time: 2259.3533 s
 Time Step:  769000, Simulation Time: 2259.6274 s
 Time Step:  769100, Simulation Time: 2259.9063 s
 Time Step:  769200, Simulation Time: 2260.1963 s
 Time Step:  769300, Simulation Time: 2260.4915 s
 Time Step:  769400, Simulation Time: 2260.7655 s
 Time Step:  769500, Simulation Time: 2261.0411 s
 Time Step:  769600, Simulation Time: 2261.3260 s
 Time Step:  769700, Simulation Time: 2261.6208 s
 Time Step:  769800, Simulation Time: 2261.8943 s
 Time Step:  769900, Simulation Time: 2262.1682 s
 Time Step:  770000, Simulation Time: 2262.4453 s
 Time Step:  770100, Simulation Time: 2262.7093 s
 Time Step:  770200, Simulation Time: 2262.9846 s
 Time Step:  770300, Simulation Time: 2263.2586 s
 Time Step:  770400, Simulation Time: 2263.5460 s
 Time Step:  770500, Simulation Time: 2263.8278 s
 Time Step:  770600, Simulation Time: 2264.1127 s
 Time Step:  770700, Simulation Time: 2264.3925 s
 Time Step:  770800, Simulation Time: 2264.6710 s
 Time Step:  770900, Simulation Time: 2264.9425 s
 Time Step:  771000, Simulation Time: 2265.2294 s
 Time Step:  771100, Simulation Time: 2265.5123 s
 Time Step:  771200, Simulation Time: 2265.7907 s
 Time Step:  771300, Simulation Time: 2266.0706 s
 Time Step:  771400, Simulation Time: 2266.3526 s
 Time Step:  771500, Simulation Time: 2266.6287 s
 Time Step:  771600, Simulation Time: 2266.8964 s
 Time Step:  771700, Simulation Time: 2267.1777 s
 Time Step:  771800, Simulation Time: 2267.4479 s
 Time Step:  771900, Simulation Time: 2267.7163 s
 Time Step:  772000, Simulation Time: 2267.9849 s
 Time Step:  772100, Simulation Time: 2268.2583 s
 Time Step:  772200, Simulation Time: 2268.5372 s
 Time Step:  772300, Simulation Time: 2268.8144 s
 Time Step:  772400, Simulation Time: 2269.1066 s
 Time Step:  772500, Simulation Time: 2269.4003 s
 Time Step:  772600, Simulation Time: 2269.6796 s
 Time Step:  772700, Simulation Time: 2269.9590 s
 Time Step:  772800, Simulation Time: 2270.2337 s
 Time Step:  772900, Simulation Time: 2270.5080 s
 Time Step:  773000, Simulation Time: 2270.7847 s
 Time Step:  773100, Simulation Time: 2271.0640 s
 Time Step:  773200, Simulation Time: 2271.3509 s
 Time Step:  773300, Simulation Time: 2271.6379 s
 Time Step:  773400, Simulation Time: 2271.9197 s
 Time Step:  773500, Simulation Time: 2272.1971 s
 Time Step:  773600, Simulation Time: 2272.4753 s
 Time Step:  773700, Simulation Time: 2272.7585 s
 Time Step:  773800, Simulation Time: 2273.0334 s
 Time Step:  773900, Simulation Time: 2273.3097 s
 Time Step:  774000, Simulation Time: 2273.5908 s
 Time Step:  774100, Simulation Time: 2273.8859 s
 Time Step:  774200, Simulation Time: 2274.1658 s
 Time Step:  774300, Simulation Time: 2274.4433 s
 Time Step:  774400, Simulation Time: 2274.7097 s
 Time Step:  774500, Simulation Time: 2274.9943 s
 Time Step:  774600, Simulation Time: 2275.2648 s
 Time Step:  774700, Simulation Time: 2275.5277 s
 Time Step:  774800, Simulation Time: 2275.8027 s
 Time Step:  774900, Simulation Time: 2276.0657 s
 Time Step:  775000, Simulation Time: 2276.3365 s
 Time Step:  775100, Simulation Time: 2276.6102 s
 Time Step:  775200, Simulation Time: 2276.8861 s
 Time Step:  775300, Simulation Time: 2277.1651 s
 Time Step:  775400, Simulation Time: 2277.4501 s
 Time Step:  775500, Simulation Time: 2277.7313 s
 Time Step:  775600, Simulation Time: 2278.0042 s
 Time Step:  775700, Simulation Time: 2278.2840 s
 Time Step:  775800, Simulation Time: 2278.5701 s
 Time Step:  775900, Simulation Time: 2278.8549 s
 Time Step:  776000, Simulation Time: 2279.1346 s
 Time Step:  776100, Simulation Time: 2279.4184 s
 Time Step:  776200, Simulation Time: 2279.7002 s
 Time Step:  776300, Simulation Time: 2279.9871 s
 Time Step:  776400, Simulation Time: 2280.2585 s
 Time Step:  776500, Simulation Time: 2280.5286 s
 Time Step:  776600, Simulation Time: 2280.7954 s
 Time Step:  776700, Simulation Time: 2281.0696 s
 Time Step:  776800, Simulation Time: 2281.3439 s
 Time Step:  776900, Simulation Time: 2281.6161 s
 Time Step:  777000, Simulation Time: 2281.8918 s
 Time Step:  777100, Simulation Time: 2282.1699 s
 Time Step:  777200, Simulation Time: 2282.4472 s
 Time Step:  777300, Simulation Time: 2282.7226 s
 Time Step:  777400, Simulation Time: 2282.9993 s
 Time Step:  777500, Simulation Time: 2283.2772 s
 Time Step:  777600, Simulation Time: 2283.5599 s
 Time Step:  777700, Simulation Time: 2283.8470 s
 Time Step:  777800, Simulation Time: 2284.1216 s
 Time Step:  777900, Simulation Time: 2284.4008 s
 Time Step:  778000, Simulation Time: 2284.6793 s
 Time Step:  778100, Simulation Time: 2284.9525 s
 Time Step:  778200, Simulation Time: 2285.2267 s
 Time Step:  778300, Simulation Time: 2285.4982 s
 Time Step:  778400, Simulation Time: 2285.7777 s
 Time Step:  778500, Simulation Time: 2286.0529 s
 Time Step:  778600, Simulation Time: 2286.3170 s
 Time Step:  778700, Simulation Time: 2286.5913 s
 Time Step:  778800, Simulation Time: 2286.8763 s
 Time Step:  778900, Simulation Time: 2287.1513 s
 Time Step:  779000, Simulation Time: 2287.4281 s
 Time Step:  779100, Simulation Time: 2287.7050 s
 Time Step:  779200, Simulation Time: 2287.9910 s
 Time Step:  779300, Simulation Time: 2288.2791 s
 Time Step:  779400, Simulation Time: 2288.5608 s
 Time Step:  779500, Simulation Time: 2288.8393 s
 Time Step:  779600, Simulation Time: 2289.1189 s
 Time Step:  779700, Simulation Time: 2289.3964 s
 Time Step:  779800, Simulation Time: 2289.6825 s
 Time Step:  779900, Simulation Time: 2289.9742 s
 Time Step:  780000, Simulation Time: 2290.2571 s
 Time Step:  780100, Simulation Time: 2290.5287 s
 Time Step:  780200, Simulation Time: 2290.8036 s
 Time Step:  780300, Simulation Time: 2291.0769 s
 Time Step:  780400, Simulation Time: 2291.3599 s
 Time Step:  780500, Simulation Time: 2291.6342 s
 Time Step:  780600, Simulation Time: 2291.9143 s
 Time Step:  780700, Simulation Time: 2292.1960 s
 Time Step:  780800, Simulation Time: 2292.4987 s
 Time Step:  780900, Simulation Time: 2292.7816 s
 Time Step:  781000, Simulation Time: 2293.0584 s
 Time Step:  781100, Simulation Time: 2293.3496 s
 Time Step:  781200, Simulation Time: 2293.6299 s
 Time Step:  781300, Simulation Time: 2293.8951 s
 Time Step:  781400, Simulation Time: 2294.1656 s
 Time Step:  781500, Simulation Time: 2294.4440 s
 Time Step:  781600, Simulation Time: 2294.7271 s
 Time Step:  781700, Simulation Time: 2295.0057 s
 Time Step:  781800, Simulation Time: 2295.2881 s
 Time Step:  781900, Simulation Time: 2295.5788 s
 Time Step:  782000, Simulation Time: 2295.8744 s
 Time Step:  782100, Simulation Time: 2296.1530 s
 Time Step:  782200, Simulation Time: 2296.4238 s
 Time Step:  782300, Simulation Time: 2296.7061 s
 Time Step:  782400, Simulation Time: 2296.9805 s
 Time Step:  782500, Simulation Time: 2297.2700 s
 Time Step:  782600, Simulation Time: 2297.5507 s
 Time Step:  782700, Simulation Time: 2297.8485 s
 Time Step:  782800, Simulation Time: 2298.1321 s
 Time Step:  782900, Simulation Time: 2298.4239 s
 Time Step:  783000, Simulation Time: 2298.7043 s
 Time Step:  783100, Simulation Time: 2298.9816 s
 Time Step:  783200, Simulation Time: 2299.2538 s
 Time Step:  783300, Simulation Time: 2299.5308 s
 Time Step:  783400, Simulation Time: 2299.8136 s
 Time Step:  783500, Simulation Time: 2300.0949 s
 Time Step:  783600, Simulation Time: 2300.3821 s
 Time Step:  783700, Simulation Time: 2300.6532 s
 Time Step:  783800, Simulation Time: 2300.9285 s
 Time Step:  783900, Simulation Time: 2301.2083 s
 Time Step:  784000, Simulation Time: 2301.4813 s
 Time Step:  784100, Simulation Time: 2301.7631 s
 Time Step:  784200, Simulation Time: 2302.0526 s
 Time Step:  784300, Simulation Time: 2302.3277 s
 Time Step:  784400, Simulation Time: 2302.6070 s
 Time Step:  784500, Simulation Time: 2302.8802 s
 Time Step:  784600, Simulation Time: 2303.1455 s
 Time Step:  784700, Simulation Time: 2303.4088 s
 Time Step:  784800, Simulation Time: 2303.6809 s
 Time Step:  784900, Simulation Time: 2303.9634 s
 Time Step:  785000, Simulation Time: 2304.2390 s
 Time Step:  785100, Simulation Time: 2304.5238 s
 Time Step:  785200, Simulation Time: 2304.8047 s
 Time Step:  785300, Simulation Time: 2305.0944 s
 Time Step:  785400, Simulation Time: 2305.3823 s
 Time Step:  785500, Simulation Time: 2305.6692 s
 Time Step:  785600, Simulation Time: 2305.9418 s
 Time Step:  785700, Simulation Time: 2306.2187 s
 Time Step:  785800, Simulation Time: 2306.4977 s
 Time Step:  785900, Simulation Time: 2306.7664 s
 Time Step:  786000, Simulation Time: 2307.0421 s
 Time Step:  786100, Simulation Time: 2307.3119 s
 Time Step:  786200, Simulation Time: 2307.5819 s
 Time Step:  786300, Simulation Time: 2307.8497 s
 Time Step:  786400, Simulation Time: 2308.1231 s
 Time Step:  786500, Simulation Time: 2308.3976 s
 Time Step:  786600, Simulation Time: 2308.6789 s
 Time Step:  786700, Simulation Time: 2308.9700 s
 Time Step:  786800, Simulation Time: 2309.2525 s
 Time Step:  786900, Simulation Time: 2309.5339 s
 Time Step:  787000, Simulation Time: 2309.8120 s
 Time Step:  787100, Simulation Time: 2310.0854 s
 Time Step:  787200, Simulation Time: 2310.3625 s
 Time Step:  787300, Simulation Time: 2310.6416 s
 Time Step:  787400, Simulation Time: 2310.9173 s
 Time Step:  787500, Simulation Time: 2311.1955 s
 Time Step:  787600, Simulation Time: 2311.4657 s
 Time Step:  787700, Simulation Time: 2311.7526 s
 Time Step:  787800, Simulation Time: 2312.0384 s
 Time Step:  787900, Simulation Time: 2312.3229 s
 Time Step:  788000, Simulation Time: 2312.5959 s
 Time Step:  788100, Simulation Time: 2312.8763 s
 Time Step:  788200, Simulation Time: 2313.1601 s
 Time Step:  788300, Simulation Time: 2313.4373 s
 Time Step:  788400, Simulation Time: 2313.7277 s
 Time Step:  788500, Simulation Time: 2314.0133 s
 Time Step:  788600, Simulation Time: 2314.3061 s
 Time Step:  788700, Simulation Time: 2314.5957 s
 Time Step:  788800, Simulation Time: 2314.8796 s
 Time Step:  788900, Simulation Time: 2315.1551 s
 Time Step:  789000, Simulation Time: 2315.4326 s
 Time Step:  789100, Simulation Time: 2315.7165 s
 Time Step:  789200, Simulation Time: 2315.9934 s
 Time Step:  789300, Simulation Time: 2316.2848 s
 Time Step:  789400, Simulation Time: 2316.5563 s
 Time Step:  789500, Simulation Time: 2316.8391 s
 Time Step:  789600, Simulation Time: 2317.1094 s
 Time Step:  789700, Simulation Time: 2317.3896 s
 Time Step:  789800, Simulation Time: 2317.6647 s
 Time Step:  789900, Simulation Time: 2317.9561 s
 Time Step:  790000, Simulation Time: 2318.2393 s
 Time Step:  790100, Simulation Time: 2318.5154 s
 Time Step:  790200, Simulation Time: 2318.8013 s
 Time Step:  790300, Simulation Time: 2319.0778 s
 Time Step:  790400, Simulation Time: 2319.3587 s
 Time Step:  790500, Simulation Time: 2319.6461 s
 Time Step:  790600, Simulation Time: 2319.9290 s
 Time Step:  790700, Simulation Time: 2320.2229 s
 Time Step:  790800, Simulation Time: 2320.5043 s
 Time Step:  790900, Simulation Time: 2320.7747 s
 Time Step:  791000, Simulation Time: 2321.0494 s
 Time Step:  791100, Simulation Time: 2321.3232 s
 Time Step:  791200, Simulation Time: 2321.6046 s
 Time Step:  791300, Simulation Time: 2321.8769 s
 Time Step:  791400, Simulation Time: 2322.1535 s
 Time Step:  791500, Simulation Time: 2322.4227 s
 Time Step:  791600, Simulation Time: 2322.7015 s
 Time Step:  791700, Simulation Time: 2322.9834 s
 Time Step:  791800, Simulation Time: 2323.2533 s
 Time Step:  791900, Simulation Time: 2323.5281 s
 Time Step:  792000, Simulation Time: 2323.8105 s
 Time Step:  792100, Simulation Time: 2324.0800 s
 Time Step:  792200, Simulation Time: 2324.3473 s
 Time Step:  792300, Simulation Time: 2324.6158 s
 Time Step:  792400, Simulation Time: 2324.8865 s
 Time Step:  792500, Simulation Time: 2325.1478 s
 Time Step:  792600, Simulation Time: 2325.4137 s
 Time Step:  792700, Simulation Time: 2325.6817 s
 Time Step:  792800, Simulation Time: 2325.9574 s
 Time Step:  792900, Simulation Time: 2326.2345 s
 Time Step:  793000, Simulation Time: 2326.5150 s
 Time Step:  793100, Simulation Time: 2326.7901 s
 Time Step:  793200, Simulation Time: 2327.0590 s
 Time Step:  793300, Simulation Time: 2327.3349 s
 Time Step:  793400, Simulation Time: 2327.6172 s
 Time Step:  793500, Simulation Time: 2327.8949 s
 Time Step:  793600, Simulation Time: 2328.1678 s
 Time Step:  793700, Simulation Time: 2328.4589 s
 Time Step:  793800, Simulation Time: 2328.7368 s
 Time Step:  793900, Simulation Time: 2329.0140 s
 Time Step:  794000, Simulation Time: 2329.3063 s
 Time Step:  794100, Simulation Time: 2329.5976 s
 Time Step:  794200, Simulation Time: 2329.8911 s
 Time Step:  794300, Simulation Time: 2330.1752 s
 Time Step:  794400, Simulation Time: 2330.4677 s
 Time Step:  794500, Simulation Time: 2330.7396 s
 Time Step:  794600, Simulation Time: 2331.0225 s
 Time Step:  794700, Simulation Time: 2331.3053 s
 Time Step:  794800, Simulation Time: 2331.5779 s
 Time Step:  794900, Simulation Time: 2331.8518 s
 Time Step:  795000, Simulation Time: 2332.1371 s
 Time Step:  795100, Simulation Time: 2332.4081 s
 Time Step:  795200, Simulation Time: 2332.6876 s
 Time Step:  795300, Simulation Time: 2332.9726 s
 Time Step:  795400, Simulation Time: 2333.2336 s
 Time Step:  795500, Simulation Time: 2333.5139 s
 Time Step:  795600, Simulation Time: 2333.7945 s
 Time Step:  795700, Simulation Time: 2334.0649 s
 Time Step:  795800, Simulation Time: 2334.3563 s
 Time Step:  795900, Simulation Time: 2334.6340 s
 Time Step:  796000, Simulation Time: 2334.9113 s
 Time Step:  796100, Simulation Time: 2335.1793 s
 Time Step:  796200, Simulation Time: 2335.4517 s
 Time Step:  796300, Simulation Time: 2335.7212 s
 Time Step:  796400, Simulation Time: 2335.9993 s
 Time Step:  796500, Simulation Time: 2336.2678 s
 Time Step:  796600, Simulation Time: 2336.5366 s
 Time Step:  796700, Simulation Time: 2336.8052 s
 Time Step:  796800, Simulation Time: 2337.0827 s
 Time Step:  796900, Simulation Time: 2337.3600 s
 Time Step:  797000, Simulation Time: 2337.6289 s
 Time Step:  797100, Simulation Time: 2337.8981 s
 Time Step:  797200, Simulation Time: 2338.1725 s
 Time Step:  797300, Simulation Time: 2338.4581 s
 Time Step:  797400, Simulation Time: 2338.7414 s
 Time Step:  797500, Simulation Time: 2339.0213 s
 Time Step:  797600, Simulation Time: 2339.2928 s
 Time Step:  797700, Simulation Time: 2339.5706 s
 Time Step:  797800, Simulation Time: 2339.8582 s
 Time Step:  797900, Simulation Time: 2340.1514 s
 Time Step:  798000, Simulation Time: 2340.4238 s
 Time Step:  798100, Simulation Time: 2340.6998 s
 Time Step:  798200, Simulation Time: 2340.9706 s
 Time Step:  798300, Simulation Time: 2341.2368 s
 Time Step:  798400, Simulation Time: 2341.5009 s
 Time Step:  798500, Simulation Time: 2341.7795 s
 Time Step:  798600, Simulation Time: 2342.0564 s
 Time Step:  798700, Simulation Time: 2342.3233 s
 Time Step:  798800, Simulation Time: 2342.5863 s
 Time Step:  798900, Simulation Time: 2342.8675 s
 Time Step:  799000, Simulation Time: 2343.1432 s
 Time Step:  799100, Simulation Time: 2343.4156 s
 Time Step:  799200, Simulation Time: 2343.6912 s
 Time Step:  799300, Simulation Time: 2343.9652 s
 Time Step:  799400, Simulation Time: 2344.2300 s
 Time Step:  799500, Simulation Time: 2344.5072 s
 Time Step:  799600, Simulation Time: 2344.7874 s
 Time Step:  799700, Simulation Time: 2345.0556 s
 Time Step:  799800, Simulation Time: 2345.3296 s
 Time Step:  799900, Simulation Time: 2345.5971 s
 Time Step:  800000, Simulation Time: 2345.8741 s
 Time Step:  800100, Simulation Time: 2346.1491 s
 Time Step:  800200, Simulation Time: 2346.4197 s
 Time Step:  800300, Simulation Time: 2346.6891 s
 Time Step:  800400, Simulation Time: 2346.9546 s
 Time Step:  800500, Simulation Time: 2347.2279 s
 Time Step:  800600, Simulation Time: 2347.5247 s
 Time Step:  800700, Simulation Time: 2347.8029 s
 Time Step:  800800, Simulation Time: 2348.0937 s
 Time Step:  800900, Simulation Time: 2348.3694 s
 Time Step:  801000, Simulation Time: 2348.6502 s
 Time Step:  801100, Simulation Time: 2348.9307 s
 Time Step:  801200, Simulation Time: 2349.2124 s
 Time Step:  801300, Simulation Time: 2349.4950 s
 Time Step:  801400, Simulation Time: 2349.7715 s
 Time Step:  801500, Simulation Time: 2350.0487 s
 Time Step:  801600, Simulation Time: 2350.3286 s
 Time Step:  801700, Simulation Time: 2350.6072 s
 Time Step:  801800, Simulation Time: 2350.8847 s
 Time Step:  801900, Simulation Time: 2351.1520 s
 Time Step:  802000, Simulation Time: 2351.4323 s
 Time Step:  802100, Simulation Time: 2351.7091 s
 Time Step:  802200, Simulation Time: 2351.9770 s
 Time Step:  802300, Simulation Time: 2352.2585 s
 Time Step:  802400, Simulation Time: 2352.5257 s
 Time Step:  802500, Simulation Time: 2352.7958 s
 Time Step:  802600, Simulation Time: 2353.0739 s
 Time Step:  802700, Simulation Time: 2353.3458 s
 Time Step:  802800, Simulation Time: 2353.6294 s
 Time Step:  802900, Simulation Time: 2353.8975 s
 Time Step:  803000, Simulation Time: 2354.1696 s
 Time Step:  803100, Simulation Time: 2354.4524 s
 Time Step:  803200, Simulation Time: 2354.7288 s
 Time Step:  803300, Simulation Time: 2355.0133 s
 Time Step:  803400, Simulation Time: 2355.2882 s
 Time Step:  803500, Simulation Time: 2355.5687 s
 Time Step:  803600, Simulation Time: 2355.8602 s
 Time Step:  803700, Simulation Time: 2356.1451 s
 Time Step:  803800, Simulation Time: 2356.4166 s
 Time Step:  803900, Simulation Time: 2356.6896 s
 Time Step:  804000, Simulation Time: 2356.9665 s
 Time Step:  804100, Simulation Time: 2357.2509 s
 Time Step:  804200, Simulation Time: 2357.5406 s
 Time Step:  804300, Simulation Time: 2357.8152 s
 Time Step:  804400, Simulation Time: 2358.0882 s
 Time Step:  804500, Simulation Time: 2358.3592 s
 Time Step:  804600, Simulation Time: 2358.6285 s
 Time Step:  804700, Simulation Time: 2358.9042 s
 Time Step:  804800, Simulation Time: 2359.1859 s
 Time Step:  804900, Simulation Time: 2359.4681 s
 Time Step:  805000, Simulation Time: 2359.7503 s
 Time Step:  805100, Simulation Time: 2360.0296 s
 Time Step:  805200, Simulation Time: 2360.3127 s
 Time Step:  805300, Simulation Time: 2360.5822 s
 Time Step:  805400, Simulation Time: 2360.8656 s
 Time Step:  805500, Simulation Time: 2361.1481 s
 Time Step:  805600, Simulation Time: 2361.4394 s
 Time Step:  805700, Simulation Time: 2361.7176 s
 Time Step:  805800, Simulation Time: 2361.9875 s
 Time Step:  805900, Simulation Time: 2362.2594 s
 Time Step:  806000, Simulation Time: 2362.5412 s
 Time Step:  806100, Simulation Time: 2362.8156 s
 Time Step:  806200, Simulation Time: 2363.0893 s
 Time Step:  806300, Simulation Time: 2363.3576 s
 Time Step:  806400, Simulation Time: 2363.6422 s
 Time Step:  806500, Simulation Time: 2363.9174 s
 Time Step:  806600, Simulation Time: 2364.2033 s
 Time Step:  806700, Simulation Time: 2364.4846 s
 Time Step:  806800, Simulation Time: 2364.7747 s
 Time Step:  806900, Simulation Time: 2365.0504 s
 Time Step:  807000, Simulation Time: 2365.3380 s
 Time Step:  807100, Simulation Time: 2365.6179 s
 Time Step:  807200, Simulation Time: 2365.8938 s
 Time Step:  807300, Simulation Time: 2366.1685 s
 Time Step:  807400, Simulation Time: 2366.4436 s
 Time Step:  807500, Simulation Time: 2366.7261 s
 Time Step:  807600, Simulation Time: 2367.0142 s
 Time Step:  807700, Simulation Time: 2367.3064 s
 Time Step:  807800, Simulation Time: 2367.5829 s
 Time Step:  807900, Simulation Time: 2367.8624 s
 Time Step:  808000, Simulation Time: 2368.1391 s
 Time Step:  808100, Simulation Time: 2368.4142 s
 Time Step:  808200, Simulation Time: 2368.6816 s
 Time Step:  808300, Simulation Time: 2368.9511 s
 Time Step:  808400, Simulation Time: 2369.2331 s
 Time Step:  808500, Simulation Time: 2369.5224 s
 Time Step:  808600, Simulation Time: 2369.8098 s
 Time Step:  808700, Simulation Time: 2370.1005 s
 Time Step:  808800, Simulation Time: 2370.3750 s
 Time Step:  808900, Simulation Time: 2370.6541 s
 Time Step:  809000, Simulation Time: 2370.9409 s
 Time Step:  809100, Simulation Time: 2371.2181 s
 Time Step:  809200, Simulation Time: 2371.4965 s
 Time Step:  809300, Simulation Time: 2371.7717 s
 Time Step:  809400, Simulation Time: 2372.0446 s
 Time Step:  809500, Simulation Time: 2372.3203 s
 Time Step:  809600, Simulation Time: 2372.6089 s
 Time Step:  809700, Simulation Time: 2372.8895 s
 Time Step:  809800, Simulation Time: 2373.1634 s
 Time Step:  809900, Simulation Time: 2373.4422 s
 Time Step:  810000, Simulation Time: 2373.7273 s
 Time Step:  810100, Simulation Time: 2374.0063 s
 Time Step:  810200, Simulation Time: 2374.2863 s
 Time Step:  810300, Simulation Time: 2374.5696 s
 Time Step:  810400, Simulation Time: 2374.8422 s
 Time Step:  810500, Simulation Time: 2375.1258 s
 Time Step:  810600, Simulation Time: 2375.4021 s
 Time Step:  810700, Simulation Time: 2375.6753 s
 Time Step:  810800, Simulation Time: 2375.9571 s
 Time Step:  810900, Simulation Time: 2376.2266 s
 Time Step:  811000, Simulation Time: 2376.5003 s
 Time Step:  811100, Simulation Time: 2376.7769 s
 Time Step:  811200, Simulation Time: 2377.0574 s
 Time Step:  811300, Simulation Time: 2377.3431 s
 Time Step:  811400, Simulation Time: 2377.6283 s
 Time Step:  811500, Simulation Time: 2377.9025 s
 Time Step:  811600, Simulation Time: 2378.1721 s
 Time Step:  811700, Simulation Time: 2378.4463 s
 Time Step:  811800, Simulation Time: 2378.7390 s
 Time Step:  811900, Simulation Time: 2379.0364 s
 Time Step:  812000, Simulation Time: 2379.3148 s
 Time Step:  812100, Simulation Time: 2379.5925 s
 Time Step:  812200, Simulation Time: 2379.8817 s
 Time Step:  812300, Simulation Time: 2380.1579 s
 Time Step:  812400, Simulation Time: 2380.4518 s
 Time Step:  812500, Simulation Time: 2380.7243 s
 Time Step:  812600, Simulation Time: 2380.9962 s
 Time Step:  812700, Simulation Time: 2381.2689 s
 Time Step:  812800, Simulation Time: 2381.5477 s
 Time Step:  812900, Simulation Time: 2381.8186 s
 Time Step:  813000, Simulation Time: 2382.0859 s
 Time Step:  813100, Simulation Time: 2382.3601 s
 Time Step:  813200, Simulation Time: 2382.6416 s
 Time Step:  813300, Simulation Time: 2382.9200 s
 Time Step:  813400, Simulation Time: 2383.2008 s
 Time Step:  813500, Simulation Time: 2383.4798 s
 Time Step:  813600, Simulation Time: 2383.7588 s
 Time Step:  813700, Simulation Time: 2384.0322 s
 Time Step:  813800, Simulation Time: 2384.3137 s
 Time Step:  813900, Simulation Time: 2384.5826 s
 Time Step:  814000, Simulation Time: 2384.8524 s
 Time Step:  814100, Simulation Time: 2385.1302 s
 Time Step:  814200, Simulation Time: 2385.4152 s
 Time Step:  814300, Simulation Time: 2385.6946 s
 Time Step:  814400, Simulation Time: 2385.9868 s
 Time Step:  814500, Simulation Time: 2386.2601 s
 Time Step:  814600, Simulation Time: 2386.5427 s
 Time Step:  814700, Simulation Time: 2386.8254 s
 Time Step:  814800, Simulation Time: 2387.1040 s
 Time Step:  814900, Simulation Time: 2387.4025 s
 Time Step:  815000, Simulation Time: 2387.6920 s
 Time Step:  815100, Simulation Time: 2387.9783 s
 Time Step:  815200, Simulation Time: 2388.2632 s
 Time Step:  815300, Simulation Time: 2388.5413 s
 Time Step:  815400, Simulation Time: 2388.8203 s
 Time Step:  815500, Simulation Time: 2389.0959 s
 Time Step:  815600, Simulation Time: 2389.3732 s
 Time Step:  815700, Simulation Time: 2389.6527 s
 Time Step:  815800, Simulation Time: 2389.9308 s
 Time Step:  815900, Simulation Time: 2390.2222 s
 Time Step:  816000, Simulation Time: 2390.5098 s
 Time Step:  816100, Simulation Time: 2390.7888 s
 Time Step:  816200, Simulation Time: 2391.0621 s
 Time Step:  816300, Simulation Time: 2391.3349 s
 Time Step:  816400, Simulation Time: 2391.6158 s
 Time Step:  816500, Simulation Time: 2391.8983 s
 Time Step:  816600, Simulation Time: 2392.1741 s
 Time Step:  816700, Simulation Time: 2392.4549 s
 Time Step:  816800, Simulation Time: 2392.7317 s
 Time Step:  816900, Simulation Time: 2393.0099 s
 Time Step:  817000, Simulation Time: 2393.2994 s
 Time Step:  817100, Simulation Time: 2393.5814 s
 Time Step:  817200, Simulation Time: 2393.8489 s
 Time Step:  817300, Simulation Time: 2394.1240 s
 Time Step:  817400, Simulation Time: 2394.4144 s
 Time Step:  817500, Simulation Time: 2394.6865 s
 Time Step:  817600, Simulation Time: 2394.9741 s
 Time Step:  817700, Simulation Time: 2395.2583 s
 Time Step:  817800, Simulation Time: 2395.5274 s
 Time Step:  817900, Simulation Time: 2395.8048 s
 Time Step:  818000, Simulation Time: 2396.0943 s
 Time Step:  818100, Simulation Time: 2396.3778 s
 Time Step:  818200, Simulation Time: 2396.6414 s
 Time Step:  818300, Simulation Time: 2396.9088 s
 Time Step:  818400, Simulation Time: 2397.1754 s
 Time Step:  818500, Simulation Time: 2397.4409 s
 Time Step:  818600, Simulation Time: 2397.7165 s
 Time Step:  818700, Simulation Time: 2397.9867 s
 Time Step:  818800, Simulation Time: 2398.2512 s
 Time Step:  818900, Simulation Time: 2398.5074 s
 Time Step:  819000, Simulation Time: 2398.7710 s
 Time Step:  819100, Simulation Time: 2399.0430 s
 Time Step:  819200, Simulation Time: 2399.3093 s
 Time Step:  819300, Simulation Time: 2399.5793 s
 Time Step:  819400, Simulation Time: 2399.8434 s
 Time Step:  819500, Simulation Time: 2400.1180 s
 Time Step:  819600, Simulation Time: 2400.3959 s
 Time Step:  819700, Simulation Time: 2400.6799 s
 Time Step:  819800, Simulation Time: 2400.9577 s
 Time Step:  819900, Simulation Time: 2401.2473 s
 Time Step:  820000, Simulation Time: 2401.5159 s
 Time Step:  820100, Simulation Time: 2401.7955 s
 Time Step:  820200, Simulation Time: 2402.0829 s
 Time Step:  820300, Simulation Time: 2402.3628 s
 Time Step:  820400, Simulation Time: 2402.6484 s
 Time Step:  820500, Simulation Time: 2402.9288 s
 Time Step:  820600, Simulation Time: 2403.2033 s
 Time Step:  820700, Simulation Time: 2403.4770 s
 Time Step:  820800, Simulation Time: 2403.7427 s
 Time Step:  820900, Simulation Time: 2404.0277 s
 Time Step:  821000, Simulation Time: 2404.3031 s
 Time Step:  821100, Simulation Time: 2404.5742 s
 Time Step:  821200, Simulation Time: 2404.8322 s
 Time Step:  821300, Simulation Time: 2405.1124 s
 Time Step:  821400, Simulation Time: 2405.3981 s
 Time Step:  821500, Simulation Time: 2405.6814 s
 Time Step:  821600, Simulation Time: 2405.9540 s
 Time Step:  821700, Simulation Time: 2406.2314 s
 Time Step:  821800, Simulation Time: 2406.5072 s
 Time Step:  821900, Simulation Time: 2406.7852 s
 Time Step:  822000, Simulation Time: 2407.0621 s
 Time Step:  822100, Simulation Time: 2407.3400 s
 Time Step:  822200, Simulation Time: 2407.6191 s
 Time Step:  822300, Simulation Time: 2407.8943 s
 Time Step:  822400, Simulation Time: 2408.1589 s
 Time Step:  822500, Simulation Time: 2408.4264 s
 Time Step:  822600, Simulation Time: 2408.7002 s
 Time Step:  822700, Simulation Time: 2408.9773 s
 Time Step:  822800, Simulation Time: 2409.2681 s
 Time Step:  822900, Simulation Time: 2409.5541 s
 Time Step:  823000, Simulation Time: 2409.8298 s
 Time Step:  823100, Simulation Time: 2410.1033 s
 Time Step:  823200, Simulation Time: 2410.3783 s
 Time Step:  823300, Simulation Time: 2410.6433 s
 Time Step:  823400, Simulation Time: 2410.9151 s
 Time Step:  823500, Simulation Time: 2411.1834 s
 Time Step:  823600, Simulation Time: 2411.4652 s
 Time Step:  823700, Simulation Time: 2411.7371 s
 Time Step:  823800, Simulation Time: 2412.0124 s
 Time Step:  823900, Simulation Time: 2412.2828 s
 Time Step:  824000, Simulation Time: 2412.5568 s
 Time Step:  824100, Simulation Time: 2412.8338 s
 Time Step:  824200, Simulation Time: 2413.1122 s
 Time Step:  824300, Simulation Time: 2413.3937 s
 Time Step:  824400, Simulation Time: 2413.6710 s
 Time Step:  824500, Simulation Time: 2413.9408 s
 Time Step:  824600, Simulation Time: 2414.2126 s
 Time Step:  824700, Simulation Time: 2414.4847 s
 Time Step:  824800, Simulation Time: 2414.7494 s
 Time Step:  824900, Simulation Time: 2415.0314 s
 Time Step:  825000, Simulation Time: 2415.3157 s
 Time Step:  825100, Simulation Time: 2415.5977 s
 Time Step:  825200, Simulation Time: 2415.8642 s
 Time Step:  825300, Simulation Time: 2416.1563 s
 Time Step:  825400, Simulation Time: 2416.4603 s
 Time Step:  825500, Simulation Time: 2416.7517 s
 Time Step:  825600, Simulation Time: 2417.0247 s
 Time Step:  825700, Simulation Time: 2417.3012 s
 Time Step:  825800, Simulation Time: 2417.5858 s
 Time Step:  825900, Simulation Time: 2417.8620 s
 Time Step:  826000, Simulation Time: 2418.1336 s
 Time Step:  826100, Simulation Time: 2418.3991 s
 Time Step:  826200, Simulation Time: 2418.6633 s
 Time Step:  826300, Simulation Time: 2418.9330 s
 Time Step:  826400, Simulation Time: 2419.2174 s
 Time Step:  826500, Simulation Time: 2419.4942 s
 Time Step:  826600, Simulation Time: 2419.7686 s
 Time Step:  826700, Simulation Time: 2420.0459 s
 Time Step:  826800, Simulation Time: 2420.3181 s
 Time Step:  826900, Simulation Time: 2420.5971 s
 Time Step:  827000, Simulation Time: 2420.8748 s
 Time Step:  827100, Simulation Time: 2421.1414 s
 Time Step:  827200, Simulation Time: 2421.4018 s
 Time Step:  827300, Simulation Time: 2421.6653 s
 Time Step:  827400, Simulation Time: 2421.9301 s
 Time Step:  827500, Simulation Time: 2422.2093 s
 Time Step:  827600, Simulation Time: 2422.4950 s
 Time Step:  827700, Simulation Time: 2422.7772 s
 Time Step:  827800, Simulation Time: 2423.0514 s
 Time Step:  827900, Simulation Time: 2423.3246 s
 Time Step:  828000, Simulation Time: 2423.6027 s
 Time Step:  828100, Simulation Time: 2423.8833 s
 Time Step:  828200, Simulation Time: 2424.1604 s
 Time Step:  828300, Simulation Time: 2424.4257 s
 Time Step:  828400, Simulation Time: 2424.7155 s
 Time Step:  828500, Simulation Time: 2424.9967 s
 Time Step:  828600, Simulation Time: 2425.2670 s
 Time Step:  828700, Simulation Time: 2425.5458 s
 Time Step:  828800, Simulation Time: 2425.8302 s
 Time Step:  828900, Simulation Time: 2426.1090 s
 Time Step:  829000, Simulation Time: 2426.3799 s
 Time Step:  829100, Simulation Time: 2426.6596 s
 Time Step:  829200, Simulation Time: 2426.9438 s
 Time Step:  829300, Simulation Time: 2427.2279 s
 Time Step:  829400, Simulation Time: 2427.5074 s
 Time Step:  829500, Simulation Time: 2427.7879 s
 Time Step:  829600, Simulation Time: 2428.0535 s
 Time Step:  829700, Simulation Time: 2428.3320 s
 Time Step:  829800, Simulation Time: 2428.5982 s
 Time Step:  829900, Simulation Time: 2428.8545 s
 Time Step:  830000, Simulation Time: 2429.1290 s
 Time Step:  830100, Simulation Time: 2429.4087 s
 Time Step:  830200, Simulation Time: 2429.6948 s
 Time Step:  830300, Simulation Time: 2429.9612 s
 Time Step:  830400, Simulation Time: 2430.2297 s
 Time Step:  830500, Simulation Time: 2430.5000 s
 Time Step:  830600, Simulation Time: 2430.7777 s
 Time Step:  830700, Simulation Time: 2431.0584 s
 Time Step:  830800, Simulation Time: 2431.3336 s
 Time Step:  830900, Simulation Time: 2431.6084 s
 Time Step:  831000, Simulation Time: 2431.8859 s
 Time Step:  831100, Simulation Time: 2432.1817 s
 Time Step:  831200, Simulation Time: 2432.4701 s
 Time Step:  831300, Simulation Time: 2432.7544 s
 Time Step:  831400, Simulation Time: 2433.0452 s
 Time Step:  831500, Simulation Time: 2433.3271 s
 Time Step:  831600, Simulation Time: 2433.6090 s
 Time Step:  831700, Simulation Time: 2433.8883 s
 Time Step:  831800, Simulation Time: 2434.1735 s
 Time Step:  831900, Simulation Time: 2434.4433 s
 Time Step:  832000, Simulation Time: 2434.7213 s
 Time Step:  832100, Simulation Time: 2435.0025 s
 Time Step:  832200, Simulation Time: 2435.3002 s
 Time Step:  832300, Simulation Time: 2435.5758 s
 Time Step:  832400, Simulation Time: 2435.8478 s
 Time Step:  832500, Simulation Time: 2436.1236 s
 Time Step:  832600, Simulation Time: 2436.4128 s
 Time Step:  832700, Simulation Time: 2436.6900 s
 Time Step:  832800, Simulation Time: 2436.9717 s
 Time Step:  832900, Simulation Time: 2437.2585 s
 Time Step:  833000, Simulation Time: 2437.5313 s
 Time Step:  833100, Simulation Time: 2437.7978 s
 Time Step:  833200, Simulation Time: 2438.0661 s
 Time Step:  833300, Simulation Time: 2438.3344 s
 Time Step:  833400, Simulation Time: 2438.6130 s
 Time Step:  833500, Simulation Time: 2438.8912 s
 Time Step:  833600, Simulation Time: 2439.1637 s
 Time Step:  833700, Simulation Time: 2439.4332 s
 Time Step:  833800, Simulation Time: 2439.7068 s
 Time Step:  833900, Simulation Time: 2439.9975 s
 Time Step:  834000, Simulation Time: 2440.2725 s
 Time Step:  834100, Simulation Time: 2440.5461 s
 Time Step:  834200, Simulation Time: 2440.8085 s
 Time Step:  834300, Simulation Time: 2441.0797 s
 Time Step:  834400, Simulation Time: 2441.3472 s
 Time Step:  834500, Simulation Time: 2441.6244 s
 Time Step:  834600, Simulation Time: 2441.9025 s
 Time Step:  834700, Simulation Time: 2442.1695 s
 Time Step:  834800, Simulation Time: 2442.4411 s
 Time Step:  834900, Simulation Time: 2442.7166 s
 Time Step:  835000, Simulation Time: 2442.9879 s
 Time Step:  835100, Simulation Time: 2443.2717 s
 Time Step:  835200, Simulation Time: 2443.5458 s
 Time Step:  835300, Simulation Time: 2443.8192 s
 Time Step:  835400, Simulation Time: 2444.0890 s
 Time Step:  835500, Simulation Time: 2444.3638 s
 Time Step:  835600, Simulation Time: 2444.6359 s
 Time Step:  835700, Simulation Time: 2444.9121 s
 Time Step:  835800, Simulation Time: 2445.1890 s
 Time Step:  835900, Simulation Time: 2445.4670 s
 Time Step:  836000, Simulation Time: 2445.7398 s
 Time Step:  836100, Simulation Time: 2446.0152 s
 Time Step:  836200, Simulation Time: 2446.2888 s
 Time Step:  836300, Simulation Time: 2446.5736 s
 Time Step:  836400, Simulation Time: 2446.8541 s
 Time Step:  836500, Simulation Time: 2447.1215 s
 Time Step:  836600, Simulation Time: 2447.3826 s
 Time Step:  836700, Simulation Time: 2447.6592 s
 Time Step:  836800, Simulation Time: 2447.9364 s
 Time Step:  836900, Simulation Time: 2448.2082 s
 Time Step:  837000, Simulation Time: 2448.4984 s
 Time Step:  837100, Simulation Time: 2448.7667 s
 Time Step:  837200, Simulation Time: 2449.0536 s
 Time Step:  837300, Simulation Time: 2449.3345 s
 Time Step:  837400, Simulation Time: 2449.6047 s
 Time Step:  837500, Simulation Time: 2449.8767 s
 Time Step:  837600, Simulation Time: 2450.1441 s
 Time Step:  837700, Simulation Time: 2450.4170 s
 Time Step:  837800, Simulation Time: 2450.6958 s
 Time Step:  837900, Simulation Time: 2450.9727 s
 Time Step:  838000, Simulation Time: 2451.2478 s
 Time Step:  838100, Simulation Time: 2451.5132 s
 Time Step:  838200, Simulation Time: 2451.8029 s
 Time Step:  838300, Simulation Time: 2452.0864 s
 Time Step:  838400, Simulation Time: 2452.3572 s
 Time Step:  838500, Simulation Time: 2452.6268 s
 Time Step:  838600, Simulation Time: 2452.8980 s
 Time Step:  838700, Simulation Time: 2453.1695 s
 Time Step:  838800, Simulation Time: 2453.4535 s
 Time Step:  838900, Simulation Time: 2453.7339 s
 Time Step:  839000, Simulation Time: 2454.0110 s
 Time Step:  839100, Simulation Time: 2454.2866 s
 Time Step:  839200, Simulation Time: 2454.5751 s
 Time Step:  839300, Simulation Time: 2454.8690 s
 Time Step:  839400, Simulation Time: 2455.1429 s
 Time Step:  839500, Simulation Time: 2455.4097 s
 Time Step:  839600, Simulation Time: 2455.6792 s
 Time Step:  839700, Simulation Time: 2455.9575 s
 Time Step:  839800, Simulation Time: 2456.2380 s
 Time Step:  839900, Simulation Time: 2456.5005 s
 Time Step:  840000, Simulation Time: 2456.7717 s
 Time Step:  840100, Simulation Time: 2457.0495 s
 Time Step:  840200, Simulation Time: 2457.3151 s
 Time Step:  840300, Simulation Time: 2457.5907 s
 Time Step:  840400, Simulation Time: 2457.8874 s
 Time Step:  840500, Simulation Time: 2458.1664 s
 Time Step:  840600, Simulation Time: 2458.4473 s
 Time Step:  840700, Simulation Time: 2458.7344 s
 Time Step:  840800, Simulation Time: 2459.0165 s
 Time Step:  840900, Simulation Time: 2459.2957 s
 Time Step:  841000, Simulation Time: 2459.5676 s
 Time Step:  841100, Simulation Time: 2459.8491 s
 Time Step:  841200, Simulation Time: 2460.1203 s
 Time Step:  841300, Simulation Time: 2460.3939 s
 Time Step:  841400, Simulation Time: 2460.6705 s
 Time Step:  841500, Simulation Time: 2460.9486 s
 Time Step:  841600, Simulation Time: 2461.2384 s
 Time Step:  841700, Simulation Time: 2461.5209 s
 Time Step:  841800, Simulation Time: 2461.8005 s
 Time Step:  841900, Simulation Time: 2462.0702 s
 Time Step:  842000, Simulation Time: 2462.3464 s
 Time Step:  842100, Simulation Time: 2462.6300 s
 Time Step:  842200, Simulation Time: 2462.9075 s
 Time Step:  842300, Simulation Time: 2463.1793 s
 Time Step:  842400, Simulation Time: 2463.4536 s
 Time Step:  842500, Simulation Time: 2463.7404 s
 Time Step:  842600, Simulation Time: 2464.0248 s
 Time Step:  842700, Simulation Time: 2464.3076 s
 Time Step:  842800, Simulation Time: 2464.5885 s
 Time Step:  842900, Simulation Time: 2464.8798 s
 Time Step:  843000, Simulation Time: 2465.1623 s
 Time Step:  843100, Simulation Time: 2465.4401 s
 Time Step:  843200, Simulation Time: 2465.7209 s
 Time Step:  843300, Simulation Time: 2466.0015 s
 Time Step:  843400, Simulation Time: 2466.2758 s
 Time Step:  843500, Simulation Time: 2466.5624 s
 Time Step:  843600, Simulation Time: 2466.8463 s
 Time Step:  843700, Simulation Time: 2467.1208 s
 Time Step:  843800, Simulation Time: 2467.3937 s
 Time Step:  843900, Simulation Time: 2467.6802 s
 Time Step:  844000, Simulation Time: 2467.9582 s
 Time Step:  844100, Simulation Time: 2468.2387 s
 Time Step:  844200, Simulation Time: 2468.5091 s
 Time Step:  844300, Simulation Time: 2468.7776 s
 Time Step:  844400, Simulation Time: 2469.0457 s
 Time Step:  844500, Simulation Time: 2469.3168 s
 Time Step:  844600, Simulation Time: 2469.5999 s
 Time Step:  844700, Simulation Time: 2469.8678 s
 Time Step:  844800, Simulation Time: 2470.1387 s
 Time Step:  844900, Simulation Time: 2470.4154 s
 Time Step:  845000, Simulation Time: 2470.6963 s
 Time Step:  845100, Simulation Time: 2470.9765 s
 Time Step:  845200, Simulation Time: 2471.2585 s
 Time Step:  845300, Simulation Time: 2471.5377 s
 Time Step:  845400, Simulation Time: 2471.8195 s
 Time Step:  845500, Simulation Time: 2472.0924 s
 Time Step:  845600, Simulation Time: 2472.3620 s
 Time Step:  845700, Simulation Time: 2472.6344 s
 Time Step:  845800, Simulation Time: 2472.9186 s
 Time Step:  845900, Simulation Time: 2473.1928 s
 Time Step:  846000, Simulation Time: 2473.4691 s
 Time Step:  846100, Simulation Time: 2473.7500 s
 Time Step:  846200, Simulation Time: 2474.0393 s
 Time Step:  846300, Simulation Time: 2474.3180 s
 Time Step:  846400, Simulation Time: 2474.5870 s
 Time Step:  846500, Simulation Time: 2474.8542 s
 Time Step:  846600, Simulation Time: 2475.1297 s
 Time Step:  846700, Simulation Time: 2475.4061 s
 Time Step:  846800, Simulation Time: 2475.6771 s
 Time Step:  846900, Simulation Time: 2475.9532 s
 Time Step:  847000, Simulation Time: 2476.2298 s
 Time Step:  847100, Simulation Time: 2476.5165 s
 Time Step:  847200, Simulation Time: 2476.7964 s
 Time Step:  847300, Simulation Time: 2477.0764 s
 Time Step:  847400, Simulation Time: 2477.3565 s
 Time Step:  847500, Simulation Time: 2477.6365 s
 Time Step:  847600, Simulation Time: 2477.9165 s
 Time Step:  847700, Simulation Time: 2478.1840 s
 Time Step:  847800, Simulation Time: 2478.4777 s
 Time Step:  847900, Simulation Time: 2478.7565 s
 Time Step:  848000, Simulation Time: 2479.0247 s
 Time Step:  848100, Simulation Time: 2479.3019 s
 Time Step:  848200, Simulation Time: 2479.5737 s
 Time Step:  848300, Simulation Time: 2479.8453 s
 Time Step:  848400, Simulation Time: 2480.1178 s
 Time Step:  848500, Simulation Time: 2480.4089 s
 Time Step:  848600, Simulation Time: 2480.6962 s
 Time Step:  848700, Simulation Time: 2480.9644 s
 Time Step:  848800, Simulation Time: 2481.2446 s
 Time Step:  848900, Simulation Time: 2481.5177 s
 Time Step:  849000, Simulation Time: 2481.8061 s
 Time Step:  849100, Simulation Time: 2482.0925 s
 Time Step:  849200, Simulation Time: 2482.3881 s
 Time Step:  849300, Simulation Time: 2482.6662 s
 Time Step:  849400, Simulation Time: 2482.9451 s
 Time Step:  849500, Simulation Time: 2483.2294 s
 Time Step:  849600, Simulation Time: 2483.5042 s
 Time Step:  849700, Simulation Time: 2483.7811 s
 Time Step:  849800, Simulation Time: 2484.0570 s
 Time Step:  849900, Simulation Time: 2484.3301 s
 Time Step:  850000, Simulation Time: 2484.6036 s
 Time Step:  850100, Simulation Time: 2484.8722 s
 Time Step:  850200, Simulation Time: 2485.1564 s
 Time Step:  850300, Simulation Time: 2485.4285 s
 Time Step:  850400, Simulation Time: 2485.7027 s
 Time Step:  850500, Simulation Time: 2485.9892 s
 Time Step:  850600, Simulation Time: 2486.2838 s
 Time Step:  850700, Simulation Time: 2486.5706 s
 Time Step:  850800, Simulation Time: 2486.8464 s
 Time Step:  850900, Simulation Time: 2487.1138 s
 Time Step:  851000, Simulation Time: 2487.3919 s
 Time Step:  851100, Simulation Time: 2487.6687 s
 Time Step:  851200, Simulation Time: 2487.9438 s
 Time Step:  851300, Simulation Time: 2488.2245 s
 Time Step:  851400, Simulation Time: 2488.5040 s
 Time Step:  851500, Simulation Time: 2488.7845 s
 Time Step:  851600, Simulation Time: 2489.0622 s
 Time Step:  851700, Simulation Time: 2489.3341 s
 Time Step:  851800, Simulation Time: 2489.6107 s
 Time Step:  851900, Simulation Time: 2489.9070 s
 Time Step:  852000, Simulation Time: 2490.1913 s
 Time Step:  852100, Simulation Time: 2490.4714 s
 Time Step:  852200, Simulation Time: 2490.7594 s
 Time Step:  852300, Simulation Time: 2491.0427 s
 Time Step:  852400, Simulation Time: 2491.3158 s
 Time Step:  852500, Simulation Time: 2491.6002 s
 Time Step:  852600, Simulation Time: 2491.8823 s
 Time Step:  852700, Simulation Time: 2492.1597 s
 Time Step:  852800, Simulation Time: 2492.4447 s
 Time Step:  852900, Simulation Time: 2492.7214 s
 Time Step:  853000, Simulation Time: 2492.9953 s
 Time Step:  853100, Simulation Time: 2493.2699 s
 Time Step:  853200, Simulation Time: 2493.5521 s
 Time Step:  853300, Simulation Time: 2493.8351 s
 Time Step:  853400, Simulation Time: 2494.1144 s
 Time Step:  853500, Simulation Time: 2494.3964 s
 Time Step:  853600, Simulation Time: 2494.6749 s
 Time Step:  853700, Simulation Time: 2494.9529 s
 Time Step:  853800, Simulation Time: 2495.2238 s
 Time Step:  853900, Simulation Time: 2495.5089 s
 Time Step:  854000, Simulation Time: 2495.7920 s
 Time Step:  854100, Simulation Time: 2496.0700 s
 Time Step:  854200, Simulation Time: 2496.3412 s
 Time Step:  854300, Simulation Time: 2496.6149 s
 Time Step:  854400, Simulation Time: 2496.8880 s
 Time Step:  854500, Simulation Time: 2497.1580 s
 Time Step:  854600, Simulation Time: 2497.4218 s
 Time Step:  854700, Simulation Time: 2497.7005 s
 Time Step:  854800, Simulation Time: 2497.9827 s
 Time Step:  854900, Simulation Time: 2498.2665 s
 Time Step:  855000, Simulation Time: 2498.5363 s
 Time Step:  855100, Simulation Time: 2498.8172 s
 Time Step:  855200, Simulation Time: 2499.1111 s
 Time Step:  855300, Simulation Time: 2499.4000 s
 Time Step:  855400, Simulation Time: 2499.6861 s
 Time Step:  855500, Simulation Time: 2499.9700 s
 Time Step:  855600, Simulation Time: 2500.2685 s
 Time Step:  855700, Simulation Time: 2500.5472 s
 Time Step:  855800, Simulation Time: 2500.8280 s
 Time Step:  855900, Simulation Time: 2501.1094 s
 Time Step:  856000, Simulation Time: 2501.3833 s
 Time Step:  856100, Simulation Time: 2501.6716 s
 Time Step:  856200, Simulation Time: 2501.9585 s
 Time Step:  856300, Simulation Time: 2502.2299 s
 Time Step:  856400, Simulation Time: 2502.4969 s
 Time Step:  856500, Simulation Time: 2502.7784 s
 Time Step:  856600, Simulation Time: 2503.0572 s
 Time Step:  856700, Simulation Time: 2503.3366 s
 Time Step:  856800, Simulation Time: 2503.6140 s
 Time Step:  856900, Simulation Time: 2503.8943 s
 Time Step:  857000, Simulation Time: 2504.1751 s
 Time Step:  857100, Simulation Time: 2504.4550 s
 Time Step:  857200, Simulation Time: 2504.7336 s
 Time Step:  857300, Simulation Time: 2505.0096 s
 Time Step:  857400, Simulation Time: 2505.2893 s
 Time Step:  857500, Simulation Time: 2505.5564 s
 Time Step:  857600, Simulation Time: 2505.8380 s
 Time Step:  857700, Simulation Time: 2506.1151 s
 Time Step:  857800, Simulation Time: 2506.3911 s
 Time Step:  857900, Simulation Time: 2506.6587 s
 Time Step:  858000, Simulation Time: 2506.9322 s
 Time Step:  858100, Simulation Time: 2507.2152 s
 Time Step:  858200, Simulation Time: 2507.5007 s
 Time Step:  858300, Simulation Time: 2507.7931 s
 Time Step:  858400, Simulation Time: 2508.0693 s
 Time Step:  858500, Simulation Time: 2508.3514 s
 Time Step:  858600, Simulation Time: 2508.6253 s
 Time Step:  858700, Simulation Time: 2508.8963 s
 Time Step:  858800, Simulation Time: 2509.1701 s
 Time Step:  858900, Simulation Time: 2509.4434 s
 Time Step:  859000, Simulation Time: 2509.7198 s
 Time Step:  859100, Simulation Time: 2509.9891 s
 Time Step:  859200, Simulation Time: 2510.2575 s
 Time Step:  859300, Simulation Time: 2510.5242 s
 Time Step:  859400, Simulation Time: 2510.7896 s
 Time Step:  859500, Simulation Time: 2511.0638 s
 Time Step:  859600, Simulation Time: 2511.3386 s
 Time Step:  859700, Simulation Time: 2511.6134 s
 Time Step:  859800, Simulation Time: 2511.8845 s
 Time Step:  859900, Simulation Time: 2512.1640 s
 Time Step:  860000, Simulation Time: 2512.4451 s
 Time Step:  860100, Simulation Time: 2512.7412 s
 Time Step:  860200, Simulation Time: 2513.0171 s
 Time Step:  860300, Simulation Time: 2513.2914 s
 Time Step:  860400, Simulation Time: 2513.5669 s
 Time Step:  860500, Simulation Time: 2513.8449 s
 Time Step:  860600, Simulation Time: 2514.1176 s
 Time Step:  860700, Simulation Time: 2514.3848 s
 Time Step:  860800, Simulation Time: 2514.6558 s
 Time Step:  860900, Simulation Time: 2514.9258 s
 Time Step:  861000, Simulation Time: 2515.1976 s
 Time Step:  861100, Simulation Time: 2515.4687 s
 Time Step:  861200, Simulation Time: 2515.7439 s
 Time Step:  861300, Simulation Time: 2516.0187 s
 Time Step:  861400, Simulation Time: 2516.2919 s
 Time Step:  861500, Simulation Time: 2516.5712 s
 Time Step:  861600, Simulation Time: 2516.8415 s
 Time Step:  861700, Simulation Time: 2517.1251 s
 Time Step:  861800, Simulation Time: 2517.4081 s
 Time Step:  861900, Simulation Time: 2517.6972 s
 Time Step:  862000, Simulation Time: 2517.9799 s
 Time Step:  862100, Simulation Time: 2518.2527 s
 Time Step:  862200, Simulation Time: 2518.5381 s
 Time Step:  862300, Simulation Time: 2518.8180 s
 Time Step:  862400, Simulation Time: 2519.0972 s
 Time Step:  862500, Simulation Time: 2519.3685 s
 Time Step:  862600, Simulation Time: 2519.6367 s
 Time Step:  862700, Simulation Time: 2519.9216 s
 Time Step:  862800, Simulation Time: 2520.2014 s
 Time Step:  862900, Simulation Time: 2520.4712 s
 Time Step:  863000, Simulation Time: 2520.7311 s
 Time Step:  863100, Simulation Time: 2521.0047 s
 Time Step:  863200, Simulation Time: 2521.2837 s
 Time Step:  863300, Simulation Time: 2521.5607 s
 Time Step:  863400, Simulation Time: 2521.8223 s
 Time Step:  863500, Simulation Time: 2522.0851 s
 Time Step:  863600, Simulation Time: 2522.3684 s
 Time Step:  863700, Simulation Time: 2522.6513 s
 Time Step:  863800, Simulation Time: 2522.9282 s
 Time Step:  863900, Simulation Time: 2523.2047 s
 Time Step:  864000, Simulation Time: 2523.4784 s
 Time Step:  864100, Simulation Time: 2523.7551 s
 Time Step:  864200, Simulation Time: 2524.0348 s
 Time Step:  864300, Simulation Time: 2524.2976 s
 Time Step:  864400, Simulation Time: 2524.5706 s
 Time Step:  864500, Simulation Time: 2524.8508 s
 Time Step:  864600, Simulation Time: 2525.1300 s
 Time Step:  864700, Simulation Time: 2525.4126 s
 Time Step:  864800, Simulation Time: 2525.6981 s
 Time Step:  864900, Simulation Time: 2525.9816 s
 Time Step:  865000, Simulation Time: 2526.2525 s
 Time Step:  865100, Simulation Time: 2526.5386 s
 Time Step:  865200, Simulation Time: 2526.8237 s
 Time Step:  865300, Simulation Time: 2527.1035 s
 Time Step:  865400, Simulation Time: 2527.3743 s
 Time Step:  865500, Simulation Time: 2527.6350 s
 Time Step:  865600, Simulation Time: 2527.9061 s
 Time Step:  865700, Simulation Time: 2528.1806 s
 Time Step:  865800, Simulation Time: 2528.4488 s
 Time Step:  865900, Simulation Time: 2528.7098 s
 Time Step:  866000, Simulation Time: 2528.9752 s
 Time Step:  866100, Simulation Time: 2529.2450 s
 Time Step:  866200, Simulation Time: 2529.5328 s
 Time Step:  866300, Simulation Time: 2529.8158 s
 Time Step:  866400, Simulation Time: 2530.1111 s
 Time Step:  866500, Simulation Time: 2530.4073 s
 Time Step:  866600, Simulation Time: 2530.6968 s
 Time Step:  866700, Simulation Time: 2530.9828 s
 Time Step:  866800, Simulation Time: 2531.2514 s
 Time Step:  866900, Simulation Time: 2531.5216 s
 Time Step:  867000, Simulation Time: 2531.8038 s
 Time Step:  867100, Simulation Time: 2532.0815 s
 Time Step:  867200, Simulation Time: 2532.3643 s
 Time Step:  867300, Simulation Time: 2532.6521 s
 Time Step:  867400, Simulation Time: 2532.9364 s
 Time Step:  867500, Simulation Time: 2533.2121 s
 Time Step:  867600, Simulation Time: 2533.5002 s
 Time Step:  867700, Simulation Time: 2533.7911 s
 Time Step:  867800, Simulation Time: 2534.0742 s
 Time Step:  867900, Simulation Time: 2534.3557 s
 Time Step:  868000, Simulation Time: 2534.6351 s
 Time Step:  868100, Simulation Time: 2534.9022 s
 Time Step:  868200, Simulation Time: 2535.1847 s
 Time Step:  868300, Simulation Time: 2535.4500 s
 Time Step:  868400, Simulation Time: 2535.7231 s
 Time Step:  868500, Simulation Time: 2535.9916 s
 Time Step:  868600, Simulation Time: 2536.2704 s
 Time Step:  868700, Simulation Time: 2536.5487 s
 Time Step:  868800, Simulation Time: 2536.8252 s
 Time Step:  868900, Simulation Time: 2537.1027 s
 Time Step:  869000, Simulation Time: 2537.3886 s
 Time Step:  869100, Simulation Time: 2537.6694 s
 Time Step:  869200, Simulation Time: 2537.9361 s
 Time Step:  869300, Simulation Time: 2538.2104 s
 Time Step:  869400, Simulation Time: 2538.4827 s
 Time Step:  869500, Simulation Time: 2538.7545 s
 Time Step:  869600, Simulation Time: 2539.0236 s
 Time Step:  869700, Simulation Time: 2539.3042 s
 Time Step:  869800, Simulation Time: 2539.5697 s
 Time Step:  869900, Simulation Time: 2539.8355 s
 Time Step:  870000, Simulation Time: 2540.0981 s
 Time Step:  870100, Simulation Time: 2540.3733 s
 Time Step:  870200, Simulation Time: 2540.6514 s
 Time Step:  870300, Simulation Time: 2540.9236 s
 Time Step:  870400, Simulation Time: 2541.1921 s
 Time Step:  870500, Simulation Time: 2541.4577 s
 Time Step:  870600, Simulation Time: 2541.7313 s
 Time Step:  870700, Simulation Time: 2542.0013 s
 Time Step:  870800, Simulation Time: 2542.2759 s
 Time Step:  870900, Simulation Time: 2542.5426 s
 Time Step:  871000, Simulation Time: 2542.8237 s
 Time Step:  871100, Simulation Time: 2543.1006 s
 Time Step:  871200, Simulation Time: 2543.3698 s
 Time Step:  871300, Simulation Time: 2543.6333 s
 Time Step:  871400, Simulation Time: 2543.9118 s
 Time Step:  871500, Simulation Time: 2544.1824 s
 Time Step:  871600, Simulation Time: 2544.4535 s
 Time Step:  871700, Simulation Time: 2544.7377 s
 Time Step:  871800, Simulation Time: 2545.0249 s
 Time Step:  871900, Simulation Time: 2545.3136 s
 Time Step:  872000, Simulation Time: 2545.5969 s
 Time Step:  872100, Simulation Time: 2545.8718 s
 Time Step:  872200, Simulation Time: 2546.1521 s
 Time Step:  872300, Simulation Time: 2546.4378 s
 Time Step:  872400, Simulation Time: 2546.7163 s
 Time Step:  872500, Simulation Time: 2546.9952 s
 Time Step:  872600, Simulation Time: 2547.2699 s
 Time Step:  872700, Simulation Time: 2547.5447 s
 Time Step:  872800, Simulation Time: 2547.8223 s
 Time Step:  872900, Simulation Time: 2548.0968 s
 Time Step:  873000, Simulation Time: 2548.3679 s
 Time Step:  873100, Simulation Time: 2548.6452 s
 Time Step:  873200, Simulation Time: 2548.9173 s
 Time Step:  873300, Simulation Time: 2549.1909 s
 Time Step:  873400, Simulation Time: 2549.4629 s
 Time Step:  873500, Simulation Time: 2549.7469 s
 Time Step:  873600, Simulation Time: 2550.0277 s
 Time Step:  873700, Simulation Time: 2550.2993 s
 Time Step:  873800, Simulation Time: 2550.5724 s
 Time Step:  873900, Simulation Time: 2550.8533 s
 Time Step:  874000, Simulation Time: 2551.1314 s
 Time Step:  874100, Simulation Time: 2551.4170 s
 Time Step:  874200, Simulation Time: 2551.6872 s
 Time Step:  874300, Simulation Time: 2551.9699 s
 Time Step:  874400, Simulation Time: 2552.2446 s
 Time Step:  874500, Simulation Time: 2552.5169 s
 Time Step:  874600, Simulation Time: 2552.7803 s
 Time Step:  874700, Simulation Time: 2553.0630 s
 Time Step:  874800, Simulation Time: 2553.3389 s
 Time Step:  874900, Simulation Time: 2553.6297 s
 Time Step:  875000, Simulation Time: 2553.9032 s
 Time Step:  875100, Simulation Time: 2554.1828 s
 Time Step:  875200, Simulation Time: 2554.4664 s
 Time Step:  875300, Simulation Time: 2554.7416 s
 Time Step:  875400, Simulation Time: 2555.0197 s
 Time Step:  875500, Simulation Time: 2555.3141 s
 Time Step:  875600, Simulation Time: 2555.5841 s
 Time Step:  875700, Simulation Time: 2555.8626 s
 Time Step:  875800, Simulation Time: 2556.1540 s
 Time Step:  875900, Simulation Time: 2556.4318 s
 Time Step:  876000, Simulation Time: 2556.7166 s
 Time Step:  876100, Simulation Time: 2557.0047 s
 Time Step:  876200, Simulation Time: 2557.2803 s
 Time Step:  876300, Simulation Time: 2557.5651 s
 Time Step:  876400, Simulation Time: 2557.8356 s
 Time Step:  876500, Simulation Time: 2558.1088 s
 Time Step:  876600, Simulation Time: 2558.3915 s
 Time Step:  876700, Simulation Time: 2558.6600 s
 Time Step:  876800, Simulation Time: 2558.9311 s
 Time Step:  876900, Simulation Time: 2559.2047 s
 Time Step:  877000, Simulation Time: 2559.4767 s
 Time Step:  877100, Simulation Time: 2559.7574 s
 Time Step:  877200, Simulation Time: 2560.0430 s
 Time Step:  877300, Simulation Time: 2560.3213 s
 Time Step:  877400, Simulation Time: 2560.5927 s
 Time Step:  877500, Simulation Time: 2560.8751 s
 Time Step:  877600, Simulation Time: 2561.1591 s
 Time Step:  877700, Simulation Time: 2561.4404 s
 Time Step:  877800, Simulation Time: 2561.7173 s
 Time Step:  877900, Simulation Time: 2561.9936 s
 Time Step:  878000, Simulation Time: 2562.2698 s
 Time Step:  878100, Simulation Time: 2562.5443 s
 Time Step:  878200, Simulation Time: 2562.8189 s
 Time Step:  878300, Simulation Time: 2563.0878 s
 Time Step:  878400, Simulation Time: 2563.3511 s
 Time Step:  878500, Simulation Time: 2563.6132 s
 Time Step:  878600, Simulation Time: 2563.8830 s
 Time Step:  878700, Simulation Time: 2564.1641 s
 Time Step:  878800, Simulation Time: 2564.4458 s
 Time Step:  878900, Simulation Time: 2564.7193 s
 Time Step:  879000, Simulation Time: 2564.9779 s
 Time Step:  879100, Simulation Time: 2565.2573 s
 Time Step:  879200, Simulation Time: 2565.5406 s
 Time Step:  879300, Simulation Time: 2565.8254 s
 Time Step:  879400, Simulation Time: 2566.1047 s
 Time Step:  879500, Simulation Time: 2566.3992 s
 Time Step:  879600, Simulation Time: 2566.6828 s
 Time Step:  879700, Simulation Time: 2566.9647 s
 Time Step:  879800, Simulation Time: 2567.2372 s
 Time Step:  879900, Simulation Time: 2567.5228 s
 Time Step:  880000, Simulation Time: 2567.8118 s
 Time Step:  880100, Simulation Time: 2568.0920 s
 Time Step:  880200, Simulation Time: 2568.3722 s
 Time Step:  880300, Simulation Time: 2568.6499 s
 Time Step:  880400, Simulation Time: 2568.9185 s
 Time Step:  880500, Simulation Time: 2569.2040 s
 Time Step:  880600, Simulation Time: 2569.4747 s
 Time Step:  880700, Simulation Time: 2569.7449 s
 Time Step:  880800, Simulation Time: 2570.0219 s
 Time Step:  880900, Simulation Time: 2570.3001 s
 Time Step:  881000, Simulation Time: 2570.5652 s
 Time Step:  881100, Simulation Time: 2570.8442 s
 Time Step:  881200, Simulation Time: 2571.1382 s
 Time Step:  881300, Simulation Time: 2571.4327 s
 Time Step:  881400, Simulation Time: 2571.7205 s
 Time Step:  881500, Simulation Time: 2571.9992 s
 Time Step:  881600, Simulation Time: 2572.2827 s
 Time Step:  881700, Simulation Time: 2572.5560 s
 Time Step:  881800, Simulation Time: 2572.8401 s
 Time Step:  881900, Simulation Time: 2573.1251 s
 Time Step:  882000, Simulation Time: 2573.4047 s
 Time Step:  882100, Simulation Time: 2573.6845 s
 Time Step:  882200, Simulation Time: 2573.9741 s
 Time Step:  882300, Simulation Time: 2574.2538 s
 Time Step:  882400, Simulation Time: 2574.5314 s
 Time Step:  882500, Simulation Time: 2574.8088 s
 Time Step:  882600, Simulation Time: 2575.0962 s
 Time Step:  882700, Simulation Time: 2575.3798 s
 Time Step:  882800, Simulation Time: 2575.6621 s
 Time Step:  882900, Simulation Time: 2575.9340 s
 Time Step:  883000, Simulation Time: 2576.2112 s
 Time Step:  883100, Simulation Time: 2576.4893 s
 Time Step:  883200, Simulation Time: 2576.7758 s
 Time Step:  883300, Simulation Time: 2577.0579 s
 Time Step:  883400, Simulation Time: 2577.3265 s
 Time Step:  883500, Simulation Time: 2577.6049 s
 Time Step:  883600, Simulation Time: 2577.8801 s
 Time Step:  883700, Simulation Time: 2578.1645 s
 Time Step:  883800, Simulation Time: 2578.4416 s
 Time Step:  883900, Simulation Time: 2578.7270 s
 Time Step:  884000, Simulation Time: 2579.0055 s
 Time Step:  884100, Simulation Time: 2579.2867 s
 Time Step:  884200, Simulation Time: 2579.5687 s
 Time Step:  884300, Simulation Time: 2579.8572 s
 Time Step:  884400, Simulation Time: 2580.1390 s
 Time Step:  884500, Simulation Time: 2580.4229 s
 Time Step:  884600, Simulation Time: 2580.7094 s
 Time Step:  884700, Simulation Time: 2580.9940 s
 Time Step:  884800, Simulation Time: 2581.2721 s
 Time Step:  884900, Simulation Time: 2581.5489 s
 Time Step:  885000, Simulation Time: 2581.8386 s
 Time Step:  885100, Simulation Time: 2582.1147 s
 Time Step:  885200, Simulation Time: 2582.3989 s
 Time Step:  885300, Simulation Time: 2582.6869 s
 Time Step:  885400, Simulation Time: 2582.9665 s
 Time Step:  885500, Simulation Time: 2583.2467 s
 Time Step:  885600, Simulation Time: 2583.5447 s
 Time Step:  885700, Simulation Time: 2583.8237 s
 Time Step:  885800, Simulation Time: 2584.1094 s
 Time Step:  885900, Simulation Time: 2584.3760 s
 Time Step:  886000, Simulation Time: 2584.6495 s
 Time Step:  886100, Simulation Time: 2584.9268 s
 Time Step:  886200, Simulation Time: 2585.2142 s
 Time Step:  886300, Simulation Time: 2585.4899 s
 Time Step:  886400, Simulation Time: 2585.7582 s
 Time Step:  886500, Simulation Time: 2586.0254 s
 Time Step:  886600, Simulation Time: 2586.3000 s
 Time Step:  886700, Simulation Time: 2586.5721 s
 Time Step:  886800, Simulation Time: 2586.8454 s
 Time Step:  886900, Simulation Time: 2587.1300 s
 Time Step:  887000, Simulation Time: 2587.4138 s
 Time Step:  887100, Simulation Time: 2587.6962 s
 Time Step:  887200, Simulation Time: 2587.9745 s
 Time Step:  887300, Simulation Time: 2588.2514 s
 Time Step:  887400, Simulation Time: 2588.5404 s
 Time Step:  887500, Simulation Time: 2588.8179 s
 Time Step:  887600, Simulation Time: 2589.0925 s
 Time Step:  887700, Simulation Time: 2589.3637 s
 Time Step:  887800, Simulation Time: 2589.6406 s
 Time Step:  887900, Simulation Time: 2589.9081 s
 Time Step:  888000, Simulation Time: 2590.1827 s
 Time Step:  888100, Simulation Time: 2590.4596 s
 Time Step:  888200, Simulation Time: 2590.7369 s
 Time Step:  888300, Simulation Time: 2591.0123 s
 Time Step:  888400, Simulation Time: 2591.2906 s
 Time Step:  888500, Simulation Time: 2591.5588 s
 Time Step:  888600, Simulation Time: 2591.8333 s
 Time Step:  888700, Simulation Time: 2592.1104 s
 Time Step:  888800, Simulation Time: 2592.3818 s
 Time Step:  888900, Simulation Time: 2592.6460 s
 Time Step:  889000, Simulation Time: 2592.9216 s
 Time Step:  889100, Simulation Time: 2593.1946 s
 Time Step:  889200, Simulation Time: 2593.4778 s
 Time Step:  889300, Simulation Time: 2593.7657 s
 Time Step:  889400, Simulation Time: 2594.0494 s
 Time Step:  889500, Simulation Time: 2594.3323 s
 Time Step:  889600, Simulation Time: 2594.6077 s
 Time Step:  889700, Simulation Time: 2594.8875 s
 Time Step:  889800, Simulation Time: 2595.1590 s
 Time Step:  889900, Simulation Time: 2595.4419 s
 Time Step:  890000, Simulation Time: 2595.7152 s
 Time Step:  890100, Simulation Time: 2595.9817 s
 Time Step:  890200, Simulation Time: 2596.2548 s
 Time Step:  890300, Simulation Time: 2596.5322 s
 Time Step:  890400, Simulation Time: 2596.8175 s
 Time Step:  890500, Simulation Time: 2597.0973 s
 Time Step:  890600, Simulation Time: 2597.3838 s
 Time Step:  890700, Simulation Time: 2597.6665 s
 Time Step:  890800, Simulation Time: 2597.9335 s
 Time Step:  890900, Simulation Time: 2598.2108 s
 Time Step:  891000, Simulation Time: 2598.4796 s
 Time Step:  891100, Simulation Time: 2598.7560 s
 Time Step:  891200, Simulation Time: 2599.0332 s
 Time Step:  891300, Simulation Time: 2599.3171 s
 Time Step:  891400, Simulation Time: 2599.5948 s
 Time Step:  891500, Simulation Time: 2599.8688 s
 Time Step:  891600, Simulation Time: 2600.1470 s
 Time Step:  891700, Simulation Time: 2600.4136 s
 Time Step:  891800, Simulation Time: 2600.7030 s
 Time Step:  891900, Simulation Time: 2600.9914 s
 Time Step:  892000, Simulation Time: 2601.2732 s
 Time Step:  892100, Simulation Time: 2601.5492 s
 Time Step:  892200, Simulation Time: 2601.8241 s
 Time Step:  892300, Simulation Time: 2602.0979 s
 Time Step:  892400, Simulation Time: 2602.3785 s
 Time Step:  892500, Simulation Time: 2602.6565 s
 Time Step:  892600, Simulation Time: 2602.9319 s
 Time Step:  892700, Simulation Time: 2603.2022 s
 Time Step:  892800, Simulation Time: 2603.4756 s
 Time Step:  892900, Simulation Time: 2603.7446 s
 Time Step:  893000, Simulation Time: 2604.0333 s
 Time Step:  893100, Simulation Time: 2604.3075 s
 Time Step:  893200, Simulation Time: 2604.5758 s
 Time Step:  893300, Simulation Time: 2604.8509 s
 Time Step:  893400, Simulation Time: 2605.1352 s
 Time Step:  893500, Simulation Time: 2605.4068 s
 Time Step:  893600, Simulation Time: 2605.6937 s
 Time Step:  893700, Simulation Time: 2605.9752 s
 Time Step:  893800, Simulation Time: 2606.2509 s
 Time Step:  893900, Simulation Time: 2606.5331 s
 Time Step:  894000, Simulation Time: 2606.8097 s
 Time Step:  894100, Simulation Time: 2607.0820 s
 Time Step:  894200, Simulation Time: 2607.3581 s
 Time Step:  894300, Simulation Time: 2607.6342 s
 Time Step:  894400, Simulation Time: 2607.9043 s
 Time Step:  894500, Simulation Time: 2608.1779 s
 Time Step:  894600, Simulation Time: 2608.4565 s
 Time Step:  894700, Simulation Time: 2608.7298 s
 Time Step:  894800, Simulation Time: 2609.0146 s
 Time Step:  894900, Simulation Time: 2609.2977 s
 Time Step:  895000, Simulation Time: 2609.5762 s
 Time Step:  895100, Simulation Time: 2609.8411 s
 Time Step:  895200, Simulation Time: 2610.1204 s
 Time Step:  895300, Simulation Time: 2610.4026 s
 Time Step:  895400, Simulation Time: 2610.6774 s
 Time Step:  895500, Simulation Time: 2610.9447 s
 Time Step:  895600, Simulation Time: 2611.2233 s
 Time Step:  895700, Simulation Time: 2611.4956 s
 Time Step:  895800, Simulation Time: 2611.7708 s
 Time Step:  895900, Simulation Time: 2612.0531 s
 Time Step:  896000, Simulation Time: 2612.3333 s
 Time Step:  896100, Simulation Time: 2612.6052 s
 Time Step:  896200, Simulation Time: 2612.8805 s
 Time Step:  896300, Simulation Time: 2613.1563 s
 Time Step:  896400, Simulation Time: 2613.4192 s
 Time Step:  896500, Simulation Time: 2613.6869 s
 Time Step:  896600, Simulation Time: 2613.9579 s
 Time Step:  896700, Simulation Time: 2614.2264 s
 Time Step:  896800, Simulation Time: 2614.4960 s
 Time Step:  896900, Simulation Time: 2614.7738 s
 Time Step:  897000, Simulation Time: 2615.0691 s
 Time Step:  897100, Simulation Time: 2615.3490 s
 Time Step:  897200, Simulation Time: 2615.6409 s
 Time Step:  897300, Simulation Time: 2615.9136 s
 Time Step:  897400, Simulation Time: 2616.1880 s
 Time Step:  897500, Simulation Time: 2616.4653 s
 Time Step:  897600, Simulation Time: 2616.7477 s
 Time Step:  897700, Simulation Time: 2617.0298 s
 Time Step:  897800, Simulation Time: 2617.3315 s
 Time Step:  897900, Simulation Time: 2617.6098 s
 Time Step:  898000, Simulation Time: 2617.8834 s
 Time Step:  898100, Simulation Time: 2618.1666 s
 Time Step:  898200, Simulation Time: 2618.4465 s
 Time Step:  898300, Simulation Time: 2618.7290 s
 Time Step:  898400, Simulation Time: 2619.0209 s
 Time Step:  898500, Simulation Time: 2619.2893 s
 Time Step:  898600, Simulation Time: 2619.5605 s
 Time Step:  898700, Simulation Time: 2619.8361 s
 Time Step:  898800, Simulation Time: 2620.1247 s
 Time Step:  898900, Simulation Time: 2620.4046 s
 Time Step:  899000, Simulation Time: 2620.6736 s
 Time Step:  899100, Simulation Time: 2620.9575 s
 Time Step:  899200, Simulation Time: 2621.2354 s
 Time Step:  899300, Simulation Time: 2621.5166 s
 Time Step:  899400, Simulation Time: 2621.7919 s
 Time Step:  899500, Simulation Time: 2622.0636 s
 Time Step:  899600, Simulation Time: 2622.3446 s
 Time Step:  899700, Simulation Time: 2622.6207 s
 Time Step:  899800, Simulation Time: 2622.9031 s
 Time Step:  899900, Simulation Time: 2623.1734 s
 Time Step:  900000, Simulation Time: 2623.4503 s
 Time Step:  900100, Simulation Time: 2623.7217 s
 Time Step:  900200, Simulation Time: 2623.9886 s
 Time Step:  900300, Simulation Time: 2624.2691 s
 Time Step:  900400, Simulation Time: 2624.5391 s
 Time Step:  900500, Simulation Time: 2624.8182 s
 Time Step:  900600, Simulation Time: 2625.1003 s
 Time Step:  900700, Simulation Time: 2625.3842 s
 Time Step:  900800, Simulation Time: 2625.6668 s
 Time Step:  900900, Simulation Time: 2625.9518 s
 Time Step:  901000, Simulation Time: 2626.2290 s
 Time Step:  901100, Simulation Time: 2626.4989 s
 Time Step:  901200, Simulation Time: 2626.7750 s
 Time Step:  901300, Simulation Time: 2627.0497 s
 Time Step:  901400, Simulation Time: 2627.3263 s
 Time Step:  901500, Simulation Time: 2627.5929 s
 Time Step:  901600, Simulation Time: 2627.8587 s
 Time Step:  901700, Simulation Time: 2628.1339 s
 Time Step:  901800, Simulation Time: 2628.4066 s
 Time Step:  901900, Simulation Time: 2628.6783 s
 Time Step:  902000, Simulation Time: 2628.9608 s
 Time Step:  902100, Simulation Time: 2629.2377 s
 Time Step:  902200, Simulation Time: 2629.5123 s
 Time Step:  902300, Simulation Time: 2629.7980 s
 Time Step:  902400, Simulation Time: 2630.0760 s
 Time Step:  902500, Simulation Time: 2630.3417 s
 Time Step:  902600, Simulation Time: 2630.6281 s
 Time Step:  902700, Simulation Time: 2630.9045 s
 Time Step:  902800, Simulation Time: 2631.1990 s
 Time Step:  902900, Simulation Time: 2631.4839 s
 Time Step:  903000, Simulation Time: 2631.7626 s
 Time Step:  903100, Simulation Time: 2632.0505 s
 Time Step:  903200, Simulation Time: 2632.3361 s
 Time Step:  903300, Simulation Time: 2632.6097 s
 Time Step:  903400, Simulation Time: 2632.8769 s
 Time Step:  903500, Simulation Time: 2633.1576 s
 Time Step:  903600, Simulation Time: 2633.4297 s
 Time Step:  903700, Simulation Time: 2633.6977 s
 Time Step:  903800, Simulation Time: 2633.9623 s
 Time Step:  903900, Simulation Time: 2634.2302 s
 Time Step:  904000, Simulation Time: 2634.4991 s
 Time Step:  904100, Simulation Time: 2634.7766 s
 Time Step:  904200, Simulation Time: 2635.0563 s
 Time Step:  904300, Simulation Time: 2635.3220 s
 Time Step:  904400, Simulation Time: 2635.5980 s
 Time Step:  904500, Simulation Time: 2635.8860 s
 Time Step:  904600, Simulation Time: 2636.1682 s
 Time Step:  904700, Simulation Time: 2636.4485 s
 Time Step:  904800, Simulation Time: 2636.7318 s
 Time Step:  904900, Simulation Time: 2637.0176 s
 Time Step:  905000, Simulation Time: 2637.3042 s
 Time Step:  905100, Simulation Time: 2637.5875 s
 Time Step:  905200, Simulation Time: 2637.8602 s
 Time Step:  905300, Simulation Time: 2638.1387 s
 Time Step:  905400, Simulation Time: 2638.4171 s
 Time Step:  905500, Simulation Time: 2638.6859 s
 Time Step:  905600, Simulation Time: 2638.9575 s
 Time Step:  905700, Simulation Time: 2639.2276 s
 Time Step:  905800, Simulation Time: 2639.4932 s
 Time Step:  905900, Simulation Time: 2639.7815 s
 Time Step:  906000, Simulation Time: 2640.0681 s
 Time Step:  906100, Simulation Time: 2640.3544 s
 Time Step:  906200, Simulation Time: 2640.6233 s
 Time Step:  906300, Simulation Time: 2640.9059 s
 Time Step:  906400, Simulation Time: 2641.1859 s
 Time Step:  906500, Simulation Time: 2641.4531 s
 Time Step:  906600, Simulation Time: 2641.7211 s
 Time Step:  906700, Simulation Time: 2641.9926 s
 Time Step:  906800, Simulation Time: 2642.2603 s
 Time Step:  906900, Simulation Time: 2642.5421 s
 Time Step:  907000, Simulation Time: 2642.8200 s
 Time Step:  907100, Simulation Time: 2643.0968 s
 Time Step:  907200, Simulation Time: 2643.3795 s
 Time Step:  907300, Simulation Time: 2643.6619 s
 Time Step:  907400, Simulation Time: 2643.9356 s
 Time Step:  907500, Simulation Time: 2644.2112 s
 Time Step:  907600, Simulation Time: 2644.4859 s
 Time Step:  907700, Simulation Time: 2644.7629 s
 Time Step:  907800, Simulation Time: 2645.0401 s
 Time Step:  907900, Simulation Time: 2645.3268 s
 Time Step:  908000, Simulation Time: 2645.6014 s
 Time Step:  908100, Simulation Time: 2645.8745 s
 Time Step:  908200, Simulation Time: 2646.1645 s
 Time Step:  908300, Simulation Time: 2646.4372 s
 Time Step:  908400, Simulation Time: 2646.7144 s
 Time Step:  908500, Simulation Time: 2646.9892 s
 Time Step:  908600, Simulation Time: 2647.2733 s
 Time Step:  908700, Simulation Time: 2647.5537 s
 Time Step:  908800, Simulation Time: 2647.8365 s
 Time Step:  908900, Simulation Time: 2648.1166 s
 Time Step:  909000, Simulation Time: 2648.3958 s
 Time Step:  909100, Simulation Time: 2648.6829 s
 Time Step:  909200, Simulation Time: 2648.9546 s
 Time Step:  909300, Simulation Time: 2649.2412 s
 Time Step:  909400, Simulation Time: 2649.5219 s
 Time Step:  909500, Simulation Time: 2649.7941 s
 Time Step:  909600, Simulation Time: 2650.0664 s
 Time Step:  909700, Simulation Time: 2650.3345 s
 Time Step:  909800, Simulation Time: 2650.6070 s
 Time Step:  909900, Simulation Time: 2650.8905 s
 Time Step:  910000, Simulation Time: 2651.1635 s
 Time Step:  910100, Simulation Time: 2651.4382 s
 Time Step:  910200, Simulation Time: 2651.7083 s
 Time Step:  910300, Simulation Time: 2651.9679 s
 Time Step:  910400, Simulation Time: 2652.2439 s
 Time Step:  910500, Simulation Time: 2652.5317 s
 Time Step:  910600, Simulation Time: 2652.8035 s
 Time Step:  910700, Simulation Time: 2653.0824 s
 Time Step:  910800, Simulation Time: 2653.3639 s
 Time Step:  910900, Simulation Time: 2653.6407 s
 Time Step:  911000, Simulation Time: 2653.9188 s
 Time Step:  911100, Simulation Time: 2654.1913 s
 Time Step:  911200, Simulation Time: 2654.4612 s
 Time Step:  911300, Simulation Time: 2654.7351 s
 Time Step:  911400, Simulation Time: 2655.0019 s
 Time Step:  911500, Simulation Time: 2655.2863 s
 Time Step:  911600, Simulation Time: 2655.5619 s
 Time Step:  911700, Simulation Time: 2655.8417 s
 Time Step:  911800, Simulation Time: 2656.1364 s
 Time Step:  911900, Simulation Time: 2656.4113 s
 Time Step:  912000, Simulation Time: 2656.6773 s
 Time Step:  912100, Simulation Time: 2656.9507 s
 Time Step:  912200, Simulation Time: 2657.2177 s
 Time Step:  912300, Simulation Time: 2657.4925 s
 Time Step:  912400, Simulation Time: 2657.7692 s
 Time Step:  912500, Simulation Time: 2658.0499 s
 Time Step:  912600, Simulation Time: 2658.3300 s
 Time Step:  912700, Simulation Time: 2658.6189 s
 Time Step:  912800, Simulation Time: 2658.9064 s
 Time Step:  912900, Simulation Time: 2659.1775 s
 Time Step:  913000, Simulation Time: 2659.4529 s
 Time Step:  913100, Simulation Time: 2659.7274 s
 Time Step:  913200, Simulation Time: 2660.0068 s
 Time Step:  913300, Simulation Time: 2660.2958 s
 Time Step:  913400, Simulation Time: 2660.5707 s
 Time Step:  913500, Simulation Time: 2660.8368 s
 Time Step:  913600, Simulation Time: 2661.1137 s
 Time Step:  913700, Simulation Time: 2661.3999 s
 Time Step:  913800, Simulation Time: 2661.6715 s
 Time Step:  913900, Simulation Time: 2661.9452 s
 Time Step:  914000, Simulation Time: 2662.2136 s
 Time Step:  914100, Simulation Time: 2662.4832 s
 Time Step:  914200, Simulation Time: 2662.7597 s
 Time Step:  914300, Simulation Time: 2663.0272 s
 Time Step:  914400, Simulation Time: 2663.3076 s
 Time Step:  914500, Simulation Time: 2663.5893 s
 Time Step:  914600, Simulation Time: 2663.8625 s
 Time Step:  914700, Simulation Time: 2664.1329 s
 Time Step:  914800, Simulation Time: 2664.4026 s
 Time Step:  914900, Simulation Time: 2664.6631 s
 Time Step:  915000, Simulation Time: 2664.9365 s
 Time Step:  915100, Simulation Time: 2665.2204 s
 Time Step:  915200, Simulation Time: 2665.4886 s
 Time Step:  915300, Simulation Time: 2665.7633 s
 Time Step:  915400, Simulation Time: 2666.0312 s
 Time Step:  915500, Simulation Time: 2666.3045 s
 Time Step:  915600, Simulation Time: 2666.5671 s
 Time Step:  915700, Simulation Time: 2666.8327 s
 Time Step:  915800, Simulation Time: 2667.1107 s
 Time Step:  915900, Simulation Time: 2667.3803 s
 Time Step:  916000, Simulation Time: 2667.6643 s
 Time Step:  916100, Simulation Time: 2667.9471 s
 Time Step:  916200, Simulation Time: 2668.2305 s
 Time Step:  916300, Simulation Time: 2668.5139 s
 Time Step:  916400, Simulation Time: 2668.7847 s
 Time Step:  916500, Simulation Time: 2669.0505 s
 Time Step:  916600, Simulation Time: 2669.3306 s
 Time Step:  916700, Simulation Time: 2669.6169 s
 Time Step:  916800, Simulation Time: 2669.9022 s
 Time Step:  916900, Simulation Time: 2670.1721 s
 Time Step:  917000, Simulation Time: 2670.4423 s
 Time Step:  917100, Simulation Time: 2670.7175 s
 Time Step:  917200, Simulation Time: 2670.9870 s
 Time Step:  917300, Simulation Time: 2671.2645 s
 Time Step:  917400, Simulation Time: 2671.5583 s
 Time Step:  917500, Simulation Time: 2671.8404 s
 Time Step:  917600, Simulation Time: 2672.1173 s
 Time Step:  917700, Simulation Time: 2672.3901 s
 Time Step:  917800, Simulation Time: 2672.6579 s
 Time Step:  917900, Simulation Time: 2672.9250 s
 Time Step:  918000, Simulation Time: 2673.1997 s
 Time Step:  918100, Simulation Time: 2673.4731 s
 Time Step:  918200, Simulation Time: 2673.7609 s
 Time Step:  918300, Simulation Time: 2674.0379 s
 Time Step:  918400, Simulation Time: 2674.3025 s
 Time Step:  918500, Simulation Time: 2674.5720 s
 Time Step:  918600, Simulation Time: 2674.8374 s
 Time Step:  918700, Simulation Time: 2675.1037 s
 Time Step:  918800, Simulation Time: 2675.3805 s
 Time Step:  918900, Simulation Time: 2675.6590 s
 Time Step:  919000, Simulation Time: 2675.9435 s
 Time Step:  919100, Simulation Time: 2676.2312 s
 Time Step:  919200, Simulation Time: 2676.4948 s
 Time Step:  919300, Simulation Time: 2676.7730 s
 Time Step:  919400, Simulation Time: 2677.0471 s
 Time Step:  919500, Simulation Time: 2677.3155 s
 Time Step:  919600, Simulation Time: 2677.5920 s
 Time Step:  919700, Simulation Time: 2677.8672 s
 Time Step:  919800, Simulation Time: 2678.1501 s
 Time Step:  919900, Simulation Time: 2678.4268 s
 Time Step:  920000, Simulation Time: 2678.7064 s
 Time Step:  920100, Simulation Time: 2678.9763 s
 Time Step:  920200, Simulation Time: 2679.2448 s
 Time Step:  920300, Simulation Time: 2679.5198 s
 Time Step:  920400, Simulation Time: 2679.7946 s
 Time Step:  920500, Simulation Time: 2680.0564 s
 Time Step:  920600, Simulation Time: 2680.3277 s
 Time Step:  920700, Simulation Time: 2680.5998 s
 Time Step:  920800, Simulation Time: 2680.8609 s
 Time Step:  920900, Simulation Time: 2681.1288 s
 Time Step:  921000, Simulation Time: 2681.3968 s
 Time Step:  921100, Simulation Time: 2681.6771 s
 Time Step:  921200, Simulation Time: 2681.9521 s
 Time Step:  921300, Simulation Time: 2682.2195 s
 Time Step:  921400, Simulation Time: 2682.4842 s
 Time Step:  921500, Simulation Time: 2682.7573 s
 Time Step:  921600, Simulation Time: 2683.0324 s
 Time Step:  921700, Simulation Time: 2683.3041 s
 Time Step:  921800, Simulation Time: 2683.5743 s
 Time Step:  921900, Simulation Time: 2683.8558 s
 Time Step:  922000, Simulation Time: 2684.1351 s
 Time Step:  922100, Simulation Time: 2684.4117 s
 Time Step:  922200, Simulation Time: 2684.6904 s
 Time Step:  922300, Simulation Time: 2684.9640 s
 Time Step:  922400, Simulation Time: 2685.2364 s
 Time Step:  922500, Simulation Time: 2685.5135 s
 Time Step:  922600, Simulation Time: 2685.8005 s
 Time Step:  922700, Simulation Time: 2686.0733 s
 Time Step:  922800, Simulation Time: 2686.3433 s
 Time Step:  922900, Simulation Time: 2686.6228 s
 Time Step:  923000, Simulation Time: 2686.8957 s
 Time Step:  923100, Simulation Time: 2687.1678 s
 Time Step:  923200, Simulation Time: 2687.4354 s
 Time Step:  923300, Simulation Time: 2687.7132 s
 Time Step:  923400, Simulation Time: 2687.9897 s
 Time Step:  923500, Simulation Time: 2688.2617 s
 Time Step:  923600, Simulation Time: 2688.5329 s
 Time Step:  923700, Simulation Time: 2688.8129 s
 Time Step:  923800, Simulation Time: 2689.0802 s
 Time Step:  923900, Simulation Time: 2689.3415 s
 Time Step:  924000, Simulation Time: 2689.6098 s
 Time Step:  924100, Simulation Time: 2689.8962 s
 Time Step:  924200, Simulation Time: 2690.1617 s
 Time Step:  924300, Simulation Time: 2690.4259 s
 Time Step:  924400, Simulation Time: 2690.6829 s
 Time Step:  924500, Simulation Time: 2690.9417 s
 Time Step:  924600, Simulation Time: 2691.2056 s
 Time Step:  924700, Simulation Time: 2691.4711 s
 Time Step:  924800, Simulation Time: 2691.7533 s
 Time Step:  924900, Simulation Time: 2692.0230 s
 Time Step:  925000, Simulation Time: 2692.2985 s
 Time Step:  925100, Simulation Time: 2692.5850 s
 Time Step:  925200, Simulation Time: 2692.8643 s
 Time Step:  925300, Simulation Time: 2693.1293 s
 Time Step:  925400, Simulation Time: 2693.3914 s
 Time Step:  925500, Simulation Time: 2693.6602 s
 Time Step:  925600, Simulation Time: 2693.9381 s
 Time Step:  925700, Simulation Time: 2694.2161 s
 Time Step:  925800, Simulation Time: 2694.4919 s
 Time Step:  925900, Simulation Time: 2694.7634 s
 Time Step:  926000, Simulation Time: 2695.0379 s
 Time Step:  926100, Simulation Time: 2695.3129 s
 Time Step:  926200, Simulation Time: 2695.5827 s
 Time Step:  926300, Simulation Time: 2695.8714 s
 Time Step:  926400, Simulation Time: 2696.1581 s
 Time Step:  926500, Simulation Time: 2696.4355 s
 Time Step:  926600, Simulation Time: 2696.7150 s
 Time Step:  926700, Simulation Time: 2696.9834 s
 Time Step:  926800, Simulation Time: 2697.2688 s
 Time Step:  926900, Simulation Time: 2697.5457 s
 Time Step:  927000, Simulation Time: 2697.8173 s
 Time Step:  927100, Simulation Time: 2698.0951 s
 Time Step:  927200, Simulation Time: 2698.3726 s
 Time Step:  927300, Simulation Time: 2698.6416 s
 Time Step:  927400, Simulation Time: 2698.9105 s
 Time Step:  927500, Simulation Time: 2699.1927 s
 Time Step:  927600, Simulation Time: 2699.4853 s
 Time Step:  927700, Simulation Time: 2699.7791 s
 Time Step:  927800, Simulation Time: 2700.0478 s
 Time Step:  927900, Simulation Time: 2700.3262 s
 Time Step:  928000, Simulation Time: 2700.5983 s
 Time Step:  928100, Simulation Time: 2700.8801 s
 Time Step:  928200, Simulation Time: 2701.1618 s
 Time Step:  928300, Simulation Time: 2701.4448 s
 Time Step:  928400, Simulation Time: 2701.7278 s
 Time Step:  928500, Simulation Time: 2701.9962 s
 Time Step:  928600, Simulation Time: 2702.2661 s
 Time Step:  928700, Simulation Time: 2702.5461 s
 Time Step:  928800, Simulation Time: 2702.8342 s
 Time Step:  928900, Simulation Time: 2703.1051 s
 Time Step:  929000, Simulation Time: 2703.3805 s
 Time Step:  929100, Simulation Time: 2703.6541 s
 Time Step:  929200, Simulation Time: 2703.9247 s
 Time Step:  929300, Simulation Time: 2704.1884 s
 Time Step:  929400, Simulation Time: 2704.4561 s
 Time Step:  929500, Simulation Time: 2704.7384 s
 Time Step:  929600, Simulation Time: 2705.0156 s
 Time Step:  929700, Simulation Time: 2705.3038 s
 Time Step:  929800, Simulation Time: 2705.5842 s
 Time Step:  929900, Simulation Time: 2705.8660 s
 Time Step:  930000, Simulation Time: 2706.1442 s
 Time Step:  930100, Simulation Time: 2706.4124 s
 Time Step:  930200, Simulation Time: 2706.6947 s
 Time Step:  930300, Simulation Time: 2706.9795 s
 Time Step:  930400, Simulation Time: 2707.2681 s
 Time Step:  930500, Simulation Time: 2707.5592 s
 Time Step:  930600, Simulation Time: 2707.8444 s
 Time Step:  930700, Simulation Time: 2708.1228 s
 Time Step:  930800, Simulation Time: 2708.4020 s
 Time Step:  930900, Simulation Time: 2708.6878 s
 Time Step:  931000, Simulation Time: 2708.9655 s
 Time Step:  931100, Simulation Time: 2709.2407 s
 Time Step:  931200, Simulation Time: 2709.5211 s
 Time Step:  931300, Simulation Time: 2709.8106 s
 Time Step:  931400, Simulation Time: 2710.0909 s
 Time Step:  931500, Simulation Time: 2710.3690 s
 Time Step:  931600, Simulation Time: 2710.6246 s
 Time Step:  931700, Simulation Time: 2710.8995 s
 Time Step:  931800, Simulation Time: 2711.1641 s
 Time Step:  931900, Simulation Time: 2711.4464 s
 Time Step:  932000, Simulation Time: 2711.7291 s
 Time Step:  932100, Simulation Time: 2711.9920 s
 Time Step:  932200, Simulation Time: 2712.2701 s
 Time Step:  932300, Simulation Time: 2712.5554 s
 Time Step:  932400, Simulation Time: 2712.8209 s
 Time Step:  932500, Simulation Time: 2713.0989 s
 Time Step:  932600, Simulation Time: 2713.3796 s
 Time Step:  932700, Simulation Time: 2713.6498 s
 Time Step:  932800, Simulation Time: 2713.9278 s
 Time Step:  932900, Simulation Time: 2714.1985 s
 Time Step:  933000, Simulation Time: 2714.4698 s
 Time Step:  933100, Simulation Time: 2714.7474 s
 Time Step:  933200, Simulation Time: 2715.0255 s
 Time Step:  933300, Simulation Time: 2715.2980 s
 Time Step:  933400, Simulation Time: 2715.5694 s
 Time Step:  933500, Simulation Time: 2715.8380 s
 Time Step:  933600, Simulation Time: 2716.1011 s
 Time Step:  933700, Simulation Time: 2716.3663 s
 Time Step:  933800, Simulation Time: 2716.6417 s
 Time Step:  933900, Simulation Time: 2716.9102 s
 Time Step:  934000, Simulation Time: 2717.1886 s
 Time Step:  934100, Simulation Time: 2717.4575 s
 Time Step:  934200, Simulation Time: 2717.7297 s
 Time Step:  934300, Simulation Time: 2717.9960 s
 Time Step:  934400, Simulation Time: 2718.2733 s
 Time Step:  934500, Simulation Time: 2718.5486 s
 Time Step:  934600, Simulation Time: 2718.8290 s
 Time Step:  934700, Simulation Time: 2719.1074 s
 Time Step:  934800, Simulation Time: 2719.3685 s
 Time Step:  934900, Simulation Time: 2719.6389 s
 Time Step:  935000, Simulation Time: 2719.9105 s
 Time Step:  935100, Simulation Time: 2720.1778 s
 Time Step:  935200, Simulation Time: 2720.4462 s
 Time Step:  935300, Simulation Time: 2720.7197 s
 Time Step:  935400, Simulation Time: 2721.0082 s
 Time Step:  935500, Simulation Time: 2721.2836 s
 Time Step:  935600, Simulation Time: 2721.5581 s
 Time Step:  935700, Simulation Time: 2721.8326 s
 Time Step:  935800, Simulation Time: 2722.1156 s
 Time Step:  935900, Simulation Time: 2722.4014 s
 Time Step:  936000, Simulation Time: 2722.6727 s
 Time Step:  936100, Simulation Time: 2722.9303 s
 Time Step:  936200, Simulation Time: 2723.2066 s
 Time Step:  936300, Simulation Time: 2723.4804 s
 Time Step:  936400, Simulation Time: 2723.7502 s
 Time Step:  936500, Simulation Time: 2724.0269 s
 Time Step:  936600, Simulation Time: 2724.3015 s
 Time Step:  936700, Simulation Time: 2724.5769 s
 Time Step:  936800, Simulation Time: 2724.8610 s
 Time Step:  936900, Simulation Time: 2725.1353 s
 Time Step:  937000, Simulation Time: 2725.4134 s
 Time Step:  937100, Simulation Time: 2725.6911 s
 Time Step:  937200, Simulation Time: 2725.9751 s
 Time Step:  937300, Simulation Time: 2726.2529 s
 Time Step:  937400, Simulation Time: 2726.5311 s
 Time Step:  937500, Simulation Time: 2726.8116 s
 Time Step:  937600, Simulation Time: 2727.0855 s
 Time Step:  937700, Simulation Time: 2727.3627 s
 Time Step:  937800, Simulation Time: 2727.6324 s
 Time Step:  937900, Simulation Time: 2727.9008 s
 Time Step:  938000, Simulation Time: 2728.1813 s
 Time Step:  938100, Simulation Time: 2728.4587 s
 Time Step:  938200, Simulation Time: 2728.7356 s
 Time Step:  938300, Simulation Time: 2729.0124 s
 Time Step:  938400, Simulation Time: 2729.2893 s
 Time Step:  938500, Simulation Time: 2729.5600 s
 Time Step:  938600, Simulation Time: 2729.8300 s
 Time Step:  938700, Simulation Time: 2730.1047 s
 Time Step:  938800, Simulation Time: 2730.3898 s
 Time Step:  938900, Simulation Time: 2730.6716 s
 Time Step:  939000, Simulation Time: 2730.9469 s
 Time Step:  939100, Simulation Time: 2731.2236 s
 Time Step:  939200, Simulation Time: 2731.4912 s
 Time Step:  939300, Simulation Time: 2731.7485 s
 Time Step:  939400, Simulation Time: 2732.0302 s
 Time Step:  939500, Simulation Time: 2732.3071 s
 Time Step:  939600, Simulation Time: 2732.5715 s
 Time Step:  939700, Simulation Time: 2732.8352 s
 Time Step:  939800, Simulation Time: 2733.1078 s
 Time Step:  939900, Simulation Time: 2733.3835 s
 Time Step:  940000, Simulation Time: 2733.6610 s
 Time Step:  940100, Simulation Time: 2733.9282 s
 Time Step:  940200, Simulation Time: 2734.2041 s
 Time Step:  940300, Simulation Time: 2734.4695 s
 Time Step:  940400, Simulation Time: 2734.7567 s
 Time Step:  940500, Simulation Time: 2735.0455 s
 Time Step:  940600, Simulation Time: 2735.3318 s
 Time Step:  940700, Simulation Time: 2735.6049 s
 Time Step:  940800, Simulation Time: 2735.8697 s
 Time Step:  940900, Simulation Time: 2736.1330 s
 Time Step:  941000, Simulation Time: 2736.3974 s
 Time Step:  941100, Simulation Time: 2736.6852 s
 Time Step:  941200, Simulation Time: 2736.9723 s
 Time Step:  941300, Simulation Time: 2737.2508 s
 Time Step:  941400, Simulation Time: 2737.5244 s
 Time Step:  941500, Simulation Time: 2737.7901 s
 Time Step:  941600, Simulation Time: 2738.0616 s
 Time Step:  941700, Simulation Time: 2738.3304 s
 Time Step:  941800, Simulation Time: 2738.6033 s
 Time Step:  941900, Simulation Time: 2738.8830 s
 Time Step:  942000, Simulation Time: 2739.1627 s
 Time Step:  942100, Simulation Time: 2739.4438 s
 Time Step:  942200, Simulation Time: 2739.7472 s
 Time Step:  942300, Simulation Time: 2740.0376 s
 Time Step:  942400, Simulation Time: 2740.3183 s
 Time Step:  942500, Simulation Time: 2740.5896 s
 Time Step:  942600, Simulation Time: 2740.8588 s
 Time Step:  942700, Simulation Time: 2741.1330 s
 Time Step:  942800, Simulation Time: 2741.4078 s
 Time Step:  942900, Simulation Time: 2741.6909 s
 Time Step:  943000, Simulation Time: 2741.9657 s
 Time Step:  943100, Simulation Time: 2742.2299 s
 Time Step:  943200, Simulation Time: 2742.5003 s
 Time Step:  943300, Simulation Time: 2742.7694 s
 Time Step:  943400, Simulation Time: 2743.0600 s
 Time Step:  943500, Simulation Time: 2743.3450 s
 Time Step:  943600, Simulation Time: 2743.6231 s
 Time Step:  943700, Simulation Time: 2743.8879 s
 Time Step:  943800, Simulation Time: 2744.1546 s
 Time Step:  943900, Simulation Time: 2744.4162 s
 Time Step:  944000, Simulation Time: 2744.6836 s
 Time Step:  944100, Simulation Time: 2744.9545 s
 Time Step:  944200, Simulation Time: 2745.2371 s
 Time Step:  944300, Simulation Time: 2745.5230 s
 Time Step:  944400, Simulation Time: 2745.8093 s
 Time Step:  944500, Simulation Time: 2746.0828 s
 Time Step:  944600, Simulation Time: 2746.3539 s
 Time Step:  944700, Simulation Time: 2746.6232 s
 Time Step:  944800, Simulation Time: 2746.8956 s
 Time Step:  944900, Simulation Time: 2747.1699 s
 Time Step:  945000, Simulation Time: 2747.4515 s
 Time Step:  945100, Simulation Time: 2747.7324 s
 Time Step:  945200, Simulation Time: 2748.0060 s
 Time Step:  945300, Simulation Time: 2748.2748 s
 Time Step:  945400, Simulation Time: 2748.5481 s
 Time Step:  945500, Simulation Time: 2748.8240 s
 Time Step:  945600, Simulation Time: 2749.0943 s
 Time Step:  945700, Simulation Time: 2749.3760 s
 Time Step:  945800, Simulation Time: 2749.6488 s
 Time Step:  945900, Simulation Time: 2749.9394 s
 Time Step:  946000, Simulation Time: 2750.2195 s
 Time Step:  946100, Simulation Time: 2750.4970 s
 Time Step:  946200, Simulation Time: 2750.7719 s
 Time Step:  946300, Simulation Time: 2751.0418 s
 Time Step:  946400, Simulation Time: 2751.3127 s
 Time Step:  946500, Simulation Time: 2751.5859 s
 Time Step:  946600, Simulation Time: 2751.8560 s
 Time Step:  946700, Simulation Time: 2752.1133 s
 Time Step:  946800, Simulation Time: 2752.3850 s
 Time Step:  946900, Simulation Time: 2752.6731 s
 Time Step:  947000, Simulation Time: 2752.9400 s
 Time Step:  947100, Simulation Time: 2753.2253 s
 Time Step:  947200, Simulation Time: 2753.4920 s
 Time Step:  947300, Simulation Time: 2753.7594 s
 Time Step:  947400, Simulation Time: 2754.0340 s
 Time Step:  947500, Simulation Time: 2754.3222 s
 Time Step:  947600, Simulation Time: 2754.6108 s
 Time Step:  947700, Simulation Time: 2754.8950 s
 Time Step:  947800, Simulation Time: 2755.1837 s
 Time Step:  947900, Simulation Time: 2755.4642 s
 Time Step:  948000, Simulation Time: 2755.7471 s
 Time Step:  948100, Simulation Time: 2756.0314 s
 Time Step:  948200, Simulation Time: 2756.3076 s
 Time Step:  948300, Simulation Time: 2756.5799 s
 Time Step:  948400, Simulation Time: 2756.8415 s
 Time Step:  948500, Simulation Time: 2757.1080 s
 Time Step:  948600, Simulation Time: 2757.3857 s
 Time Step:  948700, Simulation Time: 2757.6660 s
 Time Step:  948800, Simulation Time: 2757.9575 s
 Time Step:  948900, Simulation Time: 2758.2314 s
 Time Step:  949000, Simulation Time: 2758.5155 s
 Time Step:  949100, Simulation Time: 2758.8015 s
 Time Step:  949200, Simulation Time: 2759.1044 s
 Time Step:  949300, Simulation Time: 2759.3733 s
 Time Step:  949400, Simulation Time: 2759.6494 s
 Time Step:  949500, Simulation Time: 2759.9391 s
 Time Step:  949600, Simulation Time: 2760.2275 s
 Time Step:  949700, Simulation Time: 2760.5100 s
 Time Step:  949800, Simulation Time: 2760.7711 s
 Time Step:  949900, Simulation Time: 2761.0446 s
 Time Step:  950000, Simulation Time: 2761.3113 s
 Time Step:  950100, Simulation Time: 2761.5907 s
 Time Step:  950200, Simulation Time: 2761.8773 s
 Time Step:  950300, Simulation Time: 2762.1419 s
 Time Step:  950400, Simulation Time: 2762.4046 s
 Time Step:  950500, Simulation Time: 2762.6810 s
 Time Step:  950600, Simulation Time: 2762.9579 s
 Time Step:  950700, Simulation Time: 2763.2430 s
 Time Step:  950800, Simulation Time: 2763.5162 s
 Time Step:  950900, Simulation Time: 2763.7891 s
 Time Step:  951000, Simulation Time: 2764.0492 s
 Time Step:  951100, Simulation Time: 2764.3180 s
 Time Step:  951200, Simulation Time: 2764.5991 s
 Time Step:  951300, Simulation Time: 2764.8772 s
 Time Step:  951400, Simulation Time: 2765.1649 s
 Time Step:  951500, Simulation Time: 2765.4340 s
 Time Step:  951600, Simulation Time: 2765.7025 s
 Time Step:  951700, Simulation Time: 2765.9726 s
 Time Step:  951800, Simulation Time: 2766.2348 s
 Time Step:  951900, Simulation Time: 2766.5008 s
 Time Step:  952000, Simulation Time: 2766.7774 s
 Time Step:  952100, Simulation Time: 2767.0606 s
 Time Step:  952200, Simulation Time: 2767.3400 s
 Time Step:  952300, Simulation Time: 2767.6171 s
 Time Step:  952400, Simulation Time: 2767.8912 s
 Time Step:  952500, Simulation Time: 2768.1605 s
 Time Step:  952600, Simulation Time: 2768.4295 s
 Time Step:  952700, Simulation Time: 2768.6990 s
 Time Step:  952800, Simulation Time: 2768.9893 s
 Time Step:  952900, Simulation Time: 2769.2605 s
 Time Step:  953000, Simulation Time: 2769.5388 s
 Time Step:  953100, Simulation Time: 2769.8148 s
 Time Step:  953200, Simulation Time: 2770.0861 s
 Time Step:  953300, Simulation Time: 2770.3581 s
 Time Step:  953400, Simulation Time: 2770.6209 s
 Time Step:  953500, Simulation Time: 2770.8820 s
 Time Step:  953600, Simulation Time: 2771.1437 s
 Time Step:  953700, Simulation Time: 2771.4150 s
 Time Step:  953800, Simulation Time: 2771.6894 s
 Time Step:  953900, Simulation Time: 2771.9855 s
 Time Step:  954000, Simulation Time: 2772.2608 s
 Time Step:  954100, Simulation Time: 2772.5339 s
 Time Step:  954200, Simulation Time: 2772.8039 s
 Time Step:  954300, Simulation Time: 2773.0746 s
 Time Step:  954400, Simulation Time: 2773.3480 s
 Time Step:  954500, Simulation Time: 2773.6287 s
 Time Step:  954600, Simulation Time: 2773.8891 s
 Time Step:  954700, Simulation Time: 2774.1596 s
 Time Step:  954800, Simulation Time: 2774.4390 s
 Time Step:  954900, Simulation Time: 2774.7180 s
 Time Step:  955000, Simulation Time: 2774.9965 s
 Time Step:  955100, Simulation Time: 2775.2753 s
 Time Step:  955200, Simulation Time: 2775.5490 s
 Time Step:  955300, Simulation Time: 2775.8180 s
 Time Step:  955400, Simulation Time: 2776.0998 s
 Time Step:  955500, Simulation Time: 2776.3779 s
 Time Step:  955600, Simulation Time: 2776.6532 s
 Time Step:  955700, Simulation Time: 2776.9430 s
 Time Step:  955800, Simulation Time: 2777.2146 s
 Time Step:  955900, Simulation Time: 2777.4961 s
 Time Step:  956000, Simulation Time: 2777.7776 s
 Time Step:  956100, Simulation Time: 2778.0610 s
 Time Step:  956200, Simulation Time: 2778.3431 s
 Time Step:  956300, Simulation Time: 2778.6188 s
 Time Step:  956400, Simulation Time: 2778.8944 s
 Time Step:  956500, Simulation Time: 2779.1671 s
 Time Step:  956600, Simulation Time: 2779.4340 s
 Time Step:  956700, Simulation Time: 2779.6923 s
 Time Step:  956800, Simulation Time: 2779.9626 s
 Time Step:  956900, Simulation Time: 2780.2367 s
 Time Step:  957000, Simulation Time: 2780.5087 s
 Time Step:  957100, Simulation Time: 2780.7781 s
 Time Step:  957200, Simulation Time: 2781.0579 s
 Time Step:  957300, Simulation Time: 2781.3385 s
 Time Step:  957400, Simulation Time: 2781.6177 s
 Time Step:  957500, Simulation Time: 2781.8957 s
 Time Step:  957600, Simulation Time: 2782.1619 s
 Time Step:  957700, Simulation Time: 2782.4348 s
 Time Step:  957800, Simulation Time: 2782.7136 s
 Time Step:  957900, Simulation Time: 2782.9881 s
 Time Step:  958000, Simulation Time: 2783.2679 s
 Time Step:  958100, Simulation Time: 2783.5401 s
 Time Step:  958200, Simulation Time: 2783.8097 s
 Time Step:  958300, Simulation Time: 2784.0862 s
 Time Step:  958400, Simulation Time: 2784.3543 s
 Time Step:  958500, Simulation Time: 2784.6335 s
 Time Step:  958600, Simulation Time: 2784.9093 s
 Time Step:  958700, Simulation Time: 2785.1781 s
 Time Step:  958800, Simulation Time: 2785.4450 s
 Time Step:  958900, Simulation Time: 2785.7161 s
 Time Step:  959000, Simulation Time: 2785.9861 s
 Time Step:  959100, Simulation Time: 2786.2591 s
 Time Step:  959200, Simulation Time: 2786.5324 s
 Time Step:  959300, Simulation Time: 2786.8179 s
 Time Step:  959400, Simulation Time: 2787.0910 s
 Time Step:  959500, Simulation Time: 2787.3705 s
 Time Step:  959600, Simulation Time: 2787.6480 s
 Time Step:  959700, Simulation Time: 2787.9253 s
 Time Step:  959800, Simulation Time: 2788.2005 s
 Time Step:  959900, Simulation Time: 2788.4654 s
 Time Step:  960000, Simulation Time: 2788.7392 s
 Time Step:  960100, Simulation Time: 2789.0113 s
 Time Step:  960200, Simulation Time: 2789.2830 s
 Time Step:  960300, Simulation Time: 2789.5541 s
 Time Step:  960400, Simulation Time: 2789.8220 s
 Time Step:  960500, Simulation Time: 2790.1042 s
 Time Step:  960600, Simulation Time: 2790.3798 s
 Time Step:  960700, Simulation Time: 2790.6727 s
 Time Step:  960800, Simulation Time: 2790.9400 s
 Time Step:  960900, Simulation Time: 2791.2210 s
 Time Step:  961000, Simulation Time: 2791.5105 s
 Time Step:  961100, Simulation Time: 2791.7871 s
 Time Step:  961200, Simulation Time: 2792.0550 s
 Time Step:  961300, Simulation Time: 2792.3412 s
 Time Step:  961400, Simulation Time: 2792.6158 s
 Time Step:  961500, Simulation Time: 2792.9006 s
 Time Step:  961600, Simulation Time: 2793.1761 s
 Time Step:  961700, Simulation Time: 2793.4608 s
 Time Step:  961800, Simulation Time: 2793.7289 s
 Time Step:  961900, Simulation Time: 2794.0090 s
 Time Step:  962000, Simulation Time: 2794.2874 s
 Time Step:  962100, Simulation Time: 2794.5615 s
 Time Step:  962200, Simulation Time: 2794.8376 s
 Time Step:  962300, Simulation Time: 2795.1079 s
 Time Step:  962400, Simulation Time: 2795.3920 s
 Time Step:  962500, Simulation Time: 2795.6706 s
 Time Step:  962600, Simulation Time: 2795.9468 s
 Time Step:  962700, Simulation Time: 2796.2179 s
 Time Step:  962800, Simulation Time: 2796.4920 s
 Time Step:  962900, Simulation Time: 2796.7674 s
 Time Step:  963000, Simulation Time: 2797.0490 s
 Time Step:  963100, Simulation Time: 2797.3234 s
 Time Step:  963200, Simulation Time: 2797.5940 s
 Time Step:  963300, Simulation Time: 2797.8775 s
 Time Step:  963400, Simulation Time: 2798.1509 s
 Time Step:  963500, Simulation Time: 2798.4260 s
 Time Step:  963600, Simulation Time: 2798.7036 s
 Time Step:  963700, Simulation Time: 2798.9823 s
 Time Step:  963800, Simulation Time: 2799.2575 s
 Time Step:  963900, Simulation Time: 2799.5359 s
 Time Step:  964000, Simulation Time: 2799.8029 s
 Time Step:  964100, Simulation Time: 2800.0767 s
 Time Step:  964200, Simulation Time: 2800.3498 s
 Time Step:  964300, Simulation Time: 2800.6301 s
 Time Step:  964400, Simulation Time: 2800.9078 s
 Time Step:  964500, Simulation Time: 2801.1724 s
 Time Step:  964600, Simulation Time: 2801.4399 s
 Time Step:  964700, Simulation Time: 2801.7074 s
 Time Step:  964800, Simulation Time: 2801.9774 s
 Time Step:  964900, Simulation Time: 2802.2470 s
 Time Step:  965000, Simulation Time: 2802.5321 s
 Time Step:  965100, Simulation Time: 2802.7967 s
 Time Step:  965200, Simulation Time: 2803.0708 s
 Time Step:  965300, Simulation Time: 2803.3411 s
 Time Step:  965400, Simulation Time: 2803.6198 s
 Time Step:  965500, Simulation Time: 2803.8980 s
 Time Step:  965600, Simulation Time: 2804.1763 s
 Time Step:  965700, Simulation Time: 2804.4418 s
 Time Step:  965800, Simulation Time: 2804.7172 s
 Time Step:  965900, Simulation Time: 2805.0064 s
 Time Step:  966000, Simulation Time: 2805.2876 s
 Time Step:  966100, Simulation Time: 2805.5762 s
 Time Step:  966200, Simulation Time: 2805.8497 s
 Time Step:  966300, Simulation Time: 2806.1229 s
 Time Step:  966400, Simulation Time: 2806.3911 s
 Time Step:  966500, Simulation Time: 2806.6556 s
 Time Step:  966600, Simulation Time: 2806.9285 s
 Time Step:  966700, Simulation Time: 2807.2047 s
 Time Step:  966800, Simulation Time: 2807.4781 s
 Time Step:  966900, Simulation Time: 2807.7451 s
 Time Step:  967000, Simulation Time: 2808.0372 s
 Time Step:  967100, Simulation Time: 2808.3106 s
 Time Step:  967200, Simulation Time: 2808.5948 s
 Time Step:  967300, Simulation Time: 2808.8799 s
 Time Step:  967400, Simulation Time: 2809.1646 s
 Time Step:  967500, Simulation Time: 2809.4391 s
 Time Step:  967600, Simulation Time: 2809.7183 s
 Time Step:  967700, Simulation Time: 2809.9959 s
 Time Step:  967800, Simulation Time: 2810.2684 s
 Time Step:  967900, Simulation Time: 2810.5370 s
 Time Step:  968000, Simulation Time: 2810.8019 s
 Time Step:  968100, Simulation Time: 2811.0550 s
 Time Step:  968200, Simulation Time: 2811.3302 s
 Time Step:  968300, Simulation Time: 2811.6108 s
 Time Step:  968400, Simulation Time: 2811.8864 s
 Time Step:  968500, Simulation Time: 2812.1628 s
 Time Step:  968600, Simulation Time: 2812.4392 s
 Time Step:  968700, Simulation Time: 2812.7105 s
 Time Step:  968800, Simulation Time: 2812.9854 s
 Time Step:  968900, Simulation Time: 2813.2544 s
 Time Step:  969000, Simulation Time: 2813.5189 s
 Time Step:  969100, Simulation Time: 2813.7770 s
 Time Step:  969200, Simulation Time: 2814.0418 s
 Time Step:  969300, Simulation Time: 2814.3122 s
 Time Step:  969400, Simulation Time: 2814.5852 s
 Time Step:  969500, Simulation Time: 2814.8549 s
 Time Step:  969600, Simulation Time: 2815.1239 s
 Time Step:  969700, Simulation Time: 2815.3912 s
 Time Step:  969800, Simulation Time: 2815.6555 s
 Time Step:  969900, Simulation Time: 2815.9147 s
 Time Step:  970000, Simulation Time: 2816.2034 s
 Time Step:  970100, Simulation Time: 2816.4723 s
 Time Step:  970200, Simulation Time: 2816.7345 s
 Time Step:  970300, Simulation Time: 2817.0042 s
 Time Step:  970400, Simulation Time: 2817.2792 s
 Time Step:  970500, Simulation Time: 2817.5491 s
 Time Step:  970600, Simulation Time: 2817.8234 s
 Time Step:  970700, Simulation Time: 2818.0814 s
 Time Step:  970800, Simulation Time: 2818.3461 s
 Time Step:  970900, Simulation Time: 2818.6138 s
 Time Step:  971000, Simulation Time: 2818.8748 s
 Time Step:  971100, Simulation Time: 2819.1456 s
 Time Step:  971200, Simulation Time: 2819.4083 s
 Time Step:  971300, Simulation Time: 2819.6806 s
 Time Step:  971400, Simulation Time: 2819.9615 s
 Time Step:  971500, Simulation Time: 2820.2415 s
 Time Step:  971600, Simulation Time: 2820.5158 s
 Time Step:  971700, Simulation Time: 2820.7854 s
 Time Step:  971800, Simulation Time: 2821.0569 s
 Time Step:  971900, Simulation Time: 2821.3408 s
 Time Step:  972000, Simulation Time: 2821.6203 s
 Time Step:  972100, Simulation Time: 2821.8944 s
 Time Step:  972200, Simulation Time: 2822.1730 s
 Time Step:  972300, Simulation Time: 2822.4469 s
 Time Step:  972400, Simulation Time: 2822.7208 s
 Time Step:  972500, Simulation Time: 2823.0045 s
 Time Step:  972600, Simulation Time: 2823.2887 s
 Time Step:  972700, Simulation Time: 2823.5635 s
 Time Step:  972800, Simulation Time: 2823.8368 s
 Time Step:  972900, Simulation Time: 2824.1031 s
 Time Step:  973000, Simulation Time: 2824.3715 s
 Time Step:  973100, Simulation Time: 2824.6443 s
 Time Step:  973200, Simulation Time: 2824.9252 s
 Time Step:  973300, Simulation Time: 2825.2054 s
 Time Step:  973400, Simulation Time: 2825.4818 s
 Time Step:  973500, Simulation Time: 2825.7622 s
 Time Step:  973600, Simulation Time: 2826.0381 s
 Time Step:  973700, Simulation Time: 2826.3137 s
 Time Step:  973800, Simulation Time: 2826.5993 s
 Time Step:  973900, Simulation Time: 2826.8703 s
 Time Step:  974000, Simulation Time: 2827.1337 s
 Time Step:  974100, Simulation Time: 2827.3969 s
 Time Step:  974200, Simulation Time: 2827.6716 s
 Time Step:  974300, Simulation Time: 2827.9451 s
 Time Step:  974400, Simulation Time: 2828.2279 s
 Time Step:  974500, Simulation Time: 2828.5108 s
 Time Step:  974600, Simulation Time: 2828.7848 s
 Time Step:  974700, Simulation Time: 2829.0634 s
 Time Step:  974800, Simulation Time: 2829.3367 s
 Time Step:  974900, Simulation Time: 2829.6025 s
 Time Step:  975000, Simulation Time: 2829.8735 s
 Time Step:  975100, Simulation Time: 2830.1503 s
 Time Step:  975200, Simulation Time: 2830.4219 s
 Time Step:  975300, Simulation Time: 2830.6928 s
 Time Step:  975400, Simulation Time: 2830.9552 s
 Time Step:  975500, Simulation Time: 2831.2283 s
 Time Step:  975600, Simulation Time: 2831.4981 s
 Time Step:  975700, Simulation Time: 2831.7669 s
 Time Step:  975800, Simulation Time: 2832.0351 s
 Time Step:  975900, Simulation Time: 2832.3110 s
 Time Step:  976000, Simulation Time: 2832.5882 s
 Time Step:  976100, Simulation Time: 2832.8650 s
 Time Step:  976200, Simulation Time: 2833.1445 s
 Time Step:  976300, Simulation Time: 2833.4264 s
 Time Step:  976400, Simulation Time: 2833.7083 s
 Time Step:  976500, Simulation Time: 2833.9893 s
 Time Step:  976600, Simulation Time: 2834.2617 s
 Time Step:  976700, Simulation Time: 2834.5386 s
 Time Step:  976800, Simulation Time: 2834.8063 s
 Time Step:  976900, Simulation Time: 2835.0792 s
 Time Step:  977000, Simulation Time: 2835.3533 s
 Time Step:  977100, Simulation Time: 2835.6259 s
 Time Step:  977200, Simulation Time: 2835.8834 s
 Time Step:  977300, Simulation Time: 2836.1587 s
 Time Step:  977400, Simulation Time: 2836.4408 s
 Time Step:  977500, Simulation Time: 2836.7081 s
 Time Step:  977600, Simulation Time: 2836.9776 s
 Time Step:  977700, Simulation Time: 2837.2450 s
 Time Step:  977800, Simulation Time: 2837.5264 s
 Time Step:  977900, Simulation Time: 2837.8202 s
 Time Step:  978000, Simulation Time: 2838.1066 s
 Time Step:  978100, Simulation Time: 2838.3930 s
 Time Step:  978200, Simulation Time: 2838.6616 s
 Time Step:  978300, Simulation Time: 2838.9421 s
 Time Step:  978400, Simulation Time: 2839.2241 s
 Time Step:  978500, Simulation Time: 2839.4899 s
 Time Step:  978600, Simulation Time: 2839.7560 s
 Time Step:  978700, Simulation Time: 2840.0333 s
 Time Step:  978800, Simulation Time: 2840.3003 s
 Time Step:  978900, Simulation Time: 2840.5653 s
 Time Step:  979000, Simulation Time: 2840.8406 s
 Time Step:  979100, Simulation Time: 2841.1169 s
 Time Step:  979200, Simulation Time: 2841.3921 s
 Time Step:  979300, Simulation Time: 2841.6676 s
 Time Step:  979400, Simulation Time: 2841.9552 s
 Time Step:  979500, Simulation Time: 2842.2320 s
 Time Step:  979600, Simulation Time: 2842.5119 s
 Time Step:  979700, Simulation Time: 2842.7982 s
 Time Step:  979800, Simulation Time: 2843.0752 s
 Time Step:  979900, Simulation Time: 2843.3545 s
 Time Step:  980000, Simulation Time: 2843.6334 s
 Time Step:  980100, Simulation Time: 2843.9003 s
 Time Step:  980200, Simulation Time: 2844.1691 s
 Time Step:  980300, Simulation Time: 2844.4503 s
 Time Step:  980400, Simulation Time: 2844.7207 s
 Time Step:  980500, Simulation Time: 2844.9814 s
 Time Step:  980600, Simulation Time: 2845.2595 s
 Time Step:  980700, Simulation Time: 2845.5331 s
 Time Step:  980800, Simulation Time: 2845.8013 s
 Time Step:  980900, Simulation Time: 2846.0631 s
 Time Step:  981000, Simulation Time: 2846.3237 s
 Time Step:  981100, Simulation Time: 2846.5857 s
 Time Step:  981200, Simulation Time: 2846.8644 s
 Time Step:  981300, Simulation Time: 2847.1385 s
 Time Step:  981400, Simulation Time: 2847.4070 s
 Time Step:  981500, Simulation Time: 2847.6753 s
 Time Step:  981600, Simulation Time: 2847.9366 s
 Time Step:  981700, Simulation Time: 2848.2090 s
 Time Step:  981800, Simulation Time: 2848.4828 s
 Time Step:  981900, Simulation Time: 2848.7444 s
 Time Step:  982000, Simulation Time: 2849.0105 s
 Time Step:  982100, Simulation Time: 2849.2858 s
 Time Step:  982200, Simulation Time: 2849.5503 s
 Time Step:  982300, Simulation Time: 2849.8204 s
 Time Step:  982400, Simulation Time: 2850.0992 s
 Time Step:  982500, Simulation Time: 2850.3603 s
 Time Step:  982600, Simulation Time: 2850.6376 s
 Time Step:  982700, Simulation Time: 2850.9061 s
 Time Step:  982800, Simulation Time: 2851.1791 s
 Time Step:  982900, Simulation Time: 2851.4539 s
 Time Step:  983000, Simulation Time: 2851.7411 s
 Time Step:  983100, Simulation Time: 2852.0315 s
 Time Step:  983200, Simulation Time: 2852.3076 s
 Time Step:  983300, Simulation Time: 2852.5808 s
 Time Step:  983400, Simulation Time: 2852.8538 s
 Time Step:  983500, Simulation Time: 2853.1306 s
 Time Step:  983600, Simulation Time: 2853.4156 s
 Time Step:  983700, Simulation Time: 2853.6886 s
 Time Step:  983800, Simulation Time: 2853.9672 s
 Time Step:  983900, Simulation Time: 2854.2499 s
 Time Step:  984000, Simulation Time: 2854.5211 s
 Time Step:  984100, Simulation Time: 2854.8058 s
 Time Step:  984200, Simulation Time: 2855.0891 s
 Time Step:  984300, Simulation Time: 2855.3725 s
 Time Step:  984400, Simulation Time: 2855.6408 s
 Time Step:  984500, Simulation Time: 2855.9175 s
 Time Step:  984600, Simulation Time: 2856.1852 s
 Time Step:  984700, Simulation Time: 2856.4565 s
 Time Step:  984800, Simulation Time: 2856.7384 s
 Time Step:  984900, Simulation Time: 2857.0192 s
 Time Step:  985000, Simulation Time: 2857.2898 s
 Time Step:  985100, Simulation Time: 2857.5580 s
 Time Step:  985200, Simulation Time: 2857.8486 s
 Time Step:  985300, Simulation Time: 2858.1171 s
 Time Step:  985400, Simulation Time: 2858.3862 s
 Time Step:  985500, Simulation Time: 2858.6571 s
 Time Step:  985600, Simulation Time: 2858.9101 s
 Time Step:  985700, Simulation Time: 2859.1980 s
 Time Step:  985800, Simulation Time: 2859.4786 s
 Time Step:  985900, Simulation Time: 2859.7550 s
 Time Step:  986000, Simulation Time: 2860.0381 s
 Time Step:  986100, Simulation Time: 2860.3234 s
 Time Step:  986200, Simulation Time: 2860.6020 s
 Time Step:  986300, Simulation Time: 2860.8686 s
 Time Step:  986400, Simulation Time: 2861.1440 s
 Time Step:  986500, Simulation Time: 2861.4420 s
 Time Step:  986600, Simulation Time: 2861.7316 s
 Time Step:  986700, Simulation Time: 2862.0117 s
 Time Step:  986800, Simulation Time: 2862.2832 s
 Time Step:  986900, Simulation Time: 2862.5573 s
 Time Step:  987000, Simulation Time: 2862.8247 s
 Time Step:  987100, Simulation Time: 2863.1014 s
 Time Step:  987200, Simulation Time: 2863.3740 s
 Time Step:  987300, Simulation Time: 2863.6442 s
 Time Step:  987400, Simulation Time: 2863.9126 s
 Time Step:  987500, Simulation Time: 2864.1834 s
 Time Step:  987600, Simulation Time: 2864.4669 s
 Time Step:  987700, Simulation Time: 2864.7382 s
 Time Step:  987800, Simulation Time: 2865.0103 s
 Time Step:  987900, Simulation Time: 2865.2849 s
 Time Step:  988000, Simulation Time: 2865.5688 s
 Time Step:  988100, Simulation Time: 2865.8376 s
 Time Step:  988200, Simulation Time: 2866.1046 s
 Time Step:  988300, Simulation Time: 2866.3787 s
 Time Step:  988400, Simulation Time: 2866.6574 s
 Time Step:  988500, Simulation Time: 2866.9257 s
 Time Step:  988600, Simulation Time: 2867.2136 s
 Time Step:  988700, Simulation Time: 2867.4943 s
 Time Step:  988800, Simulation Time: 2867.7726 s
 Time Step:  988900, Simulation Time: 2868.0416 s
 Time Step:  989000, Simulation Time: 2868.3293 s
 Time Step:  989100, Simulation Time: 2868.6047 s
 Time Step:  989200, Simulation Time: 2868.8683 s
 Time Step:  989300, Simulation Time: 2869.1275 s
 Time Step:  989400, Simulation Time: 2869.4043 s
 Time Step:  989500, Simulation Time: 2869.6846 s
 Time Step:  989600, Simulation Time: 2869.9696 s
 Time Step:  989700, Simulation Time: 2870.2482 s
 Time Step:  989800, Simulation Time: 2870.5187 s
 Time Step:  989900, Simulation Time: 2870.8119 s
 Time Step:  990000, Simulation Time: 2871.0981 s
 Time Step:  990100, Simulation Time: 2871.3783 s
 Time Step:  990200, Simulation Time: 2871.6565 s
 Time Step:  990300, Simulation Time: 2871.9348 s
 Time Step:  990400, Simulation Time: 2872.2013 s
 Time Step:  990500, Simulation Time: 2872.4598 s
 Time Step:  990600, Simulation Time: 2872.7347 s
 Time Step:  990700, Simulation Time: 2873.0021 s
 Time Step:  990800, Simulation Time: 2873.2812 s
 Time Step:  990900, Simulation Time: 2873.5555 s
 Time Step:  991000, Simulation Time: 2873.8370 s
 Time Step:  991100, Simulation Time: 2874.1136 s
 Time Step:  991200, Simulation Time: 2874.3967 s
 Time Step:  991300, Simulation Time: 2874.6604 s
 Time Step:  991400, Simulation Time: 2874.9412 s
 Time Step:  991500, Simulation Time: 2875.2365 s
 Time Step:  991600, Simulation Time: 2875.5118 s
 Time Step:  991700, Simulation Time: 2875.7851 s
 Time Step:  991800, Simulation Time: 2876.0527 s
 Time Step:  991900, Simulation Time: 2876.3280 s
 Time Step:  992000, Simulation Time: 2876.6008 s
 Time Step:  992100, Simulation Time: 2876.8877 s
 Time Step:  992200, Simulation Time: 2877.1662 s
 Time Step:  992300, Simulation Time: 2877.4492 s
 Time Step:  992400, Simulation Time: 2877.7288 s
 Time Step:  992500, Simulation Time: 2878.0196 s
 Time Step:  992600, Simulation Time: 2878.3013 s
 Time Step:  992700, Simulation Time: 2878.5856 s
 Time Step:  992800, Simulation Time: 2878.8563 s
 Time Step:  992900, Simulation Time: 2879.1284 s
 Time Step:  993000, Simulation Time: 2879.4029 s
 Time Step:  993100, Simulation Time: 2879.6714 s
 Time Step:  993200, Simulation Time: 2879.9390 s
 Time Step:  993300, Simulation Time: 2880.2084 s
 Time Step:  993400, Simulation Time: 2880.4844 s
 Time Step:  993500, Simulation Time: 2880.7604 s
 Time Step:  993600, Simulation Time: 2881.0272 s
 Time Step:  993700, Simulation Time: 2881.3014 s
 Time Step:  993800, Simulation Time: 2881.5913 s
 Time Step:  993900, Simulation Time: 2881.8646 s
 Time Step:  994000, Simulation Time: 2882.1310 s
 Time Step:  994100, Simulation Time: 2882.4034 s
 Time Step:  994200, Simulation Time: 2882.6848 s
 Time Step:  994300, Simulation Time: 2882.9689 s
 Time Step:  994400, Simulation Time: 2883.2502 s
 Time Step:  994500, Simulation Time: 2883.5246 s
 Time Step:  994600, Simulation Time: 2883.8113 s
 Time Step:  994700, Simulation Time: 2884.0783 s
 Time Step:  994800, Simulation Time: 2884.3394 s
 Time Step:  994900, Simulation Time: 2884.6150 s
 Time Step:  995000, Simulation Time: 2884.8774 s
 Time Step:  995100, Simulation Time: 2885.1561 s
 Time Step:  995200, Simulation Time: 2885.4266 s
 Time Step:  995300, Simulation Time: 2885.6946 s
 Time Step:  995400, Simulation Time: 2885.9545 s
 Time Step:  995500, Simulation Time: 2886.2244 s
 Time Step:  995600, Simulation Time: 2886.4992 s
 Time Step:  995700, Simulation Time: 2886.7733 s
 Time Step:  995800, Simulation Time: 2887.0539 s
 Time Step:  995900, Simulation Time: 2887.3193 s
 Time Step:  996000, Simulation Time: 2887.5936 s
 Time Step:  996100, Simulation Time: 2887.8679 s
 Time Step:  996200, Simulation Time: 2888.1386 s
 Time Step:  996300, Simulation Time: 2888.4105 s
 Time Step:  996400, Simulation Time: 2888.6835 s
 Time Step:  996500, Simulation Time: 2888.9500 s
 Time Step:  996600, Simulation Time: 2889.2126 s
 Time Step:  996700, Simulation Time: 2889.4936 s
 Time Step:  996800, Simulation Time: 2889.7752 s
 Time Step:  996900, Simulation Time: 2890.0422 s
 Time Step:  997000, Simulation Time: 2890.3204 s
 Time Step:  997100, Simulation Time: 2890.5904 s
 Time Step:  997200, Simulation Time: 2890.8780 s
 Time Step:  997300, Simulation Time: 2891.1561 s
 Time Step:  997400, Simulation Time: 2891.4291 s
 Time Step:  997500, Simulation Time: 2891.6996 s
 Time Step:  997600, Simulation Time: 2891.9817 s
 Time Step:  997700, Simulation Time: 2892.2579 s
 Time Step:  997800, Simulation Time: 2892.5403 s
 Time Step:  997900, Simulation Time: 2892.8160 s
 Time Step:  998000, Simulation Time: 2893.0904 s
 Time Step:  998100, Simulation Time: 2893.3756 s
 Time Step:  998200, Simulation Time: 2893.6668 s
 Time Step:  998300, Simulation Time: 2893.9361 s
 Time Step:  998400, Simulation Time: 2894.2171 s
 Time Step:  998500, Simulation Time: 2894.5013 s
 Time Step:  998600, Simulation Time: 2894.7919 s
 Time Step:  998700, Simulation Time: 2895.0748 s
 Time Step:  998800, Simulation Time: 2895.3500 s
 Time Step:  998900, Simulation Time: 2895.6433 s
 Time Step:  999000, Simulation Time: 2895.9346 s
 Time Step:  999100, Simulation Time: 2896.2058 s
 Time Step:  999200, Simulation Time: 2896.4903 s
 Time Step:  999300, Simulation Time: 2896.7789 s
 Time Step:  999400, Simulation Time: 2897.0613 s
 Time Step:  999500, Simulation Time: 2897.3370 s
 Time Step:  999600, Simulation Time: 2897.6069 s
 Time Step:  999700, Simulation Time: 2897.8927 s
 Time Step:  999800, Simulation Time: 2898.1785 s
 Time Step:  999900, Simulation Time: 2898.4552 s
 Time Step: 1000000, Simulation Time: 2898.7324 s
 Time Step: 1000100, Simulation Time: 2899.0083 s
 Time Step: 1000200, Simulation Time: 2899.2939 s
 Time Step: 1000300, Simulation Time: 2899.5691 s
 Time Step: 1000400, Simulation Time: 2899.8608 s
 Time Step: 1000500, Simulation Time: 2900.1445 s
 Time Step: 1000600, Simulation Time: 2900.4250 s
 Time Step: 1000700, Simulation Time: 2900.6929 s
 Time Step: 1000800, Simulation Time: 2900.9708 s
 Time Step: 1000900, Simulation Time: 2901.2472 s
 Time Step: 1001000, Simulation Time: 2901.5228 s
 Time Step: 1001100, Simulation Time: 2901.7952 s
 Time Step: 1001200, Simulation Time: 2902.0675 s
 Time Step: 1001300, Simulation Time: 2902.3357 s
 Time Step: 1001400, Simulation Time: 2902.6067 s
 Time Step: 1001500, Simulation Time: 2902.8827 s
 Time Step: 1001600, Simulation Time: 2903.1637 s
 Time Step: 1001700, Simulation Time: 2903.4444 s
 Time Step: 1001800, Simulation Time: 2903.7364 s
 Time Step: 1001900, Simulation Time: 2903.9903 s
 Time Step: 1002000, Simulation Time: 2904.2681 s
 Time Step: 1002100, Simulation Time: 2904.5415 s
 Time Step: 1002200, Simulation Time: 2904.8149 s
 Time Step: 1002300, Simulation Time: 2905.0849 s
 Time Step: 1002400, Simulation Time: 2905.3600 s
 Time Step: 1002500, Simulation Time: 2905.6454 s
 Time Step: 1002600, Simulation Time: 2905.9178 s
 Time Step: 1002700, Simulation Time: 2906.1966 s
 Time Step: 1002800, Simulation Time: 2906.4824 s
 Time Step: 1002900, Simulation Time: 2906.7512 s
 Time Step: 1003000, Simulation Time: 2907.0288 s
 Time Step: 1003100, Simulation Time: 2907.3081 s
 Time Step: 1003200, Simulation Time: 2907.5948 s
 Time Step: 1003300, Simulation Time: 2907.8778 s
 Time Step: 1003400, Simulation Time: 2908.1508 s
 Time Step: 1003500, Simulation Time: 2908.4197 s
 Time Step: 1003600, Simulation Time: 2908.6930 s
 Time Step: 1003700, Simulation Time: 2908.9581 s
 Time Step: 1003800, Simulation Time: 2909.2331 s
 Time Step: 1003900, Simulation Time: 2909.5082 s
 Time Step: 1004000, Simulation Time: 2909.7710 s
 Time Step: 1004100, Simulation Time: 2910.0424 s
 Time Step: 1004200, Simulation Time: 2910.3157 s
 Time Step: 1004300, Simulation Time: 2910.5979 s
 Time Step: 1004400, Simulation Time: 2910.8779 s
 Time Step: 1004500, Simulation Time: 2911.1613 s
 Time Step: 1004600, Simulation Time: 2911.4321 s
 Time Step: 1004700, Simulation Time: 2911.7103 s
 Time Step: 1004800, Simulation Time: 2911.9916 s
 Time Step: 1004900, Simulation Time: 2912.2808 s
 Time Step: 1005000, Simulation Time: 2912.5513 s
 Time Step: 1005100, Simulation Time: 2912.8229 s
 Time Step: 1005200, Simulation Time: 2913.1076 s
 Time Step: 1005300, Simulation Time: 2913.3828 s
 Time Step: 1005400, Simulation Time: 2913.6490 s
 Time Step: 1005500, Simulation Time: 2913.9116 s
 Time Step: 1005600, Simulation Time: 2914.1853 s
 Time Step: 1005700, Simulation Time: 2914.4477 s
 Time Step: 1005800, Simulation Time: 2914.7107 s
 Time Step: 1005900, Simulation Time: 2914.9670 s
 Time Step: 1006000, Simulation Time: 2915.2367 s
 Time Step: 1006100, Simulation Time: 2915.5049 s
 Time Step: 1006200, Simulation Time: 2915.7764 s
 Time Step: 1006300, Simulation Time: 2916.0497 s
 Time Step: 1006400, Simulation Time: 2916.3321 s
 Time Step: 1006500, Simulation Time: 2916.5979 s
 Time Step: 1006600, Simulation Time: 2916.8706 s
 Time Step: 1006700, Simulation Time: 2917.1430 s
 Time Step: 1006800, Simulation Time: 2917.4139 s
 Time Step: 1006900, Simulation Time: 2917.6993 s
 Time Step: 1007000, Simulation Time: 2917.9848 s
 Time Step: 1007100, Simulation Time: 2918.2672 s
 Time Step: 1007200, Simulation Time: 2918.5421 s
 Time Step: 1007300, Simulation Time: 2918.8176 s
 Time Step: 1007400, Simulation Time: 2919.0800 s
 Time Step: 1007500, Simulation Time: 2919.3595 s
 Time Step: 1007600, Simulation Time: 2919.6341 s
 Time Step: 1007700, Simulation Time: 2919.9094 s
 Time Step: 1007800, Simulation Time: 2920.1794 s
 Time Step: 1007900, Simulation Time: 2920.4483 s
 Time Step: 1008000, Simulation Time: 2920.7202 s
 Time Step: 1008100, Simulation Time: 2920.9974 s
 Time Step: 1008200, Simulation Time: 2921.2725 s
 Time Step: 1008300, Simulation Time: 2921.5431 s
 Time Step: 1008400, Simulation Time: 2921.8048 s
 Time Step: 1008500, Simulation Time: 2922.0789 s
 Time Step: 1008600, Simulation Time: 2922.3540 s
 Time Step: 1008700, Simulation Time: 2922.6252 s
 Time Step: 1008800, Simulation Time: 2922.8993 s
 Time Step: 1008900, Simulation Time: 2923.1659 s
 Time Step: 1009000, Simulation Time: 2923.4441 s
 Time Step: 1009100, Simulation Time: 2923.7328 s
 Time Step: 1009200, Simulation Time: 2924.0062 s
 Time Step: 1009300, Simulation Time: 2924.2827 s
 Time Step: 1009400, Simulation Time: 2924.5528 s
 Time Step: 1009500, Simulation Time: 2924.8203 s
 Time Step: 1009600, Simulation Time: 2925.0788 s
 Time Step: 1009700, Simulation Time: 2925.3509 s
 Time Step: 1009800, Simulation Time: 2925.6240 s
 Time Step: 1009900, Simulation Time: 2925.8985 s
 Time Step: 1010000, Simulation Time: 2926.1597 s
 Time Step: 1010100, Simulation Time: 2926.4483 s
 Time Step: 1010200, Simulation Time: 2926.7248 s
 Time Step: 1010300, Simulation Time: 2926.9997 s
 Time Step: 1010400, Simulation Time: 2927.2820 s
 Time Step: 1010500, Simulation Time: 2927.5643 s
 Time Step: 1010600, Simulation Time: 2927.8534 s
 Time Step: 1010700, Simulation Time: 2928.1238 s
 Time Step: 1010800, Simulation Time: 2928.4009 s
 Time Step: 1010900, Simulation Time: 2928.6678 s
 Time Step: 1011000, Simulation Time: 2928.9330 s
 Time Step: 1011100, Simulation Time: 2929.2012 s
 Time Step: 1011200, Simulation Time: 2929.4764 s
 Time Step: 1011300, Simulation Time: 2929.7524 s
 Time Step: 1011400, Simulation Time: 2930.0202 s
 Time Step: 1011500, Simulation Time: 2930.2982 s
 Time Step: 1011600, Simulation Time: 2930.5765 s
 Time Step: 1011700, Simulation Time: 2930.8489 s
 Time Step: 1011800, Simulation Time: 2931.1143 s
 Time Step: 1011900, Simulation Time: 2931.3793 s
 Time Step: 1012000, Simulation Time: 2931.6468 s
 Time Step: 1012100, Simulation Time: 2931.9196 s
 Time Step: 1012200, Simulation Time: 2932.2010 s
 Time Step: 1012300, Simulation Time: 2932.4786 s
 Time Step: 1012400, Simulation Time: 2932.7535 s
 Time Step: 1012500, Simulation Time: 2933.0328 s
 Time Step: 1012600, Simulation Time: 2933.3028 s
 Time Step: 1012700, Simulation Time: 2933.5811 s
 Time Step: 1012800, Simulation Time: 2933.8578 s
 Time Step: 1012900, Simulation Time: 2934.1265 s
 Time Step: 1013000, Simulation Time: 2934.4027 s
 Time Step: 1013100, Simulation Time: 2934.6761 s
 Time Step: 1013200, Simulation Time: 2934.9565 s
 Time Step: 1013300, Simulation Time: 2935.2274 s
 Time Step: 1013400, Simulation Time: 2935.5010 s
 Time Step: 1013500, Simulation Time: 2935.7606 s
 Time Step: 1013600, Simulation Time: 2936.0222 s
 Time Step: 1013700, Simulation Time: 2936.2919 s
 Time Step: 1013800, Simulation Time: 2936.5833 s
 Time Step: 1013900, Simulation Time: 2936.8626 s
 Time Step: 1014000, Simulation Time: 2937.1479 s
 Time Step: 1014100, Simulation Time: 2937.4335 s
 Time Step: 1014200, Simulation Time: 2937.7150 s
 Time Step: 1014300, Simulation Time: 2937.9890 s
 Time Step: 1014400, Simulation Time: 2938.2718 s
 Time Step: 1014500, Simulation Time: 2938.5422 s
 Time Step: 1014600, Simulation Time: 2938.8294 s
 Time Step: 1014700, Simulation Time: 2939.1115 s
 Time Step: 1014800, Simulation Time: 2939.3839 s
 Time Step: 1014900, Simulation Time: 2939.6782 s
 Time Step: 1015000, Simulation Time: 2939.9667 s
 Time Step: 1015100, Simulation Time: 2940.2473 s
 Time Step: 1015200, Simulation Time: 2940.5266 s
 Time Step: 1015300, Simulation Time: 2940.8159 s
 Time Step: 1015400, Simulation Time: 2941.0917 s
 Time Step: 1015500, Simulation Time: 2941.3782 s
 Time Step: 1015600, Simulation Time: 2941.6525 s
 Time Step: 1015700, Simulation Time: 2941.9336 s
 Time Step: 1015800, Simulation Time: 2942.2064 s
 Time Step: 1015900, Simulation Time: 2942.4782 s
 Time Step: 1016000, Simulation Time: 2942.7684 s
 Time Step: 1016100, Simulation Time: 2943.0502 s
 Time Step: 1016200, Simulation Time: 2943.3211 s
 Time Step: 1016300, Simulation Time: 2943.5920 s
 Time Step: 1016400, Simulation Time: 2943.8640 s
 Time Step: 1016500, Simulation Time: 2944.1432 s
 Time Step: 1016600, Simulation Time: 2944.4273 s
 Time Step: 1016700, Simulation Time: 2944.6940 s
 Time Step: 1016800, Simulation Time: 2944.9528 s
 Time Step: 1016900, Simulation Time: 2945.2170 s
 Time Step: 1017000, Simulation Time: 2945.4755 s
 Time Step: 1017100, Simulation Time: 2945.7512 s
 Time Step: 1017200, Simulation Time: 2946.0211 s
 Time Step: 1017300, Simulation Time: 2946.2899 s
 Time Step: 1017400, Simulation Time: 2946.5697 s
 Time Step: 1017500, Simulation Time: 2946.8434 s
 Time Step: 1017600, Simulation Time: 2947.1151 s
 Time Step: 1017700, Simulation Time: 2947.3903 s
 Time Step: 1017800, Simulation Time: 2947.6639 s
 Time Step: 1017900, Simulation Time: 2947.9414 s
 Time Step: 1018000, Simulation Time: 2948.2256 s
 Time Step: 1018100, Simulation Time: 2948.5015 s
 Time Step: 1018200, Simulation Time: 2948.7756 s
 Time Step: 1018300, Simulation Time: 2949.0451 s
 Time Step: 1018400, Simulation Time: 2949.3197 s
 Time Step: 1018500, Simulation Time: 2949.5919 s
 Time Step: 1018600, Simulation Time: 2949.8618 s
 Time Step: 1018700, Simulation Time: 2950.1463 s
 Time Step: 1018800, Simulation Time: 2950.4434 s
 Time Step: 1018900, Simulation Time: 2950.7230 s
 Time Step: 1019000, Simulation Time: 2951.0092 s
 Time Step: 1019100, Simulation Time: 2951.2848 s
 Time Step: 1019200, Simulation Time: 2951.5539 s
 Time Step: 1019300, Simulation Time: 2951.8269 s
 Time Step: 1019400, Simulation Time: 2952.1137 s
 Time Step: 1019500, Simulation Time: 2952.3886 s
 Time Step: 1019600, Simulation Time: 2952.6827 s
 Time Step: 1019700, Simulation Time: 2952.9631 s
 Time Step: 1019800, Simulation Time: 2953.2438 s
 Time Step: 1019900, Simulation Time: 2953.5321 s
 Time Step: 1020000, Simulation Time: 2953.8086 s
 Time Step: 1020100, Simulation Time: 2954.0906 s
 Time Step: 1020200, Simulation Time: 2954.3678 s
 Time Step: 1020300, Simulation Time: 2954.6461 s
 Time Step: 1020400, Simulation Time: 2954.9284 s
 Time Step: 1020500, Simulation Time: 2955.2086 s
 Time Step: 1020600, Simulation Time: 2955.4917 s
 Time Step: 1020700, Simulation Time: 2955.7661 s
 Time Step: 1020800, Simulation Time: 2956.0432 s
 Time Step: 1020900, Simulation Time: 2956.3203 s
 Time Step: 1021000, Simulation Time: 2956.6078 s
 Time Step: 1021100, Simulation Time: 2956.8888 s
 Time Step: 1021200, Simulation Time: 2957.1627 s
 Time Step: 1021300, Simulation Time: 2957.4282 s
 Time Step: 1021400, Simulation Time: 2957.6886 s
 Time Step: 1021500, Simulation Time: 2957.9673 s
 Time Step: 1021600, Simulation Time: 2958.2531 s
 Time Step: 1021700, Simulation Time: 2958.5308 s
 Time Step: 1021800, Simulation Time: 2958.8083 s
 Time Step: 1021900, Simulation Time: 2959.0862 s
 Time Step: 1022000, Simulation Time: 2959.3528 s
 Time Step: 1022100, Simulation Time: 2959.6310 s
 Time Step: 1022200, Simulation Time: 2959.9041 s
 Time Step: 1022300, Simulation Time: 2960.1709 s
 Time Step: 1022400, Simulation Time: 2960.4319 s
 Time Step: 1022500, Simulation Time: 2960.7111 s
 Time Step: 1022600, Simulation Time: 2960.9929 s
 Time Step: 1022700, Simulation Time: 2961.2670 s
 Time Step: 1022800, Simulation Time: 2961.5306 s
 Time Step: 1022900, Simulation Time: 2961.8070 s
 Time Step: 1023000, Simulation Time: 2962.0810 s
 Time Step: 1023100, Simulation Time: 2962.3568 s
 Time Step: 1023200, Simulation Time: 2962.6431 s
 Time Step: 1023300, Simulation Time: 2962.9064 s
 Time Step: 1023400, Simulation Time: 2963.1868 s
 Time Step: 1023500, Simulation Time: 2963.4687 s
 Time Step: 1023600, Simulation Time: 2963.7504 s
 Time Step: 1023700, Simulation Time: 2964.0205 s
 Time Step: 1023800, Simulation Time: 2964.2862 s
 Time Step: 1023900, Simulation Time: 2964.5657 s
 Time Step: 1024000, Simulation Time: 2964.8339 s
 Time Step: 1024100, Simulation Time: 2965.1159 s
 Time Step: 1024200, Simulation Time: 2965.3882 s
 Time Step: 1024300, Simulation Time: 2965.6695 s
 Time Step: 1024400, Simulation Time: 2965.9341 s
 Time Step: 1024500, Simulation Time: 2966.2022 s
 Time Step: 1024600, Simulation Time: 2966.4819 s
 Time Step: 1024700, Simulation Time: 2966.7514 s
 Time Step: 1024800, Simulation Time: 2967.0351 s
 Time Step: 1024900, Simulation Time: 2967.3068 s
 Time Step: 1025000, Simulation Time: 2967.5756 s
 Time Step: 1025100, Simulation Time: 2967.8590 s
 Time Step: 1025200, Simulation Time: 2968.1399 s
 Time Step: 1025300, Simulation Time: 2968.4149 s
 Time Step: 1025400, Simulation Time: 2968.6896 s
 Time Step: 1025500, Simulation Time: 2968.9695 s
 Time Step: 1025600, Simulation Time: 2969.2479 s
 Time Step: 1025700, Simulation Time: 2969.5265 s
 Time Step: 1025800, Simulation Time: 2969.8095 s
 Time Step: 1025900, Simulation Time: 2970.0979 s
 Time Step: 1026000, Simulation Time: 2970.3742 s
 Time Step: 1026100, Simulation Time: 2970.6474 s
 Time Step: 1026200, Simulation Time: 2970.9153 s
 Time Step: 1026300, Simulation Time: 2971.1924 s
 Time Step: 1026400, Simulation Time: 2971.4650 s
 Time Step: 1026500, Simulation Time: 2971.7382 s
 Time Step: 1026600, Simulation Time: 2972.0103 s
 Time Step: 1026700, Simulation Time: 2972.2855 s
 Time Step: 1026800, Simulation Time: 2972.5552 s
 Time Step: 1026900, Simulation Time: 2972.8267 s
 Time Step: 1027000, Simulation Time: 2973.0974 s
 Time Step: 1027100, Simulation Time: 2973.3726 s
 Time Step: 1027200, Simulation Time: 2973.6412 s
 Time Step: 1027300, Simulation Time: 2973.9020 s
 Time Step: 1027400, Simulation Time: 2974.1665 s
 Time Step: 1027500, Simulation Time: 2974.4290 s
 Time Step: 1027600, Simulation Time: 2974.6975 s
 Time Step: 1027700, Simulation Time: 2974.9916 s
 Time Step: 1027800, Simulation Time: 2975.2748 s
 Time Step: 1027900, Simulation Time: 2975.5457 s
 Time Step: 1028000, Simulation Time: 2975.8252 s
 Time Step: 1028100, Simulation Time: 2976.1016 s
 Time Step: 1028200, Simulation Time: 2976.3809 s
 Time Step: 1028300, Simulation Time: 2976.6463 s
 Time Step: 1028400, Simulation Time: 2976.9173 s
 Time Step: 1028500, Simulation Time: 2977.1937 s
 Time Step: 1028600, Simulation Time: 2977.4576 s
 Time Step: 1028700, Simulation Time: 2977.7329 s
 Time Step: 1028800, Simulation Time: 2978.0018 s
 Time Step: 1028900, Simulation Time: 2978.2784 s
 Time Step: 1029000, Simulation Time: 2978.5511 s
 Time Step: 1029100, Simulation Time: 2978.8355 s
 Time Step: 1029200, Simulation Time: 2979.1188 s
 Time Step: 1029300, Simulation Time: 2979.3907 s
 Time Step: 1029400, Simulation Time: 2979.6671 s
 Time Step: 1029500, Simulation Time: 2979.9480 s
 Time Step: 1029600, Simulation Time: 2980.2268 s
 Time Step: 1029700, Simulation Time: 2980.4957 s
 Time Step: 1029800, Simulation Time: 2980.7675 s
 Time Step: 1029900, Simulation Time: 2981.0353 s
 Time Step: 1030000, Simulation Time: 2981.3104 s
 Time Step: 1030100, Simulation Time: 2981.5907 s
 Time Step: 1030200, Simulation Time: 2981.8724 s
 Time Step: 1030300, Simulation Time: 2982.1511 s
 Time Step: 1030400, Simulation Time: 2982.4235 s
 Time Step: 1030500, Simulation Time: 2982.6886 s
 Time Step: 1030600, Simulation Time: 2982.9561 s
 Time Step: 1030700, Simulation Time: 2983.2342 s
 Time Step: 1030800, Simulation Time: 2983.4994 s
 Time Step: 1030900, Simulation Time: 2983.7698 s
 Time Step: 1031000, Simulation Time: 2984.0488 s
 Time Step: 1031100, Simulation Time: 2984.3284 s
 Time Step: 1031200, Simulation Time: 2984.6103 s
 Time Step: 1031300, Simulation Time: 2984.8877 s
 Time Step: 1031400, Simulation Time: 2985.1680 s
 Time Step: 1031500, Simulation Time: 2985.4462 s
 Time Step: 1031600, Simulation Time: 2985.7077 s
 Time Step: 1031700, Simulation Time: 2985.9836 s
 Time Step: 1031800, Simulation Time: 2986.2584 s
 Time Step: 1031900, Simulation Time: 2986.5269 s
 Time Step: 1032000, Simulation Time: 2986.7927 s
 Time Step: 1032100, Simulation Time: 2987.0667 s
 Time Step: 1032200, Simulation Time: 2987.3309 s
 Time Step: 1032300, Simulation Time: 2987.6014 s
 Time Step: 1032400, Simulation Time: 2987.8790 s
 Time Step: 1032500, Simulation Time: 2988.1495 s
 Time Step: 1032600, Simulation Time: 2988.4174 s
 Time Step: 1032700, Simulation Time: 2988.6839 s
 Time Step: 1032800, Simulation Time: 2988.9475 s
 Time Step: 1032900, Simulation Time: 2989.2174 s
 Time Step: 1033000, Simulation Time: 2989.4985 s
 Time Step: 1033100, Simulation Time: 2989.7785 s
 Time Step: 1033200, Simulation Time: 2990.0495 s
 Time Step: 1033300, Simulation Time: 2990.3247 s
 Time Step: 1033400, Simulation Time: 2990.5976 s
 Time Step: 1033500, Simulation Time: 2990.8823 s
 Time Step: 1033600, Simulation Time: 2991.1560 s
 Time Step: 1033700, Simulation Time: 2991.4248 s
 Time Step: 1033800, Simulation Time: 2991.6901 s
 Time Step: 1033900, Simulation Time: 2991.9617 s
 Time Step: 1034000, Simulation Time: 2992.2452 s
 Time Step: 1034100, Simulation Time: 2992.5191 s
 Time Step: 1034200, Simulation Time: 2992.7953 s
 Time Step: 1034300, Simulation Time: 2993.0609 s
 Time Step: 1034400, Simulation Time: 2993.3326 s
 Time Step: 1034500, Simulation Time: 2993.6008 s
 Time Step: 1034600, Simulation Time: 2993.8855 s
 Time Step: 1034700, Simulation Time: 2994.1658 s
 Time Step: 1034800, Simulation Time: 2994.4314 s
 Time Step: 1034900, Simulation Time: 2994.7011 s
 Time Step: 1035000, Simulation Time: 2994.9739 s
 Time Step: 1035100, Simulation Time: 2995.2418 s
 Time Step: 1035200, Simulation Time: 2995.5165 s
 Time Step: 1035300, Simulation Time: 2995.7849 s
 Time Step: 1035400, Simulation Time: 2996.0611 s
 Time Step: 1035500, Simulation Time: 2996.3248 s
 Time Step: 1035600, Simulation Time: 2996.6035 s
 Time Step: 1035700, Simulation Time: 2996.8723 s
 Time Step: 1035800, Simulation Time: 2997.1403 s
 Time Step: 1035900, Simulation Time: 2997.4098 s
 Time Step: 1036000, Simulation Time: 2997.6706 s
 Time Step: 1036100, Simulation Time: 2997.9436 s
 Time Step: 1036200, Simulation Time: 2998.2244 s
 Time Step: 1036300, Simulation Time: 2998.5012 s
 Time Step: 1036400, Simulation Time: 2998.7889 s
 Time Step: 1036500, Simulation Time: 2999.0726 s
 Time Step: 1036600, Simulation Time: 2999.3535 s
 Time Step: 1036700, Simulation Time: 2999.6357 s
 Time Step: 1036800, Simulation Time: 2999.9186 s
 Time Step: 1036900, Simulation Time: 3000.2036 s
 Time Step: 1037000, Simulation Time: 3000.4729 s
 Time Step: 1037100, Simulation Time: 3000.7513 s
 Time Step: 1037200, Simulation Time: 3001.0256 s
 Time Step: 1037300, Simulation Time: 3001.2911 s
 Time Step: 1037400, Simulation Time: 3001.5568 s
 Time Step: 1037500, Simulation Time: 3001.8292 s
 Time Step: 1037600, Simulation Time: 3002.0972 s
 Time Step: 1037700, Simulation Time: 3002.3511 s
 Time Step: 1037800, Simulation Time: 3002.6163 s
 Time Step: 1037900, Simulation Time: 3002.8857 s
 Time Step: 1038000, Simulation Time: 3003.1601 s
 Time Step: 1038100, Simulation Time: 3003.4317 s
 Time Step: 1038200, Simulation Time: 3003.7010 s
 Time Step: 1038300, Simulation Time: 3003.9698 s
 Time Step: 1038400, Simulation Time: 3004.2306 s
 Time Step: 1038500, Simulation Time: 3004.5077 s
 Time Step: 1038600, Simulation Time: 3004.7844 s
 Time Step: 1038700, Simulation Time: 3005.0632 s
 Time Step: 1038800, Simulation Time: 3005.3412 s
 Time Step: 1038900, Simulation Time: 3005.6227 s
 Time Step: 1039000, Simulation Time: 3005.8937 s
 Time Step: 1039100, Simulation Time: 3006.1681 s
 Time Step: 1039200, Simulation Time: 3006.4382 s
 Time Step: 1039300, Simulation Time: 3006.6994 s
 Time Step: 1039400, Simulation Time: 3006.9735 s
 Time Step: 1039500, Simulation Time: 3007.2327 s
 Time Step: 1039600, Simulation Time: 3007.4991 s
 Time Step: 1039700, Simulation Time: 3007.7663 s
 Time Step: 1039800, Simulation Time: 3008.0443 s
 Time Step: 1039900, Simulation Time: 3008.3261 s
 Time Step: 1040000, Simulation Time: 3008.5992 s
 Time Step: 1040100, Simulation Time: 3008.8770 s
 Time Step: 1040200, Simulation Time: 3009.1616 s
 Time Step: 1040300, Simulation Time: 3009.4216 s
 Time Step: 1040400, Simulation Time: 3009.7030 s
 Time Step: 1040500, Simulation Time: 3009.9803 s
 Time Step: 1040600, Simulation Time: 3010.2610 s
 Time Step: 1040700, Simulation Time: 3010.5447 s
 Time Step: 1040800, Simulation Time: 3010.8222 s
 Time Step: 1040900, Simulation Time: 3011.0985 s
 Time Step: 1041000, Simulation Time: 3011.3673 s
 Time Step: 1041100, Simulation Time: 3011.6426 s
 Time Step: 1041200, Simulation Time: 3011.9309 s
 Time Step: 1041300, Simulation Time: 3012.2165 s
 Time Step: 1041400, Simulation Time: 3012.4906 s
 Time Step: 1041500, Simulation Time: 3012.7680 s
 Time Step: 1041600, Simulation Time: 3013.0487 s
 Time Step: 1041700, Simulation Time: 3013.3171 s
 Time Step: 1041800, Simulation Time: 3013.5947 s
 Time Step: 1041900, Simulation Time: 3013.8601 s
 Time Step: 1042000, Simulation Time: 3014.1228 s
 Time Step: 1042100, Simulation Time: 3014.3957 s
 Time Step: 1042200, Simulation Time: 3014.6729 s
 Time Step: 1042300, Simulation Time: 3014.9363 s
 Time Step: 1042400, Simulation Time: 3015.2044 s
 Time Step: 1042500, Simulation Time: 3015.4759 s
 Time Step: 1042600, Simulation Time: 3015.7392 s
 Time Step: 1042700, Simulation Time: 3016.0129 s
 Time Step: 1042800, Simulation Time: 3016.2830 s
 Time Step: 1042900, Simulation Time: 3016.5469 s
 Time Step: 1043000, Simulation Time: 3016.8208 s
 Time Step: 1043100, Simulation Time: 3017.0913 s
 Time Step: 1043200, Simulation Time: 3017.3688 s
 Time Step: 1043300, Simulation Time: 3017.6486 s
 Time Step: 1043400, Simulation Time: 3017.9127 s
 Time Step: 1043500, Simulation Time: 3018.1805 s
 Time Step: 1043600, Simulation Time: 3018.4537 s
 Time Step: 1043700, Simulation Time: 3018.7228 s
 Time Step: 1043800, Simulation Time: 3018.9928 s
 Time Step: 1043900, Simulation Time: 3019.2620 s
 Time Step: 1044000, Simulation Time: 3019.5273 s
 Time Step: 1044100, Simulation Time: 3019.7945 s
 Time Step: 1044200, Simulation Time: 3020.0771 s
 Time Step: 1044300, Simulation Time: 3020.3554 s
 Time Step: 1044400, Simulation Time: 3020.6192 s
 Time Step: 1044500, Simulation Time: 3020.8834 s
 Time Step: 1044600, Simulation Time: 3021.1554 s
 Time Step: 1044700, Simulation Time: 3021.4258 s
 Time Step: 1044800, Simulation Time: 3021.6980 s
 Time Step: 1044900, Simulation Time: 3021.9831 s
 Time Step: 1045000, Simulation Time: 3022.2522 s
 Time Step: 1045100, Simulation Time: 3022.5208 s
 Time Step: 1045200, Simulation Time: 3022.7905 s
 Time Step: 1045300, Simulation Time: 3023.0633 s
 Time Step: 1045400, Simulation Time: 3023.3490 s
 Time Step: 1045500, Simulation Time: 3023.6186 s
 Time Step: 1045600, Simulation Time: 3023.8895 s
 Time Step: 1045700, Simulation Time: 3024.1603 s
 Time Step: 1045800, Simulation Time: 3024.4314 s
 Time Step: 1045900, Simulation Time: 3024.6975 s
 Time Step: 1046000, Simulation Time: 3024.9720 s
 Time Step: 1046100, Simulation Time: 3025.2437 s
 Time Step: 1046200, Simulation Time: 3025.5235 s
 Time Step: 1046300, Simulation Time: 3025.8115 s
 Time Step: 1046400, Simulation Time: 3026.0822 s
 Time Step: 1046500, Simulation Time: 3026.3582 s
 Time Step: 1046600, Simulation Time: 3026.6231 s
 Time Step: 1046700, Simulation Time: 3026.9018 s
 Time Step: 1046800, Simulation Time: 3027.1759 s
 Time Step: 1046900, Simulation Time: 3027.4371 s
 Time Step: 1047000, Simulation Time: 3027.6996 s
 Time Step: 1047100, Simulation Time: 3027.9684 s
 Time Step: 1047200, Simulation Time: 3028.2406 s
 Time Step: 1047300, Simulation Time: 3028.5112 s
 Time Step: 1047400, Simulation Time: 3028.7874 s
 Time Step: 1047500, Simulation Time: 3029.0619 s
 Time Step: 1047600, Simulation Time: 3029.3376 s
 Time Step: 1047700, Simulation Time: 3029.6079 s
 Time Step: 1047800, Simulation Time: 3029.8821 s
 Time Step: 1047900, Simulation Time: 3030.1565 s
 Time Step: 1048000, Simulation Time: 3030.4285 s
 Time Step: 1048100, Simulation Time: 3030.7084 s
 Time Step: 1048200, Simulation Time: 3030.9859 s
 Time Step: 1048300, Simulation Time: 3031.2587 s
 Time Step: 1048400, Simulation Time: 3031.5354 s
 Time Step: 1048500, Simulation Time: 3031.8047 s
 Time Step: 1048600, Simulation Time: 3032.0845 s
 Time Step: 1048700, Simulation Time: 3032.3643 s
 Time Step: 1048800, Simulation Time: 3032.6396 s
 Time Step: 1048900, Simulation Time: 3032.9260 s
 Time Step: 1049000, Simulation Time: 3033.1954 s
 Time Step: 1049100, Simulation Time: 3033.4782 s
 Time Step: 1049200, Simulation Time: 3033.7481 s
 Time Step: 1049300, Simulation Time: 3034.0166 s
 Time Step: 1049400, Simulation Time: 3034.3006 s
 Time Step: 1049500, Simulation Time: 3034.5838 s
 Time Step: 1049600, Simulation Time: 3034.8486 s
 Time Step: 1049700, Simulation Time: 3035.1191 s
 Time Step: 1049800, Simulation Time: 3035.3925 s
 Time Step: 1049900, Simulation Time: 3035.6640 s
 Time Step: 1050000, Simulation Time: 3035.9620 s
 Time Step: 1050100, Simulation Time: 3036.2341 s
 Time Step: 1050200, Simulation Time: 3036.4997 s
 Time Step: 1050300, Simulation Time: 3036.7810 s
 Time Step: 1050400, Simulation Time: 3037.0675 s
 Time Step: 1050500, Simulation Time: 3037.3390 s
 Time Step: 1050600, Simulation Time: 3037.6115 s
 Time Step: 1050700, Simulation Time: 3037.8791 s
 Time Step: 1050800, Simulation Time: 3038.1525 s
 Time Step: 1050900, Simulation Time: 3038.4370 s
 Time Step: 1051000, Simulation Time: 3038.7170 s
 Time Step: 1051100, Simulation Time: 3038.9842 s
 Time Step: 1051200, Simulation Time: 3039.2466 s
 Time Step: 1051300, Simulation Time: 3039.5198 s
 Time Step: 1051400, Simulation Time: 3039.7878 s
 Time Step: 1051500, Simulation Time: 3040.0599 s
 Time Step: 1051600, Simulation Time: 3040.3345 s
 Time Step: 1051700, Simulation Time: 3040.6071 s
 Time Step: 1051800, Simulation Time: 3040.8791 s
 Time Step: 1051900, Simulation Time: 3041.1528 s
 Time Step: 1052000, Simulation Time: 3041.4209 s
 Time Step: 1052100, Simulation Time: 3041.7086 s
 Time Step: 1052200, Simulation Time: 3041.9849 s
 Time Step: 1052300, Simulation Time: 3042.2548 s
 Time Step: 1052400, Simulation Time: 3042.5302 s
 Time Step: 1052500, Simulation Time: 3042.8064 s
 Time Step: 1052600, Simulation Time: 3043.0838 s
 Time Step: 1052700, Simulation Time: 3043.3624 s
 Time Step: 1052800, Simulation Time: 3043.6441 s
 Time Step: 1052900, Simulation Time: 3043.9220 s
 Time Step: 1053000, Simulation Time: 3044.2025 s
 Time Step: 1053100, Simulation Time: 3044.4830 s
 Time Step: 1053200, Simulation Time: 3044.7642 s
 Time Step: 1053300, Simulation Time: 3045.0390 s
 Time Step: 1053400, Simulation Time: 3045.3023 s
 Time Step: 1053500, Simulation Time: 3045.5814 s
 Time Step: 1053600, Simulation Time: 3045.8524 s
 Time Step: 1053700, Simulation Time: 3046.1208 s
 Time Step: 1053800, Simulation Time: 3046.3872 s
 Time Step: 1053900, Simulation Time: 3046.6643 s
 Time Step: 1054000, Simulation Time: 3046.9348 s
 Time Step: 1054100, Simulation Time: 3047.2085 s
 Time Step: 1054200, Simulation Time: 3047.4807 s
 Time Step: 1054300, Simulation Time: 3047.7674 s
 Time Step: 1054400, Simulation Time: 3048.0320 s
 Time Step: 1054500, Simulation Time: 3048.2929 s
 Time Step: 1054600, Simulation Time: 3048.5614 s
 Time Step: 1054700, Simulation Time: 3048.8346 s
 Time Step: 1054800, Simulation Time: 3049.1080 s
 Time Step: 1054900, Simulation Time: 3049.3850 s
 Time Step: 1055000, Simulation Time: 3049.6600 s
 Time Step: 1055100, Simulation Time: 3049.9432 s
 Time Step: 1055200, Simulation Time: 3050.2247 s
 Time Step: 1055300, Simulation Time: 3050.4988 s
 Time Step: 1055400, Simulation Time: 3050.7628 s
 Time Step: 1055500, Simulation Time: 3051.0305 s
 Time Step: 1055600, Simulation Time: 3051.2898 s
 Time Step: 1055700, Simulation Time: 3051.5528 s
 Time Step: 1055800, Simulation Time: 3051.8118 s
 Time Step: 1055900, Simulation Time: 3052.0848 s
 Time Step: 1056000, Simulation Time: 3052.3559 s
 Time Step: 1056100, Simulation Time: 3052.6199 s
 Time Step: 1056200, Simulation Time: 3052.8807 s
 Time Step: 1056300, Simulation Time: 3053.1592 s
 Time Step: 1056400, Simulation Time: 3053.4306 s
 Time Step: 1056500, Simulation Time: 3053.7072 s
 Time Step: 1056600, Simulation Time: 3053.9780 s
 Time Step: 1056700, Simulation Time: 3054.2372 s
 Time Step: 1056800, Simulation Time: 3054.5099 s
 Time Step: 1056900, Simulation Time: 3054.7845 s
 Time Step: 1057000, Simulation Time: 3055.0632 s
 Time Step: 1057100, Simulation Time: 3055.3364 s
 Time Step: 1057200, Simulation Time: 3055.6129 s
 Time Step: 1057300, Simulation Time: 3055.8793 s
 Time Step: 1057400, Simulation Time: 3056.1615 s
 Time Step: 1057500, Simulation Time: 3056.4347 s
 Time Step: 1057600, Simulation Time: 3056.7084 s
 Time Step: 1057700, Simulation Time: 3056.9811 s
 Time Step: 1057800, Simulation Time: 3057.2644 s
 Time Step: 1057900, Simulation Time: 3057.5333 s
 Time Step: 1058000, Simulation Time: 3057.8158 s
 Time Step: 1058100, Simulation Time: 3058.0898 s
 Time Step: 1058200, Simulation Time: 3058.3545 s
 Time Step: 1058300, Simulation Time: 3058.6339 s
 Time Step: 1058400, Simulation Time: 3058.9048 s
 Time Step: 1058500, Simulation Time: 3059.1678 s
 Time Step: 1058600, Simulation Time: 3059.4332 s
 Time Step: 1058700, Simulation Time: 3059.6978 s
 Time Step: 1058800, Simulation Time: 3059.9780 s
 Time Step: 1058900, Simulation Time: 3060.2529 s
 Time Step: 1059000, Simulation Time: 3060.5318 s
 Time Step: 1059100, Simulation Time: 3060.8136 s
 Time Step: 1059200, Simulation Time: 3061.0857 s
 Time Step: 1059300, Simulation Time: 3061.3587 s
 Time Step: 1059400, Simulation Time: 3061.6315 s
 Time Step: 1059500, Simulation Time: 3061.9054 s
 Time Step: 1059600, Simulation Time: 3062.1762 s
 Time Step: 1059700, Simulation Time: 3062.4576 s
 Time Step: 1059800, Simulation Time: 3062.7401 s
 Time Step: 1059900, Simulation Time: 3063.0185 s
 Time Step: 1060000, Simulation Time: 3063.2880 s
 Time Step: 1060100, Simulation Time: 3063.5566 s
 Time Step: 1060200, Simulation Time: 3063.8497 s
 Time Step: 1060300, Simulation Time: 3064.1299 s
 Time Step: 1060400, Simulation Time: 3064.4151 s
 Time Step: 1060500, Simulation Time: 3064.6923 s
 Time Step: 1060600, Simulation Time: 3064.9659 s
 Time Step: 1060700, Simulation Time: 3065.2538 s
 Time Step: 1060800, Simulation Time: 3065.5247 s
 Time Step: 1060900, Simulation Time: 3065.7896 s
 Time Step: 1061000, Simulation Time: 3066.0625 s
 Time Step: 1061100, Simulation Time: 3066.3416 s
 Time Step: 1061200, Simulation Time: 3066.6232 s
 Time Step: 1061300, Simulation Time: 3066.9047 s
 Time Step: 1061400, Simulation Time: 3067.1783 s
 Time Step: 1061500, Simulation Time: 3067.4513 s
 Time Step: 1061600, Simulation Time: 3067.7405 s
 Time Step: 1061700, Simulation Time: 3068.0119 s
 Time Step: 1061800, Simulation Time: 3068.2923 s
 Time Step: 1061900, Simulation Time: 3068.5687 s
 Time Step: 1062000, Simulation Time: 3068.8576 s
 Time Step: 1062100, Simulation Time: 3069.1465 s
 Time Step: 1062200, Simulation Time: 3069.4258 s
 Time Step: 1062300, Simulation Time: 3069.7048 s
 Time Step: 1062400, Simulation Time: 3069.9740 s
 Time Step: 1062500, Simulation Time: 3070.2536 s
 Time Step: 1062600, Simulation Time: 3070.5250 s
 Time Step: 1062700, Simulation Time: 3070.8007 s
 Time Step: 1062800, Simulation Time: 3071.0784 s
 Time Step: 1062900, Simulation Time: 3071.3558 s
 Time Step: 1063000, Simulation Time: 3071.6224 s
 Time Step: 1063100, Simulation Time: 3071.8892 s
 Time Step: 1063200, Simulation Time: 3072.1657 s
 Time Step: 1063300, Simulation Time: 3072.4520 s
 Time Step: 1063400, Simulation Time: 3072.7278 s
 Time Step: 1063500, Simulation Time: 3073.0035 s
 Time Step: 1063600, Simulation Time: 3073.2915 s
 Time Step: 1063700, Simulation Time: 3073.5645 s
 Time Step: 1063800, Simulation Time: 3073.8378 s
 Time Step: 1063900, Simulation Time: 3074.1197 s
 Time Step: 1064000, Simulation Time: 3074.3947 s
 Time Step: 1064100, Simulation Time: 3074.6733 s
 Time Step: 1064200, Simulation Time: 3074.9392 s
 Time Step: 1064300, Simulation Time: 3075.2110 s
 Time Step: 1064400, Simulation Time: 3075.4801 s
 Time Step: 1064500, Simulation Time: 3075.7528 s
 Time Step: 1064600, Simulation Time: 3076.0167 s
 Time Step: 1064700, Simulation Time: 3076.2830 s
 Time Step: 1064800, Simulation Time: 3076.5567 s
 Time Step: 1064900, Simulation Time: 3076.8484 s
 Time Step: 1065000, Simulation Time: 3077.1284 s
 Time Step: 1065100, Simulation Time: 3077.3895 s
 Time Step: 1065200, Simulation Time: 3077.6634 s
 Time Step: 1065300, Simulation Time: 3077.9390 s
 Time Step: 1065400, Simulation Time: 3078.2096 s
 Time Step: 1065500, Simulation Time: 3078.4943 s
 Time Step: 1065600, Simulation Time: 3078.7723 s
 Time Step: 1065700, Simulation Time: 3079.0384 s
 Time Step: 1065800, Simulation Time: 3079.3144 s
 Time Step: 1065900, Simulation Time: 3079.5775 s
 Time Step: 1066000, Simulation Time: 3079.8447 s
 Time Step: 1066100, Simulation Time: 3080.1156 s
 Time Step: 1066200, Simulation Time: 3080.3899 s
 Time Step: 1066300, Simulation Time: 3080.6661 s
 Time Step: 1066400, Simulation Time: 3080.9414 s
 Time Step: 1066500, Simulation Time: 3081.2231 s
 Time Step: 1066600, Simulation Time: 3081.5068 s
 Time Step: 1066700, Simulation Time: 3081.7813 s
 Time Step: 1066800, Simulation Time: 3082.0533 s
 Time Step: 1066900, Simulation Time: 3082.3184 s
 Time Step: 1067000, Simulation Time: 3082.5933 s
 Time Step: 1067100, Simulation Time: 3082.8850 s
 Time Step: 1067200, Simulation Time: 3083.1579 s
 Time Step: 1067300, Simulation Time: 3083.4277 s
 Time Step: 1067400, Simulation Time: 3083.6962 s
 Time Step: 1067500, Simulation Time: 3083.9698 s
 Time Step: 1067600, Simulation Time: 3084.2467 s
 Time Step: 1067700, Simulation Time: 3084.5136 s
 Time Step: 1067800, Simulation Time: 3084.7922 s
 Time Step: 1067900, Simulation Time: 3085.0670 s
 Time Step: 1068000, Simulation Time: 3085.3407 s
 Time Step: 1068100, Simulation Time: 3085.6049 s
 Time Step: 1068200, Simulation Time: 3085.8670 s
 Time Step: 1068300, Simulation Time: 3086.1473 s
 Time Step: 1068400, Simulation Time: 3086.4168 s
 Time Step: 1068500, Simulation Time: 3086.6826 s
 Time Step: 1068600, Simulation Time: 3086.9526 s
 Time Step: 1068700, Simulation Time: 3087.2367 s
 Time Step: 1068800, Simulation Time: 3087.5184 s
 Time Step: 1068900, Simulation Time: 3087.8049 s
 Time Step: 1069000, Simulation Time: 3088.0799 s
 Time Step: 1069100, Simulation Time: 3088.3445 s
 Time Step: 1069200, Simulation Time: 3088.6105 s
 Time Step: 1069300, Simulation Time: 3088.8831 s
 Time Step: 1069400, Simulation Time: 3089.1609 s
 Time Step: 1069500, Simulation Time: 3089.4398 s
 Time Step: 1069600, Simulation Time: 3089.7211 s
 Time Step: 1069700, Simulation Time: 3089.9951 s
 Time Step: 1069800, Simulation Time: 3090.2614 s
 Time Step: 1069900, Simulation Time: 3090.5416 s
 Time Step: 1070000, Simulation Time: 3090.8307 s
 Time Step: 1070100, Simulation Time: 3091.1067 s
 Time Step: 1070200, Simulation Time: 3091.3738 s
 Time Step: 1070300, Simulation Time: 3091.6349 s
 Time Step: 1070400, Simulation Time: 3091.9102 s
 Time Step: 1070500, Simulation Time: 3092.1867 s
 Time Step: 1070600, Simulation Time: 3092.4565 s
 Time Step: 1070700, Simulation Time: 3092.7259 s
 Time Step: 1070800, Simulation Time: 3093.0080 s
 Time Step: 1070900, Simulation Time: 3093.2982 s
 Time Step: 1071000, Simulation Time: 3093.5689 s
 Time Step: 1071100, Simulation Time: 3093.8410 s
 Time Step: 1071200, Simulation Time: 3094.1077 s
 Time Step: 1071300, Simulation Time: 3094.3694 s
 Time Step: 1071400, Simulation Time: 3094.6417 s
 Time Step: 1071500, Simulation Time: 3094.9088 s
 Time Step: 1071600, Simulation Time: 3095.1946 s
 Time Step: 1071700, Simulation Time: 3095.4666 s
 Time Step: 1071800, Simulation Time: 3095.7319 s
 Time Step: 1071900, Simulation Time: 3095.9992 s
 Time Step: 1072000, Simulation Time: 3096.2706 s
 Time Step: 1072100, Simulation Time: 3096.5432 s
 Time Step: 1072200, Simulation Time: 3096.8360 s
 Time Step: 1072300, Simulation Time: 3097.1111 s
 Time Step: 1072400, Simulation Time: 3097.3783 s
 Time Step: 1072500, Simulation Time: 3097.6489 s
 Time Step: 1072600, Simulation Time: 3097.9144 s
 Time Step: 1072700, Simulation Time: 3098.1936 s
 Time Step: 1072800, Simulation Time: 3098.4729 s
 Time Step: 1072900, Simulation Time: 3098.7511 s
 Time Step: 1073000, Simulation Time: 3099.0253 s
 Time Step: 1073100, Simulation Time: 3099.3034 s
 Time Step: 1073200, Simulation Time: 3099.5789 s
 Time Step: 1073300, Simulation Time: 3099.8684 s
 Time Step: 1073400, Simulation Time: 3100.1482 s
 Time Step: 1073500, Simulation Time: 3100.4243 s
 Time Step: 1073600, Simulation Time: 3100.6962 s
 Time Step: 1073700, Simulation Time: 3100.9722 s
 Time Step: 1073800, Simulation Time: 3101.2517 s
 Time Step: 1073900, Simulation Time: 3101.5315 s
 Time Step: 1074000, Simulation Time: 3101.7906 s
 Time Step: 1074100, Simulation Time: 3102.0600 s
 Time Step: 1074200, Simulation Time: 3102.3336 s
 Time Step: 1074300, Simulation Time: 3102.6005 s
 Time Step: 1074400, Simulation Time: 3102.8803 s
 Time Step: 1074500, Simulation Time: 3103.1547 s
 Time Step: 1074600, Simulation Time: 3103.4435 s
 Time Step: 1074700, Simulation Time: 3103.7326 s
 Time Step: 1074800, Simulation Time: 3104.0113 s
 Time Step: 1074900, Simulation Time: 3104.2824 s
 Time Step: 1075000, Simulation Time: 3104.5684 s
 Time Step: 1075100, Simulation Time: 3104.8352 s
 Time Step: 1075200, Simulation Time: 3105.0994 s
 Time Step: 1075300, Simulation Time: 3105.3670 s
 Time Step: 1075400, Simulation Time: 3105.6409 s
 Time Step: 1075500, Simulation Time: 3105.9157 s
 Time Step: 1075600, Simulation Time: 3106.1904 s
 Time Step: 1075700, Simulation Time: 3106.4714 s
 Time Step: 1075800, Simulation Time: 3106.7440 s
 Time Step: 1075900, Simulation Time: 3107.0096 s
 Time Step: 1076000, Simulation Time: 3107.2764 s
 Time Step: 1076100, Simulation Time: 3107.5505 s
 Time Step: 1076200, Simulation Time: 3107.8252 s
 Time Step: 1076300, Simulation Time: 3108.0918 s
 Time Step: 1076400, Simulation Time: 3108.3580 s
 Time Step: 1076500, Simulation Time: 3108.6313 s
 Time Step: 1076600, Simulation Time: 3108.9074 s
 Time Step: 1076700, Simulation Time: 3109.1838 s
 Time Step: 1076800, Simulation Time: 3109.4667 s
 Time Step: 1076900, Simulation Time: 3109.7270 s
 Time Step: 1077000, Simulation Time: 3109.9998 s
 Time Step: 1077100, Simulation Time: 3110.2603 s
 Time Step: 1077200, Simulation Time: 3110.5238 s
 Time Step: 1077300, Simulation Time: 3110.7907 s
 Time Step: 1077400, Simulation Time: 3111.0598 s
 Time Step: 1077500, Simulation Time: 3111.3339 s
 Time Step: 1077600, Simulation Time: 3111.6228 s
 Time Step: 1077700, Simulation Time: 3111.9024 s
 Time Step: 1077800, Simulation Time: 3112.1877 s
 Time Step: 1077900, Simulation Time: 3112.4500 s
 Time Step: 1078000, Simulation Time: 3112.7061 s
 Time Step: 1078100, Simulation Time: 3112.9646 s
 Time Step: 1078200, Simulation Time: 3113.2304 s
 Time Step: 1078300, Simulation Time: 3113.4979 s
 Time Step: 1078400, Simulation Time: 3113.7657 s
 Time Step: 1078500, Simulation Time: 3114.0321 s
 Time Step: 1078600, Simulation Time: 3114.3010 s
 Time Step: 1078700, Simulation Time: 3114.5637 s
 Time Step: 1078800, Simulation Time: 3114.8301 s
 Time Step: 1078900, Simulation Time: 3115.1001 s
 Time Step: 1079000, Simulation Time: 3115.3529 s
 Time Step: 1079100, Simulation Time: 3115.6259 s
 Time Step: 1079200, Simulation Time: 3115.8976 s
 Time Step: 1079300, Simulation Time: 3116.1649 s
 Time Step: 1079400, Simulation Time: 3116.4449 s
 Time Step: 1079500, Simulation Time: 3116.7119 s
 Time Step: 1079600, Simulation Time: 3116.9856 s
 Time Step: 1079700, Simulation Time: 3117.2584 s
 Time Step: 1079800, Simulation Time: 3117.5202 s
 Time Step: 1079900, Simulation Time: 3117.8020 s
 Time Step: 1080000, Simulation Time: 3118.0800 s
 Time Step: 1080100, Simulation Time: 3118.3515 s
 Time Step: 1080200, Simulation Time: 3118.6199 s
 Time Step: 1080300, Simulation Time: 3118.8752 s
 Time Step: 1080400, Simulation Time: 3119.1408 s
 Time Step: 1080500, Simulation Time: 3119.4148 s
 Time Step: 1080600, Simulation Time: 3119.6867 s
 Time Step: 1080700, Simulation Time: 3119.9697 s
 Time Step: 1080800, Simulation Time: 3120.2408 s
 Time Step: 1080900, Simulation Time: 3120.5137 s
 Time Step: 1081000, Simulation Time: 3120.7865 s
 Time Step: 1081100, Simulation Time: 3121.0578 s
 Time Step: 1081200, Simulation Time: 3121.3279 s
 Time Step: 1081300, Simulation Time: 3121.6012 s
 Time Step: 1081400, Simulation Time: 3121.8760 s
 Time Step: 1081500, Simulation Time: 3122.1488 s
 Time Step: 1081600, Simulation Time: 3122.4266 s
 Time Step: 1081700, Simulation Time: 3122.6992 s
 Time Step: 1081800, Simulation Time: 3122.9676 s
 Time Step: 1081900, Simulation Time: 3123.2463 s
 Time Step: 1082000, Simulation Time: 3123.5255 s
 Time Step: 1082100, Simulation Time: 3123.8008 s
 Time Step: 1082200, Simulation Time: 3124.0681 s
 Time Step: 1082300, Simulation Time: 3124.3537 s
 Time Step: 1082400, Simulation Time: 3124.6279 s
 Time Step: 1082500, Simulation Time: 3124.8973 s
 Time Step: 1082600, Simulation Time: 3125.1687 s
 Time Step: 1082700, Simulation Time: 3125.4350 s
 Time Step: 1082800, Simulation Time: 3125.7043 s
 Time Step: 1082900, Simulation Time: 3125.9761 s
 Time Step: 1083000, Simulation Time: 3126.2539 s
 Time Step: 1083100, Simulation Time: 3126.5257 s
 Time Step: 1083200, Simulation Time: 3126.8011 s
 Time Step: 1083300, Simulation Time: 3127.0697 s
 Time Step: 1083400, Simulation Time: 3127.3513 s
 Time Step: 1083500, Simulation Time: 3127.6423 s
 Time Step: 1083600, Simulation Time: 3127.9186 s
 Time Step: 1083700, Simulation Time: 3128.1949 s
 Time Step: 1083800, Simulation Time: 3128.4644 s
 Time Step: 1083900, Simulation Time: 3128.7341 s
 Time Step: 1084000, Simulation Time: 3129.0036 s
 Time Step: 1084100, Simulation Time: 3129.2738 s
 Time Step: 1084200, Simulation Time: 3129.5433 s
 Time Step: 1084300, Simulation Time: 3129.8094 s
 Time Step: 1084400, Simulation Time: 3130.0895 s
 Time Step: 1084500, Simulation Time: 3130.3646 s
 Time Step: 1084600, Simulation Time: 3130.6327 s
 Time Step: 1084700, Simulation Time: 3130.9109 s
 Time Step: 1084800, Simulation Time: 3131.1737 s
 Time Step: 1084900, Simulation Time: 3131.4496 s
 Time Step: 1085000, Simulation Time: 3131.7230 s
 Time Step: 1085100, Simulation Time: 3131.9934 s
 Time Step: 1085200, Simulation Time: 3132.2637 s
 Time Step: 1085300, Simulation Time: 3132.5448 s
 Time Step: 1085400, Simulation Time: 3132.8222 s
 Time Step: 1085500, Simulation Time: 3133.0931 s
 Time Step: 1085600, Simulation Time: 3133.3758 s
 Time Step: 1085700, Simulation Time: 3133.6519 s
 Time Step: 1085800, Simulation Time: 3133.9318 s
 Time Step: 1085900, Simulation Time: 3134.2101 s
 Time Step: 1086000, Simulation Time: 3134.4844 s
 Time Step: 1086100, Simulation Time: 3134.7635 s
 Time Step: 1086200, Simulation Time: 3135.0345 s
 Time Step: 1086300, Simulation Time: 3135.3131 s
 Time Step: 1086400, Simulation Time: 3135.5968 s
 Time Step: 1086500, Simulation Time: 3135.8782 s
 Time Step: 1086600, Simulation Time: 3136.1504 s
 Time Step: 1086700, Simulation Time: 3136.4254 s
 Time Step: 1086800, Simulation Time: 3136.6912 s
 Time Step: 1086900, Simulation Time: 3136.9577 s
 Time Step: 1087000, Simulation Time: 3137.2299 s
 Time Step: 1087100, Simulation Time: 3137.5018 s
 Time Step: 1087200, Simulation Time: 3137.7780 s
 Time Step: 1087300, Simulation Time: 3138.0494 s
 Time Step: 1087400, Simulation Time: 3138.3315 s
 Time Step: 1087500, Simulation Time: 3138.6102 s
 Time Step: 1087600, Simulation Time: 3138.8637 s
 Time Step: 1087700, Simulation Time: 3139.1236 s
 Time Step: 1087800, Simulation Time: 3139.3957 s
 Time Step: 1087900, Simulation Time: 3139.6537 s
 Time Step: 1088000, Simulation Time: 3139.9243 s
 Time Step: 1088100, Simulation Time: 3140.1928 s
 Time Step: 1088200, Simulation Time: 3140.4641 s
 Time Step: 1088300, Simulation Time: 3140.7410 s
 Time Step: 1088400, Simulation Time: 3141.0056 s
 Time Step: 1088500, Simulation Time: 3141.2831 s
 Time Step: 1088600, Simulation Time: 3141.5698 s
 Time Step: 1088700, Simulation Time: 3141.8411 s
 Time Step: 1088800, Simulation Time: 3142.1050 s
 Time Step: 1088900, Simulation Time: 3142.3718 s
 Time Step: 1089000, Simulation Time: 3142.6400 s
 Time Step: 1089100, Simulation Time: 3142.9143 s
 Time Step: 1089200, Simulation Time: 3143.1885 s
 Time Step: 1089300, Simulation Time: 3143.4646 s
 Time Step: 1089400, Simulation Time: 3143.7418 s
 Time Step: 1089500, Simulation Time: 3144.0174 s
 Time Step: 1089600, Simulation Time: 3144.3037 s
 Time Step: 1089700, Simulation Time: 3144.5808 s
 Time Step: 1089800, Simulation Time: 3144.8482 s
 Time Step: 1089900, Simulation Time: 3145.1282 s
 Time Step: 1090000, Simulation Time: 3145.3982 s
 Time Step: 1090100, Simulation Time: 3145.6757 s
 Time Step: 1090200, Simulation Time: 3145.9562 s
 Time Step: 1090300, Simulation Time: 3146.2252 s
 Time Step: 1090400, Simulation Time: 3146.4898 s
 Time Step: 1090500, Simulation Time: 3146.7605 s
 Time Step: 1090600, Simulation Time: 3147.0295 s
 Time Step: 1090700, Simulation Time: 3147.2990 s
 Time Step: 1090800, Simulation Time: 3147.5837 s
 Time Step: 1090900, Simulation Time: 3147.8707 s
 Time Step: 1091000, Simulation Time: 3148.1567 s
 Time Step: 1091100, Simulation Time: 3148.4241 s
 Time Step: 1091200, Simulation Time: 3148.7032 s
 Time Step: 1091300, Simulation Time: 3148.9958 s
 Time Step: 1091400, Simulation Time: 3149.2815 s
 Time Step: 1091500, Simulation Time: 3149.5598 s
 Time Step: 1091600, Simulation Time: 3149.8207 s
 Time Step: 1091700, Simulation Time: 3150.0820 s
 Time Step: 1091800, Simulation Time: 3150.3438 s
 Time Step: 1091900, Simulation Time: 3150.6311 s
 Time Step: 1092000, Simulation Time: 3150.9065 s
 Time Step: 1092100, Simulation Time: 3151.1849 s
 Time Step: 1092200, Simulation Time: 3151.4655 s
 Time Step: 1092300, Simulation Time: 3151.7406 s
 Time Step: 1092400, Simulation Time: 3152.0149 s
 Time Step: 1092500, Simulation Time: 3152.2950 s
 Time Step: 1092600, Simulation Time: 3152.5830 s
 Time Step: 1092700, Simulation Time: 3152.8644 s
 Time Step: 1092800, Simulation Time: 3153.1379 s
 Time Step: 1092900, Simulation Time: 3153.4019 s
 Time Step: 1093000, Simulation Time: 3153.6873 s
 Time Step: 1093100, Simulation Time: 3153.9674 s
 Time Step: 1093200, Simulation Time: 3154.2574 s
 Time Step: 1093300, Simulation Time: 3154.5446 s
 Time Step: 1093400, Simulation Time: 3154.8277 s
 Time Step: 1093500, Simulation Time: 3155.1109 s
 Time Step: 1093600, Simulation Time: 3155.3903 s
 Time Step: 1093700, Simulation Time: 3155.6632 s
 Time Step: 1093800, Simulation Time: 3155.9297 s
 Time Step: 1093900, Simulation Time: 3156.1994 s
 Time Step: 1094000, Simulation Time: 3156.4821 s
 Time Step: 1094100, Simulation Time: 3156.7625 s
 Time Step: 1094200, Simulation Time: 3157.0336 s
 Time Step: 1094300, Simulation Time: 3157.3041 s
 Time Step: 1094400, Simulation Time: 3157.5833 s
 Time Step: 1094500, Simulation Time: 3157.8686 s
 Time Step: 1094600, Simulation Time: 3158.1411 s
 Time Step: 1094700, Simulation Time: 3158.4164 s
 Time Step: 1094800, Simulation Time: 3158.6908 s
 Time Step: 1094900, Simulation Time: 3158.9626 s
 Time Step: 1095000, Simulation Time: 3159.2320 s
 Time Step: 1095100, Simulation Time: 3159.5019 s
 Time Step: 1095200, Simulation Time: 3159.7703 s
 Time Step: 1095300, Simulation Time: 3160.0491 s
 Time Step: 1095400, Simulation Time: 3160.3267 s
 Time Step: 1095500, Simulation Time: 3160.6011 s
 Time Step: 1095600, Simulation Time: 3160.8864 s
 Time Step: 1095700, Simulation Time: 3161.1711 s
 Time Step: 1095800, Simulation Time: 3161.4384 s
 Time Step: 1095900, Simulation Time: 3161.7072 s
 Time Step: 1096000, Simulation Time: 3161.9738 s
 Time Step: 1096100, Simulation Time: 3162.2404 s
 Time Step: 1096200, Simulation Time: 3162.5172 s
 Time Step: 1096300, Simulation Time: 3162.8019 s
 Time Step: 1096400, Simulation Time: 3163.0866 s
 Time Step: 1096500, Simulation Time: 3163.3712 s
 Time Step: 1096600, Simulation Time: 3163.6559 s
 Time Step: 1096700, Simulation Time: 3163.9314 s
 Time Step: 1096800, Simulation Time: 3164.2082 s
 Time Step: 1096900, Simulation Time: 3164.4734 s
 Time Step: 1097000, Simulation Time: 3164.7508 s
 Time Step: 1097100, Simulation Time: 3165.0201 s
 Time Step: 1097200, Simulation Time: 3165.2910 s
 Time Step: 1097300, Simulation Time: 3165.5798 s
 Time Step: 1097400, Simulation Time: 3165.8732 s
 Time Step: 1097500, Simulation Time: 3166.1495 s
 Time Step: 1097600, Simulation Time: 3166.4211 s
 Time Step: 1097700, Simulation Time: 3166.6989 s
 Time Step: 1097800, Simulation Time: 3166.9877 s
 Time Step: 1097900, Simulation Time: 3167.2612 s
 Time Step: 1098000, Simulation Time: 3167.5483 s
 Time Step: 1098100, Simulation Time: 3167.8204 s
 Time Step: 1098200, Simulation Time: 3168.0866 s
 Time Step: 1098300, Simulation Time: 3168.3735 s
 Time Step: 1098400, Simulation Time: 3168.6531 s
 Time Step: 1098500, Simulation Time: 3168.9337 s
 Time Step: 1098600, Simulation Time: 3169.2157 s
 Time Step: 1098700, Simulation Time: 3169.4897 s
 Time Step: 1098800, Simulation Time: 3169.7619 s
 Time Step: 1098900, Simulation Time: 3170.0308 s
 Time Step: 1099000, Simulation Time: 3170.3051 s
 Time Step: 1099100, Simulation Time: 3170.5708 s
 Time Step: 1099200, Simulation Time: 3170.8334 s
 Time Step: 1099300, Simulation Time: 3171.1099 s
 Time Step: 1099400, Simulation Time: 3171.3780 s
 Time Step: 1099500, Simulation Time: 3171.6440 s
 Time Step: 1099600, Simulation Time: 3171.9146 s
 Time Step: 1099700, Simulation Time: 3172.1903 s
 Time Step: 1099800, Simulation Time: 3172.4503 s
 Time Step: 1099900, Simulation Time: 3172.7198 s
 Time Step: 1100000, Simulation Time: 3172.9946 s
 Time Step: 1100100, Simulation Time: 3173.2712 s
 Time Step: 1100200, Simulation Time: 3173.5437 s
 Time Step: 1100300, Simulation Time: 3173.8172 s
 Time Step: 1100400, Simulation Time: 3174.0991 s
 Time Step: 1100500, Simulation Time: 3174.3691 s
 Time Step: 1100600, Simulation Time: 3174.6275 s
 Time Step: 1100700, Simulation Time: 3174.8994 s
 Time Step: 1100800, Simulation Time: 3175.1617 s
 Time Step: 1100900, Simulation Time: 3175.4296 s
 Time Step: 1101000, Simulation Time: 3175.7080 s
 Time Step: 1101100, Simulation Time: 3175.9719 s
 Time Step: 1101200, Simulation Time: 3176.2378 s
 Time Step: 1101300, Simulation Time: 3176.5231 s
 Time Step: 1101400, Simulation Time: 3176.7965 s
 Time Step: 1101500, Simulation Time: 3177.0600 s
 Time Step: 1101600, Simulation Time: 3177.3281 s
 Time Step: 1101700, Simulation Time: 3177.5972 s
 Time Step: 1101800, Simulation Time: 3177.8736 s
 Time Step: 1101900, Simulation Time: 3178.1501 s
 Time Step: 1102000, Simulation Time: 3178.4139 s
 Time Step: 1102100, Simulation Time: 3178.6831 s
 Time Step: 1102200, Simulation Time: 3178.9738 s
 Time Step: 1102300, Simulation Time: 3179.2474 s
 Time Step: 1102400, Simulation Time: 3179.5230 s
 Time Step: 1102500, Simulation Time: 3179.7866 s
 Time Step: 1102600, Simulation Time: 3180.0597 s
 Time Step: 1102700, Simulation Time: 3180.3355 s
 Time Step: 1102800, Simulation Time: 3180.6205 s
 Time Step: 1102900, Simulation Time: 3180.8817 s
 Time Step: 1103000, Simulation Time: 3181.1501 s
 Time Step: 1103100, Simulation Time: 3181.4131 s
 Time Step: 1103200, Simulation Time: 3181.6808 s
 Time Step: 1103300, Simulation Time: 3181.9578 s
 Time Step: 1103400, Simulation Time: 3182.2348 s
 Time Step: 1103500, Simulation Time: 3182.4980 s
 Time Step: 1103600, Simulation Time: 3182.7821 s
 Time Step: 1103700, Simulation Time: 3183.0516 s
 Time Step: 1103800, Simulation Time: 3183.3239 s
 Time Step: 1103900, Simulation Time: 3183.6021 s
 Time Step: 1104000, Simulation Time: 3183.8778 s
 Time Step: 1104100, Simulation Time: 3184.1470 s
 Time Step: 1104200, Simulation Time: 3184.4058 s
 Time Step: 1104300, Simulation Time: 3184.6675 s
 Time Step: 1104400, Simulation Time: 3184.9410 s
 Time Step: 1104500, Simulation Time: 3185.2077 s
 Time Step: 1104600, Simulation Time: 3185.4845 s
 Time Step: 1104700, Simulation Time: 3185.7516 s
 Time Step: 1104800, Simulation Time: 3186.0071 s
 Time Step: 1104900, Simulation Time: 3186.2802 s
 Time Step: 1105000, Simulation Time: 3186.5454 s
 Time Step: 1105100, Simulation Time: 3186.8229 s
 Time Step: 1105200, Simulation Time: 3187.0865 s
 Time Step: 1105300, Simulation Time: 3187.3528 s
 Time Step: 1105400, Simulation Time: 3187.6186 s
 Time Step: 1105500, Simulation Time: 3187.8959 s
 Time Step: 1105600, Simulation Time: 3188.1694 s
 Time Step: 1105700, Simulation Time: 3188.4493 s
 Time Step: 1105800, Simulation Time: 3188.7344 s
 Time Step: 1105900, Simulation Time: 3189.0168 s
 Time Step: 1106000, Simulation Time: 3189.2808 s
 Time Step: 1106100, Simulation Time: 3189.5485 s
 Time Step: 1106200, Simulation Time: 3189.8345 s
 Time Step: 1106300, Simulation Time: 3190.1158 s
 Time Step: 1106400, Simulation Time: 3190.4027 s
 Time Step: 1106500, Simulation Time: 3190.6850 s
 Time Step: 1106600, Simulation Time: 3190.9543 s
 Time Step: 1106700, Simulation Time: 3191.2371 s
 Time Step: 1106800, Simulation Time: 3191.5146 s
 Time Step: 1106900, Simulation Time: 3191.7861 s
 Time Step: 1107000, Simulation Time: 3192.0656 s
 Time Step: 1107100, Simulation Time: 3192.3400 s
 Time Step: 1107200, Simulation Time: 3192.6265 s
 Time Step: 1107300, Simulation Time: 3192.9088 s
 Time Step: 1107400, Simulation Time: 3193.1844 s
 Time Step: 1107500, Simulation Time: 3193.4508 s
 Time Step: 1107600, Simulation Time: 3193.7190 s
 Time Step: 1107700, Simulation Time: 3193.9960 s
 Time Step: 1107800, Simulation Time: 3194.2683 s
 Time Step: 1107900, Simulation Time: 3194.5424 s
 Time Step: 1108000, Simulation Time: 3194.8216 s
 Time Step: 1108100, Simulation Time: 3195.1011 s
 Time Step: 1108200, Simulation Time: 3195.3640 s
 Time Step: 1108300, Simulation Time: 3195.6371 s
 Time Step: 1108400, Simulation Time: 3195.9066 s
 Time Step: 1108500, Simulation Time: 3196.1774 s
 Time Step: 1108600, Simulation Time: 3196.4404 s
 Time Step: 1108700, Simulation Time: 3196.7138 s
 Time Step: 1108800, Simulation Time: 3196.9774 s
 Time Step: 1108900, Simulation Time: 3197.2347 s
 Time Step: 1109000, Simulation Time: 3197.5026 s
 Time Step: 1109100, Simulation Time: 3197.7802 s
 Time Step: 1109200, Simulation Time: 3198.0631 s
 Time Step: 1109300, Simulation Time: 3198.3384 s
 Time Step: 1109400, Simulation Time: 3198.6061 s
 Time Step: 1109500, Simulation Time: 3198.8841 s
 Time Step: 1109600, Simulation Time: 3199.1615 s
 Time Step: 1109700, Simulation Time: 3199.4359 s
 Time Step: 1109800, Simulation Time: 3199.7021 s
 Time Step: 1109900, Simulation Time: 3199.9682 s
 Time Step: 1110000, Simulation Time: 3200.2411 s
 Time Step: 1110100, Simulation Time: 3200.5181 s
 Time Step: 1110200, Simulation Time: 3200.7853 s
 Time Step: 1110300, Simulation Time: 3201.0486 s
 Time Step: 1110400, Simulation Time: 3201.3350 s
 Time Step: 1110500, Simulation Time: 3201.5980 s
 Time Step: 1110600, Simulation Time: 3201.8585 s
 Time Step: 1110700, Simulation Time: 3202.1210 s
 Time Step: 1110800, Simulation Time: 3202.3836 s
 Time Step: 1110900, Simulation Time: 3202.6502 s
 Time Step: 1111000, Simulation Time: 3202.9170 s
 Time Step: 1111100, Simulation Time: 3203.1880 s
 Time Step: 1111200, Simulation Time: 3203.4667 s
 Time Step: 1111300, Simulation Time: 3203.7394 s
 Time Step: 1111400, Simulation Time: 3204.0037 s
 Time Step: 1111500, Simulation Time: 3204.2914 s
 Time Step: 1111600, Simulation Time: 3204.5557 s
 Time Step: 1111700, Simulation Time: 3204.8237 s
 Time Step: 1111800, Simulation Time: 3205.0938 s
 Time Step: 1111900, Simulation Time: 3205.3647 s
 Time Step: 1112000, Simulation Time: 3205.6303 s
 Time Step: 1112100, Simulation Time: 3205.9105 s
 Time Step: 1112200, Simulation Time: 3206.1964 s
 Time Step: 1112300, Simulation Time: 3206.4905 s
 Time Step: 1112400, Simulation Time: 3206.7737 s
 Time Step: 1112500, Simulation Time: 3207.0609 s
 Time Step: 1112600, Simulation Time: 3207.3386 s
 Time Step: 1112700, Simulation Time: 3207.6149 s
 Time Step: 1112800, Simulation Time: 3207.8953 s
 Time Step: 1112900, Simulation Time: 3208.1664 s
 Time Step: 1113000, Simulation Time: 3208.4501 s
 Time Step: 1113100, Simulation Time: 3208.7240 s
 Time Step: 1113200, Simulation Time: 3209.0085 s
 Time Step: 1113300, Simulation Time: 3209.2921 s
 Time Step: 1113400, Simulation Time: 3209.5724 s
 Time Step: 1113500, Simulation Time: 3209.8467 s
 Time Step: 1113600, Simulation Time: 3210.1270 s
 Time Step: 1113700, Simulation Time: 3210.4095 s
 Time Step: 1113800, Simulation Time: 3210.6949 s
 Time Step: 1113900, Simulation Time: 3210.9798 s
 Time Step: 1114000, Simulation Time: 3211.2433 s
 Time Step: 1114100, Simulation Time: 3211.5097 s
 Time Step: 1114200, Simulation Time: 3211.7824 s
 Time Step: 1114300, Simulation Time: 3212.0617 s
 Time Step: 1114400, Simulation Time: 3212.3380 s
 Time Step: 1114500, Simulation Time: 3212.6120 s
 Time Step: 1114600, Simulation Time: 3212.8853 s
 Time Step: 1114700, Simulation Time: 3213.1587 s
 Time Step: 1114800, Simulation Time: 3213.4332 s
 Time Step: 1114900, Simulation Time: 3213.6929 s
 Time Step: 1115000, Simulation Time: 3213.9564 s
 Time Step: 1115100, Simulation Time: 3214.2314 s
 Time Step: 1115200, Simulation Time: 3214.5001 s
 Time Step: 1115300, Simulation Time: 3214.7641 s
 Time Step: 1115400, Simulation Time: 3215.0303 s
 Time Step: 1115500, Simulation Time: 3215.2992 s
 Time Step: 1115600, Simulation Time: 3215.5633 s
 Time Step: 1115700, Simulation Time: 3215.8310 s
 Time Step: 1115800, Simulation Time: 3216.1091 s
 Time Step: 1115900, Simulation Time: 3216.3891 s
 Time Step: 1116000, Simulation Time: 3216.6551 s
 Time Step: 1116100, Simulation Time: 3216.9376 s
 Time Step: 1116200, Simulation Time: 3217.2167 s
 Time Step: 1116300, Simulation Time: 3217.4838 s
 Time Step: 1116400, Simulation Time: 3217.7629 s
 Time Step: 1116500, Simulation Time: 3218.0415 s
 Time Step: 1116600, Simulation Time: 3218.3069 s
 Time Step: 1116700, Simulation Time: 3218.5788 s
 Time Step: 1116800, Simulation Time: 3218.8524 s
 Time Step: 1116900, Simulation Time: 3219.1287 s
 Time Step: 1117000, Simulation Time: 3219.3916 s
 Time Step: 1117100, Simulation Time: 3219.6571 s
 Time Step: 1117200, Simulation Time: 3219.9259 s
 Time Step: 1117300, Simulation Time: 3220.2034 s
 Time Step: 1117400, Simulation Time: 3220.4905 s
 Time Step: 1117500, Simulation Time: 3220.7736 s
 Time Step: 1117600, Simulation Time: 3221.0514 s
 Time Step: 1117700, Simulation Time: 3221.3253 s
 Time Step: 1117800, Simulation Time: 3221.6073 s
 Time Step: 1117900, Simulation Time: 3221.8708 s
 Time Step: 1118000, Simulation Time: 3222.1340 s
 Time Step: 1118100, Simulation Time: 3222.4077 s
 Time Step: 1118200, Simulation Time: 3222.6860 s
 Time Step: 1118300, Simulation Time: 3222.9598 s
 Time Step: 1118400, Simulation Time: 3223.2308 s
 Time Step: 1118500, Simulation Time: 3223.5093 s
 Time Step: 1118600, Simulation Time: 3223.7928 s
 Time Step: 1118700, Simulation Time: 3224.0762 s
 Time Step: 1118800, Simulation Time: 3224.3585 s
 Time Step: 1118900, Simulation Time: 3224.6502 s
 Time Step: 1119000, Simulation Time: 3224.9300 s
 Time Step: 1119100, Simulation Time: 3225.2016 s
 Time Step: 1119200, Simulation Time: 3225.4862 s
 Time Step: 1119300, Simulation Time: 3225.7694 s
 Time Step: 1119400, Simulation Time: 3226.0427 s
 Time Step: 1119500, Simulation Time: 3226.3142 s
 Time Step: 1119600, Simulation Time: 3226.5852 s
 Time Step: 1119700, Simulation Time: 3226.8643 s
 Time Step: 1119800, Simulation Time: 3227.1356 s
 Time Step: 1119900, Simulation Time: 3227.4123 s
 Time Step: 1120000, Simulation Time: 3227.6868 s
 Time Step: 1120100, Simulation Time: 3227.9513 s
 Time Step: 1120200, Simulation Time: 3228.2318 s
 Time Step: 1120300, Simulation Time: 3228.5048 s
 Time Step: 1120400, Simulation Time: 3228.7645 s
 Time Step: 1120500, Simulation Time: 3229.0353 s
 Time Step: 1120600, Simulation Time: 3229.3008 s
 Time Step: 1120700, Simulation Time: 3229.5760 s
 Time Step: 1120800, Simulation Time: 3229.8585 s
 Time Step: 1120900, Simulation Time: 3230.1327 s
 Time Step: 1121000, Simulation Time: 3230.4026 s
 Time Step: 1121100, Simulation Time: 3230.6704 s
 Time Step: 1121200, Simulation Time: 3230.9351 s
 Time Step: 1121300, Simulation Time: 3231.2199 s
 Time Step: 1121400, Simulation Time: 3231.4928 s
 Time Step: 1121500, Simulation Time: 3231.7601 s
 Time Step: 1121600, Simulation Time: 3232.0346 s
 Time Step: 1121700, Simulation Time: 3232.2961 s
 Time Step: 1121800, Simulation Time: 3232.5655 s
 Time Step: 1121900, Simulation Time: 3232.8363 s
 Time Step: 1122000, Simulation Time: 3233.1043 s
 Time Step: 1122100, Simulation Time: 3233.3759 s
 Time Step: 1122200, Simulation Time: 3233.6518 s
 Time Step: 1122300, Simulation Time: 3233.9305 s
 Time Step: 1122400, Simulation Time: 3234.2130 s
 Time Step: 1122500, Simulation Time: 3234.4901 s
 Time Step: 1122600, Simulation Time: 3234.7664 s
 Time Step: 1122700, Simulation Time: 3235.0310 s
 Time Step: 1122800, Simulation Time: 3235.3048 s
 Time Step: 1122900, Simulation Time: 3235.5904 s
 Time Step: 1123000, Simulation Time: 3235.8671 s
 Time Step: 1123100, Simulation Time: 3236.1511 s
 Time Step: 1123200, Simulation Time: 3236.4329 s
 Time Step: 1123300, Simulation Time: 3236.7023 s
 Time Step: 1123400, Simulation Time: 3236.9744 s
 Time Step: 1123500, Simulation Time: 3237.2534 s
 Time Step: 1123600, Simulation Time: 3237.5269 s
 Time Step: 1123700, Simulation Time: 3237.8036 s
 Time Step: 1123800, Simulation Time: 3238.0746 s
 Time Step: 1123900, Simulation Time: 3238.3459 s
 Time Step: 1124000, Simulation Time: 3238.6273 s
 Time Step: 1124100, Simulation Time: 3238.9310 s
 Time Step: 1124200, Simulation Time: 3239.2148 s
 Time Step: 1124300, Simulation Time: 3239.5009 s
 Time Step: 1124400, Simulation Time: 3239.7672 s
 Time Step: 1124500, Simulation Time: 3240.0412 s
 Time Step: 1124600, Simulation Time: 3240.3112 s
 Time Step: 1124700, Simulation Time: 3240.5877 s
 Time Step: 1124800, Simulation Time: 3240.8543 s
 Time Step: 1124900, Simulation Time: 3241.1139 s
 Time Step: 1125000, Simulation Time: 3241.3852 s
 Time Step: 1125100, Simulation Time: 3241.6612 s
 Time Step: 1125200, Simulation Time: 3241.9183 s
 Time Step: 1125300, Simulation Time: 3242.2013 s
 Time Step: 1125400, Simulation Time: 3242.4807 s
 Time Step: 1125500, Simulation Time: 3242.7537 s
 Time Step: 1125600, Simulation Time: 3243.0213 s
 Time Step: 1125700, Simulation Time: 3243.2974 s
 Time Step: 1125800, Simulation Time: 3243.5778 s
 Time Step: 1125900, Simulation Time: 3243.8555 s
 Time Step: 1126000, Simulation Time: 3244.1440 s
 Time Step: 1126100, Simulation Time: 3244.4088 s
 Time Step: 1126200, Simulation Time: 3244.6912 s
 Time Step: 1126300, Simulation Time: 3244.9809 s
 Time Step: 1126400, Simulation Time: 3245.2642 s
 Time Step: 1126500, Simulation Time: 3245.5490 s
 Time Step: 1126600, Simulation Time: 3245.8233 s
 Time Step: 1126700, Simulation Time: 3246.1035 s
 Time Step: 1126800, Simulation Time: 3246.3909 s
 Time Step: 1126900, Simulation Time: 3246.6613 s
 Time Step: 1127000, Simulation Time: 3246.9355 s
 Time Step: 1127100, Simulation Time: 3247.2038 s
 Time Step: 1127200, Simulation Time: 3247.4764 s
 Time Step: 1127300, Simulation Time: 3247.7595 s
 Time Step: 1127400, Simulation Time: 3248.0397 s
 Time Step: 1127500, Simulation Time: 3248.3348 s
 Time Step: 1127600, Simulation Time: 3248.6078 s
 Time Step: 1127700, Simulation Time: 3248.8718 s
 Time Step: 1127800, Simulation Time: 3249.1554 s
 Time Step: 1127900, Simulation Time: 3249.4267 s
 Time Step: 1128000, Simulation Time: 3249.6909 s
 Time Step: 1128100, Simulation Time: 3249.9607 s
 Time Step: 1128200, Simulation Time: 3250.2357 s
 Time Step: 1128300, Simulation Time: 3250.4923 s
 Time Step: 1128400, Simulation Time: 3250.7536 s
 Time Step: 1128500, Simulation Time: 3251.0196 s
 Time Step: 1128600, Simulation Time: 3251.3045 s
 Time Step: 1128700, Simulation Time: 3251.5809 s
 Time Step: 1128800, Simulation Time: 3251.8591 s
 Time Step: 1128900, Simulation Time: 3252.1351 s
 Time Step: 1129000, Simulation Time: 3252.4156 s
 Time Step: 1129100, Simulation Time: 3252.6923 s
 Time Step: 1129200, Simulation Time: 3252.9617 s
 Time Step: 1129300, Simulation Time: 3253.2258 s
 Time Step: 1129400, Simulation Time: 3253.4928 s
 Time Step: 1129500, Simulation Time: 3253.7614 s
 Time Step: 1129600, Simulation Time: 3254.0301 s
 Time Step: 1129700, Simulation Time: 3254.2891 s
 Time Step: 1129800, Simulation Time: 3254.5616 s
 Time Step: 1129900, Simulation Time: 3254.8333 s
 Time Step: 1130000, Simulation Time: 3255.1104 s
 Time Step: 1130100, Simulation Time: 3255.3701 s
 Time Step: 1130200, Simulation Time: 3255.6467 s
 Time Step: 1130300, Simulation Time: 3255.9091 s
 Time Step: 1130400, Simulation Time: 3256.1706 s
 Time Step: 1130500, Simulation Time: 3256.4343 s
 Time Step: 1130600, Simulation Time: 3256.7239 s
 Time Step: 1130700, Simulation Time: 3256.9982 s
 Time Step: 1130800, Simulation Time: 3257.2772 s
 Time Step: 1130900, Simulation Time: 3257.5522 s
 Time Step: 1131000, Simulation Time: 3257.8284 s
 Time Step: 1131100, Simulation Time: 3258.1079 s
 Time Step: 1131200, Simulation Time: 3258.3847 s
 Time Step: 1131300, Simulation Time: 3258.6523 s
 Time Step: 1131400, Simulation Time: 3258.9181 s
 Time Step: 1131500, Simulation Time: 3259.1791 s
 Time Step: 1131600, Simulation Time: 3259.4485 s
 Time Step: 1131700, Simulation Time: 3259.7212 s
 Time Step: 1131800, Simulation Time: 3259.9897 s
 Time Step: 1131900, Simulation Time: 3260.2696 s
 Time Step: 1132000, Simulation Time: 3260.5452 s
 Time Step: 1132100, Simulation Time: 3260.8198 s
 Time Step: 1132200, Simulation Time: 3261.0864 s
 Time Step: 1132300, Simulation Time: 3261.3613 s
 Time Step: 1132400, Simulation Time: 3261.6271 s
 Time Step: 1132500, Simulation Time: 3261.8926 s
 Time Step: 1132600, Simulation Time: 3262.1606 s
 Time Step: 1132700, Simulation Time: 3262.4383 s
 Time Step: 1132800, Simulation Time: 3262.7157 s
 Time Step: 1132900, Simulation Time: 3262.9922 s
 Time Step: 1133000, Simulation Time: 3263.2604 s
 Time Step: 1133100, Simulation Time: 3263.5290 s
 Time Step: 1133200, Simulation Time: 3263.8023 s
 Time Step: 1133300, Simulation Time: 3264.0740 s
 Time Step: 1133400, Simulation Time: 3264.3400 s
 Time Step: 1133500, Simulation Time: 3264.6034 s
 Time Step: 1133600, Simulation Time: 3264.8685 s
 Time Step: 1133700, Simulation Time: 3265.1517 s
 Time Step: 1133800, Simulation Time: 3265.4116 s
 Time Step: 1133900, Simulation Time: 3265.6730 s
 Time Step: 1134000, Simulation Time: 3265.9362 s
 Time Step: 1134100, Simulation Time: 3266.1977 s
 Time Step: 1134200, Simulation Time: 3266.4735 s
 Time Step: 1134300, Simulation Time: 3266.7397 s
 Time Step: 1134400, Simulation Time: 3267.0135 s
 Time Step: 1134500, Simulation Time: 3267.2777 s
 Time Step: 1134600, Simulation Time: 3267.5503 s
 Time Step: 1134700, Simulation Time: 3267.8127 s
 Time Step: 1134800, Simulation Time: 3268.0951 s
 Time Step: 1134900, Simulation Time: 3268.3783 s
 Time Step: 1135000, Simulation Time: 3268.6477 s
 Time Step: 1135100, Simulation Time: 3268.9041 s
 Time Step: 1135200, Simulation Time: 3269.1671 s
 Time Step: 1135300, Simulation Time: 3269.4531 s
 Time Step: 1135400, Simulation Time: 3269.7372 s
 Time Step: 1135500, Simulation Time: 3270.0065 s
 Time Step: 1135600, Simulation Time: 3270.2708 s
 Time Step: 1135700, Simulation Time: 3270.5458 s
 Time Step: 1135800, Simulation Time: 3270.8282 s
 Time Step: 1135900, Simulation Time: 3271.1001 s
 Time Step: 1136000, Simulation Time: 3271.3738 s
 Time Step: 1136100, Simulation Time: 3271.6411 s
 Time Step: 1136200, Simulation Time: 3271.9106 s
 Time Step: 1136300, Simulation Time: 3272.1725 s
 Time Step: 1136400, Simulation Time: 3272.4390 s
 Time Step: 1136500, Simulation Time: 3272.7092 s
 Time Step: 1136600, Simulation Time: 3272.9764 s
 Time Step: 1136700, Simulation Time: 3273.2597 s
 Time Step: 1136800, Simulation Time: 3273.5273 s
 Time Step: 1136900, Simulation Time: 3273.8027 s
 Time Step: 1137000, Simulation Time: 3274.0739 s
 Time Step: 1137100, Simulation Time: 3274.3503 s
 Time Step: 1137200, Simulation Time: 3274.6354 s
 Time Step: 1137300, Simulation Time: 3274.9200 s
 Time Step: 1137400, Simulation Time: 3275.1998 s
 Time Step: 1137500, Simulation Time: 3275.4798 s
 Time Step: 1137600, Simulation Time: 3275.7594 s
 Time Step: 1137700, Simulation Time: 3276.0337 s
 Time Step: 1137800, Simulation Time: 3276.2965 s
 Time Step: 1137900, Simulation Time: 3276.5577 s
 Time Step: 1138000, Simulation Time: 3276.8241 s
 Time Step: 1138100, Simulation Time: 3277.0911 s
 Time Step: 1138200, Simulation Time: 3277.3486 s
 Time Step: 1138300, Simulation Time: 3277.6179 s
 Time Step: 1138400, Simulation Time: 3277.8839 s
 Time Step: 1138500, Simulation Time: 3278.1656 s
 Time Step: 1138600, Simulation Time: 3278.4409 s
 Time Step: 1138700, Simulation Time: 3278.7042 s
 Time Step: 1138800, Simulation Time: 3278.9833 s
 Time Step: 1138900, Simulation Time: 3279.2613 s
 Time Step: 1139000, Simulation Time: 3279.5325 s
 Time Step: 1139100, Simulation Time: 3279.8133 s
 Time Step: 1139200, Simulation Time: 3280.0839 s
 Time Step: 1139300, Simulation Time: 3280.3526 s
 Time Step: 1139400, Simulation Time: 3280.6236 s
 Time Step: 1139500, Simulation Time: 3280.8987 s
 Time Step: 1139600, Simulation Time: 3281.1649 s
 Time Step: 1139700, Simulation Time: 3281.4271 s
 Time Step: 1139800, Simulation Time: 3281.6947 s
 Time Step: 1139900, Simulation Time: 3281.9713 s
 Time Step: 1140000, Simulation Time: 3282.2393 s
 Time Step: 1140100, Simulation Time: 3282.5036 s
 Time Step: 1140200, Simulation Time: 3282.7861 s
 Time Step: 1140300, Simulation Time: 3283.0545 s
 Time Step: 1140400, Simulation Time: 3283.3220 s
 Time Step: 1140500, Simulation Time: 3283.5941 s
 Time Step: 1140600, Simulation Time: 3283.8612 s
 Time Step: 1140700, Simulation Time: 3284.1230 s
 Time Step: 1140800, Simulation Time: 3284.4046 s
 Time Step: 1140900, Simulation Time: 3284.6870 s
 Time Step: 1141000, Simulation Time: 3284.9694 s
 Time Step: 1141100, Simulation Time: 3285.2466 s
 Time Step: 1141200, Simulation Time: 3285.5206 s
 Time Step: 1141300, Simulation Time: 3285.7985 s
 Time Step: 1141400, Simulation Time: 3286.0776 s
 Time Step: 1141500, Simulation Time: 3286.3543 s
 Time Step: 1141600, Simulation Time: 3286.6409 s
 Time Step: 1141700, Simulation Time: 3286.9246 s
 Time Step: 1141800, Simulation Time: 3287.1978 s
 Time Step: 1141900, Simulation Time: 3287.4597 s
 Time Step: 1142000, Simulation Time: 3287.7429 s
 Time Step: 1142100, Simulation Time: 3288.0202 s
 Time Step: 1142200, Simulation Time: 3288.2965 s
 Time Step: 1142300, Simulation Time: 3288.5752 s
 Time Step: 1142400, Simulation Time: 3288.8512 s
 Time Step: 1142500, Simulation Time: 3289.1346 s
 Time Step: 1142600, Simulation Time: 3289.4136 s
 Time Step: 1142700, Simulation Time: 3289.6843 s
 Time Step: 1142800, Simulation Time: 3289.9704 s
 Time Step: 1142900, Simulation Time: 3290.2534 s
 Time Step: 1143000, Simulation Time: 3290.5277 s
 Time Step: 1143100, Simulation Time: 3290.7984 s
 Time Step: 1143200, Simulation Time: 3291.0607 s
 Time Step: 1143300, Simulation Time: 3291.3254 s
 Time Step: 1143400, Simulation Time: 3291.5833 s
 Time Step: 1143500, Simulation Time: 3291.8451 s
 Time Step: 1143600, Simulation Time: 3292.1292 s
 Time Step: 1143700, Simulation Time: 3292.3964 s
 Time Step: 1143800, Simulation Time: 3292.6735 s
 Time Step: 1143900, Simulation Time: 3292.9388 s
 Time Step: 1144000, Simulation Time: 3293.2035 s
 Time Step: 1144100, Simulation Time: 3293.4783 s
 Time Step: 1144200, Simulation Time: 3293.7514 s
 Time Step: 1144300, Simulation Time: 3294.0268 s
 Time Step: 1144400, Simulation Time: 3294.2976 s
 Time Step: 1144500, Simulation Time: 3294.5694 s
 Time Step: 1144600, Simulation Time: 3294.8449 s
 Time Step: 1144700, Simulation Time: 3295.1229 s
 Time Step: 1144800, Simulation Time: 3295.3876 s
 Time Step: 1144900, Simulation Time: 3295.6549 s
 Time Step: 1145000, Simulation Time: 3295.9231 s
 Time Step: 1145100, Simulation Time: 3296.1940 s
 Time Step: 1145200, Simulation Time: 3296.4577 s
 Time Step: 1145300, Simulation Time: 3296.7292 s
 Time Step: 1145400, Simulation Time: 3297.0053 s
 Time Step: 1145500, Simulation Time: 3297.2750 s
 Time Step: 1145600, Simulation Time: 3297.5439 s
 Time Step: 1145700, Simulation Time: 3297.8250 s
 Time Step: 1145800, Simulation Time: 3298.1038 s
 Time Step: 1145900, Simulation Time: 3298.3783 s
 Time Step: 1146000, Simulation Time: 3298.6569 s
 Time Step: 1146100, Simulation Time: 3298.9327 s
 Time Step: 1146200, Simulation Time: 3299.2083 s
 Time Step: 1146300, Simulation Time: 3299.4799 s
 Time Step: 1146400, Simulation Time: 3299.7614 s
 Time Step: 1146500, Simulation Time: 3300.0291 s
 Time Step: 1146600, Simulation Time: 3300.3012 s
 Time Step: 1146700, Simulation Time: 3300.5820 s
 Time Step: 1146800, Simulation Time: 3300.8557 s
 Time Step: 1146900, Simulation Time: 3301.1321 s
 Time Step: 1147000, Simulation Time: 3301.3994 s
 Time Step: 1147100, Simulation Time: 3301.6748 s
 Time Step: 1147200, Simulation Time: 3301.9398 s
 Time Step: 1147300, Simulation Time: 3302.2151 s
 Time Step: 1147400, Simulation Time: 3302.4892 s
 Time Step: 1147500, Simulation Time: 3302.7665 s
 Time Step: 1147600, Simulation Time: 3303.0445 s
 Time Step: 1147700, Simulation Time: 3303.3202 s
 Time Step: 1147800, Simulation Time: 3303.5950 s
 Time Step: 1147900, Simulation Time: 3303.8706 s
 Time Step: 1148000, Simulation Time: 3304.1439 s
 Time Step: 1148100, Simulation Time: 3304.4245 s
 Time Step: 1148200, Simulation Time: 3304.7024 s
 Time Step: 1148300, Simulation Time: 3304.9726 s
 Time Step: 1148400, Simulation Time: 3305.2559 s
 Time Step: 1148500, Simulation Time: 3305.5328 s
 Time Step: 1148600, Simulation Time: 3305.8107 s
 Time Step: 1148700, Simulation Time: 3306.0797 s
 Time Step: 1148800, Simulation Time: 3306.3458 s
 Time Step: 1148900, Simulation Time: 3306.6032 s
 Time Step: 1149000, Simulation Time: 3306.8792 s
 Time Step: 1149100, Simulation Time: 3307.1464 s
 Time Step: 1149200, Simulation Time: 3307.4222 s
 Time Step: 1149300, Simulation Time: 3307.6917 s
 Time Step: 1149400, Simulation Time: 3307.9703 s
 Time Step: 1149500, Simulation Time: 3308.2386 s
 Time Step: 1149600, Simulation Time: 3308.5067 s
 Time Step: 1149700, Simulation Time: 3308.7796 s
 Time Step: 1149800, Simulation Time: 3309.0458 s
 Time Step: 1149900, Simulation Time: 3309.3183 s
 Time Step: 1150000, Simulation Time: 3309.5860 s
 Time Step: 1150100, Simulation Time: 3309.8650 s
 Time Step: 1150200, Simulation Time: 3310.1478 s
 Time Step: 1150300, Simulation Time: 3310.4285 s
 Time Step: 1150400, Simulation Time: 3310.7053 s
 Time Step: 1150500, Simulation Time: 3310.9775 s
 Time Step: 1150600, Simulation Time: 3311.2515 s
 Time Step: 1150700, Simulation Time: 3311.5303 s
 Time Step: 1150800, Simulation Time: 3311.8111 s
 Time Step: 1150900, Simulation Time: 3312.0741 s
 Time Step: 1151000, Simulation Time: 3312.3541 s
 Time Step: 1151100, Simulation Time: 3312.6291 s
 Time Step: 1151200, Simulation Time: 3312.9004 s
 Time Step: 1151300, Simulation Time: 3313.1708 s
 Time Step: 1151400, Simulation Time: 3313.4414 s
 Time Step: 1151500, Simulation Time: 3313.7215 s
 Time Step: 1151600, Simulation Time: 3313.9989 s
 Time Step: 1151700, Simulation Time: 3314.2860 s
 Time Step: 1151800, Simulation Time: 3314.5736 s
 Time Step: 1151900, Simulation Time: 3314.8565 s
 Time Step: 1152000, Simulation Time: 3315.1432 s
 Time Step: 1152100, Simulation Time: 3315.4237 s
 Time Step: 1152200, Simulation Time: 3315.7020 s
 Time Step: 1152300, Simulation Time: 3315.9969 s
 Time Step: 1152400, Simulation Time: 3316.2848 s
 Time Step: 1152500, Simulation Time: 3316.5643 s
 Time Step: 1152600, Simulation Time: 3316.8363 s
 Time Step: 1152700, Simulation Time: 3317.1003 s
 Time Step: 1152800, Simulation Time: 3317.3643 s
 Time Step: 1152900, Simulation Time: 3317.6281 s
 Time Step: 1153000, Simulation Time: 3317.9055 s
 Time Step: 1153100, Simulation Time: 3318.1747 s
 Time Step: 1153200, Simulation Time: 3318.4408 s
 Time Step: 1153300, Simulation Time: 3318.7149 s
 Time Step: 1153400, Simulation Time: 3318.9824 s
 Time Step: 1153500, Simulation Time: 3319.2615 s
 Time Step: 1153600, Simulation Time: 3319.5329 s
 Time Step: 1153700, Simulation Time: 3319.8028 s
 Time Step: 1153800, Simulation Time: 3320.0923 s
 Time Step: 1153900, Simulation Time: 3320.3681 s
 Time Step: 1154000, Simulation Time: 3320.6497 s
 Time Step: 1154100, Simulation Time: 3320.9314 s
 Time Step: 1154200, Simulation Time: 3321.2041 s
 Time Step: 1154300, Simulation Time: 3321.4762 s
 Time Step: 1154400, Simulation Time: 3321.7381 s
 Time Step: 1154500, Simulation Time: 3322.0051 s
 Time Step: 1154600, Simulation Time: 3322.2791 s
 Time Step: 1154700, Simulation Time: 3322.5558 s
 Time Step: 1154800, Simulation Time: 3322.8426 s
 Time Step: 1154900, Simulation Time: 3323.1262 s
 Time Step: 1155000, Simulation Time: 3323.4026 s
 Time Step: 1155100, Simulation Time: 3323.6839 s
 Time Step: 1155200, Simulation Time: 3323.9513 s
 Time Step: 1155300, Simulation Time: 3324.2247 s
 Time Step: 1155400, Simulation Time: 3324.4998 s
 Time Step: 1155500, Simulation Time: 3324.7737 s
 Time Step: 1155600, Simulation Time: 3325.0255 s
 Time Step: 1155700, Simulation Time: 3325.2861 s
 Time Step: 1155800, Simulation Time: 3325.5483 s
 Time Step: 1155900, Simulation Time: 3325.8190 s
 Time Step: 1156000, Simulation Time: 3326.0917 s
 Time Step: 1156100, Simulation Time: 3326.3766 s
 Time Step: 1156200, Simulation Time: 3326.6490 s
 Time Step: 1156300, Simulation Time: 3326.9233 s
 Time Step: 1156400, Simulation Time: 3327.1973 s
 Time Step: 1156500, Simulation Time: 3327.4664 s
 Time Step: 1156600, Simulation Time: 3327.7431 s
 Time Step: 1156700, Simulation Time: 3328.0060 s
 Time Step: 1156800, Simulation Time: 3328.2790 s
 Time Step: 1156900, Simulation Time: 3328.5542 s
 Time Step: 1157000, Simulation Time: 3328.8345 s
 Time Step: 1157100, Simulation Time: 3329.1084 s
 Time Step: 1157200, Simulation Time: 3329.3781 s
 Time Step: 1157300, Simulation Time: 3329.6559 s
 Time Step: 1157400, Simulation Time: 3329.9402 s
 Time Step: 1157500, Simulation Time: 3330.2365 s
 Time Step: 1157600, Simulation Time: 3330.5056 s
 Time Step: 1157700, Simulation Time: 3330.7849 s
 Time Step: 1157800, Simulation Time: 3331.0583 s
 Time Step: 1157900, Simulation Time: 3331.3335 s
 Time Step: 1158000, Simulation Time: 3331.6150 s
 Time Step: 1158100, Simulation Time: 3331.8827 s
 Time Step: 1158200, Simulation Time: 3332.1516 s
 Time Step: 1158300, Simulation Time: 3332.4214 s
 Time Step: 1158400, Simulation Time: 3332.7040 s
 Time Step: 1158500, Simulation Time: 3332.9682 s
 Time Step: 1158600, Simulation Time: 3333.2372 s
 Time Step: 1158700, Simulation Time: 3333.5123 s
 Time Step: 1158800, Simulation Time: 3333.7888 s
 Time Step: 1158900, Simulation Time: 3334.0614 s
 Time Step: 1159000, Simulation Time: 3334.3402 s
 Time Step: 1159100, Simulation Time: 3334.6247 s
 Time Step: 1159200, Simulation Time: 3334.8938 s
 Time Step: 1159300, Simulation Time: 3335.1617 s
 Time Step: 1159400, Simulation Time: 3335.4408 s
 Time Step: 1159500, Simulation Time: 3335.7219 s
 Time Step: 1159600, Simulation Time: 3336.0002 s
 Time Step: 1159700, Simulation Time: 3336.2793 s
 Time Step: 1159800, Simulation Time: 3336.5694 s
 Time Step: 1159900, Simulation Time: 3336.8521 s
 Time Step: 1160000, Simulation Time: 3337.1242 s
 Time Step: 1160100, Simulation Time: 3337.4010 s
 Time Step: 1160200, Simulation Time: 3337.6692 s
 Time Step: 1160300, Simulation Time: 3337.9453 s
 Time Step: 1160400, Simulation Time: 3338.2094 s
 Time Step: 1160500, Simulation Time: 3338.4771 s
 Time Step: 1160600, Simulation Time: 3338.7626 s
 Time Step: 1160700, Simulation Time: 3339.0273 s
 Time Step: 1160800, Simulation Time: 3339.2980 s
 Time Step: 1160900, Simulation Time: 3339.5648 s
 Time Step: 1161000, Simulation Time: 3339.8376 s
 Time Step: 1161100, Simulation Time: 3340.1174 s
 Time Step: 1161200, Simulation Time: 3340.3940 s
 Time Step: 1161300, Simulation Time: 3340.6586 s
 Time Step: 1161400, Simulation Time: 3340.9205 s
 Time Step: 1161500, Simulation Time: 3341.1950 s
 Time Step: 1161600, Simulation Time: 3341.4650 s
 Time Step: 1161700, Simulation Time: 3341.7283 s
 Time Step: 1161800, Simulation Time: 3341.9951 s
 Time Step: 1161900, Simulation Time: 3342.2586 s
 Time Step: 1162000, Simulation Time: 3342.5328 s
 Time Step: 1162100, Simulation Time: 3342.7977 s
 Time Step: 1162200, Simulation Time: 3343.0695 s
 Time Step: 1162300, Simulation Time: 3343.3364 s
 Time Step: 1162400, Simulation Time: 3343.5990 s
 Time Step: 1162500, Simulation Time: 3343.8650 s
 Time Step: 1162600, Simulation Time: 3344.1434 s
 Time Step: 1162700, Simulation Time: 3344.4135 s
 Time Step: 1162800, Simulation Time: 3344.6805 s
 Time Step: 1162900, Simulation Time: 3344.9651 s
 Time Step: 1163000, Simulation Time: 3345.2407 s
 Time Step: 1163100, Simulation Time: 3345.5256 s
 Time Step: 1163200, Simulation Time: 3345.8067 s
 Time Step: 1163300, Simulation Time: 3346.0640 s
 Time Step: 1163400, Simulation Time: 3346.3304 s
 Time Step: 1163500, Simulation Time: 3346.6095 s
 Time Step: 1163600, Simulation Time: 3346.8837 s
 Time Step: 1163700, Simulation Time: 3347.1576 s
 Time Step: 1163800, Simulation Time: 3347.4356 s
 Time Step: 1163900, Simulation Time: 3347.7128 s
 Time Step: 1164000, Simulation Time: 3347.9873 s
 Time Step: 1164100, Simulation Time: 3348.2475 s
 Time Step: 1164200, Simulation Time: 3348.5293 s
 Time Step: 1164300, Simulation Time: 3348.8064 s
 Time Step: 1164400, Simulation Time: 3349.0776 s
 Time Step: 1164500, Simulation Time: 3349.3601 s
 Time Step: 1164600, Simulation Time: 3349.6335 s
 Time Step: 1164700, Simulation Time: 3349.8975 s
 Time Step: 1164800, Simulation Time: 3350.1648 s
 Time Step: 1164900, Simulation Time: 3350.4463 s
 Time Step: 1165000, Simulation Time: 3350.7230 s
 Time Step: 1165100, Simulation Time: 3350.9934 s
 Time Step: 1165200, Simulation Time: 3351.2606 s
 Time Step: 1165300, Simulation Time: 3351.5324 s
 Time Step: 1165400, Simulation Time: 3351.8066 s
 Time Step: 1165500, Simulation Time: 3352.0787 s
 Time Step: 1165600, Simulation Time: 3352.3495 s
 Time Step: 1165700, Simulation Time: 3352.6291 s
 Time Step: 1165800, Simulation Time: 3352.9020 s
 Time Step: 1165900, Simulation Time: 3353.1702 s
 Time Step: 1166000, Simulation Time: 3353.4403 s
 Time Step: 1166100, Simulation Time: 3353.7075 s
 Time Step: 1166200, Simulation Time: 3353.9777 s
 Time Step: 1166300, Simulation Time: 3354.2514 s
 Time Step: 1166400, Simulation Time: 3354.5183 s
 Time Step: 1166500, Simulation Time: 3354.7834 s
 Time Step: 1166600, Simulation Time: 3355.0544 s
 Time Step: 1166700, Simulation Time: 3355.3265 s
 Time Step: 1166800, Simulation Time: 3355.5916 s
 Time Step: 1166900, Simulation Time: 3355.8596 s
 Time Step: 1167000, Simulation Time: 3356.1420 s
 Time Step: 1167100, Simulation Time: 3356.4137 s
 Time Step: 1167200, Simulation Time: 3356.6856 s
 Time Step: 1167300, Simulation Time: 3356.9505 s
 Time Step: 1167400, Simulation Time: 3357.2224 s
 Time Step: 1167500, Simulation Time: 3357.4814 s
 Time Step: 1167600, Simulation Time: 3357.7572 s
 Time Step: 1167700, Simulation Time: 3358.0330 s
 Time Step: 1167800, Simulation Time: 3358.2971 s
 Time Step: 1167900, Simulation Time: 3358.5739 s
 Time Step: 1168000, Simulation Time: 3358.8518 s
 Time Step: 1168100, Simulation Time: 3359.1140 s
 Time Step: 1168200, Simulation Time: 3359.3833 s
 Time Step: 1168300, Simulation Time: 3359.6529 s
 Time Step: 1168400, Simulation Time: 3359.9317 s
 Time Step: 1168500, Simulation Time: 3360.1949 s
 Time Step: 1168600, Simulation Time: 3360.4676 s
 Time Step: 1168700, Simulation Time: 3360.7427 s
 Time Step: 1168800, Simulation Time: 3361.0221 s
 Time Step: 1168900, Simulation Time: 3361.2995 s
 Time Step: 1169000, Simulation Time: 3361.5712 s
 Time Step: 1169100, Simulation Time: 3361.8461 s
 Time Step: 1169200, Simulation Time: 3362.1227 s
 Time Step: 1169300, Simulation Time: 3362.4010 s
 Time Step: 1169400, Simulation Time: 3362.6831 s
 Time Step: 1169500, Simulation Time: 3362.9521 s
 Time Step: 1169600, Simulation Time: 3363.2301 s
 Time Step: 1169700, Simulation Time: 3363.5047 s
 Time Step: 1169800, Simulation Time: 3363.7739 s
 Time Step: 1169900, Simulation Time: 3364.0430 s
 Time Step: 1170000, Simulation Time: 3364.3148 s
 Time Step: 1170100, Simulation Time: 3364.5981 s
 Time Step: 1170200, Simulation Time: 3364.8892 s
 Time Step: 1170300, Simulation Time: 3365.1672 s
 Time Step: 1170400, Simulation Time: 3365.4460 s
 Time Step: 1170500, Simulation Time: 3365.7249 s
 Time Step: 1170600, Simulation Time: 3366.0149 s
 Time Step: 1170700, Simulation Time: 3366.2987 s
 Time Step: 1170800, Simulation Time: 3366.5698 s
 Time Step: 1170900, Simulation Time: 3366.8389 s
 Time Step: 1171000, Simulation Time: 3367.0973 s
 Time Step: 1171100, Simulation Time: 3367.3763 s
 Time Step: 1171200, Simulation Time: 3367.6431 s
 Time Step: 1171300, Simulation Time: 3367.9111 s
 Time Step: 1171400, Simulation Time: 3368.1759 s
 Time Step: 1171500, Simulation Time: 3368.4592 s
 Time Step: 1171600, Simulation Time: 3368.7329 s
 Time Step: 1171700, Simulation Time: 3369.0032 s
 Time Step: 1171800, Simulation Time: 3369.2676 s
 Time Step: 1171900, Simulation Time: 3369.5423 s
 Time Step: 1172000, Simulation Time: 3369.8104 s
 Time Step: 1172100, Simulation Time: 3370.0728 s
 Time Step: 1172200, Simulation Time: 3370.3347 s
 Time Step: 1172300, Simulation Time: 3370.5988 s
 Time Step: 1172400, Simulation Time: 3370.8718 s
 Time Step: 1172500, Simulation Time: 3371.1461 s
 Time Step: 1172600, Simulation Time: 3371.4305 s
 Time Step: 1172700, Simulation Time: 3371.7012 s
 Time Step: 1172800, Simulation Time: 3371.9818 s
 Time Step: 1172900, Simulation Time: 3372.2532 s
 Time Step: 1173000, Simulation Time: 3372.5350 s
 Time Step: 1173100, Simulation Time: 3372.8124 s
 Time Step: 1173200, Simulation Time: 3373.0760 s
 Time Step: 1173300, Simulation Time: 3373.3456 s
 Time Step: 1173400, Simulation Time: 3373.6191 s
 Time Step: 1173500, Simulation Time: 3373.8926 s
 Time Step: 1173600, Simulation Time: 3374.1750 s
 Time Step: 1173700, Simulation Time: 3374.4425 s
 Time Step: 1173800, Simulation Time: 3374.7057 s
 Time Step: 1173900, Simulation Time: 3374.9736 s
 Time Step: 1174000, Simulation Time: 3375.2471 s
 Time Step: 1174100, Simulation Time: 3375.5163 s
 Time Step: 1174200, Simulation Time: 3375.7905 s
 Time Step: 1174300, Simulation Time: 3376.0607 s
 Time Step: 1174400, Simulation Time: 3376.3397 s
 Time Step: 1174500, Simulation Time: 3376.6181 s
 Time Step: 1174600, Simulation Time: 3376.8917 s
 Time Step: 1174700, Simulation Time: 3377.1685 s
 Time Step: 1174800, Simulation Time: 3377.4406 s
 Time Step: 1174900, Simulation Time: 3377.7081 s
 Time Step: 1175000, Simulation Time: 3377.9761 s
 Time Step: 1175100, Simulation Time: 3378.2463 s
 Time Step: 1175200, Simulation Time: 3378.5277 s
 Time Step: 1175300, Simulation Time: 3378.7944 s
 Time Step: 1175400, Simulation Time: 3379.0657 s
 Time Step: 1175500, Simulation Time: 3379.3517 s
 Time Step: 1175600, Simulation Time: 3379.6311 s
 Time Step: 1175700, Simulation Time: 3379.8939 s
 Time Step: 1175800, Simulation Time: 3380.1611 s
 Time Step: 1175900, Simulation Time: 3380.4234 s
 Time Step: 1176000, Simulation Time: 3380.6938 s
 Time Step: 1176100, Simulation Time: 3380.9738 s
 Time Step: 1176200, Simulation Time: 3381.2488 s
 Time Step: 1176300, Simulation Time: 3381.5294 s
 Time Step: 1176400, Simulation Time: 3381.8087 s
 Time Step: 1176500, Simulation Time: 3382.0862 s
 Time Step: 1176600, Simulation Time: 3382.3651 s
 Time Step: 1176700, Simulation Time: 3382.6413 s
 Time Step: 1176800, Simulation Time: 3382.9032 s
 Time Step: 1176900, Simulation Time: 3383.1645 s
 Time Step: 1177000, Simulation Time: 3383.4291 s
 Time Step: 1177100, Simulation Time: 3383.6982 s
 Time Step: 1177200, Simulation Time: 3383.9674 s
 Time Step: 1177300, Simulation Time: 3384.2317 s
 Time Step: 1177400, Simulation Time: 3384.4860 s
 Time Step: 1177500, Simulation Time: 3384.7448 s
 Time Step: 1177600, Simulation Time: 3385.0128 s
 Time Step: 1177700, Simulation Time: 3385.2785 s
 Time Step: 1177800, Simulation Time: 3385.5352 s
 Time Step: 1177900, Simulation Time: 3385.8068 s
 Time Step: 1178000, Simulation Time: 3386.0825 s
 Time Step: 1178100, Simulation Time: 3386.3401 s
 Time Step: 1178200, Simulation Time: 3386.6197 s
 Time Step: 1178300, Simulation Time: 3386.8866 s
 Time Step: 1178400, Simulation Time: 3387.1483 s
 Time Step: 1178500, Simulation Time: 3387.4063 s
 Time Step: 1178600, Simulation Time: 3387.6855 s
 Time Step: 1178700, Simulation Time: 3387.9591 s
 Time Step: 1178800, Simulation Time: 3388.2353 s
 Time Step: 1178900, Simulation Time: 3388.5034 s
 Time Step: 1179000, Simulation Time: 3388.7835 s
 Time Step: 1179100, Simulation Time: 3389.0577 s
 Time Step: 1179200, Simulation Time: 3389.3241 s
 Time Step: 1179300, Simulation Time: 3389.5878 s
 Time Step: 1179400, Simulation Time: 3389.8621 s
 Time Step: 1179500, Simulation Time: 3390.1385 s
 Time Step: 1179600, Simulation Time: 3390.4223 s
 Time Step: 1179700, Simulation Time: 3390.7002 s
 Time Step: 1179800, Simulation Time: 3390.9720 s
 Time Step: 1179900, Simulation Time: 3391.2493 s
 Time Step: 1180000, Simulation Time: 3391.5312 s
 Time Step: 1180100, Simulation Time: 3391.8156 s
 Time Step: 1180200, Simulation Time: 3392.0977 s
 Time Step: 1180300, Simulation Time: 3392.3695 s
 Time Step: 1180400, Simulation Time: 3392.6368 s
 Time Step: 1180500, Simulation Time: 3392.9008 s
 Time Step: 1180600, Simulation Time: 3393.1727 s
 Time Step: 1180700, Simulation Time: 3393.4610 s
 Time Step: 1180800, Simulation Time: 3393.7372 s
 Time Step: 1180900, Simulation Time: 3394.0068 s
 Time Step: 1181000, Simulation Time: 3394.2725 s
 Time Step: 1181100, Simulation Time: 3394.5474 s
 Time Step: 1181200, Simulation Time: 3394.8162 s
 Time Step: 1181300, Simulation Time: 3395.0884 s
 Time Step: 1181400, Simulation Time: 3395.3604 s
 Time Step: 1181500, Simulation Time: 3395.6307 s
 Time Step: 1181600, Simulation Time: 3395.9012 s
 Time Step: 1181700, Simulation Time: 3396.1734 s
 Time Step: 1181800, Simulation Time: 3396.4452 s
 Time Step: 1181900, Simulation Time: 3396.7142 s
 Time Step: 1182000, Simulation Time: 3396.9952 s
 Time Step: 1182100, Simulation Time: 3397.2777 s
 Time Step: 1182200, Simulation Time: 3397.5545 s
 Time Step: 1182300, Simulation Time: 3397.8204 s
 Time Step: 1182400, Simulation Time: 3398.0986 s
 Time Step: 1182500, Simulation Time: 3398.3797 s
 Time Step: 1182600, Simulation Time: 3398.6566 s
 Time Step: 1182700, Simulation Time: 3398.9237 s
 Time Step: 1182800, Simulation Time: 3399.1851 s
 Time Step: 1182900, Simulation Time: 3399.4625 s
 Time Step: 1183000, Simulation Time: 3399.7456 s
 Time Step: 1183100, Simulation Time: 3400.0128 s
 Time Step: 1183200, Simulation Time: 3400.2821 s
 Time Step: 1183300, Simulation Time: 3400.5552 s
 Time Step: 1183400, Simulation Time: 3400.8324 s
 Time Step: 1183500, Simulation Time: 3401.0971 s
 Time Step: 1183600, Simulation Time: 3401.3793 s
 Time Step: 1183700, Simulation Time: 3401.6464 s
 Time Step: 1183800, Simulation Time: 3401.9142 s
 Time Step: 1183900, Simulation Time: 3402.1901 s
 Time Step: 1184000, Simulation Time: 3402.4515 s
 Time Step: 1184100, Simulation Time: 3402.7280 s
 Time Step: 1184200, Simulation Time: 3403.0075 s
 Time Step: 1184300, Simulation Time: 3403.2796 s
 Time Step: 1184400, Simulation Time: 3403.5505 s
 Time Step: 1184500, Simulation Time: 3403.8281 s
 Time Step: 1184600, Simulation Time: 3404.1145 s
 Time Step: 1184700, Simulation Time: 3404.3839 s
 Time Step: 1184800, Simulation Time: 3404.6513 s
 Time Step: 1184900, Simulation Time: 3404.9188 s
 Time Step: 1185000, Simulation Time: 3405.1895 s
 Time Step: 1185100, Simulation Time: 3405.4651 s
 Time Step: 1185200, Simulation Time: 3405.7363 s
 Time Step: 1185300, Simulation Time: 3406.0007 s
 Time Step: 1185400, Simulation Time: 3406.2888 s
 Time Step: 1185500, Simulation Time: 3406.5641 s
 Time Step: 1185600, Simulation Time: 3406.8512 s
 Time Step: 1185700, Simulation Time: 3407.1246 s
 Time Step: 1185800, Simulation Time: 3407.3876 s
 Time Step: 1185900, Simulation Time: 3407.6635 s
 Time Step: 1186000, Simulation Time: 3407.9417 s
 Time Step: 1186100, Simulation Time: 3408.2140 s
 Time Step: 1186200, Simulation Time: 3408.4990 s
 Time Step: 1186300, Simulation Time: 3408.7708 s
 Time Step: 1186400, Simulation Time: 3409.0363 s
 Time Step: 1186500, Simulation Time: 3409.2966 s
 Time Step: 1186600, Simulation Time: 3409.5584 s
 Time Step: 1186700, Simulation Time: 3409.8250 s
 Time Step: 1186800, Simulation Time: 3410.0904 s
 Time Step: 1186900, Simulation Time: 3410.3563 s
 Time Step: 1187000, Simulation Time: 3410.6127 s
 Time Step: 1187100, Simulation Time: 3410.8933 s
 Time Step: 1187200, Simulation Time: 3411.1787 s
 Time Step: 1187300, Simulation Time: 3411.4530 s
 Time Step: 1187400, Simulation Time: 3411.7380 s
 Time Step: 1187500, Simulation Time: 3411.9971 s
 Time Step: 1187600, Simulation Time: 3412.2582 s
 Time Step: 1187700, Simulation Time: 3412.5135 s
 Time Step: 1187800, Simulation Time: 3412.7769 s
 Time Step: 1187900, Simulation Time: 3413.0450 s
 Time Step: 1188000, Simulation Time: 3413.3112 s
 Time Step: 1188100, Simulation Time: 3413.5802 s
 Time Step: 1188200, Simulation Time: 3413.8637 s
 Time Step: 1188300, Simulation Time: 3414.1267 s
 Time Step: 1188400, Simulation Time: 3414.3785 s
 Time Step: 1188500, Simulation Time: 3414.6361 s
 Time Step: 1188600, Simulation Time: 3414.9043 s
 Time Step: 1188700, Simulation Time: 3415.1780 s
 Time Step: 1188800, Simulation Time: 3415.4575 s
 Time Step: 1188900, Simulation Time: 3415.7410 s
 Time Step: 1189000, Simulation Time: 3416.0209 s
 Time Step: 1189100, Simulation Time: 3416.3069 s
 Time Step: 1189200, Simulation Time: 3416.5885 s
 Time Step: 1189300, Simulation Time: 3416.8570 s
 Time Step: 1189400, Simulation Time: 3417.1287 s
 Time Step: 1189500, Simulation Time: 3417.3901 s
 Time Step: 1189600, Simulation Time: 3417.6594 s
 Time Step: 1189700, Simulation Time: 3417.9294 s
 Time Step: 1189800, Simulation Time: 3418.2028 s
 Time Step: 1189900, Simulation Time: 3418.4880 s
 Time Step: 1190000, Simulation Time: 3418.7588 s
 Time Step: 1190100, Simulation Time: 3419.0359 s
 Time Step: 1190200, Simulation Time: 3419.3142 s
 Time Step: 1190300, Simulation Time: 3419.5900 s
 Time Step: 1190400, Simulation Time: 3419.8684 s
 Time Step: 1190500, Simulation Time: 3420.1481 s
 Time Step: 1190600, Simulation Time: 3420.4180 s
 Time Step: 1190700, Simulation Time: 3420.6833 s
 Time Step: 1190800, Simulation Time: 3420.9643 s
 Time Step: 1190900, Simulation Time: 3421.2467 s
 Time Step: 1191000, Simulation Time: 3421.5069 s
 Time Step: 1191100, Simulation Time: 3421.7744 s
 Time Step: 1191200, Simulation Time: 3422.0487 s
 Time Step: 1191300, Simulation Time: 3422.3076 s
 Time Step: 1191400, Simulation Time: 3422.5637 s
 Time Step: 1191500, Simulation Time: 3422.8255 s
 Time Step: 1191600, Simulation Time: 3423.0927 s
 Time Step: 1191700, Simulation Time: 3423.3623 s
 Time Step: 1191800, Simulation Time: 3423.6414 s
 Time Step: 1191900, Simulation Time: 3423.9183 s
 Time Step: 1192000, Simulation Time: 3424.1940 s
 Time Step: 1192100, Simulation Time: 3424.4630 s
 Time Step: 1192200, Simulation Time: 3424.7391 s
 Time Step: 1192300, Simulation Time: 3425.0209 s
 Time Step: 1192400, Simulation Time: 3425.2928 s
 Time Step: 1192500, Simulation Time: 3425.5704 s
 Time Step: 1192600, Simulation Time: 3425.8421 s
 Time Step: 1192700, Simulation Time: 3426.1093 s
 Time Step: 1192800, Simulation Time: 3426.3907 s
 Time Step: 1192900, Simulation Time: 3426.6501 s
 Time Step: 1193000, Simulation Time: 3426.9167 s
 Time Step: 1193100, Simulation Time: 3427.1958 s
 Time Step: 1193200, Simulation Time: 3427.4748 s
 Time Step: 1193300, Simulation Time: 3427.7483 s
 Time Step: 1193400, Simulation Time: 3428.0155 s
 Time Step: 1193500, Simulation Time: 3428.2902 s
 Time Step: 1193600, Simulation Time: 3428.5569 s
 Time Step: 1193700, Simulation Time: 3428.8143 s
 Time Step: 1193800, Simulation Time: 3429.0990 s
 Time Step: 1193900, Simulation Time: 3429.3828 s
 Time Step: 1194000, Simulation Time: 3429.6749 s
 Time Step: 1194100, Simulation Time: 3429.9542 s
 Time Step: 1194200, Simulation Time: 3430.2264 s
 Time Step: 1194300, Simulation Time: 3430.5012 s
 Time Step: 1194400, Simulation Time: 3430.7833 s
 Time Step: 1194500, Simulation Time: 3431.0454 s
 Time Step: 1194600, Simulation Time: 3431.3036 s
 Time Step: 1194700, Simulation Time: 3431.5801 s
 Time Step: 1194800, Simulation Time: 3431.8496 s
 Time Step: 1194900, Simulation Time: 3432.1199 s
 Time Step: 1195000, Simulation Time: 3432.3889 s
 Time Step: 1195100, Simulation Time: 3432.6654 s
 Time Step: 1195200, Simulation Time: 3432.9385 s
 Time Step: 1195300, Simulation Time: 3433.2068 s
 Time Step: 1195400, Simulation Time: 3433.4865 s
 Time Step: 1195500, Simulation Time: 3433.7572 s
 Time Step: 1195600, Simulation Time: 3434.0439 s
 Time Step: 1195700, Simulation Time: 3434.3181 s
 Time Step: 1195800, Simulation Time: 3434.5889 s
 Time Step: 1195900, Simulation Time: 3434.8581 s
 Time Step: 1196000, Simulation Time: 3435.1191 s
 Time Step: 1196100, Simulation Time: 3435.3836 s
 Time Step: 1196200, Simulation Time: 3435.6594 s
 Time Step: 1196300, Simulation Time: 3435.9346 s
 Time Step: 1196400, Simulation Time: 3436.2160 s
 Time Step: 1196500, Simulation Time: 3436.4778 s
 Time Step: 1196600, Simulation Time: 3436.7506 s
 Time Step: 1196700, Simulation Time: 3437.0143 s
 Time Step: 1196800, Simulation Time: 3437.2827 s
 Time Step: 1196900, Simulation Time: 3437.5434 s
 Time Step: 1197000, Simulation Time: 3437.8109 s
 Time Step: 1197100, Simulation Time: 3438.0703 s
 Time Step: 1197200, Simulation Time: 3438.3265 s
 Time Step: 1197300, Simulation Time: 3438.6035 s
 Time Step: 1197400, Simulation Time: 3438.8768 s
 Time Step: 1197500, Simulation Time: 3439.1507 s
 Time Step: 1197600, Simulation Time: 3439.4217 s
 Time Step: 1197700, Simulation Time: 3439.6886 s
 Time Step: 1197800, Simulation Time: 3439.9565 s
 Time Step: 1197900, Simulation Time: 3440.2348 s
 Time Step: 1198000, Simulation Time: 3440.5027 s
 Time Step: 1198100, Simulation Time: 3440.7736 s
 Time Step: 1198200, Simulation Time: 3441.0410 s
 Time Step: 1198300, Simulation Time: 3441.3176 s
 Time Step: 1198400, Simulation Time: 3441.5999 s
 Time Step: 1198500, Simulation Time: 3441.8727 s
 Time Step: 1198600, Simulation Time: 3442.1365 s
 Time Step: 1198700, Simulation Time: 3442.4047 s
 Time Step: 1198800, Simulation Time: 3442.6699 s
 Time Step: 1198900, Simulation Time: 3442.9545 s
 Time Step: 1199000, Simulation Time: 3443.2329 s
 Time Step: 1199100, Simulation Time: 3443.4978 s
 Time Step: 1199200, Simulation Time: 3443.7574 s
 Time Step: 1199300, Simulation Time: 3444.0277 s
 Time Step: 1199400, Simulation Time: 3444.3128 s
 Time Step: 1199500, Simulation Time: 3444.5800 s
 Time Step: 1199600, Simulation Time: 3444.8397 s
 Time Step: 1199700, Simulation Time: 3445.1122 s
 Time Step: 1199800, Simulation Time: 3445.3858 s
 Time Step: 1199900, Simulation Time: 3445.6517 s
 Time Step: 1200000, Simulation Time: 3445.9190 s
 Time Step: 1200100, Simulation Time: 3446.1879 s
 Time Step: 1200200, Simulation Time: 3446.4656 s
 Time Step: 1200300, Simulation Time: 3446.7332 s
 Time Step: 1200400, Simulation Time: 3447.0266 s
 Time Step: 1200500, Simulation Time: 3447.3064 s
 Time Step: 1200600, Simulation Time: 3447.5881 s
 Time Step: 1200700, Simulation Time: 3447.8651 s
 Time Step: 1200800, Simulation Time: 3448.1450 s
 Time Step: 1200900, Simulation Time: 3448.4214 s
 Time Step: 1201000, Simulation Time: 3448.6810 s
 Time Step: 1201100, Simulation Time: 3448.9518 s
 Time Step: 1201200, Simulation Time: 3449.2134 s
 Time Step: 1201300, Simulation Time: 3449.4961 s
 Time Step: 1201400, Simulation Time: 3449.7774 s
 Time Step: 1201500, Simulation Time: 3450.0360 s
 Time Step: 1201600, Simulation Time: 3450.3165 s
 Time Step: 1201700, Simulation Time: 3450.5940 s
 Time Step: 1201800, Simulation Time: 3450.8644 s
 Time Step: 1201900, Simulation Time: 3451.1549 s
 Time Step: 1202000, Simulation Time: 3451.4472 s
 Time Step: 1202100, Simulation Time: 3451.7266 s
 Time Step: 1202200, Simulation Time: 3452.0031 s
 Time Step: 1202300, Simulation Time: 3452.2787 s
 Time Step: 1202400, Simulation Time: 3452.5579 s
 Time Step: 1202500, Simulation Time: 3452.8283 s
 Time Step: 1202600, Simulation Time: 3453.0976 s
 Time Step: 1202700, Simulation Time: 3453.3602 s
 Time Step: 1202800, Simulation Time: 3453.6419 s
 Time Step: 1202900, Simulation Time: 3453.9202 s
 Time Step: 1203000, Simulation Time: 3454.1878 s
 Time Step: 1203100, Simulation Time: 3454.4539 s
 Time Step: 1203200, Simulation Time: 3454.7212 s
 Time Step: 1203300, Simulation Time: 3454.9902 s
 Time Step: 1203400, Simulation Time: 3455.2561 s
 Time Step: 1203500, Simulation Time: 3455.5306 s
 Time Step: 1203600, Simulation Time: 3455.8130 s
 Time Step: 1203700, Simulation Time: 3456.0991 s
 Time Step: 1203800, Simulation Time: 3456.3840 s
 Time Step: 1203900, Simulation Time: 3456.6633 s
 Time Step: 1204000, Simulation Time: 3456.9418 s
 Time Step: 1204100, Simulation Time: 3457.2092 s
 Time Step: 1204200, Simulation Time: 3457.4900 s
 Time Step: 1204300, Simulation Time: 3457.7722 s
 Time Step: 1204400, Simulation Time: 3458.0392 s
 Time Step: 1204500, Simulation Time: 3458.3019 s
 Time Step: 1204600, Simulation Time: 3458.5742 s
 Time Step: 1204700, Simulation Time: 3458.8475 s
 Time Step: 1204800, Simulation Time: 3459.1222 s
 Time Step: 1204900, Simulation Time: 3459.4008 s
 Time Step: 1205000, Simulation Time: 3459.6628 s
 Time Step: 1205100, Simulation Time: 3459.9340 s
 Time Step: 1205200, Simulation Time: 3460.2128 s
 Time Step: 1205300, Simulation Time: 3460.4889 s
 Time Step: 1205400, Simulation Time: 3460.7578 s
 Time Step: 1205500, Simulation Time: 3461.0137 s
 Time Step: 1205600, Simulation Time: 3461.2781 s
 Time Step: 1205700, Simulation Time: 3461.5481 s
 Time Step: 1205800, Simulation Time: 3461.8205 s
 Time Step: 1205900, Simulation Time: 3462.0918 s
 Time Step: 1206000, Simulation Time: 3462.3613 s
 Time Step: 1206100, Simulation Time: 3462.6361 s
 Time Step: 1206200, Simulation Time: 3462.9089 s
 Time Step: 1206300, Simulation Time: 3463.1908 s
 Time Step: 1206400, Simulation Time: 3463.4754 s
 Time Step: 1206500, Simulation Time: 3463.7554 s
 Time Step: 1206600, Simulation Time: 3464.0250 s
 Time Step: 1206700, Simulation Time: 3464.2959 s
 Time Step: 1206800, Simulation Time: 3464.5670 s
 Time Step: 1206900, Simulation Time: 3464.8427 s
 Time Step: 1207000, Simulation Time: 3465.1081 s
 Time Step: 1207100, Simulation Time: 3465.3801 s
 Time Step: 1207200, Simulation Time: 3465.6445 s
 Time Step: 1207300, Simulation Time: 3465.9273 s
 Time Step: 1207400, Simulation Time: 3466.2007 s
 Time Step: 1207500, Simulation Time: 3466.4757 s
 Time Step: 1207600, Simulation Time: 3466.7450 s
 Time Step: 1207700, Simulation Time: 3467.0186 s
 Time Step: 1207800, Simulation Time: 3467.2893 s
 Time Step: 1207900, Simulation Time: 3467.5462 s
 Time Step: 1208000, Simulation Time: 3467.8251 s
 Time Step: 1208100, Simulation Time: 3468.0953 s
 Time Step: 1208200, Simulation Time: 3468.3685 s
 Time Step: 1208300, Simulation Time: 3468.6445 s
 Time Step: 1208400, Simulation Time: 3468.9237 s
 Time Step: 1208500, Simulation Time: 3469.1893 s
 Time Step: 1208600, Simulation Time: 3469.4584 s
 Time Step: 1208700, Simulation Time: 3469.7363 s
 Time Step: 1208800, Simulation Time: 3470.0149 s
 Time Step: 1208900, Simulation Time: 3470.2885 s
 Time Step: 1209000, Simulation Time: 3470.5586 s
 Time Step: 1209100, Simulation Time: 3470.8366 s
 Time Step: 1209200, Simulation Time: 3471.1188 s
 Time Step: 1209300, Simulation Time: 3471.3869 s
 Time Step: 1209400, Simulation Time: 3471.6609 s
 Time Step: 1209500, Simulation Time: 3471.9403 s
 Time Step: 1209600, Simulation Time: 3472.2078 s
 Time Step: 1209700, Simulation Time: 3472.4696 s
 Time Step: 1209800, Simulation Time: 3472.7404 s
 Time Step: 1209900, Simulation Time: 3473.0080 s
 Time Step: 1210000, Simulation Time: 3473.2848 s
 Time Step: 1210100, Simulation Time: 3473.5628 s
 Time Step: 1210200, Simulation Time: 3473.8413 s
 Time Step: 1210300, Simulation Time: 3474.1048 s
 Time Step: 1210400, Simulation Time: 3474.3787 s
 Time Step: 1210500, Simulation Time: 3474.6461 s
 Time Step: 1210600, Simulation Time: 3474.9232 s
 Time Step: 1210700, Simulation Time: 3475.2044 s
 Time Step: 1210800, Simulation Time: 3475.4863 s
 Time Step: 1210900, Simulation Time: 3475.7664 s
 Time Step: 1211000, Simulation Time: 3476.0296 s
 Time Step: 1211100, Simulation Time: 3476.3028 s
 Time Step: 1211200, Simulation Time: 3476.5712 s
 Time Step: 1211300, Simulation Time: 3476.8468 s
 Time Step: 1211400, Simulation Time: 3477.1254 s
 Time Step: 1211500, Simulation Time: 3477.3940 s
 Time Step: 1211600, Simulation Time: 3477.6816 s
 Time Step: 1211700, Simulation Time: 3477.9533 s
 Time Step: 1211800, Simulation Time: 3478.2097 s
 Time Step: 1211900, Simulation Time: 3478.4691 s
 Time Step: 1212000, Simulation Time: 3478.7374 s
 Time Step: 1212100, Simulation Time: 3479.0083 s
 Time Step: 1212200, Simulation Time: 3479.2809 s
 Time Step: 1212300, Simulation Time: 3479.5556 s
 Time Step: 1212400, Simulation Time: 3479.8349 s
 Time Step: 1212500, Simulation Time: 3480.0993 s
 Time Step: 1212600, Simulation Time: 3480.3675 s
 Time Step: 1212700, Simulation Time: 3480.6352 s
 Time Step: 1212800, Simulation Time: 3480.9134 s
 Time Step: 1212900, Simulation Time: 3481.1790 s
 Time Step: 1213000, Simulation Time: 3481.4524 s
 Time Step: 1213100, Simulation Time: 3481.7340 s
 Time Step: 1213200, Simulation Time: 3482.0103 s
 Time Step: 1213300, Simulation Time: 3482.2952 s
 Time Step: 1213400, Simulation Time: 3482.5656 s
 Time Step: 1213500, Simulation Time: 3482.8481 s
 Time Step: 1213600, Simulation Time: 3483.1345 s
 Time Step: 1213700, Simulation Time: 3483.4209 s
 Time Step: 1213800, Simulation Time: 3483.6897 s
 Time Step: 1213900, Simulation Time: 3483.9585 s
 Time Step: 1214000, Simulation Time: 3484.2372 s
 Time Step: 1214100, Simulation Time: 3484.5077 s
 Time Step: 1214200, Simulation Time: 3484.7809 s
 Time Step: 1214300, Simulation Time: 3485.0499 s
 Time Step: 1214400, Simulation Time: 3485.3205 s
 Time Step: 1214500, Simulation Time: 3485.5901 s
 Time Step: 1214600, Simulation Time: 3485.8684 s
 Time Step: 1214700, Simulation Time: 3486.1441 s
 Time Step: 1214800, Simulation Time: 3486.4110 s
 Time Step: 1214900, Simulation Time: 3486.6935 s
 Time Step: 1215000, Simulation Time: 3486.9709 s
 Time Step: 1215100, Simulation Time: 3487.2549 s
 Time Step: 1215200, Simulation Time: 3487.5282 s
 Time Step: 1215300, Simulation Time: 3487.7998 s
 Time Step: 1215400, Simulation Time: 3488.0684 s
 Time Step: 1215500, Simulation Time: 3488.3427 s
 Time Step: 1215600, Simulation Time: 3488.6105 s
 Time Step: 1215700, Simulation Time: 3488.8892 s
 Time Step: 1215800, Simulation Time: 3489.1577 s
 Time Step: 1215900, Simulation Time: 3489.4258 s
 Time Step: 1216000, Simulation Time: 3489.7017 s
 Time Step: 1216100, Simulation Time: 3489.9744 s
 Time Step: 1216200, Simulation Time: 3490.2601 s
 Time Step: 1216300, Simulation Time: 3490.5327 s
 Time Step: 1216400, Simulation Time: 3490.8107 s
 Time Step: 1216500, Simulation Time: 3491.0848 s
 Time Step: 1216600, Simulation Time: 3491.3537 s
 Time Step: 1216700, Simulation Time: 3491.6274 s
 Time Step: 1216800, Simulation Time: 3491.9082 s
 Time Step: 1216900, Simulation Time: 3492.1843 s
 Time Step: 1217000, Simulation Time: 3492.4603 s
 Time Step: 1217100, Simulation Time: 3492.7493 s
 Time Step: 1217200, Simulation Time: 3493.0148 s
 Time Step: 1217300, Simulation Time: 3493.2832 s
 Time Step: 1217400, Simulation Time: 3493.5563 s
 Time Step: 1217500, Simulation Time: 3493.8248 s
 Time Step: 1217600, Simulation Time: 3494.1005 s
 Time Step: 1217700, Simulation Time: 3494.3737 s
 Time Step: 1217800, Simulation Time: 3494.6395 s
 Time Step: 1217900, Simulation Time: 3494.9037 s
 Time Step: 1218000, Simulation Time: 3495.1855 s
 Time Step: 1218100, Simulation Time: 3495.4637 s
 Time Step: 1218200, Simulation Time: 3495.7266 s
 Time Step: 1218300, Simulation Time: 3495.9981 s
 Time Step: 1218400, Simulation Time: 3496.2756 s
 Time Step: 1218500, Simulation Time: 3496.5632 s
 Time Step: 1218600, Simulation Time: 3496.8466 s
 Time Step: 1218700, Simulation Time: 3497.1138 s
 Time Step: 1218800, Simulation Time: 3497.3830 s
 Time Step: 1218900, Simulation Time: 3497.6726 s
 Time Step: 1219000, Simulation Time: 3497.9452 s
 Time Step: 1219100, Simulation Time: 3498.2209 s
 Time Step: 1219200, Simulation Time: 3498.4980 s
 Time Step: 1219300, Simulation Time: 3498.7699 s
 Time Step: 1219400, Simulation Time: 3499.0363 s
 Time Step: 1219500, Simulation Time: 3499.3145 s
 Time Step: 1219600, Simulation Time: 3499.5943 s
 Time Step: 1219700, Simulation Time: 3499.8737 s
 Time Step: 1219800, Simulation Time: 3500.1562 s
 Time Step: 1219900, Simulation Time: 3500.4236 s
 Time Step: 1220000, Simulation Time: 3500.6936 s
 Time Step: 1220100, Simulation Time: 3500.9773 s
 Time Step: 1220200, Simulation Time: 3501.2424 s
 Time Step: 1220300, Simulation Time: 3501.5200 s
 Time Step: 1220400, Simulation Time: 3501.7918 s
 Time Step: 1220500, Simulation Time: 3502.0721 s
 Time Step: 1220600, Simulation Time: 3502.3597 s
 Time Step: 1220700, Simulation Time: 3502.6391 s
 Time Step: 1220800, Simulation Time: 3502.9089 s
 Time Step: 1220900, Simulation Time: 3503.1834 s
 Time Step: 1221000, Simulation Time: 3503.4445 s
 Time Step: 1221100, Simulation Time: 3503.7097 s
 Time Step: 1221200, Simulation Time: 3503.9859 s
 Time Step: 1221300, Simulation Time: 3504.2585 s
 Time Step: 1221400, Simulation Time: 3504.5334 s
 Time Step: 1221500, Simulation Time: 3504.8024 s
 Time Step: 1221600, Simulation Time: 3505.0710 s
 Time Step: 1221700, Simulation Time: 3505.3444 s
 Time Step: 1221800, Simulation Time: 3505.6213 s
 Time Step: 1221900, Simulation Time: 3505.8982 s
 Time Step: 1222000, Simulation Time: 3506.1760 s
 Time Step: 1222100, Simulation Time: 3506.4614 s
 Time Step: 1222200, Simulation Time: 3506.7370 s
 Time Step: 1222300, Simulation Time: 3506.9930 s
 Time Step: 1222400, Simulation Time: 3507.2635 s
 Time Step: 1222500, Simulation Time: 3507.5382 s
 Time Step: 1222600, Simulation Time: 3507.8091 s
 Time Step: 1222700, Simulation Time: 3508.0781 s
 Time Step: 1222800, Simulation Time: 3508.3434 s
 Time Step: 1222900, Simulation Time: 3508.6202 s
 Time Step: 1223000, Simulation Time: 3508.9059 s
 Time Step: 1223100, Simulation Time: 3509.1697 s
 Time Step: 1223200, Simulation Time: 3509.4508 s
 Time Step: 1223300, Simulation Time: 3509.7279 s
 Time Step: 1223400, Simulation Time: 3510.0009 s
 Time Step: 1223500, Simulation Time: 3510.2657 s
 Time Step: 1223600, Simulation Time: 3510.5394 s
 Time Step: 1223700, Simulation Time: 3510.8130 s
 Time Step: 1223800, Simulation Time: 3511.0792 s
 Time Step: 1223900, Simulation Time: 3511.3398 s
 Time Step: 1224000, Simulation Time: 3511.6110 s
 Time Step: 1224100, Simulation Time: 3511.8734 s
 Time Step: 1224200, Simulation Time: 3512.1448 s
 Time Step: 1224300, Simulation Time: 3512.4081 s
 Time Step: 1224400, Simulation Time: 3512.6808 s
 Time Step: 1224500, Simulation Time: 3512.9584 s
 Time Step: 1224600, Simulation Time: 3513.2420 s
 Time Step: 1224700, Simulation Time: 3513.5177 s
 Time Step: 1224800, Simulation Time: 3513.7947 s
 Time Step: 1224900, Simulation Time: 3514.0647 s
 Time Step: 1225000, Simulation Time: 3514.3343 s
 Time Step: 1225100, Simulation Time: 3514.5997 s
 Time Step: 1225200, Simulation Time: 3514.8610 s
 Time Step: 1225300, Simulation Time: 3515.1209 s
 Time Step: 1225400, Simulation Time: 3515.3845 s
 Time Step: 1225500, Simulation Time: 3515.6590 s
 Time Step: 1225600, Simulation Time: 3515.9265 s
 Time Step: 1225700, Simulation Time: 3516.2047 s
 Time Step: 1225800, Simulation Time: 3516.4906 s
 Time Step: 1225900, Simulation Time: 3516.7562 s
 Time Step: 1226000, Simulation Time: 3517.0259 s
 Time Step: 1226100, Simulation Time: 3517.2945 s
 Time Step: 1226200, Simulation Time: 3517.5822 s
 Time Step: 1226300, Simulation Time: 3517.8514 s
 Time Step: 1226400, Simulation Time: 3518.1269 s
 Time Step: 1226500, Simulation Time: 3518.4067 s
 Time Step: 1226600, Simulation Time: 3518.6822 s
 Time Step: 1226700, Simulation Time: 3518.9617 s
 Time Step: 1226800, Simulation Time: 3519.2303 s
 Time Step: 1226900, Simulation Time: 3519.4909 s
 Time Step: 1227000, Simulation Time: 3519.7608 s
 Time Step: 1227100, Simulation Time: 3520.0344 s
 Time Step: 1227200, Simulation Time: 3520.3045 s
 Time Step: 1227300, Simulation Time: 3520.5649 s
 Time Step: 1227400, Simulation Time: 3520.8425 s
 Time Step: 1227500, Simulation Time: 3521.1095 s
 Time Step: 1227600, Simulation Time: 3521.3749 s
 Time Step: 1227700, Simulation Time: 3521.6479 s
 Time Step: 1227800, Simulation Time: 3521.9230 s
 Time Step: 1227900, Simulation Time: 3522.1912 s
 Time Step: 1228000, Simulation Time: 3522.4708 s
 Time Step: 1228100, Simulation Time: 3522.7394 s
 Time Step: 1228200, Simulation Time: 3523.0138 s
 Time Step: 1228300, Simulation Time: 3523.2773 s
 Time Step: 1228400, Simulation Time: 3523.5505 s
 Time Step: 1228500, Simulation Time: 3523.8313 s
 Time Step: 1228600, Simulation Time: 3524.1116 s
 Time Step: 1228700, Simulation Time: 3524.3693 s
 Time Step: 1228800, Simulation Time: 3524.6227 s
 Time Step: 1228900, Simulation Time: 3524.8940 s
 Time Step: 1229000, Simulation Time: 3525.1703 s
 Time Step: 1229100, Simulation Time: 3525.4461 s
 Time Step: 1229200, Simulation Time: 3525.7165 s
 Time Step: 1229300, Simulation Time: 3525.9893 s
 Time Step: 1229400, Simulation Time: 3526.2693 s
 Time Step: 1229500, Simulation Time: 3526.5394 s
 Time Step: 1229600, Simulation Time: 3526.8213 s
 Time Step: 1229700, Simulation Time: 3527.0905 s
 Time Step: 1229800, Simulation Time: 3527.3532 s
 Time Step: 1229900, Simulation Time: 3527.6280 s
 Time Step: 1230000, Simulation Time: 3527.9134 s
 Time Step: 1230100, Simulation Time: 3528.1818 s
 Time Step: 1230200, Simulation Time: 3528.4553 s
 Time Step: 1230300, Simulation Time: 3528.7371 s
 Time Step: 1230400, Simulation Time: 3529.0147 s
 Time Step: 1230500, Simulation Time: 3529.2937 s
 Time Step: 1230600, Simulation Time: 3529.5703 s
 Time Step: 1230700, Simulation Time: 3529.8524 s
 Time Step: 1230800, Simulation Time: 3530.1357 s
 Time Step: 1230900, Simulation Time: 3530.4094 s
 Time Step: 1231000, Simulation Time: 3530.6719 s
 Time Step: 1231100, Simulation Time: 3530.9321 s
 Time Step: 1231200, Simulation Time: 3531.2161 s
 Time Step: 1231300, Simulation Time: 3531.4976 s
 Time Step: 1231400, Simulation Time: 3531.7699 s
 Time Step: 1231500, Simulation Time: 3532.0337 s
 Time Step: 1231600, Simulation Time: 3532.2969 s
 Time Step: 1231700, Simulation Time: 3532.5629 s
 Time Step: 1231800, Simulation Time: 3532.8315 s
 Time Step: 1231900, Simulation Time: 3533.1152 s
 Time Step: 1232000, Simulation Time: 3533.3946 s
 Time Step: 1232100, Simulation Time: 3533.6653 s
 Time Step: 1232200, Simulation Time: 3533.9284 s
 Time Step: 1232300, Simulation Time: 3534.2019 s
 Time Step: 1232400, Simulation Time: 3534.4730 s
 Time Step: 1232500, Simulation Time: 3534.7437 s
 Time Step: 1232600, Simulation Time: 3535.0193 s
 Time Step: 1232700, Simulation Time: 3535.2785 s
 Time Step: 1232800, Simulation Time: 3535.5491 s
 Time Step: 1232900, Simulation Time: 3535.8281 s
 Time Step: 1233000, Simulation Time: 3536.0936 s
 Time Step: 1233100, Simulation Time: 3536.3537 s
 Time Step: 1233200, Simulation Time: 3536.6226 s
 Time Step: 1233300, Simulation Time: 3536.8937 s
 Time Step: 1233400, Simulation Time: 3537.1716 s
 Time Step: 1233500, Simulation Time: 3537.4498 s
 Time Step: 1233600, Simulation Time: 3537.7195 s
 Time Step: 1233700, Simulation Time: 3537.9984 s
 Time Step: 1233800, Simulation Time: 3538.2677 s
 Time Step: 1233900, Simulation Time: 3538.5394 s
 Time Step: 1234000, Simulation Time: 3538.8092 s
 Time Step: 1234100, Simulation Time: 3539.0827 s
 Time Step: 1234200, Simulation Time: 3539.3514 s
 Time Step: 1234300, Simulation Time: 3539.6204 s
 Time Step: 1234400, Simulation Time: 3539.9014 s
 Time Step: 1234500, Simulation Time: 3540.1892 s
 Time Step: 1234600, Simulation Time: 3540.4720 s
 Time Step: 1234700, Simulation Time: 3540.7500 s
 Time Step: 1234800, Simulation Time: 3541.0361 s
 Time Step: 1234900, Simulation Time: 3541.3160 s
 Time Step: 1235000, Simulation Time: 3541.5827 s
 Time Step: 1235100, Simulation Time: 3541.8522 s
 Time Step: 1235200, Simulation Time: 3542.1198 s
 Time Step: 1235300, Simulation Time: 3542.3888 s
 Time Step: 1235400, Simulation Time: 3542.6486 s
 Time Step: 1235500, Simulation Time: 3542.9154 s
 Time Step: 1235600, Simulation Time: 3543.1855 s
 Time Step: 1235700, Simulation Time: 3543.4432 s
 Time Step: 1235800, Simulation Time: 3543.7212 s
 Time Step: 1235900, Simulation Time: 3544.0074 s
 Time Step: 1236000, Simulation Time: 3544.2659 s
 Time Step: 1236100, Simulation Time: 3544.5345 s
 Time Step: 1236200, Simulation Time: 3544.8075 s
 Time Step: 1236300, Simulation Time: 3545.0850 s
 Time Step: 1236400, Simulation Time: 3545.3812 s
 Time Step: 1236500, Simulation Time: 3545.6639 s
 Time Step: 1236600, Simulation Time: 3545.9342 s
 Time Step: 1236700, Simulation Time: 3546.2006 s
 Time Step: 1236800, Simulation Time: 3546.4604 s
 Time Step: 1236900, Simulation Time: 3546.7392 s
 Time Step: 1237000, Simulation Time: 3547.0177 s
 Time Step: 1237100, Simulation Time: 3547.2822 s
 Time Step: 1237200, Simulation Time: 3547.5426 s
 Time Step: 1237300, Simulation Time: 3547.8090 s
 Time Step: 1237400, Simulation Time: 3548.0844 s
 Time Step: 1237500, Simulation Time: 3548.3460 s
 Time Step: 1237600, Simulation Time: 3548.6213 s
 Time Step: 1237700, Simulation Time: 3548.8959 s
 Time Step: 1237800, Simulation Time: 3549.1641 s
 Time Step: 1237900, Simulation Time: 3549.4457 s
 Time Step: 1238000, Simulation Time: 3549.7344 s
 Time Step: 1238100, Simulation Time: 3550.0036 s
 Time Step: 1238200, Simulation Time: 3550.2725 s
 Time Step: 1238300, Simulation Time: 3550.5411 s
 Time Step: 1238400, Simulation Time: 3550.8117 s
 Time Step: 1238500, Simulation Time: 3551.0705 s
 Time Step: 1238600, Simulation Time: 3551.3457 s
 Time Step: 1238700, Simulation Time: 3551.6134 s
 Time Step: 1238800, Simulation Time: 3551.8780 s
 Time Step: 1238900, Simulation Time: 3552.1505 s
 Time Step: 1239000, Simulation Time: 3552.4306 s
 Time Step: 1239100, Simulation Time: 3552.7100 s
 Time Step: 1239200, Simulation Time: 3552.9802 s
 Time Step: 1239300, Simulation Time: 3553.2638 s
 Time Step: 1239400, Simulation Time: 3553.5468 s
 Time Step: 1239500, Simulation Time: 3553.8230 s
 Time Step: 1239600, Simulation Time: 3554.0944 s
 Time Step: 1239700, Simulation Time: 3554.3844 s
 Time Step: 1239800, Simulation Time: 3554.6627 s
 Time Step: 1239900, Simulation Time: 3554.9321 s
 Time Step: 1240000, Simulation Time: 3555.2115 s
 Time Step: 1240100, Simulation Time: 3555.4934 s
 Time Step: 1240200, Simulation Time: 3555.7753 s
 Time Step: 1240300, Simulation Time: 3556.0572 s
 Time Step: 1240400, Simulation Time: 3556.3391 s
 Time Step: 1240500, Simulation Time: 3556.6210 s
 Time Step: 1240600, Simulation Time: 3556.8879 s
 Time Step: 1240700, Simulation Time: 3557.1586 s
 Time Step: 1240800, Simulation Time: 3557.4301 s
 Time Step: 1240900, Simulation Time: 3557.7146 s
 Time Step: 1241000, Simulation Time: 3557.9952 s
 Time Step: 1241100, Simulation Time: 3558.2670 s
 Time Step: 1241200, Simulation Time: 3558.5362 s
 Time Step: 1241300, Simulation Time: 3558.8218 s
 Time Step: 1241400, Simulation Time: 3559.0971 s
 Time Step: 1241500, Simulation Time: 3559.3626 s
 Time Step: 1241600, Simulation Time: 3559.6367 s
 Time Step: 1241700, Simulation Time: 3559.9140 s
 Time Step: 1241800, Simulation Time: 3560.1932 s
 Time Step: 1241900, Simulation Time: 3560.4754 s
 Time Step: 1242000, Simulation Time: 3560.7466 s
 Time Step: 1242100, Simulation Time: 3561.0128 s
 Time Step: 1242200, Simulation Time: 3561.2783 s
 Time Step: 1242300, Simulation Time: 3561.5494 s
 Time Step: 1242400, Simulation Time: 3561.8181 s
 Time Step: 1242500, Simulation Time: 3562.0970 s
 Time Step: 1242600, Simulation Time: 3562.3794 s
 Time Step: 1242700, Simulation Time: 3562.6573 s
 Time Step: 1242800, Simulation Time: 3562.9294 s
 Time Step: 1242900, Simulation Time: 3563.1951 s
 Time Step: 1243000, Simulation Time: 3563.4672 s
 Time Step: 1243100, Simulation Time: 3563.7274 s
 Time Step: 1243200, Simulation Time: 3563.9970 s
 Time Step: 1243300, Simulation Time: 3564.2782 s
 Time Step: 1243400, Simulation Time: 3564.5588 s
 Time Step: 1243500, Simulation Time: 3564.8333 s
 Time Step: 1243600, Simulation Time: 3565.1038 s
 Time Step: 1243700, Simulation Time: 3565.3795 s
 Time Step: 1243800, Simulation Time: 3565.6438 s
 Time Step: 1243900, Simulation Time: 3565.9154 s
 Time Step: 1244000, Simulation Time: 3566.1925 s
 Time Step: 1244100, Simulation Time: 3566.4635 s
 Time Step: 1244200, Simulation Time: 3566.7368 s
 Time Step: 1244300, Simulation Time: 3567.0140 s
 Time Step: 1244400, Simulation Time: 3567.2776 s
 Time Step: 1244500, Simulation Time: 3567.5446 s
 Time Step: 1244600, Simulation Time: 3567.8100 s
 Time Step: 1244700, Simulation Time: 3568.0684 s
 Time Step: 1244800, Simulation Time: 3568.3255 s
 Time Step: 1244900, Simulation Time: 3568.5880 s
 Time Step: 1245000, Simulation Time: 3568.8418 s
 Time Step: 1245100, Simulation Time: 3569.1002 s
 Time Step: 1245200, Simulation Time: 3569.3633 s
 Time Step: 1245300, Simulation Time: 3569.6273 s
 Time Step: 1245400, Simulation Time: 3569.8949 s
 Time Step: 1245500, Simulation Time: 3570.1557 s
 Time Step: 1245600, Simulation Time: 3570.4169 s
 Time Step: 1245700, Simulation Time: 3570.6871 s
 Time Step: 1245800, Simulation Time: 3570.9481 s
 Time Step: 1245900, Simulation Time: 3571.2178 s
 Time Step: 1246000, Simulation Time: 3571.4871 s
 Time Step: 1246100, Simulation Time: 3571.7547 s
 Time Step: 1246200, Simulation Time: 3572.0276 s
 Time Step: 1246300, Simulation Time: 3572.2974 s
 Time Step: 1246400, Simulation Time: 3572.5685 s
 Time Step: 1246500, Simulation Time: 3572.8432 s
 Time Step: 1246600, Simulation Time: 3573.1121 s
 Time Step: 1246700, Simulation Time: 3573.3787 s
 Time Step: 1246800, Simulation Time: 3573.6373 s
 Time Step: 1246900, Simulation Time: 3573.8976 s
 Time Step: 1247000, Simulation Time: 3574.1735 s
 Time Step: 1247100, Simulation Time: 3574.4591 s
 Time Step: 1247200, Simulation Time: 3574.7222 s
 Time Step: 1247300, Simulation Time: 3574.9952 s
 Time Step: 1247400, Simulation Time: 3575.2664 s
 Time Step: 1247500, Simulation Time: 3575.5301 s
 Time Step: 1247600, Simulation Time: 3575.7996 s
 Time Step: 1247700, Simulation Time: 3576.0627 s
 Time Step: 1247800, Simulation Time: 3576.3287 s
 Time Step: 1247900, Simulation Time: 3576.5973 s
 Time Step: 1248000, Simulation Time: 3576.8627 s
 Time Step: 1248100, Simulation Time: 3577.1299 s
 Time Step: 1248200, Simulation Time: 3577.4028 s
 Time Step: 1248300, Simulation Time: 3577.6894 s
 Time Step: 1248400, Simulation Time: 3577.9755 s
 Time Step: 1248500, Simulation Time: 3578.2495 s
 Time Step: 1248600, Simulation Time: 3578.5197 s
 Time Step: 1248700, Simulation Time: 3578.7872 s
 Time Step: 1248800, Simulation Time: 3579.0559 s
 Time Step: 1248900, Simulation Time: 3579.3323 s
 Time Step: 1249000, Simulation Time: 3579.6072 s
 Time Step: 1249100, Simulation Time: 3579.8869 s
 Time Step: 1249200, Simulation Time: 3580.1562 s
 Time Step: 1249300, Simulation Time: 3580.4326 s
 Time Step: 1249400, Simulation Time: 3580.6971 s
 Time Step: 1249500, Simulation Time: 3580.9712 s
 Time Step: 1249600, Simulation Time: 3581.2357 s
 Time Step: 1249700, Simulation Time: 3581.5084 s
 Time Step: 1249800, Simulation Time: 3581.8054 s
 Time Step: 1249900, Simulation Time: 3582.0801 s
 Time Step: 1250000, Simulation Time: 3582.3482 s
 Time Step: 1250100, Simulation Time: 3582.6127 s
 Time Step: 1250200, Simulation Time: 3582.8779 s
 Time Step: 1250300, Simulation Time: 3583.1435 s
 Time Step: 1250400, Simulation Time: 3583.4098 s
 Time Step: 1250500, Simulation Time: 3583.6822 s
 Time Step: 1250600, Simulation Time: 3583.9482 s
 Time Step: 1250700, Simulation Time: 3584.2144 s
 Time Step: 1250800, Simulation Time: 3584.4840 s
 Time Step: 1250900, Simulation Time: 3584.7461 s
 Time Step: 1251000, Simulation Time: 3585.0233 s
 Time Step: 1251100, Simulation Time: 3585.3060 s
 Time Step: 1251200, Simulation Time: 3585.5824 s
 Time Step: 1251300, Simulation Time: 3585.8541 s
 Time Step: 1251400, Simulation Time: 3586.1209 s
 Time Step: 1251500, Simulation Time: 3586.3986 s
 Time Step: 1251600, Simulation Time: 3586.6688 s
 Time Step: 1251700, Simulation Time: 3586.9328 s
 Time Step: 1251800, Simulation Time: 3587.2051 s
 Time Step: 1251900, Simulation Time: 3587.4737 s
 Time Step: 1252000, Simulation Time: 3587.7503 s
 Time Step: 1252100, Simulation Time: 3588.0285 s
 Time Step: 1252200, Simulation Time: 3588.3027 s
 Time Step: 1252300, Simulation Time: 3588.5649 s
 Time Step: 1252400, Simulation Time: 3588.8363 s
 Time Step: 1252500, Simulation Time: 3589.1047 s
 Time Step: 1252600, Simulation Time: 3589.3722 s
 Time Step: 1252700, Simulation Time: 3589.6356 s
 Time Step: 1252800, Simulation Time: 3589.9041 s
 Time Step: 1252900, Simulation Time: 3590.1780 s
 Time Step: 1253000, Simulation Time: 3590.4599 s
 Time Step: 1253100, Simulation Time: 3590.7350 s
 Time Step: 1253200, Simulation Time: 3591.0133 s
 Time Step: 1253300, Simulation Time: 3591.2816 s
 Time Step: 1253400, Simulation Time: 3591.5406 s
 Time Step: 1253500, Simulation Time: 3591.8242 s
 Time Step: 1253600, Simulation Time: 3592.0910 s
 Time Step: 1253700, Simulation Time: 3592.3651 s
 Time Step: 1253800, Simulation Time: 3592.6319 s
 Time Step: 1253900, Simulation Time: 3592.8970 s
 Time Step: 1254000, Simulation Time: 3593.1740 s
 Time Step: 1254100, Simulation Time: 3593.4403 s
 Time Step: 1254200, Simulation Time: 3593.7168 s
 Time Step: 1254300, Simulation Time: 3593.9887 s
 Time Step: 1254400, Simulation Time: 3594.2640 s
 Time Step: 1254500, Simulation Time: 3594.5330 s
 Time Step: 1254600, Simulation Time: 3594.7979 s
 Time Step: 1254700, Simulation Time: 3595.0584 s
 Time Step: 1254800, Simulation Time: 3595.3284 s
 Time Step: 1254900, Simulation Time: 3595.6125 s
 Time Step: 1255000, Simulation Time: 3595.8889 s
 Time Step: 1255100, Simulation Time: 3596.1521 s
 Time Step: 1255200, Simulation Time: 3596.4344 s
 Time Step: 1255300, Simulation Time: 3596.7068 s
 Time Step: 1255400, Simulation Time: 3596.9780 s
 Time Step: 1255500, Simulation Time: 3597.2489 s
 Time Step: 1255600, Simulation Time: 3597.5189 s
 Time Step: 1255700, Simulation Time: 3597.7905 s
 Time Step: 1255800, Simulation Time: 3598.0554 s
 Time Step: 1255900, Simulation Time: 3598.3228 s
 Time Step: 1256000, Simulation Time: 3598.5856 s
 Time Step: 1256100, Simulation Time: 3598.8463 s
 Time Step: 1256200, Simulation Time: 3599.1309 s
 Time Step: 1256300, Simulation Time: 3599.4055 s
 Time Step: 1256400, Simulation Time: 3599.7044 s
 Time Step: 1256500, Simulation Time: 3599.9718 s
 Time Step: 1256511, Simulation Time: 3600.0000 s

STOP: FDS completed successfully (CHID: v4_preheat)
