,,s,s,s
Time Step,Wall Time,Step Size,Simulation Time,CPU Time
       1,2026-09-22T14:05:21.505+02:00, 0.329E-01,   0.03287, 0.13578E+02
       2,2026-09-22T14:05:21.849+02:00, 0.329E-01,   0.06573, 0.15766E+02
       3,2026-09-22T14:05:21.990+02:00, 0.329E-01,   0.09860, 0.16766E+02
       4,2026-09-22T14:05:22.062+02:00, 0.329E-01,   0.13147, 0.17391E+02
       5,2026-09-22T14:05:22.134+02:00, 0.329E-01,   0.16433, 0.17891E+02
       6,2026-09-22T14:05:22.243+02:00, 0.329E-01,   0.19720, 0.18750E+02
       7,2026-09-22T14:05:22.315+02:00, 0.329E-01,   0.23007, 0.19375E+02
       8,2026-09-22T14:05:22.385+02:00, 0.329E-01,   0.26293, 0.19875E+02
       9,2026-09-22T14:05:22.494+02:00, 0.329E-01,   0.29580, 0.20750E+02
      10,2026-09-22T14:05:22.563+02:00, 0.329E-01,   0.32867, 0.21375E+02
      20,2026-09-22T14:05:23.393+02:00, 0.329E-01,   0.65733, 0.28000E+02
      30,2026-09-22T14:05:24.261+02:00, 0.329E-01,   0.98600, 0.34828E+02
      40,2026-09-22T14:05:25.079+02:00, 0.329E-01,   1.31466, 0.41422E+02
      50,2026-09-22T14:05:25.932+02:00, 0.280E-01,   1.62858, 0.48125E+02
      60,2026-09-22T14:05:26.856+02:00, 0.173E-01,   1.83787, 0.55469E+02
      70,2026-09-22T14:05:27.746+02:00, 0.173E-01,   2.01089, 0.62500E+02
      80,2026-09-22T14:05:28.628+02:00, 0.190E-01,   2.19429, 0.69594E+02
      90,2026-09-22T14:05:29.560+02:00, 0.170E-01,   2.36850, 0.77047E+02
     100,2026-09-22T14:05:30.504+02:00, 0.164E-01,   2.53712, 0.84547E+02
     200,2026-09-22T14:05:39.655+02:00, 0.157E-01,   4.22080, 0.15705E+03
     300,2026-09-22T14:05:49.001+02:00, 0.138E-01,   5.61125, 0.23094E+03
     400,2026-09-22T14:05:57.505+02:00, 0.115E-01,   6.87341, 0.29855E+03
     500,2026-09-22T14:06:05.785+02:00, 0.109E-01,   7.95729, 0.36470E+03
     600,2026-09-22T14:06:14.960+02:00, 0.972E-02,   8.94708, 0.43738E+03
     700,2026-09-22T14:06:25.772+02:00, 0.767E-02,   9.82384, 0.52270E+03
     800,2026-09-22T14:06:35.502+02:00, 0.719E-02,  10.58710, 0.59991E+03
     900,2026-09-22T14:06:44.135+02:00, 0.768E-02,  11.31924, 0.66873E+03
    1000,2026-09-22T14:06:53.122+02:00, 0.787E-02,  12.05937, 0.73998E+03
    1100,2026-09-22T14:07:01.766+02:00, 0.656E-02,  12.77105, 0.80916E+03
    1200,2026-09-22T14:07:10.536+02:00, 0.675E-02,  13.44535, 0.87908E+03
    1300,2026-09-22T14:07:19.370+02:00, 0.652E-02,  14.09657, 0.94947E+03
    1400,2026-09-22T14:07:28.139+02:00, 0.595E-02,  14.74486, 0.10196E+04
    1500,2026-09-22T14:07:37.046+02:00, 0.659E-02,  15.36707, 0.10908E+04
    1600,2026-09-22T14:07:45.831+02:00, 0.618E-02,  15.97494, 0.11609E+04
    1700,2026-09-22T14:07:54.663+02:00, 0.603E-02,  16.57057, 0.12314E+04
    1800,2026-09-22T14:08:03.644+02:00, 0.637E-02,  17.16003, 0.13031E+04
    1900,2026-09-22T14:08:12.470+02:00, 0.590E-02,  17.74324, 0.13737E+04
    2000,2026-09-22T14:08:21.369+02:00, 0.576E-02,  18.31979, 0.14447E+04
    2100,2026-09-22T14:08:30.530+02:00, 0.596E-02,  18.87063, 0.15179E+04
    2200,2026-09-22T14:08:39.469+02:00, 0.584E-02,  19.42387, 0.15891E+04
    2300,2026-09-22T14:08:48.440+02:00, 0.526E-02,  19.96733, 0.16607E+04
    2400,2026-09-22T14:08:57.297+02:00, 0.550E-02,  20.49973, 0.17315E+04
    2500,2026-09-22T14:09:06.190+02:00, 0.543E-02,  21.02884, 0.18025E+04
    2600,2026-09-22T14:09:15.108+02:00, 0.504E-02,  21.55133, 0.18738E+04
    2700,2026-09-22T14:09:24.071+02:00, 0.523E-02,  22.07483, 0.19452E+04
    2800,2026-09-22T14:09:33.457+02:00, 0.492E-02,  22.60436, 0.20194E+04
    2900,2026-09-22T14:09:42.410+02:00, 0.578E-02,  23.12562, 0.20909E+04
    3000,2026-09-22T14:09:51.411+02:00, 0.523E-02,  23.64941, 0.21627E+04
    3100,2026-09-22T14:10:00.284+02:00, 0.481E-02,  24.14504, 0.22335E+04
    3200,2026-09-22T14:10:09.435+02:00, 0.519E-02,  24.64208, 0.23065E+04
    3300,2026-09-22T14:10:18.404+02:00, 0.462E-02,  25.13867, 0.23781E+04
    3400,2026-09-22T14:10:27.467+02:00, 0.504E-02,  25.61046, 0.24505E+04
    3500,2026-09-22T14:10:36.513+02:00, 0.490E-02,  26.09747, 0.25226E+04
    3600,2026-09-22T14:10:45.621+02:00, 0.490E-02,  26.58773, 0.25952E+04
    3700,2026-09-22T14:10:54.710+02:00, 0.450E-02,  27.06848, 0.26678E+04
    3800,2026-09-22T14:11:03.772+02:00, 0.487E-02,  27.54115, 0.27402E+04
    3900,2026-09-22T14:11:12.818+02:00, 0.451E-02,  27.99880, 0.28124E+04
    4000,2026-09-22T14:11:21.745+02:00, 0.488E-02,  28.45381, 0.28835E+04
    4100,2026-09-22T14:11:30.485+02:00, 0.420E-02,  28.91507, 0.29534E+04
    4200,2026-09-22T14:11:39.377+02:00, 0.476E-02,  29.36847, 0.30244E+04
    4300,2026-09-22T14:11:48.385+02:00, 0.462E-02,  29.83232, 0.30962E+04
    4400,2026-09-22T14:11:57.416+02:00, 0.453E-02,  30.27978, 0.31682E+04
    4500,2026-09-22T14:12:06.079+02:00, 0.475E-02,  30.74789, 0.32374E+04
    4600,2026-09-22T14:12:15.249+02:00, 0.402E-02,  31.19886, 0.33106E+04
    4700,2026-09-22T14:12:24.138+02:00, 0.429E-02,  31.63880, 0.33817E+04
    4800,2026-09-22T14:12:32.844+02:00, 0.462E-02,  32.09641, 0.34512E+04
    4900,2026-09-22T14:12:41.961+02:00, 0.441E-02,  32.51929, 0.35238E+04
    5000,2026-09-22T14:12:51.017+02:00, 0.385E-02,  32.93222, 0.35960E+04
    5100,2026-09-22T14:13:00.020+02:00, 0.445E-02,  33.37472, 0.36678E+04
    5200,2026-09-22T14:13:09.145+02:00, 0.467E-02,  33.80898, 0.37405E+04
    5300,2026-09-22T14:13:18.194+02:00, 0.450E-02,  34.25992, 0.38128E+04
    5400,2026-09-22T14:13:27.223+02:00, 0.373E-02,  34.68374, 0.38849E+04
    5500,2026-09-22T14:13:36.424+02:00, 0.375E-02,  35.10633, 0.39584E+04
    5600,2026-09-22T14:13:45.375+02:00, 0.429E-02,  35.52654, 0.40299E+04
    5700,2026-09-22T14:13:54.031+02:00, 0.424E-02,  35.95862, 0.40991E+04
    5800,2026-09-22T14:14:02.986+02:00, 0.467E-02,  36.41895, 0.41705E+04
    5900,2026-09-22T14:14:11.956+02:00, 0.467E-02,  36.88565, 0.42421E+04
    6000,2026-09-22T14:14:20.855+02:00, 0.462E-02,  37.31973, 0.43130E+04
    6100,2026-09-22T14:14:29.602+02:00, 0.440E-02,  37.75469, 0.43828E+04
    6200,2026-09-22T14:14:38.539+02:00, 0.406E-02,  38.16898, 0.44542E+04
    6300,2026-09-22T14:14:47.651+02:00, 0.393E-02,  38.57066, 0.45269E+04
    6400,2026-09-22T14:14:56.696+02:00, 0.425E-02,  38.97228, 0.45992E+04
    6500,2026-09-22T14:15:05.743+02:00, 0.403E-02,  39.37254, 0.46715E+04
    6600,2026-09-22T14:15:14.569+02:00, 0.438E-02,  39.77982, 0.47420E+04
    6700,2026-09-22T14:15:23.460+02:00, 0.410E-02,  40.18270, 0.48131E+04
    6800,2026-09-22T14:15:32.667+02:00, 0.377E-02,  40.55623, 0.48866E+04
    6900,2026-09-22T14:15:42.069+02:00, 0.381E-02,  40.93769, 0.49616E+04
    7000,2026-09-22T14:15:51.364+02:00, 0.403E-02,  41.32542, 0.50357E+04
    7100,2026-09-22T14:16:00.559+02:00, 0.404E-02,  41.72061, 0.51091E+04
    7200,2026-09-22T14:16:09.947+02:00, 0.397E-02,  42.11732, 0.51839E+04
    7300,2026-09-22T14:16:18.957+02:00, 0.377E-02,  42.50371, 0.52559E+04
    7400,2026-09-22T14:16:28.168+02:00, 0.396E-02,  42.88694, 0.53294E+04
    7500,2026-09-22T14:16:37.234+02:00, 0.334E-02,  43.25962, 0.54019E+04
    7600,2026-09-22T14:16:46.498+02:00, 0.359E-02,  43.62485, 0.54758E+04
    7700,2026-09-22T14:16:55.860+02:00, 0.370E-02,  43.99688, 0.55507E+04
    7800,2026-09-22T14:17:05.112+02:00, 0.399E-02,  44.36301, 0.56245E+04
    7900,2026-09-22T14:17:14.178+02:00, 0.381E-02,  44.74520, 0.56967E+04
    8000,2026-09-22T14:17:23.439+02:00, 0.381E-02,  45.12654, 0.57708E+04
    8100,2026-09-22T14:17:32.676+02:00, 0.361E-02,  45.48943, 0.58446E+04
    8200,2026-09-22T14:17:42.024+02:00, 0.357E-02,  45.84839, 0.59190E+04
    8300,2026-09-22T14:17:51.272+02:00, 0.357E-02,  46.20578, 0.59928E+04
    8400,2026-09-22T14:18:00.528+02:00, 0.368E-02,  46.56914, 0.60669E+04
    8500,2026-09-22T14:18:09.938+02:00, 0.323E-02,  46.94008, 0.61420E+04
    8600,2026-09-22T14:18:19.343+02:00, 0.380E-02,  47.31024, 0.62171E+04
    8700,2026-09-22T14:18:28.517+02:00, 0.395E-02,  47.66972, 0.62904E+04
    8800,2026-09-22T14:18:37.270+02:00, 0.384E-02,  48.03320, 0.63601E+04
    8900,2026-09-22T14:18:46.447+02:00, 0.357E-02,  48.38993, 0.64334E+04
    9000,2026-09-22T14:18:55.768+02:00, 0.328E-02,  48.73701, 0.65078E+04
    9100,2026-09-22T14:19:05.171+02:00, 0.353E-02,  49.08507, 0.65827E+04
    9200,2026-09-22T14:19:14.501+02:00, 0.345E-02,  49.42931, 0.66571E+04
    9300,2026-09-22T14:19:23.875+02:00, 0.363E-02,  49.77812, 0.67320E+04
    9400,2026-09-22T14:19:33.612+02:00, 0.349E-02,  50.12154, 0.68088E+04
    9500,2026-09-22T14:19:43.031+02:00, 0.372E-02,  50.48092, 0.68841E+04
    9600,2026-09-22T14:19:52.455+02:00, 0.390E-02,  50.84407, 0.69594E+04
    9700,2026-09-22T14:20:01.753+02:00, 0.379E-02,  51.19790, 0.70336E+04
    9800,2026-09-22T14:20:11.185+02:00, 0.354E-02,  51.54552, 0.71089E+04
    9900,2026-09-22T14:20:20.660+02:00, 0.353E-02,  51.89542, 0.71844E+04
   10000,2026-09-22T14:20:29.993+02:00, 0.343E-02,  52.23959, 0.72588E+04
   10100,2026-09-22T14:20:39.357+02:00, 0.359E-02,  52.58285, 0.73336E+04
   10200,2026-09-22T14:20:48.792+02:00, 0.384E-02,  52.93841, 0.74088E+04
   10300,2026-09-22T14:20:57.954+02:00, 0.364E-02,  53.30053, 0.74820E+04
   10400,2026-09-22T14:21:07.234+02:00, 0.307E-02,  53.62956, 0.75560E+04
   10500,2026-09-22T14:21:16.688+02:00, 0.337E-02,  53.96131, 0.76315E+04
   10600,2026-09-22T14:21:26.073+02:00, 0.337E-02,  54.29875, 0.77064E+04
   10700,2026-09-22T14:21:35.239+02:00, 0.312E-02,  54.63120, 0.77796E+04
   10800,2026-09-22T14:21:44.638+02:00, 0.324E-02,  54.95733, 0.78545E+04
   10900,2026-09-22T14:21:53.979+02:00, 0.344E-02,  55.29340, 0.79290E+04
   11000,2026-09-22T14:22:03.222+02:00, 0.323E-02,  55.62559, 0.80027E+04
   11100,2026-09-22T14:22:12.470+02:00, 0.333E-02,  55.96702, 0.80764E+04
   11200,2026-09-22T14:22:21.846+02:00, 0.338E-02,  56.29921, 0.81513E+04
   11300,2026-09-22T14:22:31.266+02:00, 0.354E-02,  56.63958, 0.82265E+04
   11400,2026-09-22T14:22:40.734+02:00, 0.345E-02,  56.96210, 0.83021E+04
   11500,2026-09-22T14:22:49.944+02:00, 0.340E-02,  57.28013, 0.83757E+04
   11600,2026-09-22T14:22:59.322+02:00, 0.331E-02,  57.60433, 0.84506E+04
   11700,2026-09-22T14:23:08.777+02:00, 0.328E-02,  57.93481, 0.85262E+04
   11800,2026-09-22T14:23:18.098+02:00, 0.318E-02,  58.25160, 0.86006E+04
   11900,2026-09-22T14:23:27.490+02:00, 0.335E-02,  58.58230, 0.86756E+04
   12000,2026-09-22T14:23:36.891+02:00, 0.316E-02,  58.89538, 0.87507E+04
   12100,2026-09-22T14:23:46.346+02:00, 0.333E-02,  59.20821, 0.88261E+04
   12200,2026-09-22T14:23:55.663+02:00, 0.319E-02,  59.53690, 0.89006E+04
   12300,2026-09-22T14:24:05.174+02:00, 0.309E-02,  59.85645, 0.89766E+04
   12400,2026-09-22T14:24:15.148+02:00, 0.335E-02,  60.17132, 0.90557E+04
   12500,2026-09-22T14:24:24.525+02:00, 0.321E-02,  60.48881, 0.91305E+04
   12600,2026-09-22T14:24:34.042+02:00, 0.332E-02,  60.80815, 0.92066E+04
   12700,2026-09-22T14:24:43.527+02:00, 0.320E-02,  61.12351, 0.92823E+04
   12800,2026-09-22T14:24:52.821+02:00, 0.315E-02,  61.44176, 0.93565E+04
   12900,2026-09-22T14:25:02.317+02:00, 0.303E-02,  61.75881, 0.94322E+04
   13000,2026-09-22T14:25:11.818+02:00, 0.336E-02,  62.06928, 0.95081E+04
   13100,2026-09-22T14:25:21.295+02:00, 0.334E-02,  62.38467, 0.95839E+04
   13200,2026-09-22T14:25:30.747+02:00, 0.309E-02,  62.69603, 0.96592E+04
   13300,2026-09-22T14:25:40.045+02:00, 0.320E-02,  63.00795, 0.97336E+04
   13400,2026-09-22T14:25:49.407+02:00, 0.306E-02,  63.31688, 0.98083E+04
   13500,2026-09-22T14:25:59.046+02:00, 0.314E-02,  63.63455, 0.98853E+04
   13600,2026-09-22T14:26:08.486+02:00, 0.301E-02,  63.96662, 0.99606E+04
   13700,2026-09-22T14:26:17.989+02:00, 0.333E-02,  64.28863, 0.10036E+05
   13800,2026-09-22T14:26:27.451+02:00, 0.340E-02,  64.60333, 0.10112E+05
   13900,2026-09-22T14:26:37.006+02:00, 0.313E-02,  64.93181, 0.10188E+05
   14000,2026-09-22T14:26:46.454+02:00, 0.336E-02,  65.25754, 0.10263E+05
   14100,2026-09-22T14:26:55.985+02:00, 0.279E-02,  65.56804, 0.10340E+05
   14200,2026-09-22T14:27:05.289+02:00, 0.327E-02,  65.88028, 0.10414E+05
   14300,2026-09-22T14:27:14.720+02:00, 0.292E-02,  66.20451, 0.10489E+05
   14400,2026-09-22T14:27:24.325+02:00, 0.330E-02,  66.52483, 0.10566E+05
   14500,2026-09-22T14:27:33.801+02:00, 0.333E-02,  66.83907, 0.10641E+05
   14600,2026-09-22T14:27:43.207+02:00, 0.285E-02,  67.15849, 0.10716E+05
   14700,2026-09-22T14:27:52.711+02:00, 0.294E-02,  67.46813, 0.10792E+05
   14800,2026-09-22T14:28:02.675+02:00, 0.334E-02,  67.78662, 0.10871E+05
   14900,2026-09-22T14:28:12.315+02:00, 0.291E-02,  68.09557, 0.10948E+05
   15000,2026-09-22T14:28:21.655+02:00, 0.319E-02,  68.41170, 0.11023E+05
   15100,2026-09-22T14:28:30.957+02:00, 0.322E-02,  68.73138, 0.11097E+05
   15200,2026-09-22T14:28:40.261+02:00, 0.322E-02,  69.05315, 0.11172E+05
   15300,2026-09-22T14:28:49.657+02:00, 0.289E-02,  69.37934, 0.11247E+05
   15400,2026-09-22T14:28:58.875+02:00, 0.334E-02,  69.70142, 0.11320E+05
   15500,2026-09-22T14:29:08.333+02:00, 0.340E-02,  70.02408, 0.11396E+05
   15600,2026-09-22T14:29:17.458+02:00, 0.291E-02,  70.34784, 0.11468E+05
   15700,2026-09-22T14:29:26.674+02:00, 0.320E-02,  70.66261, 0.11542E+05
   15800,2026-09-22T14:29:36.536+02:00, 0.300E-02,  70.97587, 0.11620E+05
   15900,2026-09-22T14:29:45.969+02:00, 0.319E-02,  71.28447, 0.11695E+05
   16000,2026-09-22T14:29:55.472+02:00, 0.314E-02,  71.60217, 0.11771E+05
   16100,2026-09-22T14:30:04.813+02:00, 0.308E-02,  71.91182, 0.11846E+05
   16200,2026-09-22T14:30:14.142+02:00, 0.311E-02,  72.21514, 0.11920E+05
   16300,2026-09-22T14:30:23.443+02:00, 0.282E-02,  72.53123, 0.11995E+05
   16400,2026-09-22T14:30:32.659+02:00, 0.290E-02,  72.85539, 0.12068E+05
   16500,2026-09-22T14:30:41.889+02:00, 0.353E-02,  73.17718, 0.12142E+05
   16600,2026-09-22T14:30:51.327+02:00, 0.288E-02,  73.49571, 0.12217E+05
   16700,2026-09-22T14:31:00.761+02:00, 0.290E-02,  73.80087, 0.12293E+05
   16800,2026-09-22T14:31:10.034+02:00, 0.318E-02,  74.11206, 0.12367E+05
   16900,2026-09-22T14:31:19.366+02:00, 0.296E-02,  74.42905, 0.12441E+05
   17000,2026-09-22T14:31:29.005+02:00, 0.325E-02,  74.73512, 0.12518E+05
   17100,2026-09-22T14:31:38.702+02:00, 0.344E-02,  75.04835, 0.12595E+05
   17200,2026-09-22T14:31:48.293+02:00, 0.316E-02,  75.36654, 0.12671E+05
   17300,2026-09-22T14:31:58.062+02:00, 0.319E-02,  75.68718, 0.12749E+05
   17400,2026-09-22T14:32:07.837+02:00, 0.316E-02,  76.00521, 0.12827E+05
   17500,2026-09-22T14:32:17.321+02:00, 0.340E-02,  76.32396, 0.12903E+05
   17600,2026-09-22T14:32:26.862+02:00, 0.313E-02,  76.63861, 0.12979E+05
   17700,2026-09-22T14:32:36.507+02:00, 0.339E-02,  76.96547, 0.13056E+05
   17800,2026-09-22T14:32:45.690+02:00, 0.317E-02,  77.28865, 0.13129E+05
   17900,2026-09-22T14:32:55.655+02:00, 0.329E-02,  77.60562, 0.13208E+05
   18000,2026-09-22T14:33:05.661+02:00, 0.291E-02,  77.93354, 0.13287E+05
   18100,2026-09-22T14:33:16.055+02:00, 0.312E-02,  78.24950, 0.13369E+05
   18200,2026-09-22T14:33:26.301+02:00, 0.325E-02,  78.57754, 0.13451E+05
   18300,2026-09-22T14:33:36.347+02:00, 0.342E-02,  78.90141, 0.13530E+05
   18400,2026-09-22T14:33:46.310+02:00, 0.288E-02,  79.21716, 0.13608E+05
   18500,2026-09-22T14:33:56.425+02:00, 0.300E-02,  79.52430, 0.13689E+05
   18600,2026-09-22T14:34:06.531+02:00, 0.281E-02,  79.83499, 0.13769E+05
   18700,2026-09-22T14:34:16.497+02:00, 0.313E-02,  80.14278, 0.13848E+05
   18800,2026-09-22T14:34:26.847+02:00, 0.331E-02,  80.46038, 0.13930E+05
   18900,2026-09-22T14:34:36.835+02:00, 0.334E-02,  80.77698, 0.14009E+05
   19000,2026-09-22T14:34:46.808+02:00, 0.328E-02,  81.10575, 0.14089E+05
   19100,2026-09-22T14:34:56.914+02:00, 0.329E-02,  81.42004, 0.14169E+05
   19200,2026-09-22T14:35:07.122+02:00, 0.303E-02,  81.72408, 0.14250E+05
   19300,2026-09-22T14:35:17.382+02:00, 0.320E-02,  82.04089, 0.14331E+05
   19400,2026-09-22T14:35:27.745+02:00, 0.335E-02,  82.35567, 0.14413E+05
   19500,2026-09-22T14:35:37.904+02:00, 0.314E-02,  82.67707, 0.14494E+05
   19600,2026-09-22T14:35:47.924+02:00, 0.314E-02,  82.99953, 0.14574E+05
   19700,2026-09-22T14:35:58.235+02:00, 0.322E-02,  83.31458, 0.14655E+05
   19800,2026-09-22T14:36:08.609+02:00, 0.302E-02,  83.61807, 0.14737E+05
   19900,2026-09-22T14:36:18.426+02:00, 0.327E-02,  83.95380, 0.14815E+05
   20000,2026-09-22T14:36:28.663+02:00, 0.353E-02,  84.27296, 0.14896E+05
   20100,2026-09-22T14:36:38.712+02:00, 0.296E-02,  84.59663, 0.14976E+05
   20200,2026-09-22T14:36:48.635+02:00, 0.339E-02,  84.90760, 0.15055E+05
   20300,2026-09-22T14:36:58.672+02:00, 0.311E-02,  85.22765, 0.15135E+05
   20400,2026-09-22T14:37:08.901+02:00, 0.339E-02,  85.55486, 0.15216E+05
   20500,2026-09-22T14:37:18.848+02:00, 0.332E-02,  85.88190, 0.15295E+05
   20600,2026-09-22T14:37:28.444+02:00, 0.318E-02,  86.20247, 0.15371E+05
   20700,2026-09-22T14:37:37.897+02:00, 0.345E-02,  86.54466, 0.15447E+05
   20800,2026-09-22T14:37:47.343+02:00, 0.326E-02,  86.87114, 0.15522E+05
   20900,2026-09-22T14:37:57.373+02:00, 0.336E-02,  87.20988, 0.15601E+05
   21000,2026-09-22T14:38:06.901+02:00, 0.313E-02,  87.53182, 0.15677E+05
   21100,2026-09-22T14:38:16.604+02:00, 0.328E-02,  87.86604, 0.15755E+05
   21200,2026-09-22T14:38:26.192+02:00, 0.328E-02,  88.19443, 0.15831E+05
   21300,2026-09-22T14:38:35.664+02:00, 0.328E-02,  88.52282, 0.15906E+05
   21400,2026-09-22T14:38:44.795+02:00, 0.328E-02,  88.85122, 0.15979E+05
   21500,2026-09-22T14:38:54.826+02:00, 0.329E-02,  89.16613, 0.16058E+05
   21600,2026-09-22T14:39:05.023+02:00, 0.317E-02,  89.47929, 0.16139E+05
   21700,2026-09-22T14:39:14.802+02:00, 0.319E-02,  89.80801, 0.16216E+05
   21800,2026-09-22T14:39:24.974+02:00, 0.326E-02,  90.12449, 0.16297E+05
   21900,2026-09-22T14:39:35.321+02:00, 0.306E-02,  90.43723, 0.16378E+05
   22000,2026-09-22T14:39:45.061+02:00, 0.318E-02,  90.75232, 0.16455E+05
   22100,2026-09-22T14:39:54.858+02:00, 0.323E-02,  91.06403, 0.16533E+05
   22200,2026-09-22T14:40:04.883+02:00, 0.310E-02,  91.38032, 0.16612E+05
   22300,2026-09-22T14:40:14.466+02:00, 0.337E-02,  91.70801, 0.16689E+05
   22400,2026-09-22T14:40:24.213+02:00, 0.313E-02,  92.00452, 0.16766E+05
   22500,2026-09-22T14:40:34.293+02:00, 0.293E-02,  92.31707, 0.16846E+05
   22600,2026-09-22T14:40:44.388+02:00, 0.288E-02,  92.63690, 0.16926E+05
   22700,2026-09-22T14:40:54.359+02:00, 0.307E-02,  92.95225, 0.17005E+05
   22800,2026-09-22T14:41:04.015+02:00, 0.284E-02,  93.27417, 0.17082E+05
   22900,2026-09-22T14:41:14.027+02:00, 0.321E-02,  93.58561, 0.17161E+05
   23000,2026-09-22T14:41:23.872+02:00, 0.332E-02,  93.88825, 0.17240E+05
   23100,2026-09-22T14:41:33.927+02:00, 0.323E-02,  94.20657, 0.17319E+05
   23200,2026-09-22T14:41:43.545+02:00, 0.318E-02,  94.52217, 0.17396E+05
   23300,2026-09-22T14:41:53.050+02:00, 0.335E-02,  94.85204, 0.17472E+05
   23400,2026-09-22T14:42:02.652+02:00, 0.335E-02,  95.18735, 0.17548E+05
   23500,2026-09-22T14:42:12.427+02:00, 0.305E-02,  95.50678, 0.17626E+05
   23600,2026-09-22T14:42:21.645+02:00, 0.330E-02,  95.84429, 0.17700E+05
   23700,2026-09-22T14:42:31.104+02:00, 0.317E-02,  96.16509, 0.17775E+05
   23800,2026-09-22T14:42:40.622+02:00, 0.323E-02,  96.49419, 0.17851E+05
   23900,2026-09-22T14:42:50.224+02:00, 0.319E-02,  96.81460, 0.17928E+05
   24000,2026-09-22T14:42:59.508+02:00, 0.341E-02,  97.13555, 0.18002E+05
   24100,2026-09-22T14:43:08.836+02:00, 0.304E-02,  97.47577, 0.18076E+05
   24200,2026-09-22T14:43:18.435+02:00, 0.329E-02,  97.79761, 0.18153E+05
   24300,2026-09-22T14:43:28.051+02:00, 0.345E-02,  98.13311, 0.18229E+05
   24400,2026-09-22T14:43:37.546+02:00, 0.302E-02,  98.44450, 0.18305E+05
   24500,2026-09-22T14:43:46.686+02:00, 0.332E-02,  98.76825, 0.18378E+05
   24600,2026-09-22T14:43:55.784+02:00, 0.342E-02,  99.09287, 0.18450E+05
   24700,2026-09-22T14:44:05.023+02:00, 0.326E-02,  99.40723, 0.18524E+05
   24800,2026-09-22T14:44:14.559+02:00, 0.346E-02,  99.72278, 0.18600E+05
   24900,2026-09-22T14:44:24.080+02:00, 0.305E-02, 100.03067, 0.18676E+05
   25000,2026-09-22T14:44:33.375+02:00, 0.313E-02, 100.36075, 0.18750E+05
   25100,2026-09-22T14:44:42.440+02:00, 0.301E-02, 100.68176, 0.18822E+05
   25200,2026-09-22T14:44:51.794+02:00, 0.348E-02, 101.00461, 0.18897E+05
   25300,2026-09-22T14:45:01.095+02:00, 0.288E-02, 101.32363, 0.18971E+05
   25400,2026-09-22T14:45:10.579+02:00, 0.324E-02, 101.64536, 0.19047E+05
   25500,2026-09-22T14:45:19.864+02:00, 0.272E-02, 101.95663, 0.19121E+05
   25600,2026-09-22T14:45:29.464+02:00, 0.333E-02, 102.27016, 0.19198E+05
   25700,2026-09-22T14:45:38.885+02:00, 0.315E-02, 102.59666, 0.19273E+05
   25800,2026-09-22T14:45:48.369+02:00, 0.344E-02, 102.91542, 0.19349E+05
   25900,2026-09-22T14:45:57.878+02:00, 0.334E-02, 103.25092, 0.19425E+05
   26000,2026-09-22T14:46:07.346+02:00, 0.330E-02, 103.56660, 0.19500E+05
   26100,2026-09-22T14:46:16.945+02:00, 0.290E-02, 103.87949, 0.19577E+05
   26200,2026-09-22T14:46:26.087+02:00, 0.319E-02, 104.19697, 0.19649E+05
   26300,2026-09-22T14:46:35.494+02:00, 0.321E-02, 104.51154, 0.19724E+05
   26400,2026-09-22T14:46:44.710+02:00, 0.321E-02, 104.83268, 0.19798E+05
   26500,2026-09-22T14:46:54.066+02:00, 0.321E-02, 105.15383, 0.19872E+05
   26600,2026-09-22T14:47:03.434+02:00, 0.321E-02, 105.47497, 0.19947E+05
   26700,2026-09-22T14:47:12.710+02:00, 0.339E-02, 105.80675, 0.20021E+05
   26800,2026-09-22T14:47:21.875+02:00, 0.352E-02, 106.13706, 0.20094E+05
   26900,2026-09-22T14:47:31.060+02:00, 0.334E-02, 106.47119, 0.20167E+05
   27000,2026-09-22T14:47:40.651+02:00, 0.324E-02, 106.78767, 0.20243E+05
   27100,2026-09-22T14:47:50.216+02:00, 0.320E-02, 107.10790, 0.20320E+05
   27200,2026-09-22T14:47:59.723+02:00, 0.333E-02, 107.43764, 0.20395E+05
   27300,2026-09-22T14:48:09.099+02:00, 0.323E-02, 107.76629, 0.20470E+05
   27400,2026-09-22T14:48:18.310+02:00, 0.323E-02, 108.08941, 0.20543E+05
   27500,2026-09-22T14:48:27.584+02:00, 0.324E-02, 108.40485, 0.20617E+05
   27600,2026-09-22T14:48:37.051+02:00, 0.334E-02, 108.72541, 0.20693E+05
   27700,2026-09-22T14:48:46.327+02:00, 0.334E-02, 109.05901, 0.20767E+05
   27800,2026-09-22T14:48:55.650+02:00, 0.322E-02, 109.38227, 0.20841E+05
   27900,2026-09-22T14:49:05.189+02:00, 0.319E-02, 109.71845, 0.20917E+05
   28000,2026-09-22T14:49:14.588+02:00, 0.340E-02, 110.04972, 0.20992E+05
   28100,2026-09-22T14:49:24.062+02:00, 0.321E-02, 110.36926, 0.21067E+05
   28200,2026-09-22T14:49:33.632+02:00, 0.317E-02, 110.69041, 0.21142E+05
   28300,2026-09-22T14:49:42.866+02:00, 0.317E-02, 111.00772, 0.21216E+05
   28400,2026-09-22T14:49:52.422+02:00, 0.304E-02, 111.32189, 0.21292E+05
   28500,2026-09-22T14:50:01.774+02:00, 0.324E-02, 111.65034, 0.21366E+05
   28600,2026-09-22T14:50:11.404+02:00, 0.322E-02, 111.95522, 0.21443E+05
   28700,2026-09-22T14:50:21.555+02:00, 0.318E-02, 112.26144, 0.21523E+05
   28800,2026-09-22T14:50:31.577+02:00, 0.291E-02, 112.57479, 0.21603E+05
   28900,2026-09-22T14:50:41.904+02:00, 0.285E-02, 112.88389, 0.21685E+05
   29000,2026-09-22T14:50:52.209+02:00, 0.302E-02, 113.19467, 0.21767E+05
   29100,2026-09-22T14:51:02.316+02:00, 0.317E-02, 113.50717, 0.21847E+05
   29200,2026-09-22T14:51:12.008+02:00, 0.350E-02, 113.82326, 0.21924E+05
   29300,2026-09-22T14:51:21.507+02:00, 0.307E-02, 114.14233, 0.22000E+05
   29400,2026-09-22T14:51:31.432+02:00, 0.284E-02, 114.46478, 0.22079E+05
   29500,2026-09-22T14:51:41.202+02:00, 0.299E-02, 114.77912, 0.22157E+05
   29600,2026-09-22T14:51:51.166+02:00, 0.286E-02, 115.10217, 0.22236E+05
   29700,2026-09-22T14:52:00.822+02:00, 0.283E-02, 115.40659, 0.22313E+05
   29800,2026-09-22T14:52:10.683+02:00, 0.323E-02, 115.71282, 0.22392E+05
   29900,2026-09-22T14:52:20.409+02:00, 0.309E-02, 116.03554, 0.22469E+05
   30000,2026-09-22T14:52:30.277+02:00, 0.299E-02, 116.34672, 0.22548E+05
   30100,2026-09-22T14:52:39.966+02:00, 0.280E-02, 116.65207, 0.22625E+05
   30200,2026-09-22T14:52:49.518+02:00, 0.327E-02, 116.96147, 0.22701E+05
   30300,2026-09-22T14:52:59.314+02:00, 0.307E-02, 117.27558, 0.22779E+05
   30400,2026-09-22T14:53:09.137+02:00, 0.309E-02, 117.57947, 0.22857E+05
   30500,2026-09-22T14:53:19.044+02:00, 0.299E-02, 117.89279, 0.22936E+05
   30600,2026-09-22T14:53:29.153+02:00, 0.294E-02, 118.20081, 0.23017E+05
   30700,2026-09-22T14:53:38.967+02:00, 0.331E-02, 118.50722, 0.23095E+05
   30800,2026-09-22T14:53:48.423+02:00, 0.330E-02, 118.81762, 0.23170E+05
   30900,2026-09-22T14:53:58.386+02:00, 0.301E-02, 119.12367, 0.23250E+05
   31000,2026-09-22T14:54:08.346+02:00, 0.325E-02, 119.44360, 0.23329E+05
   31100,2026-09-22T14:54:18.152+02:00, 0.323E-02, 119.75582, 0.23407E+05
   31200,2026-09-22T14:54:28.494+02:00, 0.295E-02, 120.06247, 0.23488E+05
   31300,2026-09-22T14:54:38.745+02:00, 0.316E-02, 120.37658, 0.23570E+05
   31400,2026-09-22T14:54:48.887+02:00, 0.304E-02, 120.66877, 0.23650E+05
   31500,2026-09-22T14:54:58.884+02:00, 0.339E-02, 120.98762, 0.23729E+05
   31600,2026-09-22T14:55:08.832+02:00, 0.290E-02, 121.30371, 0.23808E+05
   31700,2026-09-22T14:55:18.734+02:00, 0.328E-02, 121.61910, 0.23887E+05
   31800,2026-09-22T14:55:28.503+02:00, 0.323E-02, 121.93997, 0.23965E+05
   31900,2026-09-22T14:55:37.944+02:00, 0.323E-02, 122.26252, 0.24040E+05
   32000,2026-09-22T14:55:47.230+02:00, 0.323E-02, 122.58506, 0.24114E+05
   32100,2026-09-22T14:55:56.780+02:00, 0.323E-02, 122.90761, 0.24190E+05
   32200,2026-09-22T14:56:06.182+02:00, 0.335E-02, 123.23319, 0.24265E+05
   32300,2026-09-22T14:56:15.764+02:00, 0.290E-02, 123.55738, 0.24341E+05
   32400,2026-09-22T14:56:25.234+02:00, 0.331E-02, 123.87761, 0.24416E+05
   32500,2026-09-22T14:56:34.721+02:00, 0.353E-02, 124.19040, 0.24492E+05
   32600,2026-09-22T14:56:44.551+02:00, 0.319E-02, 124.51024, 0.24570E+05
   32700,2026-09-22T14:56:54.499+02:00, 0.285E-02, 124.81243, 0.24649E+05
   32800,2026-09-22T14:57:04.297+02:00, 0.315E-02, 125.12298, 0.24727E+05
   32900,2026-09-22T14:57:13.811+02:00, 0.317E-02, 125.44642, 0.24803E+05
   33000,2026-09-22T14:57:23.521+02:00, 0.339E-02, 125.75359, 0.24880E+05
   33100,2026-09-22T14:57:33.505+02:00, 0.319E-02, 126.06748, 0.24960E+05
   33200,2026-09-22T14:57:43.168+02:00, 0.287E-02, 126.37705, 0.25036E+05
   33300,2026-09-22T14:57:53.122+02:00, 0.331E-02, 126.70054, 0.25115E+05
   33400,2026-09-22T14:58:02.796+02:00, 0.302E-02, 127.01239, 0.25192E+05
   33500,2026-09-22T14:58:12.758+02:00, 0.291E-02, 127.32570, 0.25271E+05
   33600,2026-09-22T14:58:22.348+02:00, 0.342E-02, 127.63831, 0.25348E+05
   33700,2026-09-22T14:58:31.720+02:00, 0.307E-02, 127.97591, 0.25423E+05
   33800,2026-09-22T14:58:41.559+02:00, 0.320E-02, 128.28856, 0.25501E+05
   33900,2026-09-22T14:58:51.013+02:00, 0.333E-02, 128.60428, 0.25575E+05
   34000,2026-09-22T14:59:00.391+02:00, 0.318E-02, 128.92015, 0.25650E+05
   34100,2026-09-22T14:59:09.814+02:00, 0.297E-02, 129.22888, 0.25725E+05
   34200,2026-09-22T14:59:19.024+02:00, 0.326E-02, 129.54980, 0.25798E+05
   34300,2026-09-22T14:59:28.979+02:00, 0.314E-02, 129.87803, 0.25878E+05
   34400,2026-09-22T14:59:39.539+02:00, 0.319E-02, 130.19073, 0.25960E+05
   34500,2026-09-22T14:59:49.523+02:00, 0.344E-02, 130.50659, 0.26040E+05
   34600,2026-09-22T14:59:59.588+02:00, 0.297E-02, 130.83597, 0.26120E+05
   34700,2026-09-22T15:00:09.190+02:00, 0.318E-02, 131.15570, 0.26196E+05
   34800,2026-09-22T15:00:18.836+02:00, 0.325E-02, 131.47098, 0.26273E+05
   34900,2026-09-22T15:00:28.727+02:00, 0.335E-02, 131.79961, 0.26351E+05
   35000,2026-09-22T15:00:38.582+02:00, 0.317E-02, 132.11121, 0.26429E+05
   35100,2026-09-22T15:00:48.070+02:00, 0.321E-02, 132.43265, 0.26505E+05
   35200,2026-09-22T15:00:57.552+02:00, 0.321E-02, 132.75360, 0.26580E+05
   35300,2026-09-22T15:01:06.897+02:00, 0.321E-02, 133.07454, 0.26655E+05
   35400,2026-09-22T15:01:16.365+02:00, 0.334E-02, 133.39539, 0.26730E+05
   35500,2026-09-22T15:01:25.765+02:00, 0.324E-02, 133.71967, 0.26805E+05
   35600,2026-09-22T15:01:35.271+02:00, 0.324E-02, 134.04396, 0.26880E+05
   35700,2026-09-22T15:01:44.887+02:00, 0.314E-02, 134.38704, 0.26957E+05
   35800,2026-09-22T15:01:54.294+02:00, 0.329E-02, 134.70948, 0.27031E+05
   35900,2026-09-22T15:02:04.001+02:00, 0.316E-02, 135.03049, 0.27108E+05
   36000,2026-09-22T15:02:13.750+02:00, 0.348E-02, 135.34911, 0.27186E+05
   36100,2026-09-22T15:02:22.969+02:00, 0.297E-02, 135.68328, 0.27259E+05
   36200,2026-09-22T15:02:32.519+02:00, 0.333E-02, 136.01413, 0.27335E+05
   36300,2026-09-22T15:02:41.782+02:00, 0.342E-02, 136.33428, 0.27409E+05
   36400,2026-09-22T15:02:51.616+02:00, 0.290E-02, 136.65418, 0.27487E+05
   36500,2026-09-22T15:03:01.251+02:00, 0.289E-02, 136.97493, 0.27564E+05
   36600,2026-09-22T15:03:11.124+02:00, 0.303E-02, 137.30246, 0.27642E+05
   36700,2026-09-22T15:03:20.893+02:00, 0.320E-02, 137.62106, 0.27720E+05
   36800,2026-09-22T15:03:30.738+02:00, 0.318E-02, 137.92894, 0.27798E+05
   36900,2026-09-22T15:03:40.308+02:00, 0.302E-02, 138.23619, 0.27875E+05
   37000,2026-09-22T15:03:50.040+02:00, 0.308E-02, 138.54321, 0.27952E+05
   37100,2026-09-22T15:04:00.035+02:00, 0.317E-02, 138.85343, 0.28031E+05
   37200,2026-09-22T15:04:10.294+02:00, 0.307E-02, 139.16783, 0.28113E+05
   37300,2026-09-22T15:04:20.275+02:00, 0.361E-02, 139.49837, 0.28192E+05
   37400,2026-09-22T15:04:29.641+02:00, 0.355E-02, 139.81376, 0.28267E+05
   37500,2026-09-22T15:04:39.515+02:00, 0.326E-02, 140.13818, 0.28345E+05
   37600,2026-09-22T15:04:49.095+02:00, 0.326E-02, 140.46417, 0.28421E+05
   37700,2026-09-22T15:04:58.730+02:00, 0.326E-02, 140.79016, 0.28497E+05
   37800,2026-09-22T15:05:08.302+02:00, 0.312E-02, 141.10836, 0.28573E+05
   37900,2026-09-22T15:05:17.892+02:00, 0.340E-02, 141.44027, 0.28650E+05
   38000,2026-09-22T15:05:27.579+02:00, 0.333E-02, 141.77508, 0.28726E+05
   38100,2026-09-22T15:05:37.291+02:00, 0.333E-02, 142.10854, 0.28804E+05
   38200,2026-09-22T15:05:47.028+02:00, 0.333E-02, 142.44200, 0.28881E+05
   38300,2026-09-22T15:05:56.828+02:00, 0.291E-02, 142.76657, 0.28959E+05
   38400,2026-09-22T15:06:06.528+02:00, 0.297E-02, 143.08161, 0.29036E+05
   38500,2026-09-22T15:06:16.479+02:00, 0.327E-02, 143.40785, 0.29114E+05
   38600,2026-09-22T15:06:26.547+02:00, 0.313E-02, 143.72238, 0.29194E+05
   38700,2026-09-22T15:06:36.374+02:00, 0.333E-02, 144.03493, 0.29272E+05
   38800,2026-09-22T15:06:46.104+02:00, 0.277E-02, 144.35938, 0.29350E+05
   38900,2026-09-22T15:06:56.062+02:00, 0.314E-02, 144.66874, 0.29429E+05
   39000,2026-09-22T15:07:05.613+02:00, 0.310E-02, 144.97681, 0.29504E+05
   39100,2026-09-22T15:07:15.384+02:00, 0.341E-02, 145.30080, 0.29582E+05
   39200,2026-09-22T15:07:25.317+02:00, 0.325E-02, 145.62950, 0.29661E+05
   39300,2026-09-22T15:07:35.233+02:00, 0.321E-02, 145.95135, 0.29740E+05
   39400,2026-09-22T15:07:45.181+02:00, 0.321E-02, 146.27242, 0.29819E+05
   39500,2026-09-22T15:07:54.983+02:00, 0.317E-02, 146.58769, 0.29897E+05
   39600,2026-09-22T15:08:04.922+02:00, 0.305E-02, 146.89277, 0.29975E+05
   39700,2026-09-22T15:08:15.134+02:00, 0.326E-02, 147.20866, 0.30056E+05
   39800,2026-09-22T15:08:25.073+02:00, 0.322E-02, 147.52815, 0.30135E+05
   39900,2026-09-22T15:08:34.714+02:00, 0.322E-02, 147.85035, 0.30211E+05
   40000,2026-09-22T15:08:44.610+02:00, 0.321E-02, 148.16631, 0.30290E+05
   40100,2026-09-22T15:08:54.290+02:00, 0.341E-02, 148.48770, 0.30366E+05
   40200,2026-09-22T15:09:04.191+02:00, 0.325E-02, 148.80319, 0.30445E+05
   40300,2026-09-22T15:09:13.951+02:00, 0.297E-02, 149.14238, 0.30522E+05
   40400,2026-09-22T15:09:24.307+02:00, 0.314E-02, 149.45057, 0.30604E+05
   40500,2026-09-22T15:09:34.720+02:00, 0.299E-02, 149.75967, 0.30685E+05
   40600,2026-09-22T15:09:44.574+02:00, 0.320E-02, 150.06248, 0.30763E+05
   40700,2026-09-22T15:09:54.374+02:00, 0.317E-02, 150.37974, 0.30841E+05
   40800,2026-09-22T15:10:04.016+02:00, 0.305E-02, 150.69501, 0.30917E+05
   40900,2026-09-22T15:10:13.874+02:00, 0.335E-02, 151.01297, 0.30996E+05
   41000,2026-09-22T15:10:23.739+02:00, 0.328E-02, 151.33071, 0.31074E+05
   41100,2026-09-22T15:10:33.333+02:00, 0.290E-02, 151.64360, 0.31150E+05
   41200,2026-09-22T15:10:43.026+02:00, 0.345E-02, 151.94665, 0.31226E+05
   41300,2026-09-22T15:10:53.647+02:00, 0.300E-02, 152.28196, 0.31309E+05
   41400,2026-09-22T15:11:04.130+02:00, 0.326E-02, 152.60413, 0.31392E+05
   41500,2026-09-22T15:11:14.102+02:00, 0.313E-02, 152.92067, 0.31471E+05
   41600,2026-09-22T15:11:23.788+02:00, 0.333E-02, 153.24502, 0.31548E+05
   41700,2026-09-22T15:11:34.041+02:00, 0.309E-02, 153.55513, 0.31629E+05
   41800,2026-09-22T15:11:43.658+02:00, 0.328E-02, 153.87605, 0.31705E+05
   41900,2026-09-22T15:11:53.413+02:00, 0.319E-02, 154.20283, 0.31783E+05
   42000,2026-09-22T15:12:03.163+02:00, 0.307E-02, 154.50880, 0.31860E+05
   42100,2026-09-22T15:12:12.935+02:00, 0.327E-02, 154.83392, 0.31938E+05
   42200,2026-09-22T15:12:22.955+02:00, 0.308E-02, 155.15629, 0.32016E+05
   42300,2026-09-22T15:12:32.461+02:00, 0.324E-02, 155.47261, 0.32092E+05
   42400,2026-09-22T15:12:42.182+02:00, 0.321E-02, 155.81594, 0.32169E+05
   42500,2026-09-22T15:12:52.152+02:00, 0.293E-02, 156.13962, 0.32248E+05
   42600,2026-09-22T15:13:02.156+02:00, 0.323E-02, 156.45544, 0.32327E+05
   42700,2026-09-22T15:13:12.099+02:00, 0.312E-02, 156.77228, 0.32406E+05
   42800,2026-09-22T15:13:21.769+02:00, 0.329E-02, 157.08708, 0.32483E+05
   42900,2026-09-22T15:13:31.580+02:00, 0.293E-02, 157.41220, 0.32561E+05
   43000,2026-09-22T15:13:41.520+02:00, 0.322E-02, 157.73175, 0.32639E+05
   43100,2026-09-22T15:13:51.436+02:00, 0.322E-02, 158.05363, 0.32718E+05
   43200,2026-09-22T15:14:01.229+02:00, 0.322E-02, 158.37552, 0.32795E+05
   43300,2026-09-22T15:14:10.952+02:00, 0.316E-02, 158.69380, 0.32873E+05
   43400,2026-09-22T15:14:20.802+02:00, 0.305E-02, 159.03475, 0.32951E+05
   43500,2026-09-22T15:14:30.737+02:00, 0.328E-02, 159.36218, 0.33030E+05
   43600,2026-09-22T15:14:40.700+02:00, 0.315E-02, 159.68638, 0.33109E+05
   43700,2026-09-22T15:14:50.532+02:00, 0.320E-02, 160.01321, 0.33187E+05
   43800,2026-09-22T15:15:00.586+02:00, 0.311E-02, 160.31488, 0.33267E+05
   43900,2026-09-22T15:15:10.519+02:00, 0.302E-02, 160.64099, 0.33345E+05
   44000,2026-09-22T15:15:20.615+02:00, 0.298E-02, 160.94753, 0.33425E+05
   44100,2026-09-22T15:15:31.216+02:00, 0.302E-02, 161.26579, 0.33509E+05
   44200,2026-09-22T15:15:40.981+02:00, 0.294E-02, 161.57810, 0.33586E+05
   44300,2026-09-22T15:15:50.806+02:00, 0.342E-02, 161.89325, 0.33664E+05
   44400,2026-09-22T15:16:01.201+02:00, 0.306E-02, 162.21309, 0.33745E+05
   44500,2026-09-22T15:16:11.527+02:00, 0.319E-02, 162.53090, 0.33827E+05
   44600,2026-09-22T15:16:21.767+02:00, 0.328E-02, 162.85354, 0.33909E+05
   44700,2026-09-22T15:16:32.149+02:00, 0.298E-02, 163.15451, 0.33990E+05
   44800,2026-09-22T15:16:42.569+02:00, 0.275E-02, 163.46568, 0.34073E+05
   44900,2026-09-22T15:16:53.074+02:00, 0.307E-02, 163.77455, 0.34156E+05
   45000,2026-09-22T15:17:03.522+02:00, 0.286E-02, 164.09047, 0.34239E+05
   45100,2026-09-22T15:17:13.687+02:00, 0.330E-02, 164.42003, 0.34319E+05
   45200,2026-09-22T15:17:23.658+02:00, 0.345E-02, 164.74131, 0.34398E+05
   45300,2026-09-22T15:17:33.662+02:00, 0.358E-02, 165.06671, 0.34478E+05
   45400,2026-09-22T15:17:43.542+02:00, 0.316E-02, 165.37882, 0.34556E+05
   45500,2026-09-22T15:17:53.366+02:00, 0.316E-02, 165.69471, 0.34634E+05
   45600,2026-09-22T15:18:03.207+02:00, 0.305E-02, 166.01165, 0.34712E+05
   45700,2026-09-22T15:18:13.198+02:00, 0.332E-02, 166.34345, 0.34791E+05
   45800,2026-09-22T15:18:23.065+02:00, 0.284E-02, 166.66966, 0.34869E+05
   45900,2026-09-22T15:18:33.007+02:00, 0.327E-02, 166.99455, 0.34948E+05
   46000,2026-09-22T15:18:42.880+02:00, 0.336E-02, 167.32619, 0.35027E+05
   46100,2026-09-22T15:18:52.729+02:00, 0.301E-02, 167.65472, 0.35105E+05
   46200,2026-09-22T15:19:02.575+02:00, 0.287E-02, 167.97402, 0.35183E+05
   46300,2026-09-22T15:19:12.552+02:00, 0.311E-02, 168.30175, 0.35261E+05
   46400,2026-09-22T15:19:22.476+02:00, 0.336E-02, 168.61465, 0.35340E+05
   46500,2026-09-22T15:19:32.902+02:00, 0.285E-02, 168.94587, 0.35421E+05
   46600,2026-09-22T15:19:42.771+02:00, 0.305E-02, 169.24613, 0.35499E+05
   46700,2026-09-22T15:19:52.742+02:00, 0.340E-02, 169.55463, 0.35578E+05
   46800,2026-09-22T15:20:02.822+02:00, 0.331E-02, 169.87177, 0.35658E+05
   46900,2026-09-22T15:20:12.755+02:00, 0.298E-02, 170.18840, 0.35737E+05
   47000,2026-09-22T15:20:22.517+02:00, 0.255E-02, 170.49635, 0.35814E+05
   47100,2026-09-22T15:20:32.433+02:00, 0.303E-02, 170.79429, 0.35893E+05
   47200,2026-09-22T15:20:42.293+02:00, 0.336E-02, 171.09397, 0.35971E+05
   47300,2026-09-22T15:20:52.213+02:00, 0.325E-02, 171.42780, 0.36049E+05
   47400,2026-09-22T15:21:02.403+02:00, 0.278E-02, 171.73844, 0.36129E+05
   47500,2026-09-22T15:21:12.475+02:00, 0.317E-02, 172.05529, 0.36209E+05
   47600,2026-09-22T15:21:22.271+02:00, 0.313E-02, 172.36759, 0.36287E+05
   47700,2026-09-22T15:21:32.364+02:00, 0.341E-02, 172.69547, 0.36366E+05
   47800,2026-09-22T15:21:42.420+02:00, 0.323E-02, 173.02055, 0.36445E+05
   47900,2026-09-22T15:21:52.210+02:00, 0.333E-02, 173.33055, 0.36523E+05
   48000,2026-09-22T15:22:02.410+02:00, 0.319E-02, 173.64680, 0.36603E+05
   48100,2026-09-22T15:22:12.213+02:00, 0.286E-02, 173.96363, 0.36680E+05
   48200,2026-09-22T15:22:21.990+02:00, 0.346E-02, 174.27987, 0.36758E+05
   48300,2026-09-22T15:22:31.676+02:00, 0.333E-02, 174.60871, 0.36834E+05
   48400,2026-09-22T15:22:41.535+02:00, 0.323E-02, 174.92928, 0.36913E+05
   48500,2026-09-22T15:22:51.439+02:00, 0.342E-02, 175.24881, 0.36991E+05
   48600,2026-09-22T15:23:01.531+02:00, 0.321E-02, 175.57075, 0.37071E+05
   48700,2026-09-22T15:23:11.120+02:00, 0.353E-02, 175.89261, 0.37147E+05
   48800,2026-09-22T15:23:21.208+02:00, 0.317E-02, 176.21406, 0.37227E+05
   48900,2026-09-22T15:23:31.293+02:00, 0.321E-02, 176.54106, 0.37307E+05
   49000,2026-09-22T15:23:41.350+02:00, 0.310E-02, 176.85965, 0.37387E+05
   49100,2026-09-22T15:23:51.210+02:00, 0.305E-02, 177.16365, 0.37464E+05
   49200,2026-09-22T15:24:01.360+02:00, 0.263E-02, 177.47895, 0.37545E+05
   49300,2026-09-22T15:24:11.591+02:00, 0.293E-02, 177.80259, 0.37626E+05
   49400,2026-09-22T15:24:21.248+02:00, 0.317E-02, 178.11835, 0.37702E+05
   49500,2026-09-22T15:24:31.327+02:00, 0.313E-02, 178.43777, 0.37782E+05
   49600,2026-09-22T15:24:40.994+02:00, 0.313E-02, 178.75076, 0.37858E+05
   49700,2026-09-22T15:24:50.624+02:00, 0.344E-02, 179.07095, 0.37935E+05
   49800,2026-09-22T15:25:00.672+02:00, 0.332E-02, 179.38069, 0.38014E+05
   49900,2026-09-22T15:25:10.447+02:00, 0.308E-02, 179.69177, 0.38091E+05
   50000,2026-09-22T15:25:20.662+02:00, 0.344E-02, 179.99783, 0.38172E+05
   50100,2026-09-22T15:25:31.633+02:00, 0.323E-02, 180.33059, 0.38257E+05
   50200,2026-09-22T15:25:41.985+02:00, 0.313E-02, 180.64457, 0.38339E+05
   50300,2026-09-22T15:25:51.547+02:00, 0.313E-02, 180.95752, 0.38415E+05
   50400,2026-09-22T15:26:01.316+02:00, 0.344E-02, 181.28769, 0.38492E+05
   50500,2026-09-22T15:26:11.221+02:00, 0.318E-02, 181.61078, 0.38570E+05
   50600,2026-09-22T15:26:20.933+02:00, 0.304E-02, 181.94529, 0.38648E+05
   50700,2026-09-22T15:26:30.603+02:00, 0.327E-02, 182.25990, 0.38724E+05
   50800,2026-09-22T15:26:40.010+02:00, 0.322E-02, 182.57981, 0.38799E+05
   50900,2026-09-22T15:26:49.830+02:00, 0.317E-02, 182.89342, 0.38877E+05
   51000,2026-09-22T15:26:59.680+02:00, 0.341E-02, 183.23072, 0.38955E+05
   51100,2026-09-22T15:27:09.651+02:00, 0.315E-02, 183.55053, 0.39034E+05
   51200,2026-09-22T15:27:19.460+02:00, 0.321E-02, 183.85359, 0.39112E+05
   51300,2026-09-22T15:27:29.031+02:00, 0.317E-02, 184.17011, 0.39188E+05
   51400,2026-09-22T15:27:38.621+02:00, 0.349E-02, 184.49288, 0.39264E+05
   51500,2026-09-22T15:27:48.699+02:00, 0.325E-02, 184.82503, 0.39344E+05
   51600,2026-09-22T15:27:58.511+02:00, 0.320E-02, 185.14327, 0.39421E+05
   51700,2026-09-22T15:28:08.041+02:00, 0.333E-02, 185.45894, 0.39497E+05
   51800,2026-09-22T15:28:17.792+02:00, 0.312E-02, 185.77384, 0.39574E+05
   51900,2026-09-22T15:28:27.707+02:00, 0.335E-02, 186.09163, 0.39652E+05
   52000,2026-09-22T15:28:37.522+02:00, 0.320E-02, 186.40764, 0.39730E+05
   52100,2026-09-22T15:28:47.371+02:00, 0.342E-02, 186.72850, 0.39808E+05
   52200,2026-09-22T15:28:57.233+02:00, 0.327E-02, 187.05898, 0.39886E+05
   52300,2026-09-22T15:29:06.980+02:00, 0.322E-02, 187.37877, 0.39963E+05
   52400,2026-09-22T15:29:16.670+02:00, 0.311E-02, 187.68794, 0.40041E+05
   52500,2026-09-22T15:29:26.678+02:00, 0.337E-02, 188.00669, 0.40119E+05
   52600,2026-09-22T15:29:36.872+02:00, 0.326E-02, 188.31769, 0.40199E+05
   52700,2026-09-22T15:29:46.380+02:00, 0.297E-02, 188.62700, 0.40275E+05
   52800,2026-09-22T15:29:55.809+02:00, 0.322E-02, 188.93263, 0.40349E+05
   52900,2026-09-22T15:30:05.116+02:00, 0.348E-02, 189.25178, 0.40423E+05
   53000,2026-09-22T15:30:14.759+02:00, 0.312E-02, 189.58585, 0.40499E+05
   53100,2026-09-22T15:30:24.528+02:00, 0.343E-02, 189.90379, 0.40576E+05
   53200,2026-09-22T15:30:34.331+02:00, 0.331E-02, 190.23441, 0.40654E+05
   53300,2026-09-22T15:30:44.126+02:00, 0.275E-02, 190.55190, 0.40732E+05
   53400,2026-09-22T15:30:54.106+02:00, 0.327E-02, 190.85510, 0.40810E+05
   53500,2026-09-22T15:31:04.526+02:00, 0.312E-02, 191.15458, 0.40893E+05
   53600,2026-09-22T15:31:14.206+02:00, 0.312E-02, 191.46694, 0.40970E+05
   53700,2026-09-22T15:31:24.250+02:00, 0.312E-02, 191.77929, 0.41049E+05
   53800,2026-09-22T15:31:34.287+02:00, 0.283E-02, 192.08479, 0.41129E+05
   53900,2026-09-22T15:31:44.502+02:00, 0.283E-02, 192.38850, 0.41210E+05
   54000,2026-09-22T15:31:54.691+02:00, 0.322E-02, 192.69248, 0.41291E+05
   54100,2026-09-22T15:32:04.956+02:00, 0.317E-02, 193.00834, 0.41372E+05
   54200,2026-09-22T15:32:15.113+02:00, 0.325E-02, 193.32775, 0.41452E+05
   54300,2026-09-22T15:32:25.052+02:00, 0.292E-02, 193.65209, 0.41531E+05
   54400,2026-09-22T15:32:34.673+02:00, 0.321E-02, 193.94836, 0.41607E+05
   54500,2026-09-22T15:32:44.473+02:00, 0.326E-02, 194.26946, 0.41685E+05
   54600,2026-09-22T15:32:54.284+02:00, 0.326E-02, 194.59506, 0.41762E+05
   54700,2026-09-22T15:33:03.803+02:00, 0.326E-02, 194.92066, 0.41838E+05
   54800,2026-09-22T15:33:13.646+02:00, 0.301E-02, 195.22058, 0.41916E+05
   54900,2026-09-22T15:33:23.340+02:00, 0.326E-02, 195.52644, 0.41993E+05
   55000,2026-09-22T15:33:33.607+02:00, 0.301E-02, 195.82759, 0.42074E+05
   55100,2026-09-22T15:33:43.354+02:00, 0.313E-02, 196.12672, 0.42152E+05
   55200,2026-09-22T15:33:53.370+02:00, 0.293E-02, 196.41758, 0.42231E+05
   55300,2026-09-22T15:34:03.841+02:00, 0.292E-02, 196.72785, 0.42315E+05
   55400,2026-09-22T15:34:13.981+02:00, 0.318E-02, 197.03328, 0.42395E+05
   55500,2026-09-22T15:34:24.341+02:00, 0.309E-02, 197.34779, 0.42477E+05
   55600,2026-09-22T15:34:34.306+02:00, 0.318E-02, 197.65678, 0.42556E+05
   55700,2026-09-22T15:34:43.971+02:00, 0.318E-02, 197.97495, 0.42633E+05
   55800,2026-09-22T15:34:54.192+02:00, 0.306E-02, 198.29135, 0.42714E+05
   55900,2026-09-22T15:35:04.357+02:00, 0.319E-02, 198.61208, 0.42794E+05
   56000,2026-09-22T15:35:14.286+02:00, 0.319E-02, 198.93095, 0.42873E+05
   56100,2026-09-22T15:35:24.168+02:00, 0.319E-02, 199.24983, 0.42951E+05
   56200,2026-09-22T15:35:33.450+02:00, 0.308E-02, 199.55568, 0.43025E+05
   56300,2026-09-22T15:35:43.270+02:00, 0.300E-02, 199.86141, 0.43102E+05
   56400,2026-09-22T15:35:53.028+02:00, 0.290E-02, 200.16823, 0.43180E+05
   56500,2026-09-22T15:36:02.540+02:00, 0.339E-02, 200.48105, 0.43255E+05
   56600,2026-09-22T15:36:12.537+02:00, 0.299E-02, 200.80968, 0.43334E+05
   56700,2026-09-22T15:36:23.118+02:00, 0.341E-02, 201.12331, 0.43418E+05
   56800,2026-09-22T15:36:33.219+02:00, 0.314E-02, 201.43751, 0.43498E+05
   56900,2026-09-22T15:36:43.498+02:00, 0.296E-02, 201.74214, 0.43579E+05
   57000,2026-09-22T15:36:53.725+02:00, 0.296E-02, 202.04652, 0.43659E+05
   57100,2026-09-22T15:37:03.795+02:00, 0.338E-02, 202.35270, 0.43739E+05
   57200,2026-09-22T15:37:13.946+02:00, 0.265E-02, 202.65167, 0.43820E+05
   57300,2026-09-22T15:37:24.390+02:00, 0.279E-02, 202.95928, 0.43903E+05
   57400,2026-09-22T15:37:34.378+02:00, 0.304E-02, 203.25499, 0.43982E+05
   57500,2026-09-22T15:37:44.575+02:00, 0.305E-02, 203.55604, 0.44063E+05
   57600,2026-09-22T15:37:55.048+02:00, 0.274E-02, 203.86394, 0.44145E+05
   57700,2026-09-22T15:38:05.143+02:00, 0.316E-02, 204.16767, 0.44225E+05
   57800,2026-09-22T15:38:15.015+02:00, 0.303E-02, 204.46876, 0.44304E+05
   57900,2026-09-22T15:38:24.694+02:00, 0.347E-02, 204.78991, 0.44381E+05
   58000,2026-09-22T15:38:34.640+02:00, 0.306E-02, 205.09950, 0.44459E+05
   58100,2026-09-22T15:38:44.984+02:00, 0.313E-02, 205.40031, 0.44541E+05
   58200,2026-09-22T15:38:55.338+02:00, 0.295E-02, 205.70311, 0.44623E+05
   58300,2026-09-22T15:39:05.404+02:00, 0.313E-02, 206.00400, 0.44703E+05
   58400,2026-09-22T15:39:15.369+02:00, 0.279E-02, 206.31584, 0.44782E+05
   58500,2026-09-22T15:39:25.339+02:00, 0.307E-02, 206.60957, 0.44861E+05
   58600,2026-09-22T15:39:35.863+02:00, 0.307E-02, 206.91623, 0.44943E+05
   58700,2026-09-22T15:39:46.200+02:00, 0.330E-02, 207.22137, 0.45025E+05
   58800,2026-09-22T15:39:56.381+02:00, 0.339E-02, 207.52960, 0.45105E+05
   58900,2026-09-22T15:40:06.350+02:00, 0.324E-02, 207.85910, 0.45184E+05
   59000,2026-09-22T15:40:15.972+02:00, 0.290E-02, 208.16682, 0.45260E+05
   59100,2026-09-22T15:40:25.315+02:00, 0.328E-02, 208.48335, 0.45334E+05
   59200,2026-09-22T15:40:34.896+02:00, 0.263E-02, 208.80346, 0.45410E+05
   59300,2026-09-22T15:40:44.682+02:00, 0.328E-02, 209.11037, 0.45488E+05
   59400,2026-09-22T15:40:54.970+02:00, 0.351E-02, 209.44297, 0.45569E+05
   59500,2026-09-22T15:41:04.636+02:00, 0.294E-02, 209.77366, 0.45645E+05
   59600,2026-09-22T15:41:14.469+02:00, 0.324E-02, 210.09669, 0.45724E+05
   59700,2026-09-22T15:41:24.103+02:00, 0.321E-02, 210.41496, 0.45800E+05
   59800,2026-09-22T15:41:34.297+02:00, 0.313E-02, 210.73088, 0.45880E+05
   59900,2026-09-22T15:41:44.680+02:00, 0.307E-02, 211.03824, 0.45963E+05
   60000,2026-09-22T15:41:54.840+02:00, 0.288E-02, 211.32570, 0.46043E+05
   60100,2026-09-22T15:42:05.054+02:00, 0.317E-02, 211.63068, 0.46124E+05
   60200,2026-09-22T15:42:15.096+02:00, 0.297E-02, 211.94096, 0.46204E+05
   60300,2026-09-22T15:42:25.144+02:00, 0.327E-02, 212.26523, 0.46284E+05
   60400,2026-09-22T15:42:34.497+02:00, 0.327E-02, 212.59247, 0.46358E+05
   60500,2026-09-22T15:42:44.012+02:00, 0.318E-02, 212.91258, 0.46433E+05
   60600,2026-09-22T15:42:53.944+02:00, 0.310E-02, 213.22476, 0.46512E+05
   60700,2026-09-22T15:43:03.803+02:00, 0.315E-02, 213.53676, 0.46590E+05
   60800,2026-09-22T15:43:13.577+02:00, 0.325E-02, 213.85426, 0.46667E+05
   60900,2026-09-22T15:43:23.246+02:00, 0.308E-02, 214.16421, 0.46744E+05
   61000,2026-09-22T15:43:33.166+02:00, 0.301E-02, 214.48799, 0.46822E+05
   61100,2026-09-22T15:43:43.012+02:00, 0.340E-02, 214.80186, 0.46900E+05
   61200,2026-09-22T15:43:53.445+02:00, 0.338E-02, 215.12696, 0.46983E+05
   61300,2026-09-22T15:44:03.173+02:00, 0.307E-02, 215.43160, 0.47060E+05
   61400,2026-09-22T15:44:12.935+02:00, 0.331E-02, 215.74926, 0.47138E+05
   61500,2026-09-22T15:44:23.044+02:00, 0.290E-02, 216.05829, 0.47218E+05
   61600,2026-09-22T15:44:33.374+02:00, 0.333E-02, 216.36757, 0.47300E+05
   61700,2026-09-22T15:44:43.011+02:00, 0.322E-02, 216.69627, 0.47376E+05
   61800,2026-09-22T15:44:53.191+02:00, 0.274E-02, 217.00585, 0.47457E+05
   61900,2026-09-22T15:45:03.829+02:00, 0.317E-02, 217.31167, 0.47541E+05
   62000,2026-09-22T15:45:14.071+02:00, 0.301E-02, 217.64157, 0.47621E+05
   62100,2026-09-22T15:45:24.313+02:00, 0.319E-02, 217.95786, 0.47702E+05
   62200,2026-09-22T15:45:34.145+02:00, 0.311E-02, 218.26980, 0.47780E+05
   62300,2026-09-22T15:45:44.099+02:00, 0.334E-02, 218.57624, 0.47859E+05
   62400,2026-09-22T15:45:53.968+02:00, 0.289E-02, 218.89701, 0.47936E+05
   62500,2026-09-22T15:46:03.495+02:00, 0.318E-02, 219.20616, 0.48012E+05
   62600,2026-09-22T15:46:12.879+02:00, 0.306E-02, 219.50749, 0.48087E+05
   62700,2026-09-22T15:46:22.618+02:00, 0.294E-02, 219.81566, 0.48164E+05
   62800,2026-09-22T15:46:32.447+02:00, 0.315E-02, 220.12752, 0.48241E+05
   62900,2026-09-22T15:46:42.377+02:00, 0.334E-02, 220.44133, 0.48319E+05
   63000,2026-09-22T15:46:51.968+02:00, 0.316E-02, 220.76047, 0.48395E+05
   63100,2026-09-22T15:47:01.933+02:00, 0.309E-02, 221.07482, 0.48474E+05
   63200,2026-09-22T15:47:11.870+02:00, 0.334E-02, 221.38836, 0.48553E+05
   63300,2026-09-22T15:47:21.841+02:00, 0.325E-02, 221.71504, 0.48632E+05
   63400,2026-09-22T15:47:31.550+02:00, 0.295E-02, 222.03613, 0.48709E+05
   63500,2026-09-22T15:47:40.944+02:00, 0.314E-02, 222.35407, 0.48783E+05
   63600,2026-09-22T15:47:50.199+02:00, 0.297E-02, 222.67160, 0.48857E+05
   63700,2026-09-22T15:48:00.060+02:00, 0.312E-02, 222.97147, 0.48935E+05
   63800,2026-09-22T15:48:09.388+02:00, 0.288E-02, 223.28829, 0.49010E+05
   63900,2026-09-22T15:48:18.759+02:00, 0.317E-02, 223.59899, 0.49084E+05
   64000,2026-09-22T15:48:28.314+02:00, 0.281E-02, 223.90647, 0.49160E+05
   64100,2026-09-22T15:48:38.175+02:00, 0.305E-02, 224.21118, 0.49237E+05
   64200,2026-09-22T15:48:47.645+02:00, 0.320E-02, 224.52700, 0.49313E+05
   64300,2026-09-22T15:48:57.074+02:00, 0.304E-02, 224.83065, 0.49388E+05
   64400,2026-09-22T15:49:06.973+02:00, 0.300E-02, 225.14246, 0.49466E+05
   64500,2026-09-22T15:49:16.608+02:00, 0.289E-02, 225.44802, 0.49542E+05
   64600,2026-09-22T15:49:25.963+02:00, 0.303E-02, 225.75166, 0.49617E+05
   64700,2026-09-22T15:49:36.025+02:00, 0.328E-02, 226.06935, 0.49695E+05
   64800,2026-09-22T15:49:45.886+02:00, 0.317E-02, 226.38463, 0.49773E+05
   64900,2026-09-22T15:49:55.826+02:00, 0.291E-02, 226.70444, 0.49852E+05
   65000,2026-09-22T15:50:05.687+02:00, 0.346E-02, 227.02995, 0.49930E+05
   65100,2026-09-22T15:50:15.456+02:00, 0.274E-02, 227.34754, 0.50007E+05
   65200,2026-09-22T15:50:25.435+02:00, 0.300E-02, 227.64818, 0.50087E+05
   65300,2026-09-22T15:50:35.317+02:00, 0.339E-02, 227.97108, 0.50165E+05
   65400,2026-09-22T15:50:44.643+02:00, 0.328E-02, 228.28805, 0.50239E+05
   65500,2026-09-22T15:50:54.682+02:00, 0.317E-02, 228.61205, 0.50318E+05
   65600,2026-09-22T15:51:04.247+02:00, 0.289E-02, 228.91889, 0.50394E+05
   65700,2026-09-22T15:51:14.148+02:00, 0.311E-02, 229.22647, 0.50472E+05
   65800,2026-09-22T15:51:24.248+02:00, 0.311E-02, 229.53762, 0.50552E+05
   65900,2026-09-22T15:51:33.786+02:00, 0.305E-02, 229.84684, 0.50627E+05
   66000,2026-09-22T15:51:43.241+02:00, 0.292E-02, 230.15358, 0.50702E+05
   66100,2026-09-22T15:51:53.114+02:00, 0.321E-02, 230.47023, 0.50781E+05
   66200,2026-09-22T15:52:02.993+02:00, 0.335E-02, 230.78109, 0.50859E+05
   66300,2026-09-22T15:52:12.900+02:00, 0.315E-02, 231.09932, 0.50936E+05
   66400,2026-09-22T15:52:23.053+02:00, 0.315E-02, 231.41421, 0.51016E+05
   66500,2026-09-22T15:52:32.552+02:00, 0.307E-02, 231.72453, 0.51092E+05
   66600,2026-09-22T15:52:42.010+02:00, 0.321E-02, 232.04379, 0.51167E+05
   66700,2026-09-22T15:52:51.557+02:00, 0.321E-02, 232.36491, 0.51243E+05
   66800,2026-09-22T15:53:01.697+02:00, 0.321E-02, 232.68603, 0.51323E+05
   66900,2026-09-22T15:53:11.705+02:00, 0.301E-02, 233.00646, 0.51403E+05
   67000,2026-09-22T15:53:21.915+02:00, 0.268E-02, 233.30001, 0.51483E+05
   67100,2026-09-22T15:53:32.265+02:00, 0.306E-02, 233.59142, 0.51566E+05
   67200,2026-09-22T15:53:42.401+02:00, 0.275E-02, 233.88907, 0.51646E+05
   67300,2026-09-22T15:53:52.529+02:00, 0.302E-02, 234.18842, 0.51726E+05
   67400,2026-09-22T15:54:02.709+02:00, 0.300E-02, 234.48660, 0.51807E+05
   67500,2026-09-22T15:54:12.682+02:00, 0.287E-02, 234.78617, 0.51886E+05
   67600,2026-09-22T15:54:22.774+02:00, 0.330E-02, 235.10656, 0.51966E+05
   67700,2026-09-22T15:54:32.410+02:00, 0.315E-02, 235.42093, 0.52043E+05
   67800,2026-09-22T15:54:42.560+02:00, 0.307E-02, 235.72963, 0.52123E+05
   67900,2026-09-22T15:54:52.432+02:00, 0.311E-02, 236.02837, 0.52202E+05
   68000,2026-09-22T15:55:02.961+02:00, 0.275E-02, 236.33944, 0.52285E+05
   68100,2026-09-22T15:55:12.817+02:00, 0.276E-02, 236.64217, 0.52364E+05
   68200,2026-09-22T15:55:22.933+02:00, 0.297E-02, 236.93963, 0.52444E+05
   68300,2026-09-22T15:55:33.239+02:00, 0.275E-02, 237.23999, 0.52526E+05
   68400,2026-09-22T15:55:43.643+02:00, 0.297E-02, 237.53745, 0.52608E+05
   68500,2026-09-22T15:55:53.755+02:00, 0.306E-02, 237.82796, 0.52688E+05
   68600,2026-09-22T15:56:03.698+02:00, 0.273E-02, 238.12226, 0.52767E+05
   68700,2026-09-22T15:56:14.021+02:00, 0.314E-02, 238.42041, 0.52849E+05
   68800,2026-09-22T15:56:24.554+02:00, 0.281E-02, 238.73168, 0.52933E+05
   68900,2026-09-22T15:56:34.849+02:00, 0.312E-02, 239.02269, 0.53014E+05
   69000,2026-09-22T15:56:45.431+02:00, 0.277E-02, 239.31434, 0.53097E+05
   69100,2026-09-22T15:56:55.844+02:00, 0.283E-02, 239.62491, 0.53180E+05
   69200,2026-09-22T15:57:05.945+02:00, 0.312E-02, 239.93318, 0.53260E+05
   69300,2026-09-22T15:57:16.386+02:00, 0.293E-02, 240.24655, 0.53342E+05
   69400,2026-09-22T15:57:26.468+02:00, 0.312E-02, 240.55948, 0.53422E+05
   69500,2026-09-22T15:57:36.811+02:00, 0.312E-02, 240.86636, 0.53504E+05
   69600,2026-09-22T15:57:46.858+02:00, 0.268E-02, 241.17699, 0.53583E+05
   69700,2026-09-22T15:57:56.921+02:00, 0.308E-02, 241.48631, 0.53662E+05
   69800,2026-09-22T15:58:06.718+02:00, 0.317E-02, 241.78859, 0.53740E+05
   69900,2026-09-22T15:58:16.935+02:00, 0.288E-02, 242.09897, 0.53821E+05
   70000,2026-09-22T15:58:26.964+02:00, 0.345E-02, 242.40984, 0.53900E+05
   70100,2026-09-22T15:58:36.766+02:00, 0.322E-02, 242.73256, 0.53978E+05
   70200,2026-09-22T15:58:46.695+02:00, 0.345E-02, 243.04992, 0.54057E+05
   70300,2026-09-22T15:58:56.906+02:00, 0.336E-02, 243.38356, 0.54138E+05
   70400,2026-09-22T15:59:06.828+02:00, 0.332E-02, 243.71605, 0.54216E+05
   70500,2026-09-22T15:59:16.707+02:00, 0.319E-02, 244.03378, 0.54295E+05
   70600,2026-09-22T15:59:26.755+02:00, 0.306E-02, 244.34329, 0.54374E+05
   70700,2026-09-22T15:59:37.145+02:00, 0.327E-02, 244.64869, 0.54454E+05
   70800,2026-09-22T15:59:46.978+02:00, 0.279E-02, 244.95356, 0.54532E+05
   70900,2026-09-22T15:59:56.820+02:00, 0.326E-02, 245.26537, 0.54610E+05
   71000,2026-09-22T16:00:06.737+02:00, 0.320E-02, 245.58477, 0.54689E+05
   71100,2026-09-22T16:00:16.134+02:00, 0.320E-02, 245.90476, 0.54763E+05
   71200,2026-09-22T16:00:26.281+02:00, 0.316E-02, 246.21975, 0.54843E+05
   71300,2026-09-22T16:00:36.709+02:00, 0.325E-02, 246.51966, 0.54926E+05
   71400,2026-09-22T16:00:46.866+02:00, 0.275E-02, 246.82035, 0.55006E+05
   71500,2026-09-22T16:00:57.081+02:00, 0.316E-02, 247.13050, 0.55086E+05
   71600,2026-09-22T16:01:06.753+02:00, 0.312E-02, 247.44330, 0.55163E+05
   71700,2026-09-22T16:01:16.539+02:00, 0.334E-02, 247.74873, 0.55241E+05
   71800,2026-09-22T16:01:26.327+02:00, 0.316E-02, 248.06110, 0.55318E+05
   71900,2026-09-22T16:01:35.801+02:00, 0.316E-02, 248.37758, 0.55394E+05
   72000,2026-09-22T16:01:46.288+02:00, 0.311E-02, 248.68780, 0.55477E+05
   72100,2026-09-22T16:01:56.597+02:00, 0.317E-02, 248.99617, 0.55559E+05
   72200,2026-09-22T16:02:06.654+02:00, 0.311E-02, 249.30488, 0.55639E+05
   72300,2026-09-22T16:02:16.477+02:00, 0.328E-02, 249.60743, 0.55716E+05
   72400,2026-09-22T16:02:26.506+02:00, 0.319E-02, 249.91973, 0.55796E+05
   72500,2026-09-22T16:02:36.169+02:00, 0.290E-02, 250.23479, 0.55872E+05
   72600,2026-09-22T16:02:46.133+02:00, 0.297E-02, 250.54616, 0.55951E+05
   72700,2026-09-22T16:02:56.086+02:00, 0.316E-02, 250.86233, 0.56030E+05
   72800,2026-09-22T16:03:05.968+02:00, 0.316E-02, 251.17811, 0.56108E+05
   72900,2026-09-22T16:03:16.293+02:00, 0.304E-02, 251.51721, 0.56190E+05
   73000,2026-09-22T16:03:26.448+02:00, 0.285E-02, 251.82838, 0.56270E+05
   73100,2026-09-22T16:03:36.623+02:00, 0.333E-02, 252.12591, 0.56352E+05
   73200,2026-09-22T16:03:46.625+02:00, 0.330E-02, 252.45055, 0.56430E+05
   73300,2026-09-22T16:03:56.327+02:00, 0.330E-02, 252.78014, 0.56507E+05
   73400,2026-09-22T16:04:06.232+02:00, 0.298E-02, 253.08352, 0.56585E+05
   73500,2026-09-22T16:04:15.795+02:00, 0.298E-02, 253.38197, 0.56661E+05
   73600,2026-09-22T16:04:25.720+02:00, 0.300E-02, 253.67825, 0.56739E+05
   73700,2026-09-22T16:04:35.651+02:00, 0.327E-02, 253.99438, 0.56818E+05
   73800,2026-09-22T16:04:45.249+02:00, 0.304E-02, 254.29931, 0.56894E+05
   73900,2026-09-22T16:04:55.512+02:00, 0.319E-02, 254.60809, 0.56975E+05
   74000,2026-09-22T16:05:05.259+02:00, 0.303E-02, 254.91017, 0.57052E+05
   74100,2026-09-22T16:05:15.187+02:00, 0.319E-02, 255.22285, 0.57131E+05
   74200,2026-09-22T16:05:24.856+02:00, 0.314E-02, 255.53606, 0.57207E+05
   74300,2026-09-22T16:05:34.719+02:00, 0.319E-02, 255.84691, 0.57286E+05
   74400,2026-09-22T16:05:45.008+02:00, 0.252E-02, 256.15813, 0.57367E+05
   74500,2026-09-22T16:05:55.549+02:00, 0.322E-02, 256.46681, 0.57451E+05
   74600,2026-09-22T16:06:05.077+02:00, 0.312E-02, 256.77953, 0.57527E+05
   74700,2026-09-22T16:06:15.241+02:00, 0.298E-02, 257.08569, 0.57607E+05
   74800,2026-09-22T16:06:25.461+02:00, 0.318E-02, 257.38472, 0.57688E+05
   74900,2026-09-22T16:06:35.693+02:00, 0.327E-02, 257.69404, 0.57768E+05
   75000,2026-09-22T16:06:46.006+02:00, 0.318E-02, 257.99945, 0.57851E+05
   75100,2026-09-22T16:06:56.551+02:00, 0.306E-02, 258.29940, 0.57934E+05
   75200,2026-09-22T16:07:06.949+02:00, 0.310E-02, 258.60740, 0.58016E+05
   75300,2026-09-22T16:07:17.680+02:00, 0.313E-02, 258.90847, 0.58101E+05
   75400,2026-09-22T16:07:27.801+02:00, 0.313E-02, 259.22177, 0.58181E+05
   75500,2026-09-22T16:07:38.375+02:00, 0.341E-02, 259.55802, 0.58265E+05
   75600,2026-09-22T16:07:49.445+02:00, 0.332E-02, 259.87841, 0.58352E+05
   75700,2026-09-22T16:08:00.671+02:00, 0.315E-02, 260.19393, 0.58440E+05
   75800,2026-09-22T16:08:11.752+02:00, 0.315E-02, 260.50908, 0.58526E+05
   75900,2026-09-22T16:08:23.047+02:00, 0.306E-02, 260.81984, 0.58615E+05
   76000,2026-09-22T16:08:35.240+02:00, 0.274E-02, 261.11837, 0.58711E+05
   76073,2026-09-22T16:08:43.354+02:00, 0.307E-02, 261.33245, 0.58775E+05
   76074,2026-09-22T16:08:43.575+02:00, 0.307E-02, 261.33552, 0.58776E+05
   76075,2026-09-22T16:08:43.703+02:00, 0.307E-02, 261.33858, 0.58777E+05
   76076,2026-09-22T16:08:43.820+02:00, 0.337E-02, 261.34196, 0.58778E+05
   76077,2026-09-22T16:08:44.015+02:00, 0.302E-02, 261.34498, 0.58780E+05
   76078,2026-09-22T16:08:44.146+02:00, 0.302E-02, 261.34800, 0.58781E+05
   76079,2026-09-22T16:08:44.265+02:00, 0.302E-02, 261.35102, 0.58782E+05
   76080,2026-09-22T16:08:44.417+02:00, 0.302E-02, 261.35404, 0.58783E+05
   76100,2026-09-22T16:09:51.550+02:00, 0.267E-02, 261.41008, 0.41375E+02
   76200,2026-09-22T16:10:04.635+02:00, 0.343E-02, 261.71766, 0.19102E+03
   76300,2026-09-22T16:10:17.701+02:00, 0.314E-02, 262.02642, 0.33844E+03
   76400,2026-09-22T16:10:29.800+02:00, 0.299E-02, 262.32477, 0.47884E+03
   76500,2026-09-22T16:10:41.646+02:00, 0.322E-02, 262.64508, 0.61647E+03
   76600,2026-09-22T16:10:53.485+02:00, 0.340E-02, 262.96283, 0.75330E+03
   76700,2026-09-22T16:11:05.399+02:00, 0.286E-02, 263.26899, 0.88969E+03
   76800,2026-09-22T16:11:17.075+02:00, 0.311E-02, 263.57995, 0.10257E+04
   76900,2026-09-22T16:11:28.545+02:00, 0.328E-02, 263.89717, 0.11592E+04
   77000,2026-09-22T16:11:40.091+02:00, 0.304E-02, 264.21128, 0.12929E+04
   77100,2026-09-22T16:11:51.814+02:00, 0.329E-02, 264.53635, 0.14301E+04
   77200,2026-09-22T16:12:03.416+02:00, 0.300E-02, 264.85006, 0.15642E+04
   77300,2026-09-22T16:12:14.673+02:00, 0.308E-02, 265.15559, 0.16949E+04
   77400,2026-09-22T16:12:25.762+02:00, 0.332E-02, 265.46623, 0.18249E+04
   77500,2026-09-22T16:12:37.397+02:00, 0.323E-02, 265.78941, 0.19602E+04
   77600,2026-09-22T16:12:48.891+02:00, 0.308E-02, 266.10357, 0.20942E+04
   77700,2026-09-22T16:13:00.231+02:00, 0.308E-02, 266.41193, 0.22268E+04
   77800,2026-09-22T16:13:11.845+02:00, 0.274E-02, 266.71891, 0.23608E+04
   77900,2026-09-22T16:13:23.620+02:00, 0.332E-02, 267.04719, 0.24968E+04
   78000,2026-09-22T16:13:35.511+02:00, 0.317E-02, 267.35840, 0.26352E+04
   78100,2026-09-22T16:13:46.487+02:00, 0.307E-02, 267.66610, 0.27644E+04
   78200,2026-09-22T16:13:57.526+02:00, 0.320E-02, 267.96660, 0.28938E+04
   78300,2026-09-22T16:14:08.796+02:00, 0.320E-02, 268.28668, 0.30256E+04
   78400,2026-09-22T16:14:20.313+02:00, 0.309E-02, 268.59800, 0.31595E+04
   78500,2026-09-22T16:14:31.900+02:00, 0.306E-02, 268.91057, 0.32946E+04
   78600,2026-09-22T16:14:43.756+02:00, 0.317E-02, 269.22977, 0.34327E+04
   78700,2026-09-22T16:14:55.203+02:00, 0.280E-02, 269.53834, 0.35667E+04
   78800,2026-09-22T16:15:06.452+02:00, 0.308E-02, 269.84286, 0.36979E+04
   78900,2026-09-22T16:15:18.256+02:00, 0.310E-02, 270.14424, 0.38358E+04
   79000,2026-09-22T16:15:29.640+02:00, 0.310E-02, 270.45419, 0.39692E+04
   79100,2026-09-22T16:15:40.636+02:00, 0.302E-02, 270.77535, 0.40984E+04
   79200,2026-09-22T16:15:52.062+02:00, 0.328E-02, 271.08388, 0.42318E+04
   79300,2026-09-22T16:16:03.371+02:00, 0.344E-02, 271.39293, 0.43640E+04
   79400,2026-09-22T16:16:15.197+02:00, 0.320E-02, 271.70868, 0.45012E+04
   79500,2026-09-22T16:16:26.689+02:00, 0.320E-02, 272.02864, 0.46349E+04
   79600,2026-09-22T16:16:37.658+02:00, 0.352E-02, 272.34893, 0.47638E+04
   79700,2026-09-22T16:16:49.457+02:00, 0.314E-02, 272.66386, 0.48992E+04
   79800,2026-09-22T16:17:01.306+02:00, 0.279E-02, 272.96689, 0.50374E+04
   79900,2026-09-22T16:17:13.113+02:00, 0.311E-02, 273.27257, 0.51754E+04
   80000,2026-09-22T16:17:24.073+02:00, 0.342E-02, 273.59306, 0.53052E+04
   80100,2026-09-22T16:17:38.613+02:00, 0.292E-02, 273.92100, 0.54569E+04
   80200,2026-09-22T16:17:52.051+02:00, 0.321E-02, 274.24106, 0.56021E+04
   80300,2026-09-22T16:18:05.455+02:00, 0.315E-02, 274.55864, 0.57501E+04
   80400,2026-09-22T16:18:19.355+02:00, 0.295E-02, 274.87209, 0.59039E+04
   80500,2026-09-22T16:18:31.841+02:00, 0.291E-02, 275.18420, 0.60467E+04
   80600,2026-09-22T16:18:43.340+02:00, 0.280E-02, 275.49307, 0.61814E+04
   80700,2026-09-22T16:18:55.629+02:00, 0.332E-02, 275.79844, 0.63209E+04
   80800,2026-09-22T16:19:08.303+02:00, 0.318E-02, 276.11313, 0.64660E+04
   80900,2026-09-22T16:19:20.615+02:00, 0.292E-02, 276.43135, 0.66078E+04
   81000,2026-09-22T16:19:33.129+02:00, 0.331E-02, 276.73681, 0.67498E+04
   81100,2026-09-22T16:19:45.525+02:00, 0.315E-02, 277.05494, 0.68915E+04
   81200,2026-09-22T16:19:59.455+02:00, 0.315E-02, 277.36961, 0.70388E+04
   81300,2026-09-22T16:20:11.725+02:00, 0.270E-02, 277.66895, 0.71800E+04
   81400,2026-09-22T16:20:24.341+02:00, 0.320E-02, 277.98220, 0.73214E+04
   81500,2026-09-22T16:20:36.181+02:00, 0.333E-02, 278.29191, 0.74590E+04
   81600,2026-09-22T16:20:47.774+02:00, 0.302E-02, 278.60909, 0.75946E+04
   81700,2026-09-22T16:20:58.638+02:00, 0.320E-02, 278.90408, 0.77230E+04
   81800,2026-09-22T16:21:09.923+02:00, 0.269E-02, 279.21089, 0.78544E+04
   81900,2026-09-22T16:21:21.396+02:00, 0.315E-02, 279.51801, 0.79878E+04
   82000,2026-09-22T16:21:32.605+02:00, 0.280E-02, 279.84081, 0.81192E+04
   82100,2026-09-22T16:21:43.824+02:00, 0.308E-02, 280.14816, 0.82507E+04
   82200,2026-09-22T16:21:55.309+02:00, 0.310E-02, 280.46295, 0.83851E+04
   82300,2026-09-22T16:22:06.151+02:00, 0.308E-02, 280.76548, 0.85140E+04
   82400,2026-09-22T16:22:17.716+02:00, 0.289E-02, 281.06984, 0.86493E+04
   82500,2026-09-22T16:22:29.275+02:00, 0.314E-02, 281.38135, 0.87833E+04
   82600,2026-09-22T16:22:40.904+02:00, 0.308E-02, 281.68930, 0.89187E+04
   82700,2026-09-22T16:22:52.039+02:00, 0.338E-02, 282.00211, 0.90497E+04
   82800,2026-09-22T16:23:03.618+02:00, 0.314E-02, 282.31087, 0.91863E+04
   82900,2026-09-22T16:23:15.487+02:00, 0.327E-02, 282.62718, 0.93243E+04
   83000,2026-09-22T16:23:27.208+02:00, 0.311E-02, 282.93735, 0.94593E+04
   83100,2026-09-22T16:23:38.955+02:00, 0.325E-02, 283.26526, 0.95960E+04
   83200,2026-09-22T16:23:50.262+02:00, 0.323E-02, 283.57538, 0.97297E+04
   83300,2026-09-22T16:24:01.812+02:00, 0.314E-02, 283.88630, 0.98629E+04
   83400,2026-09-22T16:24:13.316+02:00, 0.336E-02, 284.20125, 0.99974E+04
   83500,2026-09-22T16:24:24.900+02:00, 0.336E-02, 284.53714, 0.10133E+05
   83600,2026-09-22T16:24:36.198+02:00, 0.332E-02, 284.86470, 0.10265E+05
   83700,2026-09-22T16:24:47.416+02:00, 0.307E-02, 285.17220, 0.10397E+05
   83800,2026-09-22T16:24:59.306+02:00, 0.333E-02, 285.49013, 0.10530E+05
   83900,2026-09-22T16:25:10.829+02:00, 0.313E-02, 285.79909, 0.10664E+05
   84000,2026-09-22T16:25:21.918+02:00, 0.302E-02, 286.10211, 0.10794E+05
   84100,2026-09-22T16:25:33.025+02:00, 0.302E-02, 286.40453, 0.10924E+05
   84200,2026-09-22T16:25:44.429+02:00, 0.273E-02, 286.70513, 0.11056E+05
   84300,2026-09-22T16:25:55.734+02:00, 0.320E-02, 287.02046, 0.11187E+05
   84400,2026-09-22T16:26:06.731+02:00, 0.320E-02, 287.34036, 0.11318E+05
   84500,2026-09-22T16:26:17.689+02:00, 0.333E-02, 287.64052, 0.11446E+05
   84600,2026-09-22T16:26:28.905+02:00, 0.329E-02, 287.96870, 0.11578E+05
   84700,2026-09-22T16:26:39.805+02:00, 0.320E-02, 288.28731, 0.11706E+05
   84800,2026-09-22T16:26:51.006+02:00, 0.320E-02, 288.60723, 0.11837E+05
   84900,2026-09-22T16:27:01.981+02:00, 0.308E-02, 288.91289, 0.11966E+05
   85000,2026-09-22T16:27:13.280+02:00, 0.292E-02, 289.20481, 0.12097E+05
   85100,2026-09-22T16:27:24.233+02:00, 0.316E-02, 289.52024, 0.12226E+05
   85200,2026-09-22T16:27:35.786+02:00, 0.296E-02, 289.82621, 0.12361E+05
   85300,2026-09-22T16:27:46.877+02:00, 0.326E-02, 290.14905, 0.12491E+05
   85400,2026-09-22T16:27:58.248+02:00, 0.314E-02, 290.45008, 0.12623E+05
   85500,2026-09-22T16:28:09.686+02:00, 0.327E-02, 290.76652, 0.12757E+05
   85600,2026-09-22T16:28:20.463+02:00, 0.314E-02, 291.07961, 0.12883E+05
   85700,2026-09-22T16:28:31.533+02:00, 0.345E-02, 291.39817, 0.13013E+05
   85800,2026-09-22T16:28:42.706+02:00, 0.339E-02, 291.72469, 0.13143E+05
   85900,2026-09-22T16:28:53.905+02:00, 0.323E-02, 292.04356, 0.13274E+05
   86000,2026-09-22T16:29:05.473+02:00, 0.323E-02, 292.36607, 0.13410E+05
   86100,2026-09-22T16:29:16.889+02:00, 0.317E-02, 292.68416, 0.13542E+05
   86200,2026-09-22T16:29:28.457+02:00, 0.310E-02, 293.00441, 0.13675E+05
   86300,2026-09-22T16:29:40.028+02:00, 0.334E-02, 293.30749, 0.13809E+05
   86400,2026-09-22T16:29:51.505+02:00, 0.301E-02, 293.63181, 0.13944E+05
   86500,2026-09-22T16:30:02.548+02:00, 0.322E-02, 293.94816, 0.14073E+05
   86600,2026-09-22T16:30:13.069+02:00, 0.315E-02, 294.26059, 0.14198E+05
   86700,2026-09-22T16:30:24.103+02:00, 0.325E-02, 294.56429, 0.14328E+05
   86800,2026-09-22T16:30:35.408+02:00, 0.289E-02, 294.88888, 0.14460E+05
   86900,2026-09-22T16:30:46.561+02:00, 0.294E-02, 295.19139, 0.14590E+05
   87000,2026-09-22T16:30:57.836+02:00, 0.323E-02, 295.51406, 0.14721E+05
   87100,2026-09-22T16:31:09.183+02:00, 0.323E-02, 295.83733, 0.14853E+05
   87200,2026-09-22T16:31:20.258+02:00, 0.318E-02, 296.13352, 0.14982E+05
   87300,2026-09-22T16:31:31.575+02:00, 0.317E-02, 296.43398, 0.15114E+05
   87400,2026-09-22T16:31:42.445+02:00, 0.317E-02, 296.75086, 0.15241E+05
   87500,2026-09-22T16:31:53.465+02:00, 0.311E-02, 297.06305, 0.15371E+05
   87600,2026-09-22T16:32:04.632+02:00, 0.308E-02, 297.37000, 0.15503E+05
   87700,2026-09-22T16:32:16.021+02:00, 0.292E-02, 297.68458, 0.15635E+05
   87800,2026-09-22T16:32:27.557+02:00, 0.323E-02, 297.99330, 0.15769E+05
   87900,2026-09-22T16:32:39.220+02:00, 0.310E-02, 298.30136, 0.15903E+05
   88000,2026-09-22T16:32:51.318+02:00, 0.330E-02, 298.60814, 0.16043E+05
   88100,2026-09-22T16:33:02.902+02:00, 0.312E-02, 298.91719, 0.16177E+05
   88200,2026-09-22T16:33:14.264+02:00, 0.312E-02, 299.22913, 0.16309E+05
   88300,2026-09-22T16:33:25.407+02:00, 0.304E-02, 299.54394, 0.16440E+05
   88400,2026-09-22T16:33:36.715+02:00, 0.293E-02, 299.84984, 0.16571E+05
   88500,2026-09-22T16:33:48.777+02:00, 0.323E-02, 300.16527, 0.16710E+05
   88600,2026-09-22T16:34:00.236+02:00, 0.334E-02, 300.47683, 0.16844E+05
   88700,2026-09-22T16:34:11.396+02:00, 0.330E-02, 300.78123, 0.16974E+05
   88800,2026-09-22T16:34:22.873+02:00, 0.348E-02, 301.10747, 0.17108E+05
   88900,2026-09-22T16:34:33.826+02:00, 0.325E-02, 301.42878, 0.17237E+05
   89000,2026-09-22T16:34:44.945+02:00, 0.287E-02, 301.74961, 0.17368E+05
   89100,2026-09-22T16:34:56.779+02:00, 0.332E-02, 302.05252, 0.17504E+05
   89200,2026-09-22T16:35:08.076+02:00, 0.296E-02, 302.35002, 0.17635E+05
   89300,2026-09-22T16:35:19.340+02:00, 0.304E-02, 302.65092, 0.17766E+05
   89400,2026-09-22T16:35:30.693+02:00, 0.316E-02, 302.95859, 0.17899E+05
   89500,2026-09-22T16:35:42.043+02:00, 0.297E-02, 303.26340, 0.18032E+05
   89600,2026-09-22T16:35:53.791+02:00, 0.309E-02, 303.57237, 0.18169E+05
   89700,2026-09-22T16:36:05.448+02:00, 0.326E-02, 303.88304, 0.18304E+05
   89800,2026-09-22T16:36:16.945+02:00, 0.276E-02, 304.19185, 0.18440E+05
   89900,2026-09-22T16:36:28.456+02:00, 0.307E-02, 304.49139, 0.18576E+05
   90000,2026-09-22T16:36:40.017+02:00, 0.297E-02, 304.79406, 0.18711E+05
   90100,2026-09-22T16:36:51.439+02:00, 0.324E-02, 305.10541, 0.18845E+05
   90200,2026-09-22T16:37:03.008+02:00, 0.316E-02, 305.42001, 0.18980E+05
   90300,2026-09-22T16:37:14.401+02:00, 0.316E-02, 305.73627, 0.19114E+05
   90400,2026-09-22T16:37:25.456+02:00, 0.315E-02, 306.04738, 0.19245E+05
   90500,2026-09-22T16:37:36.541+02:00, 0.324E-02, 306.37373, 0.19374E+05
   90600,2026-09-22T16:37:47.512+02:00, 0.324E-02, 306.69804, 0.19504E+05
   90700,2026-09-22T16:37:58.484+02:00, 0.304E-02, 307.01230, 0.19634E+05
   90800,2026-09-22T16:38:09.893+02:00, 0.323E-02, 307.32639, 0.19767E+05
   90900,2026-09-22T16:38:21.040+02:00, 0.318E-02, 307.63894, 0.19898E+05
   91000,2026-09-22T16:38:32.026+02:00, 0.314E-02, 307.94528, 0.20026E+05
   91100,2026-09-22T16:38:42.897+02:00, 0.278E-02, 308.24565, 0.20155E+05
   91200,2026-09-22T16:38:53.807+02:00, 0.331E-02, 308.54743, 0.20284E+05
   91300,2026-09-22T16:39:04.614+02:00, 0.316E-02, 308.84843, 0.20412E+05
   91400,2026-09-22T16:39:15.909+02:00, 0.342E-02, 309.16441, 0.20543E+05
   91500,2026-09-22T16:39:27.197+02:00, 0.295E-02, 309.46130, 0.20676E+05
   91600,2026-09-22T16:39:38.569+02:00, 0.307E-02, 309.77097, 0.20808E+05
   91700,2026-09-22T16:39:49.888+02:00, 0.302E-02, 310.07165, 0.20941E+05
   91800,2026-09-22T16:40:01.045+02:00, 0.291E-02, 310.36814, 0.21071E+05
   91900,2026-09-22T16:40:12.028+02:00, 0.306E-02, 310.67021, 0.21201E+05
   92000,2026-09-22T16:40:23.104+02:00, 0.306E-02, 310.97671, 0.21331E+05
   92100,2026-09-22T16:40:34.154+02:00, 0.324E-02, 311.28707, 0.21462E+05
   92200,2026-09-22T16:40:45.120+02:00, 0.321E-02, 311.60695, 0.21590E+05
   92300,2026-09-22T16:40:56.611+02:00, 0.285E-02, 311.91835, 0.21724E+05
   92400,2026-09-22T16:41:07.946+02:00, 0.318E-02, 312.23226, 0.21856E+05
   92500,2026-09-22T16:41:19.439+02:00, 0.312E-02, 312.54253, 0.21989E+05
   92600,2026-09-22T16:41:30.694+02:00, 0.328E-02, 312.85530, 0.22121E+05
   92700,2026-09-22T16:41:42.032+02:00, 0.280E-02, 313.16977, 0.22254E+05
   92800,2026-09-22T16:41:52.980+02:00, 0.277E-02, 313.47071, 0.22383E+05
   92900,2026-09-22T16:42:04.255+02:00, 0.329E-02, 313.79647, 0.22515E+05
   93000,2026-09-22T16:42:15.261+02:00, 0.324E-02, 314.11613, 0.22645E+05
   93100,2026-09-22T16:42:26.124+02:00, 0.314E-02, 314.42593, 0.22773E+05
   93200,2026-09-22T16:42:36.901+02:00, 0.308E-02, 314.73129, 0.22900E+05
   93300,2026-09-22T16:42:47.992+02:00, 0.316E-02, 315.03842, 0.23029E+05
   93400,2026-09-22T16:42:59.042+02:00, 0.310E-02, 315.34793, 0.23160E+05
   93500,2026-09-22T16:43:10.168+02:00, 0.309E-02, 315.64996, 0.23290E+05
   93600,2026-09-22T16:43:21.653+02:00, 0.261E-02, 315.95531, 0.23424E+05
   93700,2026-09-22T16:43:32.848+02:00, 0.316E-02, 316.24368, 0.23557E+05
   93800,2026-09-22T16:43:44.297+02:00, 0.285E-02, 316.54394, 0.23692E+05
   93900,2026-09-22T16:43:55.820+02:00, 0.265E-02, 316.83523, 0.23827E+05
   94000,2026-09-22T16:44:07.873+02:00, 0.285E-02, 317.14337, 0.23967E+05
   94100,2026-09-22T16:44:18.806+02:00, 0.321E-02, 317.44193, 0.24097E+05
   94200,2026-09-22T16:44:31.789+02:00, 0.264E-02, 317.73133, 0.24245E+05
   94300,2026-09-22T16:44:43.555+02:00, 0.286E-02, 318.02599, 0.24382E+05
   94400,2026-09-22T16:44:55.556+02:00, 0.291E-02, 318.32329, 0.24517E+05
   94500,2026-09-22T16:45:07.013+02:00, 0.310E-02, 318.63719, 0.24652E+05
   94600,2026-09-22T16:45:18.256+02:00, 0.313E-02, 318.94006, 0.24784E+05
   94700,2026-09-22T16:45:29.844+02:00, 0.328E-02, 319.23807, 0.24920E+05
   94800,2026-09-22T16:45:42.148+02:00, 0.351E-02, 319.54503, 0.25062E+05
   94900,2026-09-22T16:45:53.594+02:00, 0.289E-02, 319.86178, 0.25196E+05
   95000,2026-09-22T16:46:05.057+02:00, 0.324E-02, 320.18515, 0.25330E+05
   95100,2026-09-22T16:46:16.083+02:00, 0.320E-02, 320.50591, 0.25460E+05
   95200,2026-09-22T16:46:27.312+02:00, 0.328E-02, 320.80625, 0.25592E+05
   95300,2026-09-22T16:46:38.644+02:00, 0.337E-02, 321.11536, 0.25723E+05
   95400,2026-09-22T16:46:49.744+02:00, 0.329E-02, 321.43418, 0.25854E+05
   95500,2026-09-22T16:47:01.305+02:00, 0.300E-02, 321.73938, 0.25990E+05
   95600,2026-09-22T16:47:12.825+02:00, 0.314E-02, 322.04474, 0.26124E+05
   95700,2026-09-22T16:47:24.013+02:00, 0.307E-02, 322.35041, 0.26255E+05
   95800,2026-09-22T16:47:34.948+02:00, 0.310E-02, 322.66045, 0.26384E+05
   95900,2026-09-22T16:47:45.973+02:00, 0.310E-02, 322.97085, 0.26513E+05
   96000,2026-09-22T16:47:56.779+02:00, 0.341E-02, 323.28281, 0.26641E+05
   96100,2026-09-22T16:48:08.185+02:00, 0.311E-02, 323.59532, 0.26772E+05
   96200,2026-09-22T16:48:19.010+02:00, 0.308E-02, 323.90059, 0.26901E+05
   96300,2026-09-22T16:48:30.609+02:00, 0.294E-02, 324.21198, 0.27036E+05
   96400,2026-09-22T16:48:41.753+02:00, 0.316E-02, 324.52860, 0.27167E+05
   96500,2026-09-22T16:48:53.174+02:00, 0.273E-02, 324.83288, 0.27301E+05
   96600,2026-09-22T16:49:04.397+02:00, 0.311E-02, 325.14672, 0.27433E+05
   96700,2026-09-22T16:49:15.467+02:00, 0.302E-02, 325.46842, 0.27564E+05
   96800,2026-09-22T16:49:27.080+02:00, 0.322E-02, 325.78415, 0.27699E+05
   96900,2026-09-22T16:49:38.213+02:00, 0.296E-02, 326.07902, 0.27829E+05
   97000,2026-09-22T16:49:49.445+02:00, 0.307E-02, 326.37898, 0.27961E+05
   97100,2026-09-22T16:50:00.722+02:00, 0.275E-02, 326.68348, 0.28093E+05
   97200,2026-09-22T16:50:12.023+02:00, 0.268E-02, 326.97383, 0.28225E+05
   97300,2026-09-22T16:50:23.156+02:00, 0.306E-02, 327.28959, 0.28355E+05
   97400,2026-09-22T16:50:34.436+02:00, 0.327E-02, 327.59025, 0.28487E+05
   97500,2026-09-22T16:50:45.993+02:00, 0.323E-02, 327.90496, 0.28622E+05
   97600,2026-09-22T16:50:57.548+02:00, 0.323E-02, 328.22759, 0.28755E+05
   97700,2026-09-22T16:51:09.112+02:00, 0.323E-02, 328.55023, 0.28890E+05
   97800,2026-09-22T16:51:20.856+02:00, 0.320E-02, 328.85455, 0.29028E+05
   97900,2026-09-22T16:51:32.284+02:00, 0.313E-02, 329.18012, 0.29161E+05
   98000,2026-09-22T16:51:43.735+02:00, 0.306E-02, 329.48448, 0.29295E+05
   98100,2026-09-22T16:51:55.119+02:00, 0.306E-02, 329.79069, 0.29430E+05
   98200,2026-09-22T16:52:06.734+02:00, 0.251E-02, 330.09778, 0.29565E+05
   98300,2026-09-22T16:52:18.069+02:00, 0.299E-02, 330.39111, 0.29699E+05
   98400,2026-09-22T16:52:29.948+02:00, 0.302E-02, 330.68841, 0.29838E+05
   98500,2026-09-22T16:52:42.080+02:00, 0.299E-02, 330.98130, 0.29979E+05
   98600,2026-09-22T16:52:54.176+02:00, 0.316E-02, 331.27999, 0.30120E+05
   98700,2026-09-22T16:53:06.381+02:00, 0.302E-02, 331.57387, 0.30263E+05
   98800,2026-09-22T16:53:18.111+02:00, 0.269E-02, 331.86782, 0.30401E+05
   98900,2026-09-22T16:53:29.726+02:00, 0.311E-02, 332.16187, 0.30538E+05
   99000,2026-09-22T16:53:41.696+02:00, 0.326E-02, 332.47037, 0.30679E+05
   99100,2026-09-22T16:53:53.371+02:00, 0.305E-02, 332.77411, 0.30817E+05
   99200,2026-09-22T16:54:05.158+02:00, 0.334E-02, 333.07745, 0.30954E+05
   99300,2026-09-22T16:54:16.889+02:00, 0.303E-02, 333.38623, 0.31092E+05
   99400,2026-09-22T16:54:28.904+02:00, 0.283E-02, 333.69072, 0.31233E+05
   99500,2026-09-22T16:54:40.682+02:00, 0.299E-02, 333.99020, 0.31370E+05
   99600,2026-09-22T16:54:52.759+02:00, 0.292E-02, 334.29586, 0.31507E+05
   99700,2026-09-22T16:55:04.530+02:00, 0.326E-02, 334.60394, 0.31645E+05
   99800,2026-09-22T16:55:16.022+02:00, 0.309E-02, 334.90802, 0.31779E+05
   99900,2026-09-22T16:55:27.679+02:00, 0.297E-02, 335.21047, 0.31914E+05
  100000,2026-09-22T16:55:39.303+02:00, 0.287E-02, 335.51514, 0.32050E+05
  100100,2026-09-22T16:55:51.121+02:00, 0.310E-02, 335.81710, 0.32189E+05
  100200,2026-09-22T16:56:02.662+02:00, 0.302E-02, 336.12107, 0.32324E+05
  100300,2026-09-22T16:56:14.142+02:00, 0.328E-02, 336.44528, 0.32458E+05
  100400,2026-09-22T16:56:25.737+02:00, 0.285E-02, 336.75832, 0.32593E+05
  100500,2026-09-22T16:56:37.286+02:00, 0.307E-02, 337.06145, 0.32728E+05
  100600,2026-09-22T16:56:48.450+02:00, 0.307E-02, 337.36890, 0.32859E+05
  100700,2026-09-22T16:56:59.575+02:00, 0.321E-02, 337.66911, 0.32988E+05
  100800,2026-09-22T16:57:11.230+02:00, 0.330E-02, 337.98173, 0.33123E+05
  100900,2026-09-22T16:57:22.789+02:00, 0.303E-02, 338.28441, 0.33259E+05
  101000,2026-09-22T16:57:34.468+02:00, 0.326E-02, 338.58598, 0.33394E+05
  101100,2026-09-22T16:57:45.833+02:00, 0.303E-02, 338.88858, 0.33528E+05
  101200,2026-09-22T16:57:57.272+02:00, 0.318E-02, 339.19792, 0.33661E+05
  101300,2026-09-22T16:58:08.415+02:00, 0.327E-02, 339.51015, 0.33792E+05
  101400,2026-09-22T16:58:19.423+02:00, 0.310E-02, 339.81628, 0.33922E+05
  101500,2026-09-22T16:58:30.911+02:00, 0.337E-02, 340.13623, 0.34055E+05
  101600,2026-09-22T16:58:42.259+02:00, 0.319E-02, 340.44979, 0.34188E+05
  101700,2026-09-22T16:58:53.631+02:00, 0.330E-02, 340.76391, 0.34321E+05
  101800,2026-09-22T16:59:04.812+02:00, 0.317E-02, 341.08065, 0.34450E+05
  101900,2026-09-22T16:59:16.167+02:00, 0.344E-02, 341.39845, 0.34584E+05
  102000,2026-09-22T16:59:27.757+02:00, 0.286E-02, 341.71310, 0.34719E+05
  102100,2026-09-22T16:59:39.065+02:00, 0.305E-02, 342.02549, 0.34851E+05
  102200,2026-09-22T16:59:50.478+02:00, 0.287E-02, 342.32449, 0.34984E+05
  102300,2026-09-22T17:00:01.852+02:00, 0.316E-02, 342.63841, 0.35116E+05
  102400,2026-09-22T17:00:12.893+02:00, 0.341E-02, 342.95098, 0.35247E+05
  102500,2026-09-22T17:00:24.170+02:00, 0.298E-02, 343.25782, 0.35379E+05
  102600,2026-09-22T17:00:35.888+02:00, 0.318E-02, 343.56129, 0.35516E+05
  102700,2026-09-22T17:00:47.251+02:00, 0.277E-02, 343.86716, 0.35649E+05
  102800,2026-09-22T17:00:58.694+02:00, 0.260E-02, 344.16941, 0.35783E+05
  102900,2026-09-22T17:01:10.125+02:00, 0.321E-02, 344.47998, 0.35915E+05
  103000,2026-09-22T17:01:21.349+02:00, 0.312E-02, 344.79233, 0.36047E+05
  103100,2026-09-22T17:01:32.571+02:00, 0.317E-02, 345.10148, 0.36178E+05
  103200,2026-09-22T17:01:44.022+02:00, 0.328E-02, 345.42796, 0.36312E+05
  103300,2026-09-22T17:01:55.330+02:00, 0.316E-02, 345.74361, 0.36444E+05
  103400,2026-09-22T17:02:06.450+02:00, 0.308E-02, 346.04631, 0.36576E+05
  103500,2026-09-22T17:02:17.680+02:00, 0.303E-02, 346.35193, 0.36708E+05
  103600,2026-09-22T17:02:29.098+02:00, 0.303E-02, 346.65531, 0.36841E+05
  103700,2026-09-22T17:02:40.638+02:00, 0.288E-02, 346.96527, 0.36975E+05
  103800,2026-09-22T17:02:52.145+02:00, 0.276E-02, 347.27431, 0.37109E+05
  103900,2026-09-22T17:03:03.393+02:00, 0.334E-02, 347.58212, 0.37240E+05
  104000,2026-09-22T17:03:14.871+02:00, 0.304E-02, 347.89778, 0.37375E+05
  104100,2026-09-22T17:03:26.598+02:00, 0.295E-02, 348.19640, 0.37512E+05
  104200,2026-09-22T17:03:38.373+02:00, 0.256E-02, 348.49677, 0.37650E+05
  104300,2026-09-22T17:03:50.306+02:00, 0.318E-02, 348.78454, 0.37789E+05
  104400,2026-09-22T17:04:02.343+02:00, 0.299E-02, 349.08118, 0.37929E+05
  104500,2026-09-22T17:04:14.007+02:00, 0.315E-02, 349.38142, 0.38066E+05
  104600,2026-09-22T17:04:25.378+02:00, 0.310E-02, 349.69281, 0.38199E+05
  104700,2026-09-22T17:04:36.828+02:00, 0.326E-02, 350.00625, 0.38334E+05
  104800,2026-09-22T17:04:48.355+02:00, 0.313E-02, 350.30951, 0.38468E+05
  104900,2026-09-22T17:04:59.910+02:00, 0.274E-02, 350.61261, 0.38601E+05
  105000,2026-09-22T17:05:10.996+02:00, 0.328E-02, 350.91689, 0.38731E+05
  105100,2026-09-22T17:05:22.287+02:00, 0.293E-02, 351.24427, 0.38863E+05
  105200,2026-09-22T17:05:33.480+02:00, 0.310E-02, 351.54692, 0.38994E+05
  105300,2026-09-22T17:05:44.629+02:00, 0.306E-02, 351.87207, 0.39126E+05
  105400,2026-09-22T17:05:55.578+02:00, 0.337E-02, 352.18975, 0.39254E+05
  105500,2026-09-22T17:06:06.914+02:00, 0.319E-02, 352.50297, 0.39386E+05
  105600,2026-09-22T17:06:17.918+02:00, 0.294E-02, 352.79727, 0.39516E+05
  105700,2026-09-22T17:06:29.377+02:00, 0.323E-02, 353.11823, 0.39649E+05
  105800,2026-09-22T17:06:40.852+02:00, 0.299E-02, 353.43604, 0.39783E+05
  105900,2026-09-22T17:06:52.583+02:00, 0.322E-02, 353.74348, 0.39920E+05
  106000,2026-09-22T17:07:03.876+02:00, 0.306E-02, 354.05150, 0.40051E+05
  106100,2026-09-22T17:07:15.128+02:00, 0.290E-02, 354.36669, 0.40183E+05
  106200,2026-09-22T17:07:26.345+02:00, 0.315E-02, 354.67509, 0.40316E+05
  106300,2026-09-22T17:07:37.167+02:00, 0.301E-02, 354.97322, 0.40443E+05
  106400,2026-09-22T17:07:48.064+02:00, 0.294E-02, 355.27133, 0.40573E+05
  106500,2026-09-22T17:07:59.143+02:00, 0.317E-02, 355.58203, 0.40702E+05
  106600,2026-09-22T17:08:10.293+02:00, 0.304E-02, 355.88662, 0.40832E+05
  106700,2026-09-22T17:08:20.821+02:00, 0.326E-02, 356.19735, 0.40957E+05
  106800,2026-09-22T17:08:32.152+02:00, 0.312E-02, 356.50888, 0.41089E+05
  106900,2026-09-22T17:08:43.484+02:00, 0.299E-02, 356.82254, 0.41221E+05
  107000,2026-09-22T17:08:54.435+02:00, 0.318E-02, 357.13244, 0.41351E+05
  107100,2026-09-22T17:09:05.799+02:00, 0.342E-02, 357.44817, 0.41484E+05
  107200,2026-09-22T17:09:17.301+02:00, 0.303E-02, 357.77154, 0.41618E+05
  107300,2026-09-22T17:09:28.274+02:00, 0.312E-02, 358.07104, 0.41748E+05
  107400,2026-09-22T17:09:39.933+02:00, 0.269E-02, 358.37318, 0.41885E+05
  107500,2026-09-22T17:09:50.942+02:00, 0.272E-02, 358.68305, 0.42015E+05
  107600,2026-09-22T17:10:02.174+02:00, 0.317E-02, 358.98116, 0.42147E+05
  107700,2026-09-22T17:10:13.675+02:00, 0.331E-02, 359.29581, 0.42281E+05
  107800,2026-09-22T17:10:24.648+02:00, 0.292E-02, 359.62173, 0.42411E+05
  107900,2026-09-22T17:10:36.046+02:00, 0.321E-02, 359.93776, 0.42544E+05
  108000,2026-09-22T17:10:48.480+02:00, 0.311E-02, 360.25113, 0.42686E+05
  108100,2026-09-22T17:10:59.673+02:00, 0.311E-02, 360.56256, 0.42818E+05
  108200,2026-09-22T17:11:10.822+02:00, 0.302E-02, 360.86326, 0.42948E+05
  108300,2026-09-22T17:11:21.927+02:00, 0.302E-02, 361.16521, 0.43080E+05
  108400,2026-09-22T17:11:33.267+02:00, 0.322E-02, 361.47585, 0.43212E+05
  108500,2026-09-22T17:11:44.334+02:00, 0.271E-02, 361.78070, 0.43343E+05
  108600,2026-09-22T17:11:55.523+02:00, 0.303E-02, 362.07375, 0.43475E+05
  108700,2026-09-22T17:12:06.803+02:00, 0.310E-02, 362.38032, 0.43609E+05
  108800,2026-09-22T17:12:18.236+02:00, 0.325E-02, 362.68256, 0.43742E+05
  108900,2026-09-22T17:12:29.109+02:00, 0.312E-02, 362.98948, 0.43871E+05
  109000,2026-09-22T17:12:40.475+02:00, 0.305E-02, 363.29384, 0.44003E+05
  109100,2026-09-22T17:12:51.936+02:00, 0.314E-02, 363.59955, 0.44137E+05
  109200,2026-09-22T17:13:03.772+02:00, 0.321E-02, 363.90104, 0.44275E+05
  109300,2026-09-22T17:13:15.890+02:00, 0.307E-02, 364.21148, 0.44418E+05
  109400,2026-09-22T17:13:27.838+02:00, 0.263E-02, 364.51419, 0.44557E+05
  109500,2026-09-22T17:13:39.208+02:00, 0.313E-02, 364.82422, 0.44691E+05
  109600,2026-09-22T17:13:50.480+02:00, 0.313E-02, 365.13717, 0.44824E+05
  109700,2026-09-22T17:14:02.052+02:00, 0.307E-02, 365.44523, 0.44958E+05
  109800,2026-09-22T17:14:13.937+02:00, 0.306E-02, 365.73743, 0.45097E+05
  109900,2026-09-22T17:14:25.773+02:00, 0.297E-02, 366.03520, 0.45236E+05
  110000,2026-09-22T17:14:37.373+02:00, 0.284E-02, 366.32287, 0.45372E+05
  110100,2026-09-22T17:14:48.697+02:00, 0.265E-02, 366.62248, 0.45506E+05
  110200,2026-09-22T17:15:01.265+02:00, 0.296E-02, 366.91273, 0.45647E+05
  110300,2026-09-22T17:15:12.836+02:00, 0.294E-02, 367.20699, 0.45783E+05
  110400,2026-09-22T17:15:24.035+02:00, 0.327E-02, 367.51642, 0.45916E+05
  110500,2026-09-22T17:15:35.533+02:00, 0.313E-02, 367.81553, 0.46049E+05
  110600,2026-09-22T17:15:46.640+02:00, 0.313E-02, 368.12850, 0.46180E+05
  110700,2026-09-22T17:15:58.619+02:00, 0.310E-02, 368.43860, 0.46320E+05
  110800,2026-09-22T17:16:10.854+02:00, 0.299E-02, 368.74330, 0.46462E+05
  110900,2026-09-22T17:16:22.164+02:00, 0.311E-02, 369.03424, 0.46595E+05
  111000,2026-09-22T17:16:33.230+02:00, 0.309E-02, 369.33380, 0.46726E+05
  111100,2026-09-22T17:16:44.181+02:00, 0.305E-02, 369.63844, 0.46854E+05
  111200,2026-09-22T17:16:55.554+02:00, 0.316E-02, 369.94087, 0.46986E+05
  111300,2026-09-22T17:17:07.077+02:00, 0.277E-02, 370.24210, 0.47120E+05
  111400,2026-09-22T17:17:18.331+02:00, 0.316E-02, 370.54819, 0.47252E+05
  111500,2026-09-22T17:17:29.719+02:00, 0.271E-02, 370.85441, 0.47385E+05
  111600,2026-09-22T17:17:40.940+02:00, 0.321E-02, 371.16957, 0.47517E+05
  111700,2026-09-22T17:17:52.364+02:00, 0.280E-02, 371.48223, 0.47651E+05
  111800,2026-09-22T17:18:03.779+02:00, 0.296E-02, 371.78322, 0.47784E+05
  111900,2026-09-22T17:18:15.311+02:00, 0.302E-02, 372.09228, 0.47919E+05
  112000,2026-09-22T17:18:26.574+02:00, 0.313E-02, 372.41068, 0.48051E+05
  112100,2026-09-22T17:18:37.805+02:00, 0.289E-02, 372.72159, 0.48182E+05
  112200,2026-09-22T17:18:48.927+02:00, 0.311E-02, 373.02939, 0.48314E+05
  112300,2026-09-22T17:19:00.197+02:00, 0.306E-02, 373.32899, 0.48446E+05
  112400,2026-09-22T17:19:10.780+02:00, 0.314E-02, 373.62768, 0.48572E+05
  112500,2026-09-22T17:19:21.698+02:00, 0.314E-02, 373.94166, 0.48702E+05
  112600,2026-09-22T17:19:33.054+02:00, 0.278E-02, 374.24913, 0.48835E+05
  112700,2026-09-22T17:19:44.149+02:00, 0.312E-02, 374.55125, 0.48965E+05
  112800,2026-09-22T17:19:55.492+02:00, 0.302E-02, 374.84526, 0.49098E+05
  112900,2026-09-22T17:20:07.215+02:00, 0.307E-02, 375.14288, 0.49236E+05
  113000,2026-09-22T17:20:19.108+02:00, 0.268E-02, 375.43190, 0.49376E+05
  113100,2026-09-22T17:20:30.740+02:00, 0.286E-02, 375.71815, 0.49513E+05
  113200,2026-09-22T17:20:42.648+02:00, 0.308E-02, 376.01896, 0.49652E+05
  113300,2026-09-22T17:20:54.681+02:00, 0.263E-02, 376.31761, 0.49792E+05
  113400,2026-09-22T17:21:06.619+02:00, 0.303E-02, 376.60732, 0.49931E+05
  113500,2026-09-22T17:21:18.109+02:00, 0.303E-02, 376.91064, 0.50066E+05
  113600,2026-09-22T17:21:29.753+02:00, 0.297E-02, 377.21379, 0.50202E+05
  113700,2026-09-22T17:21:41.297+02:00, 0.306E-02, 377.51233, 0.50338E+05
  113800,2026-09-22T17:21:53.351+02:00, 0.286E-02, 377.80783, 0.50478E+05
  113900,2026-09-22T17:22:05.230+02:00, 0.311E-02, 378.11322, 0.50617E+05
  114000,2026-09-22T17:22:17.088+02:00, 0.335E-02, 378.41902, 0.50755E+05
  114100,2026-09-22T17:22:29.073+02:00, 0.292E-02, 378.72230, 0.50895E+05
  114200,2026-09-22T17:22:40.566+02:00, 0.314E-02, 379.03660, 0.51030E+05
  114300,2026-09-22T17:22:52.249+02:00, 0.314E-02, 379.34823, 0.51168E+05
  114400,2026-09-22T17:23:02.755+02:00, 0.298E-02, 379.64924, 0.51293E+05
  114500,2026-09-22T17:23:14.086+02:00, 0.318E-02, 379.95125, 0.51426E+05
  114600,2026-09-22T17:23:25.600+02:00, 0.276E-02, 380.25097, 0.51562E+05
  114700,2026-09-22T17:23:37.065+02:00, 0.277E-02, 380.55693, 0.51696E+05
  114800,2026-09-22T17:23:48.247+02:00, 0.291E-02, 380.84908, 0.51825E+05
  114900,2026-09-22T17:23:59.639+02:00, 0.317E-02, 381.15798, 0.51958E+05
  115000,2026-09-22T17:24:11.081+02:00, 0.339E-02, 381.46839, 0.52092E+05
  115100,2026-09-22T17:24:22.181+02:00, 0.323E-02, 381.77804, 0.52222E+05
  115200,2026-09-22T17:24:33.167+02:00, 0.323E-02, 382.08289, 0.52352E+05
  115300,2026-09-22T17:24:44.752+02:00, 0.294E-02, 382.38855, 0.52488E+05
  115400,2026-09-22T17:24:56.693+02:00, 0.313E-02, 382.69904, 0.52624E+05
  115500,2026-09-22T17:25:08.005+02:00, 0.321E-02, 383.02722, 0.52756E+05
  115600,2026-09-22T17:25:19.123+02:00, 0.285E-02, 383.34290, 0.52886E+05
  115700,2026-09-22T17:25:30.153+02:00, 0.281E-02, 383.65414, 0.53016E+05
  115800,2026-09-22T17:25:41.537+02:00, 0.306E-02, 383.95672, 0.53149E+05
  115900,2026-09-22T17:25:52.578+02:00, 0.295E-02, 384.26571, 0.53279E+05
  116000,2026-09-22T17:26:03.599+02:00, 0.282E-02, 384.58233, 0.53408E+05
  116100,2026-09-22T17:26:14.827+02:00, 0.313E-02, 384.88882, 0.53540E+05
  116200,2026-09-22T17:26:25.808+02:00, 0.303E-02, 385.18785, 0.53668E+05
  116300,2026-09-22T17:26:36.962+02:00, 0.302E-02, 385.48104, 0.53798E+05
  116400,2026-09-22T17:26:48.399+02:00, 0.315E-02, 385.78434, 0.53932E+05
  116500,2026-09-22T17:27:00.250+02:00, 0.275E-02, 386.08383, 0.54070E+05
  116600,2026-09-22T17:27:11.427+02:00, 0.308E-02, 386.38584, 0.54201E+05
  116700,2026-09-22T17:27:22.357+02:00, 0.321E-02, 386.69915, 0.54331E+05
  116800,2026-09-22T17:27:34.028+02:00, 0.291E-02, 387.00333, 0.54466E+05
  116900,2026-09-22T17:27:44.969+02:00, 0.276E-02, 387.30570, 0.54595E+05
  117000,2026-09-22T17:27:55.981+02:00, 0.320E-02, 387.60175, 0.54725E+05
  117100,2026-09-22T17:28:07.347+02:00, 0.320E-02, 387.92171, 0.54858E+05
  117200,2026-09-22T17:28:18.417+02:00, 0.320E-02, 388.24166, 0.54987E+05
  117300,2026-09-22T17:28:29.590+02:00, 0.320E-02, 388.56162, 0.55116E+05
  117400,2026-09-22T17:28:40.933+02:00, 0.310E-02, 388.86958, 0.55250E+05
  117500,2026-09-22T17:28:52.069+02:00, 0.303E-02, 389.17162, 0.55381E+05
  117600,2026-09-22T17:29:03.394+02:00, 0.299E-02, 389.47053, 0.55515E+05
  117700,2026-09-22T17:29:14.946+02:00, 0.296E-02, 389.77667, 0.55649E+05
  117800,2026-09-22T17:29:26.940+02:00, 0.301E-02, 390.06886, 0.55790E+05
  117900,2026-09-22T17:29:38.260+02:00, 0.319E-02, 390.37861, 0.55923E+05
  118000,2026-09-22T17:29:49.320+02:00, 0.326E-02, 390.68833, 0.56054E+05
  118100,2026-09-22T17:30:00.848+02:00, 0.315E-02, 390.99496, 0.56190E+05
  118200,2026-09-22T17:30:12.633+02:00, 0.302E-02, 391.29178, 0.56328E+05
  118300,2026-09-22T17:30:24.126+02:00, 0.323E-02, 391.59847, 0.56464E+05
  118400,2026-09-22T17:30:35.490+02:00, 0.317E-02, 391.91565, 0.56598E+05
  118500,2026-09-22T17:30:46.840+02:00, 0.311E-02, 392.22163, 0.56732E+05
  118600,2026-09-22T17:30:58.883+02:00, 0.309E-02, 392.52339, 0.56871E+05
  118700,2026-09-22T17:31:10.112+02:00, 0.264E-02, 392.82010, 0.57003E+05
  118800,2026-09-22T17:31:21.875+02:00, 0.306E-02, 393.11314, 0.57141E+05
  118900,2026-09-22T17:31:32.984+02:00, 0.316E-02, 393.41759, 0.57270E+05
  119000,2026-09-22T17:31:43.965+02:00, 0.279E-02, 393.73251, 0.57400E+05
  119100,2026-09-22T17:31:54.934+02:00, 0.315E-02, 394.02938, 0.57528E+05
  119200,2026-09-22T17:32:05.948+02:00, 0.312E-02, 394.33606, 0.57658E+05
  119300,2026-09-22T17:32:17.069+02:00, 0.301E-02, 394.64789, 0.57787E+05
  119400,2026-09-22T17:32:28.048+02:00, 0.313E-02, 394.95887, 0.57917E+05
  119500,2026-09-22T17:32:39.201+02:00, 0.328E-02, 395.27448, 0.58048E+05
  119600,2026-09-22T17:32:50.113+02:00, 0.294E-02, 395.58077, 0.58175E+05
  119700,2026-09-22T17:33:01.082+02:00, 0.311E-02, 395.89060, 0.58305E+05
  119800,2026-09-22T17:33:12.067+02:00, 0.313E-02, 396.19860, 0.58434E+05
  119900,2026-09-22T17:33:23.098+02:00, 0.344E-02, 396.51218, 0.58564E+05
  120000,2026-09-22T17:33:34.346+02:00, 0.283E-02, 396.81519, 0.58695E+05
  120100,2026-09-22T17:33:45.775+02:00, 0.286E-02, 397.12127, 0.58830E+05
  120200,2026-09-22T17:33:57.141+02:00, 0.298E-02, 397.42271, 0.58963E+05
  120300,2026-09-22T17:34:08.414+02:00, 0.298E-02, 397.72106, 0.59093E+05
  120400,2026-09-22T17:34:19.663+02:00, 0.295E-02, 398.01691, 0.59225E+05
  120500,2026-09-22T17:34:30.840+02:00, 0.305E-02, 398.32295, 0.59357E+05
  120600,2026-09-22T17:34:42.453+02:00, 0.328E-02, 398.62575, 0.59492E+05
  120700,2026-09-22T17:34:54.247+02:00, 0.315E-02, 398.91697, 0.59628E+05
  120800,2026-09-22T17:35:05.835+02:00, 0.323E-02, 399.22522, 0.59764E+05
  120900,2026-09-22T17:35:17.511+02:00, 0.309E-02, 399.53259, 0.59901E+05
  121000,2026-09-22T17:35:28.571+02:00, 0.291E-02, 399.83524, 0.60031E+05
  121100,2026-09-22T17:35:39.781+02:00, 0.328E-02, 400.14664, 0.60161E+05
  121200,2026-09-22T17:35:51.177+02:00, 0.309E-02, 400.45196, 0.60294E+05
  121300,2026-09-22T17:36:02.348+02:00, 0.303E-02, 400.75254, 0.60426E+05
  121400,2026-09-22T17:36:13.871+02:00, 0.303E-02, 401.05521, 0.60560E+05
  121500,2026-09-22T17:36:24.983+02:00, 0.320E-02, 401.36258, 0.60690E+05
  121600,2026-09-22T17:36:36.356+02:00, 0.319E-02, 401.67339, 0.60824E+05
  121700,2026-09-22T17:36:47.168+02:00, 0.315E-02, 401.98276, 0.60952E+05
  121800,2026-09-22T17:36:58.395+02:00, 0.337E-02, 402.29017, 0.61084E+05
  121900,2026-09-22T17:37:09.644+02:00, 0.279E-02, 402.60410, 0.61215E+05
  122000,2026-09-22T17:37:20.801+02:00, 0.306E-02, 402.90998, 0.61348E+05
  122100,2026-09-22T17:37:32.208+02:00, 0.303E-02, 403.22461, 0.61482E+05
  122200,2026-09-22T17:37:43.744+02:00, 0.293E-02, 403.51249, 0.61619E+05
  122300,2026-09-22T17:37:55.483+02:00, 0.317E-02, 403.81040, 0.61757E+05
  122400,2026-09-22T17:38:06.790+02:00, 0.292E-02, 404.11708, 0.61889E+05
  122500,2026-09-22T17:38:18.079+02:00, 0.321E-02, 404.43387, 0.62021E+05
  122600,2026-09-22T17:38:29.100+02:00, 0.302E-02, 404.73777, 0.62151E+05
  122700,2026-09-22T17:38:40.466+02:00, 0.330E-02, 405.03920, 0.62284E+05
  122800,2026-09-22T17:38:51.263+02:00, 0.320E-02, 405.35350, 0.62412E+05
  122900,2026-09-22T17:39:02.351+02:00, 0.299E-02, 405.66763, 0.62542E+05
  123000,2026-09-22T17:39:13.873+02:00, 0.324E-02, 405.97558, 0.62677E+05
  123100,2026-09-22T17:39:25.362+02:00, 0.295E-02, 406.27064, 0.62811E+05
  123200,2026-09-22T17:39:36.249+02:00, 0.307E-02, 406.56610, 0.62940E+05
  123300,2026-09-22T17:39:47.437+02:00, 0.301E-02, 406.87819, 0.63070E+05
  123400,2026-09-22T17:39:58.448+02:00, 0.293E-02, 407.17944, 0.63200E+05
  123500,2026-09-22T17:40:09.399+02:00, 0.293E-02, 407.47262, 0.63329E+05
  123600,2026-09-22T17:40:20.486+02:00, 0.309E-02, 407.77279, 0.63459E+05
  123700,2026-09-22T17:40:31.573+02:00, 0.267E-02, 408.06594, 0.63589E+05
  123800,2026-09-22T17:40:42.784+02:00, 0.286E-02, 408.37239, 0.63720E+05
  123900,2026-09-22T17:40:53.759+02:00, 0.306E-02, 408.67049, 0.63850E+05
  124000,2026-09-22T17:41:05.042+02:00, 0.282E-02, 408.97319, 0.63981E+05
  124100,2026-09-22T17:41:16.482+02:00, 0.308E-02, 409.28265, 0.64114E+05
  124200,2026-09-22T17:41:27.792+02:00, 0.275E-02, 409.58908, 0.64245E+05
  124300,2026-09-22T17:41:38.845+02:00, 0.328E-02, 409.89441, 0.64376E+05
  124400,2026-09-22T17:41:50.429+02:00, 0.313E-02, 410.19992, 0.64511E+05
  124500,2026-09-22T17:42:01.465+02:00, 0.294E-02, 410.49833, 0.64640E+05
  124600,2026-09-22T17:42:13.144+02:00, 0.298E-02, 410.79142, 0.64777E+05
  124700,2026-09-22T17:42:24.376+02:00, 0.335E-02, 411.09541, 0.64907E+05
  124800,2026-09-22T17:42:35.490+02:00, 0.294E-02, 411.41115, 0.65037E+05
  124900,2026-09-22T17:42:46.549+02:00, 0.285E-02, 411.71998, 0.65168E+05
  125000,2026-09-22T17:42:57.730+02:00, 0.305E-02, 412.02059, 0.65300E+05
  125100,2026-09-22T17:43:09.105+02:00, 0.292E-02, 412.32471, 0.65434E+05
  125200,2026-09-22T17:43:20.430+02:00, 0.342E-02, 412.63486, 0.65566E+05
  125300,2026-09-22T17:43:31.558+02:00, 0.300E-02, 412.94638, 0.65697E+05
  125400,2026-09-22T17:43:42.710+02:00, 0.322E-02, 413.24677, 0.65828E+05
  125500,2026-09-22T17:43:53.862+02:00, 0.308E-02, 413.55410, 0.65959E+05
  125600,2026-09-22T17:44:04.978+02:00, 0.302E-02, 413.85682, 0.66089E+05
  125700,2026-09-22T17:44:16.388+02:00, 0.332E-02, 414.15996, 0.66223E+05
  125800,2026-09-22T17:44:27.687+02:00, 0.310E-02, 414.46048, 0.66355E+05
  125900,2026-09-22T17:44:39.090+02:00, 0.307E-02, 414.75979, 0.66487E+05
  126000,2026-09-22T17:44:50.575+02:00, 0.315E-02, 415.07187, 0.66621E+05
  126100,2026-09-22T17:45:02.593+02:00, 0.307E-02, 415.37593, 0.66757E+05
  126200,2026-09-22T17:45:14.152+02:00, 0.318E-02, 415.68366, 0.66890E+05
  126300,2026-09-22T17:45:25.635+02:00, 0.314E-02, 415.99710, 0.67023E+05
  126400,2026-09-22T17:45:36.753+02:00, 0.314E-02, 416.31108, 0.67153E+05
  126500,2026-09-22T17:45:47.969+02:00, 0.291E-02, 416.60426, 0.67284E+05
  126600,2026-09-22T17:45:59.747+02:00, 0.293E-02, 416.89819, 0.67421E+05
  126700,2026-09-22T17:46:11.102+02:00, 0.307E-02, 417.20506, 0.67554E+05
  126800,2026-09-22T17:46:21.978+02:00, 0.296E-02, 417.52600, 0.67683E+05
  126900,2026-09-22T17:46:32.557+02:00, 0.302E-02, 417.82402, 0.67809E+05
  127000,2026-09-22T17:46:43.740+02:00, 0.325E-02, 418.13874, 0.67941E+05
  127100,2026-09-22T17:46:54.868+02:00, 0.303E-02, 418.44482, 0.68071E+05
  127200,2026-09-22T17:47:06.117+02:00, 0.334E-02, 418.76829, 0.68204E+05
  127300,2026-09-22T17:47:17.211+02:00, 0.285E-02, 419.07487, 0.68334E+05
  127400,2026-09-22T17:47:28.324+02:00, 0.310E-02, 419.38241, 0.68465E+05
  127500,2026-09-22T17:47:39.821+02:00, 0.301E-02, 419.68302, 0.68600E+05
  127600,2026-09-22T17:47:51.226+02:00, 0.320E-02, 419.98391, 0.68734E+05
  127700,2026-09-22T17:48:03.041+02:00, 0.283E-02, 420.30283, 0.68871E+05
  127800,2026-09-22T17:48:14.092+02:00, 0.319E-02, 420.61414, 0.69000E+05
  127900,2026-09-22T17:48:25.412+02:00, 0.298E-02, 420.91742, 0.69131E+05
  128000,2026-09-22T17:48:36.838+02:00, 0.293E-02, 421.20739, 0.69264E+05
  128100,2026-09-22T17:48:48.329+02:00, 0.322E-02, 421.51737, 0.69399E+05
  128200,2026-09-22T17:48:59.525+02:00, 0.314E-02, 421.83475, 0.69531E+05
  128300,2026-09-22T17:49:10.723+02:00, 0.314E-02, 422.14867, 0.69662E+05
  128400,2026-09-22T17:49:22.018+02:00, 0.312E-02, 422.44660, 0.69794E+05
  128500,2026-09-22T17:49:33.076+02:00, 0.304E-02, 422.74694, 0.69924E+05
  128600,2026-09-22T17:49:44.033+02:00, 0.317E-02, 423.05155, 0.70052E+05
  128700,2026-09-22T17:49:55.346+02:00, 0.305E-02, 423.35581, 0.70184E+05
  128800,2026-09-22T17:50:06.433+02:00, 0.287E-02, 423.67574, 0.70314E+05
  128900,2026-09-22T17:50:17.606+02:00, 0.330E-02, 423.97490, 0.70445E+05
  129000,2026-09-22T17:50:29.053+02:00, 0.316E-02, 424.28671, 0.70579E+05
  129100,2026-09-22T17:50:40.019+02:00, 0.310E-02, 424.59036, 0.70708E+05
  129200,2026-09-22T17:50:50.991+02:00, 0.316E-02, 424.90235, 0.70837E+05
  129300,2026-09-22T17:51:02.255+02:00, 0.311E-02, 425.20624, 0.70967E+05
  129400,2026-09-22T17:51:13.528+02:00, 0.307E-02, 425.51706, 0.71099E+05
  129500,2026-09-22T17:51:25.016+02:00, 0.301E-02, 425.81878, 0.71232E+05
  129600,2026-09-22T17:51:36.501+02:00, 0.278E-02, 426.11773, 0.71367E+05
  129700,2026-09-22T17:51:47.873+02:00, 0.283E-02, 426.41723, 0.71500E+05
  129800,2026-09-22T17:51:59.102+02:00, 0.302E-02, 426.71617, 0.71632E+05
  129900,2026-09-22T17:52:10.170+02:00, 0.268E-02, 427.00804, 0.71762E+05
  130000,2026-09-22T17:52:21.455+02:00, 0.305E-02, 427.29753, 0.71892E+05
  130100,2026-09-22T17:52:32.750+02:00, 0.294E-02, 427.59890, 0.72025E+05
  130200,2026-09-22T17:52:44.310+02:00, 0.315E-02, 427.90774, 0.72161E+05
  130300,2026-09-22T17:52:55.428+02:00, 0.315E-02, 428.22308, 0.72290E+05
  130400,2026-09-22T17:53:07.030+02:00, 0.304E-02, 428.53254, 0.72425E+05
  130500,2026-09-22T17:53:18.264+02:00, 0.308E-02, 428.83660, 0.72558E+05
  130600,2026-09-22T17:53:29.354+02:00, 0.302E-02, 429.14097, 0.72688E+05
  130700,2026-09-22T17:53:40.620+02:00, 0.302E-02, 429.44292, 0.72819E+05
  130800,2026-09-22T17:53:51.586+02:00, 0.323E-02, 429.74371, 0.72948E+05
  130900,2026-09-22T17:54:02.823+02:00, 0.317E-02, 430.05914, 0.73079E+05
  131000,2026-09-22T17:54:14.051+02:00, 0.306E-02, 430.36348, 0.73210E+05
  131100,2026-09-22T17:54:25.329+02:00, 0.269E-02, 430.67315, 0.73342E+05
  131200,2026-09-22T17:54:36.459+02:00, 0.313E-02, 430.97337, 0.73473E+05
  131300,2026-09-22T17:54:47.619+02:00, 0.296E-02, 431.27017, 0.73605E+05
  131400,2026-09-22T17:54:58.964+02:00, 0.326E-02, 431.59065, 0.73734E+05
  131500,2026-09-22T17:55:10.317+02:00, 0.314E-02, 431.90382, 0.73867E+05
  131600,2026-09-22T17:55:21.346+02:00, 0.306E-02, 432.22273, 0.73997E+05
  131700,2026-09-22T17:55:32.551+02:00, 0.298E-02, 432.51408, 0.74126E+05
  131800,2026-09-22T17:55:43.500+02:00, 0.276E-02, 432.82320, 0.74255E+05
  131900,2026-09-22T17:55:55.027+02:00, 0.269E-02, 433.11265, 0.74389E+05
  132000,2026-09-22T17:56:06.312+02:00, 0.326E-02, 433.41469, 0.74521E+05
  132100,2026-09-22T17:56:17.803+02:00, 0.303E-02, 433.71920, 0.74654E+05
  132200,2026-09-22T17:56:28.863+02:00, 0.307E-02, 434.02056, 0.74785E+05
  132300,2026-09-22T17:56:40.403+02:00, 0.332E-02, 434.32745, 0.74918E+05
  132400,2026-09-22T17:56:51.402+02:00, 0.314E-02, 434.63756, 0.75046E+05
  132500,2026-09-22T17:57:02.540+02:00, 0.331E-02, 434.95189, 0.75177E+05
  132600,2026-09-22T17:57:13.723+02:00, 0.309E-02, 435.25730, 0.75308E+05
  132700,2026-09-22T17:57:24.708+02:00, 0.316E-02, 435.57249, 0.75438E+05
  132800,2026-09-22T17:57:35.519+02:00, 0.308E-02, 435.88140, 0.75566E+05
  132900,2026-09-22T17:57:46.485+02:00, 0.275E-02, 436.18829, 0.75695E+05
  133000,2026-09-22T17:57:57.679+02:00, 0.293E-02, 436.47981, 0.75826E+05
  133100,2026-09-22T17:58:08.565+02:00, 0.273E-02, 436.77062, 0.75954E+05
  133200,2026-09-22T17:58:19.775+02:00, 0.326E-02, 437.06109, 0.76085E+05
  133300,2026-09-22T17:58:31.067+02:00, 0.315E-02, 437.37330, 0.76217E+05
  133400,2026-09-22T17:58:41.867+02:00, 0.303E-02, 437.67564, 0.76345E+05
  133500,2026-09-22T17:58:53.248+02:00, 0.295E-02, 437.97409, 0.76478E+05
  133600,2026-09-22T17:59:04.448+02:00, 0.302E-02, 438.28205, 0.76608E+05
  133700,2026-09-22T17:59:15.394+02:00, 0.318E-02, 438.58087, 0.76738E+05
  133800,2026-09-22T17:59:26.895+02:00, 0.305E-02, 438.89077, 0.76871E+05
  133900,2026-09-22T17:59:38.472+02:00, 0.285E-02, 439.20715, 0.77006E+05
  134000,2026-09-22T17:59:50.104+02:00, 0.294E-02, 439.49816, 0.77141E+05
  134100,2026-09-22T18:00:01.586+02:00, 0.324E-02, 439.79347, 0.77275E+05
  134200,2026-09-22T18:00:13.378+02:00, 0.281E-02, 440.10794, 0.77411E+05
  134300,2026-09-22T18:00:24.638+02:00, 0.301E-02, 440.40961, 0.77542E+05
  134400,2026-09-22T18:00:35.491+02:00, 0.274E-02, 440.69994, 0.77671E+05
  134500,2026-09-22T18:00:46.524+02:00, 0.302E-02, 440.99860, 0.77801E+05
  134600,2026-09-22T18:00:57.557+02:00, 0.302E-02, 441.30028, 0.77930E+05
  134700,2026-09-22T18:01:08.532+02:00, 0.302E-02, 441.60195, 0.78059E+05
  134800,2026-09-22T18:01:19.913+02:00, 0.302E-02, 441.90363, 0.78192E+05
  134900,2026-09-22T18:01:30.909+02:00, 0.322E-02, 442.21832, 0.78322E+05
  135000,2026-09-22T18:01:41.948+02:00, 0.287E-02, 442.53719, 0.78453E+05
  135100,2026-09-22T18:01:53.239+02:00, 0.273E-02, 442.83949, 0.78585E+05
  135200,2026-09-22T18:02:04.758+02:00, 0.311E-02, 443.13809, 0.78720E+05
  135300,2026-09-22T18:02:15.980+02:00, 0.321E-02, 443.43918, 0.78852E+05
  135400,2026-09-22T18:02:27.860+02:00, 0.303E-02, 443.73789, 0.78990E+05
  135500,2026-09-22T18:02:39.514+02:00, 0.316E-02, 444.03952, 0.79128E+05
  135600,2026-09-22T18:02:51.093+02:00, 0.311E-02, 444.35073, 0.79264E+05
  135700,2026-09-22T18:03:02.510+02:00, 0.312E-02, 444.64955, 0.79399E+05
  135800,2026-09-22T18:03:13.862+02:00, 0.266E-02, 444.94472, 0.79533E+05
  135900,2026-09-22T18:03:25.582+02:00, 0.273E-02, 445.24335, 0.79669E+05
  136000,2026-09-22T18:03:36.830+02:00, 0.276E-02, 445.52977, 0.79802E+05
  136100,2026-09-22T18:03:48.372+02:00, 0.301E-02, 445.83494, 0.79936E+05
  136200,2026-09-22T18:03:59.835+02:00, 0.326E-02, 446.14619, 0.80070E+05
  136300,2026-09-22T18:04:11.102+02:00, 0.323E-02, 446.46790, 0.80201E+05
  136400,2026-09-22T18:04:22.091+02:00, 0.287E-02, 446.75906, 0.80331E+05
  136500,2026-09-22T18:04:33.777+02:00, 0.316E-02, 447.06470, 0.80467E+05
  136600,2026-09-22T18:04:44.801+02:00, 0.304E-02, 447.37405, 0.80597E+05
  136700,2026-09-22T18:04:57.160+02:00, 0.255E-02, 447.68038, 0.80736E+05
  136800,2026-09-22T18:05:08.613+02:00, 0.296E-02, 447.99480, 0.80870E+05
  136900,2026-09-22T18:05:19.846+02:00, 0.319E-02, 448.28530, 0.81002E+05
  137000,2026-09-22T18:05:31.421+02:00, 0.299E-02, 448.57386, 0.81138E+05
  137100,2026-09-22T18:05:42.979+02:00, 0.290E-02, 448.87105, 0.81272E+05
  137200,2026-09-22T18:05:54.188+02:00, 0.312E-02, 449.17685, 0.81404E+05
  137300,2026-09-22T18:06:05.456+02:00, 0.303E-02, 449.47479, 0.81536E+05
  137400,2026-09-22T18:06:16.753+02:00, 0.303E-02, 449.77788, 0.81669E+05
  137500,2026-09-22T18:06:28.539+02:00, 0.281E-02, 450.07189, 0.81808E+05
  137600,2026-09-22T18:06:39.652+02:00, 0.288E-02, 450.37701, 0.81939E+05
  137700,2026-09-22T18:06:50.626+02:00, 0.278E-02, 450.66511, 0.82069E+05
  137800,2026-09-22T18:07:01.843+02:00, 0.280E-02, 450.96280, 0.82200E+05
  137900,2026-09-22T18:07:13.107+02:00, 0.318E-02, 451.26402, 0.82332E+05
  138000,2026-09-22T18:07:24.655+02:00, 0.300E-02, 451.55824, 0.82468E+05
  138100,2026-09-22T18:07:36.015+02:00, 0.264E-02, 451.84990, 0.82602E+05
  138200,2026-09-22T18:07:47.636+02:00, 0.294E-02, 452.14972, 0.82738E+05
  138300,2026-09-22T18:07:59.176+02:00, 0.307E-02, 452.45129, 0.82874E+05
  138400,2026-09-22T18:08:10.392+02:00, 0.260E-02, 452.75310, 0.83007E+05
  138500,2026-09-22T18:08:21.508+02:00, 0.308E-02, 453.05165, 0.83138E+05
  138600,2026-09-22T18:08:33.084+02:00, 0.269E-02, 453.34640, 0.83272E+05
  138700,2026-09-22T18:08:44.615+02:00, 0.318E-02, 453.64171, 0.83407E+05
  138800,2026-09-22T18:08:55.920+02:00, 0.310E-02, 453.94936, 0.83540E+05
  138900,2026-09-22T18:09:07.081+02:00, 0.310E-02, 454.25974, 0.83671E+05
  139000,2026-09-22T18:09:17.841+02:00, 0.301E-02, 454.55932, 0.83798E+05
  139100,2026-09-22T18:09:28.911+02:00, 0.315E-02, 454.86755, 0.83928E+05
  139200,2026-09-22T18:09:40.064+02:00, 0.326E-02, 455.17485, 0.84060E+05
  139300,2026-09-22T18:09:51.414+02:00, 0.293E-02, 455.47601, 0.84193E+05
  139400,2026-09-22T18:10:02.458+02:00, 0.310E-02, 455.77874, 0.84322E+05
  139500,2026-09-22T18:10:13.213+02:00, 0.310E-02, 456.08900, 0.84449E+05
  139600,2026-09-22T18:10:24.587+02:00, 0.299E-02, 456.39119, 0.84583E+05
  139700,2026-09-22T18:10:35.574+02:00, 0.304E-02, 456.69159, 0.84713E+05
  139800,2026-09-22T18:10:46.897+02:00, 0.320E-02, 457.00436, 0.84846E+05
  139900,2026-09-22T18:10:58.012+02:00, 0.314E-02, 457.31178, 0.84977E+05
  140000,2026-09-22T18:11:09.360+02:00, 0.308E-02, 457.61262, 0.85109E+05
  140100,2026-09-22T18:11:20.988+02:00, 0.305E-02, 457.91804, 0.85245E+05
  140200,2026-09-22T18:11:32.479+02:00, 0.288E-02, 458.21920, 0.85379E+05
  140300,2026-09-22T18:11:43.862+02:00, 0.294E-02, 458.51216, 0.85515E+05
  140400,2026-09-22T18:11:55.294+02:00, 0.303E-02, 458.80581, 0.85650E+05
  140500,2026-09-22T18:12:06.588+02:00, 0.257E-02, 459.10103, 0.85784E+05
  140600,2026-09-22T18:12:18.297+02:00, 0.283E-02, 459.39521, 0.85921E+05
  140700,2026-09-22T18:12:30.230+02:00, 0.294E-02, 459.68062, 0.86061E+05
  140800,2026-09-22T18:12:42.106+02:00, 0.289E-02, 459.96428, 0.86199E+05
  140900,2026-09-22T18:12:54.057+02:00, 0.274E-02, 460.25370, 0.86340E+05
  141000,2026-09-22T18:13:05.846+02:00, 0.317E-02, 460.54953, 0.86478E+05
  141100,2026-09-22T18:13:17.406+02:00, 0.305E-02, 460.85127, 0.86614E+05
  141200,2026-09-22T18:13:28.980+02:00, 0.279E-02, 461.15528, 0.86750E+05
  141300,2026-09-22T18:13:40.180+02:00, 0.323E-02, 461.45890, 0.86883E+05
  141400,2026-09-22T18:13:51.693+02:00, 0.268E-02, 461.75710, 0.87018E+05
  141500,2026-09-22T18:14:03.232+02:00, 0.321E-02, 462.06129, 0.87153E+05
  141600,2026-09-22T18:14:14.681+02:00, 0.318E-02, 462.37127, 0.87286E+05
  141700,2026-09-22T18:14:25.924+02:00, 0.288E-02, 462.67749, 0.87419E+05
  141800,2026-09-22T18:14:37.251+02:00, 0.297E-02, 462.97710, 0.87553E+05
  141900,2026-09-22T18:14:48.322+02:00, 0.290E-02, 463.26838, 0.87683E+05
  142000,2026-09-22T18:15:00.572+02:00, 0.274E-02, 463.56666, 0.87822E+05
  142100,2026-09-22T18:15:11.635+02:00, 0.284E-02, 463.86324, 0.87952E+05
  142200,2026-09-22T18:15:22.790+02:00, 0.301E-02, 464.16122, 0.88083E+05
  142300,2026-09-22T18:15:34.126+02:00, 0.278E-02, 464.46708, 0.88216E+05
  142400,2026-09-22T18:15:45.189+02:00, 0.302E-02, 464.77651, 0.88345E+05
  142500,2026-09-22T18:15:56.551+02:00, 0.320E-02, 465.09113, 0.88478E+05
  142600,2026-09-22T18:16:07.663+02:00, 0.316E-02, 465.39677, 0.88609E+05
  142700,2026-09-22T18:16:19.094+02:00, 0.316E-02, 465.71314, 0.88742E+05
  142800,2026-09-22T18:16:29.987+02:00, 0.310E-02, 466.02367, 0.88871E+05
  142900,2026-09-22T18:16:41.265+02:00, 0.310E-02, 466.33389, 0.89003E+05
  143000,2026-09-22T18:16:52.494+02:00, 0.287E-02, 466.63710, 0.89134E+05
  143100,2026-09-22T18:17:03.969+02:00, 0.316E-02, 466.94846, 0.89269E+05
  143200,2026-09-22T18:17:15.185+02:00, 0.291E-02, 467.25052, 0.89401E+05
  143300,2026-09-22T18:17:26.725+02:00, 0.301E-02, 467.55651, 0.89536E+05
  143400,2026-09-22T18:17:38.058+02:00, 0.306E-02, 467.86273, 0.89668E+05
  143500,2026-09-22T18:17:49.658+02:00, 0.299E-02, 468.17336, 0.89803E+05
  143600,2026-09-22T18:18:00.682+02:00, 0.299E-02, 468.47198, 0.89932E+05
  143700,2026-09-22T18:18:12.404+02:00, 0.312E-02, 468.77516, 0.90070E+05
  143800,2026-09-22T18:18:23.430+02:00, 0.324E-02, 469.07917, 0.90200E+05
  143900,2026-09-22T18:18:34.631+02:00, 0.309E-02, 469.38361, 0.90331E+05
  144000,2026-09-22T18:18:46.064+02:00, 0.333E-02, 469.69786, 0.90467E+05
  144100,2026-09-22T18:18:57.494+02:00, 0.266E-02, 469.99418, 0.90600E+05
  144200,2026-09-22T18:19:09.299+02:00, 0.299E-02, 470.27777, 0.90738E+05
  144300,2026-09-22T18:19:20.912+02:00, 0.298E-02, 470.56436, 0.90875E+05
  144400,2026-09-22T18:19:32.767+02:00, 0.268E-02, 470.84751, 0.91014E+05
  144500,2026-09-22T18:19:44.994+02:00, 0.285E-02, 471.13330, 0.91156E+05
  144600,2026-09-22T18:19:56.795+02:00, 0.264E-02, 471.41747, 0.91295E+05
  144700,2026-09-22T18:20:08.553+02:00, 0.295E-02, 471.70936, 0.91434E+05
  144800,2026-09-22T18:20:20.550+02:00, 0.289E-02, 471.99996, 0.91574E+05
  144900,2026-09-22T18:20:32.442+02:00, 0.307E-02, 472.28698, 0.91713E+05
  145000,2026-09-22T18:20:44.628+02:00, 0.271E-02, 472.58035, 0.91856E+05
  145100,2026-09-22T18:20:55.967+02:00, 0.295E-02, 472.87756, 0.91991E+05
  145200,2026-09-22T18:21:07.883+02:00, 0.307E-02, 473.17070, 0.92130E+05
  145300,2026-09-22T18:21:19.810+02:00, 0.308E-02, 473.46972, 0.92270E+05
  145400,2026-09-22T18:21:31.663+02:00, 0.295E-02, 473.76292, 0.92409E+05
  145500,2026-09-22T18:21:43.438+02:00, 0.322E-02, 474.05030, 0.92548E+05
  145600,2026-09-22T18:21:54.864+02:00, 0.261E-02, 474.35265, 0.92683E+05
  145700,2026-09-22T18:22:06.731+02:00, 0.292E-02, 474.63434, 0.92822E+05
  145800,2026-09-22T18:22:18.159+02:00, 0.305E-02, 474.93046, 0.92957E+05
  145900,2026-09-22T18:22:29.602+02:00, 0.283E-02, 475.22007, 0.93092E+05
  146000,2026-09-22T18:22:40.968+02:00, 0.280E-02, 475.52170, 0.93226E+05
  146100,2026-09-22T18:22:52.789+02:00, 0.295E-02, 475.81433, 0.93364E+05
  146200,2026-09-22T18:23:04.913+02:00, 0.313E-02, 476.10936, 0.93505E+05
  146300,2026-09-22T18:23:16.286+02:00, 0.278E-02, 476.40245, 0.93640E+05
  146400,2026-09-22T18:23:28.054+02:00, 0.275E-02, 476.69760, 0.93779E+05
  146500,2026-09-22T18:23:39.534+02:00, 0.287E-02, 476.98300, 0.93915E+05
  146600,2026-09-22T18:23:51.557+02:00, 0.279E-02, 477.28295, 0.94054E+05
  146700,2026-09-22T18:24:02.980+02:00, 0.288E-02, 477.58270, 0.94189E+05
  146800,2026-09-22T18:24:13.877+02:00, 0.317E-02, 477.89514, 0.94319E+05
  146900,2026-09-22T18:24:25.159+02:00, 0.281E-02, 478.20731, 0.94451E+05
  147000,2026-09-22T18:24:37.002+02:00, 0.325E-02, 478.50756, 0.94590E+05
  147100,2026-09-22T18:24:48.414+02:00, 0.289E-02, 478.81215, 0.94724E+05
  147200,2026-09-22T18:25:00.181+02:00, 0.297E-02, 479.12073, 0.94858E+05
  147300,2026-09-22T18:25:11.755+02:00, 0.305E-02, 479.41430, 0.94994E+05
  147400,2026-09-22T18:25:23.566+02:00, 0.317E-02, 479.70940, 0.95132E+05
  147500,2026-09-22T18:25:35.188+02:00, 0.312E-02, 480.01865, 0.95265E+05
  147600,2026-09-22T18:25:46.126+02:00, 0.303E-02, 480.32512, 0.95393E+05
  147700,2026-09-22T18:25:57.450+02:00, 0.299E-02, 480.63038, 0.95525E+05
  147800,2026-09-22T18:26:08.461+02:00, 0.303E-02, 480.93075, 0.95655E+05
  147900,2026-09-22T18:26:19.868+02:00, 0.297E-02, 481.22649, 0.95790E+05
  148000,2026-09-22T18:26:31.439+02:00, 0.295E-02, 481.52183, 0.95927E+05
  148100,2026-09-22T18:26:43.158+02:00, 0.255E-02, 481.80671, 0.96065E+05
  148200,2026-09-22T18:26:54.555+02:00, 0.335E-02, 482.10590, 0.96199E+05
  148300,2026-09-22T18:27:05.836+02:00, 0.295E-02, 482.39943, 0.96332E+05
  148400,2026-09-22T18:27:17.700+02:00, 0.320E-02, 482.70148, 0.96470E+05
  148500,2026-09-22T18:27:29.619+02:00, 0.304E-02, 483.00213, 0.96610E+05
  148600,2026-09-22T18:27:41.438+02:00, 0.263E-02, 483.29491, 0.96749E+05
  148700,2026-09-22T18:27:53.205+02:00, 0.302E-02, 483.58942, 0.96887E+05
  148800,2026-09-22T18:28:04.727+02:00, 0.305E-02, 483.87953, 0.97023E+05
  148900,2026-09-22T18:28:16.566+02:00, 0.273E-02, 484.17225, 0.97162E+05
  149000,2026-09-22T18:28:29.324+02:00, 0.309E-02, 484.46327, 0.97307E+05
  149100,2026-09-22T18:28:41.861+02:00, 0.300E-02, 484.74078, 0.97452E+05
  149200,2026-09-22T18:28:54.117+02:00, 0.303E-02, 485.03168, 0.97597E+05
  149300,2026-09-22T18:29:06.333+02:00, 0.298E-02, 485.32355, 0.97741E+05
  149400,2026-09-22T18:29:18.362+02:00, 0.279E-02, 485.62842, 0.97882E+05
  149500,2026-09-22T18:29:29.913+02:00, 0.316E-02, 485.91342, 0.98018E+05
  149600,2026-09-22T18:29:41.418+02:00, 0.295E-02, 486.20914, 0.98154E+05
  149700,2026-09-22T18:29:53.016+02:00, 0.286E-02, 486.51474, 0.98289E+05
  149800,2026-09-22T18:30:04.761+02:00, 0.268E-02, 486.80313, 0.98426E+05
  149900,2026-09-22T18:30:16.222+02:00, 0.300E-02, 487.10128, 0.98562E+05
  150000,2026-09-22T18:30:27.943+02:00, 0.281E-02, 487.40044, 0.98701E+05
  150100,2026-09-22T18:30:39.599+02:00, 0.274E-02, 487.68951, 0.98837E+05
  150200,2026-09-22T18:30:51.500+02:00, 0.296E-02, 487.97345, 0.98977E+05
  150300,2026-09-22T18:31:03.384+02:00, 0.312E-02, 488.26438, 0.99115E+05
  150400,2026-09-22T18:31:14.791+02:00, 0.296E-02, 488.55783, 0.99250E+05
  150500,2026-09-22T18:31:25.898+02:00, 0.312E-02, 488.86526, 0.99381E+05
  150600,2026-09-22T18:31:37.244+02:00, 0.327E-02, 489.16458, 0.99515E+05
  150700,2026-09-22T18:31:48.876+02:00, 0.312E-02, 489.47620, 0.99651E+05
  150800,2026-09-22T18:32:00.452+02:00, 0.305E-02, 489.78599, 0.99788E+05
  150900,2026-09-22T18:32:11.884+02:00, 0.306E-02, 490.08227, 0.99923E+05
  151000,2026-09-22T18:32:23.609+02:00, 0.300E-02, 490.37995, 0.10006E+06
  151100,2026-09-22T18:32:35.091+02:00, 0.322E-02, 490.67732, 0.10019E+06
  151200,2026-09-22T18:32:46.990+02:00, 0.261E-02, 490.97552, 0.10033E+06
  151300,2026-09-22T18:32:58.500+02:00, 0.276E-02, 491.25913, 0.10047E+06
  151400,2026-09-22T18:33:09.874+02:00, 0.300E-02, 491.55310, 0.10060E+06
  151500,2026-09-22T18:33:21.066+02:00, 0.312E-02, 491.85579, 0.10073E+06
  151600,2026-09-22T18:33:31.985+02:00, 0.308E-02, 492.16144, 0.10086E+06
  151700,2026-09-22T18:33:43.086+02:00, 0.288E-02, 492.47006, 0.10099E+06
  151800,2026-09-22T18:33:54.597+02:00, 0.322E-02, 492.77576, 0.10113E+06
  151900,2026-09-22T18:34:05.988+02:00, 0.305E-02, 493.07975, 0.10126E+06
  152000,2026-09-22T18:34:17.207+02:00, 0.302E-02, 493.38012, 0.10139E+06
  152100,2026-09-22T18:34:28.613+02:00, 0.267E-02, 493.68635, 0.10153E+06
  152200,2026-09-22T18:34:39.637+02:00, 0.323E-02, 493.98018, 0.10165E+06
  152300,2026-09-22T18:34:50.501+02:00, 0.316E-02, 494.29411, 0.10178E+06
  152400,2026-09-22T18:35:02.319+02:00, 0.299E-02, 494.59446, 0.10192E+06
  152500,2026-09-22T18:35:13.486+02:00, 0.279E-02, 494.89150, 0.10205E+06
  152600,2026-09-22T18:35:25.174+02:00, 0.313E-02, 495.19818, 0.10218E+06
  152700,2026-09-22T18:35:36.531+02:00, 0.313E-02, 495.50607, 0.10232E+06
  152800,2026-09-22T18:35:47.915+02:00, 0.299E-02, 495.81006, 0.10245E+06
  152900,2026-09-22T18:35:58.974+02:00, 0.306E-02, 496.10307, 0.10258E+06
  153000,2026-09-22T18:36:11.025+02:00, 0.285E-02, 496.40014, 0.10272E+06
  153100,2026-09-22T18:36:22.574+02:00, 0.309E-02, 496.70233, 0.10286E+06
  153200,2026-09-22T18:36:34.136+02:00, 0.299E-02, 496.99931, 0.10300E+06
  153300,2026-09-22T18:36:45.574+02:00, 0.325E-02, 497.29389, 0.10313E+06
  153400,2026-09-22T18:36:56.792+02:00, 0.301E-02, 497.59902, 0.10326E+06
  153500,2026-09-22T18:37:08.631+02:00, 0.312E-02, 497.88763, 0.10340E+06
  153600,2026-09-22T18:37:20.517+02:00, 0.272E-02, 498.18189, 0.10354E+06
  153700,2026-09-22T18:37:32.000+02:00, 0.294E-02, 498.48363, 0.10367E+06
  153800,2026-09-22T18:37:43.102+02:00, 0.305E-02, 498.77973, 0.10380E+06
  153900,2026-09-22T18:37:53.785+02:00, 0.285E-02, 499.07206, 0.10393E+06
  154000,2026-09-22T18:38:04.888+02:00, 0.267E-02, 499.35731, 0.10406E+06
  154100,2026-09-22T18:38:16.618+02:00, 0.254E-02, 499.64374, 0.10420E+06
  154200,2026-09-22T18:38:28.515+02:00, 0.290E-02, 499.93293, 0.10434E+06
  154300,2026-09-22T18:38:40.238+02:00, 0.299E-02, 500.21702, 0.10448E+06
  154400,2026-09-22T18:38:52.145+02:00, 0.292E-02, 500.51888, 0.10461E+06
  154500,2026-09-22T18:39:03.222+02:00, 0.286E-02, 500.80894, 0.10475E+06
  154600,2026-09-22T18:39:14.796+02:00, 0.314E-02, 501.10149, 0.10488E+06
  154700,2026-09-22T18:39:25.964+02:00, 0.307E-02, 501.40866, 0.10501E+06
  154800,2026-09-22T18:39:37.596+02:00, 0.320E-02, 501.71527, 0.10515E+06
  154900,2026-09-22T18:39:48.878+02:00, 0.293E-02, 502.01504, 0.10528E+06
  155000,2026-09-22T18:40:00.672+02:00, 0.288E-02, 502.31593, 0.10542E+06
  155100,2026-09-22T18:40:12.178+02:00, 0.280E-02, 502.60625, 0.10556E+06
  155200,2026-09-22T18:40:23.293+02:00, 0.324E-02, 502.91286, 0.10569E+06
  155300,2026-09-22T18:40:34.096+02:00, 0.289E-02, 503.22055, 0.10581E+06
  155400,2026-09-22T18:40:44.814+02:00, 0.285E-02, 503.53158, 0.10594E+06
  155500,2026-09-22T18:40:56.393+02:00, 0.307E-02, 503.83704, 0.10608E+06
  155600,2026-09-22T18:41:07.516+02:00, 0.271E-02, 504.13345, 0.10621E+06
  155700,2026-09-22T18:41:18.632+02:00, 0.316E-02, 504.43435, 0.10634E+06
  155800,2026-09-22T18:41:29.558+02:00, 0.284E-02, 504.73444, 0.10647E+06
  155900,2026-09-22T18:41:40.434+02:00, 0.313E-02, 505.03880, 0.10659E+06
  156000,2026-09-22T18:41:51.637+02:00, 0.308E-02, 505.34230, 0.10672E+06
  156100,2026-09-22T18:42:02.619+02:00, 0.319E-02, 505.65323, 0.10685E+06
  156200,2026-09-22T18:42:13.706+02:00, 0.271E-02, 505.95763, 0.10698E+06
  156300,2026-09-22T18:42:25.224+02:00, 0.298E-02, 506.25465, 0.10712E+06
  156400,2026-09-22T18:42:36.225+02:00, 0.328E-02, 506.56615, 0.10725E+06
  156500,2026-09-22T18:42:47.519+02:00, 0.269E-02, 506.86824, 0.10738E+06
  156600,2026-09-22T18:42:58.565+02:00, 0.296E-02, 507.16355, 0.10751E+06
  156700,2026-09-22T18:43:09.679+02:00, 0.301E-02, 507.46858, 0.10764E+06
  156800,2026-09-22T18:43:20.414+02:00, 0.267E-02, 507.76406, 0.10777E+06
  156900,2026-09-22T18:43:31.187+02:00, 0.307E-02, 508.06295, 0.10790E+06
  157000,2026-09-22T18:43:42.325+02:00, 0.318E-02, 508.37431, 0.10803E+06
  157100,2026-09-22T18:43:53.567+02:00, 0.308E-02, 508.67769, 0.10816E+06
  157200,2026-09-22T18:44:04.720+02:00, 0.277E-02, 508.98119, 0.10829E+06
  157300,2026-09-22T18:44:16.102+02:00, 0.323E-02, 509.29289, 0.10842E+06
  157400,2026-09-22T18:44:27.167+02:00, 0.274E-02, 509.59784, 0.10855E+06
  157500,2026-09-22T18:44:38.131+02:00, 0.285E-02, 509.90607, 0.10868E+06
  157600,2026-09-22T18:44:49.397+02:00, 0.292E-02, 510.20103, 0.10881E+06
  157700,2026-09-22T18:45:01.187+02:00, 0.283E-02, 510.50172, 0.10895E+06
  157800,2026-09-22T18:45:12.678+02:00, 0.323E-02, 510.80350, 0.10908E+06
  157900,2026-09-22T18:45:24.342+02:00, 0.336E-02, 511.11469, 0.10921E+06
  158000,2026-09-22T18:45:35.774+02:00, 0.322E-02, 511.42145, 0.10935E+06
  158100,2026-09-22T18:45:47.228+02:00, 0.317E-02, 511.73474, 0.10948E+06
  158200,2026-09-22T18:45:58.429+02:00, 0.307E-02, 512.04171, 0.10961E+06
  158300,2026-09-22T18:46:09.905+02:00, 0.314E-02, 512.35032, 0.10975E+06
  158400,2026-09-22T18:46:21.436+02:00, 0.283E-02, 512.64476, 0.10988E+06
  158500,2026-09-22T18:46:32.677+02:00, 0.319E-02, 512.94398, 0.11001E+06
  158600,2026-09-22T18:46:43.409+02:00, 0.268E-02, 513.24455, 0.11014E+06
  158700,2026-09-22T18:46:54.705+02:00, 0.290E-02, 513.54689, 0.11028E+06
  158800,2026-09-22T18:47:05.439+02:00, 0.312E-02, 513.85525, 0.11040E+06
  158900,2026-09-22T18:47:16.541+02:00, 0.306E-02, 514.14494, 0.11053E+06
  159000,2026-09-22T18:47:27.583+02:00, 0.280E-02, 514.44537, 0.11066E+06
  159100,2026-09-22T18:47:38.593+02:00, 0.303E-02, 514.74526, 0.11079E+06
  159200,2026-09-22T18:47:49.766+02:00, 0.321E-02, 515.05830, 0.11092E+06
  159300,2026-09-22T18:48:00.928+02:00, 0.319E-02, 515.36210, 0.11106E+06
  159400,2026-09-22T18:48:11.979+02:00, 0.312E-02, 515.66100, 0.11119E+06
  159500,2026-09-22T18:48:23.057+02:00, 0.302E-02, 515.96305, 0.11132E+06
  159600,2026-09-22T18:48:34.190+02:00, 0.272E-02, 516.26026, 0.11145E+06
  159700,2026-09-22T18:48:45.270+02:00, 0.291E-02, 516.55172, 0.11158E+06
  159800,2026-09-22T18:48:56.280+02:00, 0.316E-02, 516.84520, 0.11171E+06
  159900,2026-09-22T18:49:07.517+02:00, 0.301E-02, 517.14721, 0.11184E+06
  160000,2026-09-22T18:49:18.861+02:00, 0.301E-02, 517.44846, 0.11197E+06
  160100,2026-09-22T18:49:30.047+02:00, 0.328E-02, 517.76231, 0.11211E+06
  160200,2026-09-22T18:49:41.152+02:00, 0.304E-02, 518.06894, 0.11224E+06
  160300,2026-09-22T18:49:52.092+02:00, 0.292E-02, 518.36261, 0.11237E+06
  160400,2026-09-22T18:50:03.017+02:00, 0.331E-02, 518.67215, 0.11249E+06
  160500,2026-09-22T18:50:14.175+02:00, 0.304E-02, 518.97858, 0.11262E+06
  160600,2026-09-22T18:50:25.366+02:00, 0.334E-02, 519.29218, 0.11276E+06
  160700,2026-09-22T18:50:36.701+02:00, 0.322E-02, 519.61834, 0.11289E+06
  160800,2026-09-22T18:50:48.313+02:00, 0.298E-02, 519.91412, 0.11302E+06
  160900,2026-09-22T18:50:59.635+02:00, 0.295E-02, 520.20857, 0.11316E+06
  161000,2026-09-22T18:51:10.666+02:00, 0.312E-02, 520.51614, 0.11329E+06
  161100,2026-09-22T18:51:21.781+02:00, 0.312E-02, 520.81588, 0.11342E+06
  161200,2026-09-22T18:51:33.137+02:00, 0.318E-02, 521.13159, 0.11355E+06
  161300,2026-09-22T18:51:44.050+02:00, 0.304E-02, 521.43233, 0.11368E+06
  161400,2026-09-22T18:51:55.002+02:00, 0.270E-02, 521.72689, 0.11381E+06
  161500,2026-09-22T18:52:05.961+02:00, 0.290E-02, 522.02666, 0.11394E+06
  161600,2026-09-22T18:52:16.709+02:00, 0.287E-02, 522.31073, 0.11407E+06
  161700,2026-09-22T18:52:27.962+02:00, 0.302E-02, 522.60948, 0.11420E+06
  161800,2026-09-22T18:52:39.144+02:00, 0.297E-02, 522.92143, 0.11433E+06
  161900,2026-09-22T18:52:50.241+02:00, 0.314E-02, 523.22122, 0.11446E+06
  162000,2026-09-22T18:53:01.829+02:00, 0.309E-02, 523.52745, 0.11460E+06
  162100,2026-09-22T18:53:13.157+02:00, 0.302E-02, 523.81893, 0.11473E+06
  162200,2026-09-22T18:53:23.920+02:00, 0.328E-02, 524.12847, 0.11486E+06
  162300,2026-09-22T18:53:35.323+02:00, 0.295E-02, 524.42508, 0.11499E+06
  162400,2026-09-22T18:53:46.847+02:00, 0.295E-02, 524.72004, 0.11513E+06
  162500,2026-09-22T18:53:58.308+02:00, 0.295E-02, 525.01499, 0.11526E+06
  162600,2026-09-22T18:54:09.048+02:00, 0.295E-02, 525.30995, 0.11539E+06
  162700,2026-09-22T18:54:20.716+02:00, 0.270E-02, 525.61470, 0.11552E+06
  162800,2026-09-22T18:54:32.977+02:00, 0.304E-02, 525.90312, 0.11567E+06
  162900,2026-09-22T18:54:44.727+02:00, 0.295E-02, 526.20571, 0.11580E+06
  163000,2026-09-22T18:54:56.748+02:00, 0.324E-02, 526.52988, 0.11594E+06
  163100,2026-09-22T18:55:08.531+02:00, 0.289E-02, 526.83061, 0.11608E+06
  163200,2026-09-22T18:55:20.471+02:00, 0.260E-02, 527.13461, 0.11622E+06
  163300,2026-09-22T18:55:31.908+02:00, 0.277E-02, 527.41880, 0.11635E+06
  163400,2026-09-22T18:55:42.769+02:00, 0.286E-02, 527.71056, 0.11648E+06
  163500,2026-09-22T18:55:53.680+02:00, 0.267E-02, 528.01128, 0.11661E+06
  163600,2026-09-22T18:56:04.885+02:00, 0.323E-02, 528.32392, 0.11674E+06
  163700,2026-09-22T18:56:16.307+02:00, 0.275E-02, 528.62562, 0.11688E+06
  163800,2026-09-22T18:56:27.573+02:00, 0.284E-02, 528.92088, 0.11701E+06
  163900,2026-09-22T18:56:39.349+02:00, 0.306E-02, 529.22566, 0.11715E+06
  164000,2026-09-22T18:56:50.221+02:00, 0.279E-02, 529.51756, 0.11727E+06
  164100,2026-09-22T18:57:01.118+02:00, 0.306E-02, 529.81986, 0.11740E+06
  164200,2026-09-22T18:57:12.442+02:00, 0.267E-02, 530.11568, 0.11754E+06
  164300,2026-09-22T18:57:24.462+02:00, 0.299E-02, 530.40859, 0.11768E+06
  164400,2026-09-22T18:57:35.580+02:00, 0.291E-02, 530.69719, 0.11781E+06
  164500,2026-09-22T18:57:46.678+02:00, 0.291E-02, 530.98813, 0.11794E+06
  164600,2026-09-22T18:57:57.745+02:00, 0.277E-02, 531.29004, 0.11807E+06
  164700,2026-09-22T18:58:09.161+02:00, 0.304E-02, 531.59445, 0.11820E+06
  164800,2026-09-22T18:58:20.068+02:00, 0.304E-02, 531.89886, 0.11833E+06
  164900,2026-09-22T18:58:31.601+02:00, 0.306E-02, 532.19723, 0.11847E+06
  165000,2026-09-22T18:58:43.503+02:00, 0.306E-02, 532.49983, 0.11861E+06
  165100,2026-09-22T18:58:54.972+02:00, 0.316E-02, 532.80090, 0.11874E+06
  165200,2026-09-22T18:59:06.313+02:00, 0.316E-02, 533.11648, 0.11887E+06
  165300,2026-09-22T18:59:17.680+02:00, 0.299E-02, 533.41237, 0.11901E+06
  165400,2026-09-22T18:59:28.839+02:00, 0.252E-02, 533.72510, 0.11914E+06
  165500,2026-09-22T18:59:40.229+02:00, 0.328E-02, 534.02373, 0.11927E+06
  165600,2026-09-22T18:59:51.555+02:00, 0.299E-02, 534.34366, 0.11941E+06
  165700,2026-09-22T19:00:02.879+02:00, 0.294E-02, 534.64765, 0.11954E+06
  165800,2026-09-22T19:00:14.060+02:00, 0.291E-02, 534.96735, 0.11967E+06
  165900,2026-09-22T19:00:25.484+02:00, 0.301E-02, 535.26351, 0.11981E+06
  166000,2026-09-22T19:00:37.053+02:00, 0.311E-02, 535.55306, 0.11994E+06
  166100,2026-09-22T19:00:48.376+02:00, 0.290E-02, 535.84077, 0.12008E+06
  166200,2026-09-22T19:00:59.410+02:00, 0.319E-02, 536.13208, 0.12021E+06
  166300,2026-09-22T19:01:11.013+02:00, 0.311E-02, 536.42393, 0.12034E+06
  166400,2026-09-22T19:01:22.727+02:00, 0.266E-02, 536.71894, 0.12048E+06
  166500,2026-09-22T19:01:34.730+02:00, 0.301E-02, 537.01373, 0.12062E+06
  166600,2026-09-22T19:01:45.892+02:00, 0.284E-02, 537.30755, 0.12075E+06
  166700,2026-09-22T19:01:57.324+02:00, 0.280E-02, 537.60014, 0.12089E+06
  166800,2026-09-22T19:02:09.107+02:00, 0.282E-02, 537.88474, 0.12103E+06
  166900,2026-09-22T19:02:20.907+02:00, 0.323E-02, 538.17043, 0.12117E+06
  167000,2026-09-22T19:02:32.620+02:00, 0.310E-02, 538.47131, 0.12130E+06
  167100,2026-09-22T19:02:44.853+02:00, 0.290E-02, 538.76926, 0.12145E+06
  167200,2026-09-22T19:02:56.192+02:00, 0.296E-02, 539.06244, 0.12158E+06
  167300,2026-09-22T19:03:07.565+02:00, 0.292E-02, 539.34962, 0.12171E+06
  167400,2026-09-22T19:03:19.476+02:00, 0.296E-02, 539.63895, 0.12185E+06
  167500,2026-09-22T19:03:31.020+02:00, 0.295E-02, 539.92391, 0.12199E+06
  167600,2026-09-22T19:03:42.799+02:00, 0.291E-02, 540.21258, 0.12213E+06
  167700,2026-09-22T19:03:54.034+02:00, 0.301E-02, 540.50955, 0.12226E+06
  167800,2026-09-22T19:04:05.253+02:00, 0.306E-02, 540.80221, 0.12239E+06
  167900,2026-09-22T19:04:16.722+02:00, 0.278E-02, 541.09632, 0.12253E+06
  168000,2026-09-22T19:04:28.860+02:00, 0.289E-02, 541.38866, 0.12267E+06
  168100,2026-09-22T19:04:40.430+02:00, 0.282E-02, 541.67699, 0.12280E+06
  168200,2026-09-22T19:04:52.504+02:00, 0.264E-02, 541.96143, 0.12294E+06
  168300,2026-09-22T19:05:04.092+02:00, 0.320E-02, 542.25624, 0.12308E+06
  168400,2026-09-22T19:05:15.783+02:00, 0.257E-02, 542.54283, 0.12321E+06
  168500,2026-09-22T19:05:27.644+02:00, 0.286E-02, 542.83262, 0.12335E+06
  168600,2026-09-22T19:05:39.332+02:00, 0.294E-02, 543.11971, 0.12349E+06
  168700,2026-09-22T19:05:50.883+02:00, 0.285E-02, 543.42235, 0.12362E+06
  168800,2026-09-22T19:06:02.250+02:00, 0.304E-02, 543.72428, 0.12376E+06
  168900,2026-09-22T19:06:14.128+02:00, 0.288E-02, 544.03855, 0.12390E+06
  169000,2026-09-22T19:06:25.168+02:00, 0.313E-02, 544.33986, 0.12403E+06
  169100,2026-09-22T19:06:36.373+02:00, 0.295E-02, 544.62663, 0.12416E+06
  169200,2026-09-22T19:06:47.915+02:00, 0.307E-02, 544.92276, 0.12430E+06
  169300,2026-09-22T19:06:58.937+02:00, 0.317E-02, 545.22835, 0.12443E+06
  169400,2026-09-22T19:07:10.594+02:00, 0.275E-02, 545.53640, 0.12456E+06
  169500,2026-09-22T19:07:21.853+02:00, 0.302E-02, 545.83617, 0.12469E+06
  169600,2026-09-22T19:07:32.896+02:00, 0.271E-02, 546.14015, 0.12483E+06
  169700,2026-09-22T19:07:44.041+02:00, 0.298E-02, 546.43668, 0.12496E+06
  169800,2026-09-22T19:07:55.035+02:00, 0.298E-02, 546.73510, 0.12509E+06
  169900,2026-09-22T19:08:05.939+02:00, 0.318E-02, 547.03411, 0.12522E+06
  170000,2026-09-22T19:08:16.267+02:00, 0.275E-02, 547.33504, 0.12534E+06
  170100,2026-09-22T19:08:27.527+02:00, 0.311E-02, 547.63062, 0.12547E+06
  170200,2026-09-22T19:08:38.700+02:00, 0.266E-02, 547.92365, 0.12560E+06
  170300,2026-09-22T19:08:49.435+02:00, 0.287E-02, 548.22085, 0.12573E+06
  170400,2026-09-22T19:09:00.841+02:00, 0.266E-02, 548.52977, 0.12586E+06
  170500,2026-09-22T19:09:11.834+02:00, 0.322E-02, 548.82934, 0.12599E+06
  170600,2026-09-22T19:09:23.192+02:00, 0.274E-02, 549.14319, 0.12613E+06
  170700,2026-09-22T19:09:34.128+02:00, 0.274E-02, 549.42550, 0.12626E+06
  170800,2026-09-22T19:09:45.520+02:00, 0.268E-02, 549.70326, 0.12639E+06
  170900,2026-09-22T19:09:56.679+02:00, 0.316E-02, 550.00698, 0.12652E+06
  171000,2026-09-22T19:10:07.793+02:00, 0.311E-02, 550.30615, 0.12665E+06
  171100,2026-09-22T19:10:19.236+02:00, 0.311E-02, 550.61676, 0.12679E+06
  171200,2026-09-22T19:10:30.127+02:00, 0.301E-02, 550.91854, 0.12692E+06
  171300,2026-09-22T19:10:40.822+02:00, 0.319E-02, 551.23087, 0.12704E+06
  171400,2026-09-22T19:10:51.804+02:00, 0.305E-02, 551.53590, 0.12717E+06
  171500,2026-09-22T19:11:02.843+02:00, 0.305E-02, 551.84047, 0.12730E+06
  171600,2026-09-22T19:11:13.949+02:00, 0.300E-02, 552.15161, 0.12743E+06
  171700,2026-09-22T19:11:25.265+02:00, 0.320E-02, 552.45751, 0.12756E+06
  171800,2026-09-22T19:11:36.445+02:00, 0.316E-02, 552.76747, 0.12770E+06
  171900,2026-09-22T19:11:47.291+02:00, 0.299E-02, 553.06948, 0.12782E+06
  172000,2026-09-22T19:11:57.992+02:00, 0.299E-02, 553.36810, 0.12795E+06
  172100,2026-09-22T19:12:09.231+02:00, 0.328E-02, 553.66701, 0.12808E+06
  172200,2026-09-22T19:12:20.300+02:00, 0.308E-02, 553.97212, 0.12821E+06
  172300,2026-09-22T19:12:31.361+02:00, 0.308E-02, 554.28005, 0.12834E+06
  172400,2026-09-22T19:12:42.733+02:00, 0.305E-02, 554.57512, 0.12848E+06
  172500,2026-09-22T19:12:53.872+02:00, 0.300E-02, 554.87717, 0.12861E+06
  172600,2026-09-22T19:13:05.265+02:00, 0.300E-02, 555.17757, 0.12874E+06
  172700,2026-09-22T19:13:16.947+02:00, 0.306E-02, 555.47564, 0.12888E+06
  172800,2026-09-22T19:13:29.011+02:00, 0.291E-02, 555.75536, 0.12902E+06
  172900,2026-09-22T19:13:40.893+02:00, 0.298E-02, 556.05008, 0.12916E+06
  173000,2026-09-22T19:13:52.992+02:00, 0.294E-02, 556.33532, 0.12930E+06
  173100,2026-09-22T19:14:04.665+02:00, 0.293E-02, 556.62504, 0.12944E+06
  173200,2026-09-22T19:14:16.710+02:00, 0.310E-02, 556.90877, 0.12958E+06
  173300,2026-09-22T19:14:28.498+02:00, 0.316E-02, 557.19682, 0.12972E+06
  173400,2026-09-22T19:14:39.671+02:00, 0.300E-02, 557.48745, 0.12985E+06
  173500,2026-09-22T19:14:51.280+02:00, 0.292E-02, 557.76773, 0.12999E+06
  173600,2026-09-22T19:15:03.303+02:00, 0.308E-02, 558.06933, 0.13012E+06
  173700,2026-09-22T19:15:14.592+02:00, 0.258E-02, 558.35407, 0.13026E+06
  173800,2026-09-22T19:15:25.552+02:00, 0.325E-02, 558.64566, 0.13039E+06
  173900,2026-09-22T19:15:36.961+02:00, 0.301E-02, 558.93654, 0.13052E+06
  174000,2026-09-22T19:15:48.533+02:00, 0.284E-02, 559.23775, 0.13066E+06
  174100,2026-09-22T19:16:00.236+02:00, 0.300E-02, 559.53529, 0.13079E+06
  174200,2026-09-22T19:16:12.010+02:00, 0.285E-02, 559.82480, 0.13093E+06
  174300,2026-09-22T19:16:23.519+02:00, 0.306E-02, 560.11172, 0.13107E+06
  174400,2026-09-22T19:16:35.053+02:00, 0.264E-02, 560.40003, 0.13120E+06
  174500,2026-09-22T19:16:46.335+02:00, 0.292E-02, 560.68903, 0.13134E+06
  174600,2026-09-22T19:16:58.356+02:00, 0.292E-02, 560.98102, 0.13148E+06
  174700,2026-09-22T19:17:09.681+02:00, 0.293E-02, 561.26267, 0.13161E+06
  174800,2026-09-22T19:17:21.022+02:00, 0.281E-02, 561.55203, 0.13174E+06
  174900,2026-09-22T19:17:32.919+02:00, 0.310E-02, 561.86014, 0.13188E+06
  175000,2026-09-22T19:17:44.713+02:00, 0.296E-02, 562.15350, 0.13202E+06
  175100,2026-09-22T19:17:56.226+02:00, 0.300E-02, 562.43609, 0.13216E+06
  175200,2026-09-22T19:18:07.557+02:00, 0.295E-02, 562.73146, 0.13229E+06
  175300,2026-09-22T19:18:19.399+02:00, 0.253E-02, 563.01418, 0.13243E+06
  175400,2026-09-22T19:18:31.143+02:00, 0.303E-02, 563.30230, 0.13257E+06
  175500,2026-09-22T19:18:42.268+02:00, 0.296E-02, 563.59634, 0.13270E+06
  175600,2026-09-22T19:18:53.465+02:00, 0.289E-02, 563.88821, 0.13283E+06
  175700,2026-09-22T19:19:04.920+02:00, 0.260E-02, 564.17581, 0.13297E+06
  175800,2026-09-22T19:19:16.743+02:00, 0.303E-02, 564.46705, 0.13311E+06
  175900,2026-09-22T19:19:28.392+02:00, 0.283E-02, 564.75656, 0.13324E+06
  176000,2026-09-22T19:19:40.252+02:00, 0.292E-02, 565.04149, 0.13338E+06
  176100,2026-09-22T19:19:52.121+02:00, 0.286E-02, 565.34193, 0.13352E+06
  176200,2026-09-22T19:20:03.853+02:00, 0.301E-02, 565.63472, 0.13366E+06
  176300,2026-09-22T19:20:15.239+02:00, 0.318E-02, 565.92811, 0.13379E+06
  176400,2026-09-22T19:20:26.671+02:00, 0.260E-02, 566.22478, 0.13393E+06
  176500,2026-09-22T19:20:38.427+02:00, 0.296E-02, 566.51766, 0.13407E+06
  176600,2026-09-22T19:20:50.006+02:00, 0.293E-02, 566.80400, 0.13420E+06
  176700,2026-09-22T19:21:02.270+02:00, 0.284E-02, 567.08590, 0.13435E+06
  176800,2026-09-22T19:21:14.131+02:00, 0.305E-02, 567.37460, 0.13448E+06
  176900,2026-09-22T19:21:25.979+02:00, 0.295E-02, 567.66949, 0.13462E+06
  177000,2026-09-22T19:21:37.716+02:00, 0.321E-02, 567.97031, 0.13476E+06
  177100,2026-09-22T19:21:48.934+02:00, 0.314E-02, 568.26048, 0.13489E+06
  177200,2026-09-22T19:22:00.317+02:00, 0.310E-02, 568.56865, 0.13503E+06
  177300,2026-09-22T19:22:11.613+02:00, 0.287E-02, 568.87131, 0.13516E+06
  177400,2026-09-22T19:22:22.923+02:00, 0.310E-02, 569.17097, 0.13529E+06
  177500,2026-09-22T19:22:34.095+02:00, 0.275E-02, 569.46679, 0.13542E+06
  177600,2026-09-22T19:22:44.648+02:00, 0.303E-02, 569.76955, 0.13555E+06
  177700,2026-09-22T19:22:55.989+02:00, 0.303E-02, 570.07231, 0.13568E+06
  177800,2026-09-22T19:23:07.248+02:00, 0.291E-02, 570.36761, 0.13582E+06
  177900,2026-09-22T19:23:18.393+02:00, 0.313E-02, 570.66590, 0.13595E+06
  178000,2026-09-22T19:23:30.048+02:00, 0.301E-02, 570.96874, 0.13608E+06
  178100,2026-09-22T19:23:41.721+02:00, 0.286E-02, 571.27256, 0.13622E+06
  178200,2026-09-22T19:23:53.024+02:00, 0.303E-02, 571.57377, 0.13635E+06
  178300,2026-09-22T19:24:03.806+02:00, 0.291E-02, 571.87485, 0.13648E+06
  178400,2026-09-22T19:24:15.062+02:00, 0.289E-02, 572.18189, 0.13661E+06
  178500,2026-09-22T19:24:26.413+02:00, 0.281E-02, 572.49067, 0.13674E+06
  178600,2026-09-22T19:24:37.376+02:00, 0.322E-02, 572.78876, 0.13687E+06
  178700,2026-09-22T19:24:48.209+02:00, 0.316E-02, 573.10122, 0.13700E+06
  178800,2026-09-22T19:25:00.253+02:00, 0.299E-02, 573.39653, 0.13714E+06
  178900,2026-09-22T19:25:11.283+02:00, 0.293E-02, 573.68943, 0.13727E+06
  179000,2026-09-22T19:25:22.651+02:00, 0.291E-02, 573.98118, 0.13740E+06
  179100,2026-09-22T19:25:33.751+02:00, 0.302E-02, 574.28137, 0.13753E+06
  179200,2026-09-22T19:25:45.164+02:00, 0.323E-02, 574.57618, 0.13766E+06
  179300,2026-09-22T19:25:56.478+02:00, 0.274E-02, 574.87578, 0.13780E+06
  179400,2026-09-22T19:26:08.069+02:00, 0.318E-02, 575.17041, 0.13793E+06
  179500,2026-09-22T19:26:19.571+02:00, 0.302E-02, 575.46424, 0.13807E+06
  179600,2026-09-22T19:26:31.508+02:00, 0.304E-02, 575.75914, 0.13821E+06
  179700,2026-09-22T19:26:42.948+02:00, 0.300E-02, 576.05846, 0.13834E+06
  179800,2026-09-22T19:26:54.181+02:00, 0.298E-02, 576.35412, 0.13847E+06
  179900,2026-09-22T19:27:05.920+02:00, 0.268E-02, 576.65423, 0.13861E+06
  180000,2026-09-22T19:27:17.866+02:00, 0.312E-02, 576.94488, 0.13875E+06
  180100,2026-09-22T19:27:30.173+02:00, 0.270E-02, 577.22739, 0.13890E+06
  180200,2026-09-22T19:27:42.041+02:00, 0.315E-02, 577.51601, 0.13904E+06
  180300,2026-09-22T19:27:53.880+02:00, 0.296E-02, 577.80665, 0.13918E+06
  180400,2026-09-22T19:28:05.554+02:00, 0.296E-02, 578.10273, 0.13931E+06
  180500,2026-09-22T19:28:17.041+02:00, 0.333E-02, 578.41289, 0.13945E+06
  180600,2026-09-22T19:28:28.543+02:00, 0.301E-02, 578.70902, 0.13958E+06
  180700,2026-09-22T19:28:40.336+02:00, 0.304E-02, 579.00647, 0.13972E+06
  180800,2026-09-22T19:28:51.130+02:00, 0.302E-02, 579.31063, 0.13985E+06
  180900,2026-09-22T19:29:02.255+02:00, 0.272E-02, 579.62076, 0.13998E+06
  181000,2026-09-22T19:29:13.483+02:00, 0.312E-02, 579.91854, 0.14011E+06
  181100,2026-09-22T19:29:24.904+02:00, 0.329E-02, 580.23221, 0.14025E+06
  181200,2026-09-22T19:29:36.216+02:00, 0.317E-02, 580.52413, 0.14038E+06
  181300,2026-09-22T19:29:47.719+02:00, 0.290E-02, 580.83763, 0.14052E+06
  181400,2026-09-22T19:29:59.643+02:00, 0.294E-02, 581.13873, 0.14065E+06
  181500,2026-09-22T19:30:11.202+02:00, 0.294E-02, 581.43229, 0.14079E+06
  181600,2026-09-22T19:30:22.231+02:00, 0.318E-02, 581.73112, 0.14092E+06
  181700,2026-09-22T19:30:33.179+02:00, 0.309E-02, 582.03609, 0.14105E+06
  181800,2026-09-22T19:30:44.137+02:00, 0.304E-02, 582.33930, 0.14118E+06
  181900,2026-09-22T19:30:55.449+02:00, 0.298E-02, 582.63341, 0.14131E+06
  182000,2026-09-22T19:31:06.733+02:00, 0.312E-02, 582.92976, 0.14144E+06
  182100,2026-09-22T19:31:17.951+02:00, 0.307E-02, 583.23660, 0.14157E+06
  182200,2026-09-22T19:31:29.590+02:00, 0.307E-02, 583.54405, 0.14171E+06
  182300,2026-09-22T19:31:41.100+02:00, 0.289E-02, 583.82552, 0.14184E+06
  182400,2026-09-22T19:31:52.522+02:00, 0.298E-02, 584.11436, 0.14198E+06
  182500,2026-09-22T19:32:03.901+02:00, 0.266E-02, 584.41250, 0.14211E+06
  182600,2026-09-22T19:32:14.928+02:00, 0.321E-02, 584.72414, 0.14224E+06
  182700,2026-09-22T19:32:25.786+02:00, 0.309E-02, 585.03123, 0.14237E+06
  182800,2026-09-22T19:32:36.717+02:00, 0.301E-02, 585.33147, 0.14250E+06
  182900,2026-09-22T19:32:47.689+02:00, 0.325E-02, 585.63849, 0.14263E+06
  183000,2026-09-22T19:32:59.035+02:00, 0.271E-02, 585.92774, 0.14276E+06
  183100,2026-09-22T19:33:10.251+02:00, 0.298E-02, 586.22450, 0.14289E+06
  183200,2026-09-22T19:33:21.230+02:00, 0.279E-02, 586.51356, 0.14302E+06
  183300,2026-09-22T19:33:32.607+02:00, 0.292E-02, 586.81697, 0.14316E+06
  183400,2026-09-22T19:33:43.876+02:00, 0.315E-02, 587.12518, 0.14329E+06
  183500,2026-09-22T19:33:55.052+02:00, 0.302E-02, 587.42200, 0.14342E+06
  183600,2026-09-22T19:34:05.790+02:00, 0.297E-02, 587.72050, 0.14355E+06
  183700,2026-09-22T19:34:16.634+02:00, 0.276E-02, 588.01109, 0.14367E+06
  183800,2026-09-22T19:34:27.455+02:00, 0.312E-02, 588.30284, 0.14380E+06
  183900,2026-09-22T19:34:38.487+02:00, 0.293E-02, 588.59683, 0.14393E+06
  184000,2026-09-22T19:34:49.251+02:00, 0.307E-02, 588.89455, 0.14406E+06
  184100,2026-09-22T19:35:00.399+02:00, 0.303E-02, 589.19446, 0.14419E+06
  184200,2026-09-22T19:35:11.530+02:00, 0.303E-02, 589.49715, 0.14432E+06
  184300,2026-09-22T19:35:22.572+02:00, 0.297E-02, 589.79635, 0.14445E+06
  184400,2026-09-22T19:35:33.719+02:00, 0.318E-02, 590.09094, 0.14458E+06
  184500,2026-09-22T19:35:45.194+02:00, 0.288E-02, 590.38747, 0.14472E+06
  184600,2026-09-22T19:35:56.971+02:00, 0.270E-02, 590.67543, 0.14485E+06
  184700,2026-09-22T19:36:08.570+02:00, 0.316E-02, 590.96858, 0.14499E+06
  184800,2026-09-22T19:36:20.026+02:00, 0.297E-02, 591.26636, 0.14512E+06
  184900,2026-09-22T19:36:31.723+02:00, 0.326E-02, 591.56598, 0.14526E+06
  185000,2026-09-22T19:36:43.033+02:00, 0.253E-02, 591.85525, 0.14540E+06
  185100,2026-09-22T19:36:55.009+02:00, 0.307E-02, 592.13998, 0.14554E+06
  185200,2026-09-22T19:37:06.703+02:00, 0.285E-02, 592.43083, 0.14567E+06
  185300,2026-09-22T19:37:17.926+02:00, 0.260E-02, 592.72519, 0.14581E+06
  185400,2026-09-22T19:37:29.551+02:00, 0.324E-02, 593.01779, 0.14594E+06
  185500,2026-09-22T19:37:40.752+02:00, 0.289E-02, 593.30743, 0.14608E+06
  185600,2026-09-22T19:37:52.522+02:00, 0.297E-02, 593.59441, 0.14621E+06
  185700,2026-09-22T19:38:04.517+02:00, 0.310E-02, 593.88944, 0.14636E+06
  185800,2026-09-22T19:38:16.353+02:00, 0.295E-02, 594.18584, 0.14649E+06
  185900,2026-09-22T19:38:28.022+02:00, 0.306E-02, 594.48090, 0.14663E+06
  186000,2026-09-22T19:38:39.079+02:00, 0.306E-02, 594.78649, 0.14676E+06
  186100,2026-09-22T19:38:49.891+02:00, 0.317E-02, 595.07111, 0.14689E+06
  186200,2026-09-22T19:39:01.053+02:00, 0.271E-02, 595.37059, 0.14702E+06
  186300,2026-09-22T19:39:12.374+02:00, 0.298E-02, 595.66507, 0.14715E+06
  186400,2026-09-22T19:39:23.469+02:00, 0.294E-02, 595.96393, 0.14728E+06
  186500,2026-09-22T19:39:33.911+02:00, 0.289E-02, 596.26753, 0.14741E+06
  186600,2026-09-22T19:39:44.376+02:00, 0.318E-02, 596.58267, 0.14753E+06
  186700,2026-09-22T19:39:55.958+02:00, 0.305E-02, 596.88608, 0.14767E+06
  186800,2026-09-22T19:40:07.271+02:00, 0.302E-02, 597.18421, 0.14780E+06
  186900,2026-09-22T19:40:19.049+02:00, 0.304E-02, 597.48147, 0.14794E+06
  187000,2026-09-22T19:40:30.184+02:00, 0.287E-02, 597.77718, 0.14807E+06
  187100,2026-09-22T19:40:41.452+02:00, 0.291E-02, 598.07032, 0.14820E+06
  187200,2026-09-22T19:40:52.380+02:00, 0.316E-02, 598.37424, 0.14833E+06
  187300,2026-09-22T19:41:03.572+02:00, 0.271E-02, 598.67545, 0.14846E+06
  187400,2026-09-22T19:41:14.785+02:00, 0.287E-02, 598.98217, 0.14859E+06
  187500,2026-09-22T19:41:26.201+02:00, 0.316E-02, 599.29537, 0.14873E+06
  187600,2026-09-22T19:41:37.944+02:00, 0.267E-02, 599.58263, 0.14886E+06
  187700,2026-09-22T19:41:48.920+02:00, 0.294E-02, 599.87679, 0.14899E+06
  187800,2026-09-22T19:42:01.056+02:00, 0.273E-02, 600.16482, 0.14914E+06
  187900,2026-09-22T19:42:12.512+02:00, 0.321E-02, 600.46808, 0.14927E+06
  188000,2026-09-22T19:42:23.669+02:00, 0.309E-02, 600.77999, 0.14940E+06
  188100,2026-09-22T19:42:34.700+02:00, 0.304E-02, 601.08573, 0.14953E+06
  188200,2026-09-22T19:42:45.921+02:00, 0.287E-02, 601.37553, 0.14966E+06
  188300,2026-09-22T19:42:57.029+02:00, 0.312E-02, 601.67236, 0.14979E+06
  188400,2026-09-22T19:43:08.267+02:00, 0.305E-02, 601.97415, 0.14993E+06
  188500,2026-09-22T19:43:18.975+02:00, 0.287E-02, 602.27467, 0.15005E+06
  188600,2026-09-22T19:43:30.871+02:00, 0.275E-02, 602.56082, 0.15019E+06
  188700,2026-09-22T19:43:42.915+02:00, 0.301E-02, 602.84753, 0.15033E+06
  188800,2026-09-22T19:43:54.480+02:00, 0.294E-02, 603.13846, 0.15047E+06
  188900,2026-09-22T19:44:05.460+02:00, 0.290E-02, 603.43731, 0.15060E+06
  189000,2026-09-22T19:44:16.491+02:00, 0.315E-02, 603.74343, 0.15073E+06
  189100,2026-09-22T19:44:27.960+02:00, 0.310E-02, 604.04891, 0.15086E+06
  189200,2026-09-22T19:44:39.168+02:00, 0.301E-02, 604.35486, 0.15099E+06
  189300,2026-09-22T19:44:50.415+02:00, 0.284E-02, 604.66230, 0.15113E+06
  189400,2026-09-22T19:45:02.110+02:00, 0.281E-02, 604.95766, 0.15126E+06
  189500,2026-09-22T19:45:13.027+02:00, 0.305E-02, 605.25997, 0.15139E+06
  189600,2026-09-22T19:45:24.696+02:00, 0.295E-02, 605.55506, 0.15153E+06
  189700,2026-09-22T19:45:35.760+02:00, 0.284E-02, 605.85931, 0.15166E+06
  189800,2026-09-22T19:45:46.763+02:00, 0.298E-02, 606.14998, 0.15179E+06
  189900,2026-09-22T19:45:57.423+02:00, 0.295E-02, 606.45501, 0.15191E+06
  190000,2026-09-22T19:46:08.626+02:00, 0.301E-02, 606.75556, 0.15204E+06
  190100,2026-09-22T19:46:19.861+02:00, 0.291E-02, 607.04647, 0.15218E+06
  190200,2026-09-22T19:46:31.149+02:00, 0.281E-02, 607.34075, 0.15231E+06
  190300,2026-09-22T19:46:42.171+02:00, 0.297E-02, 607.63965, 0.15244E+06
  190400,2026-09-22T19:46:53.364+02:00, 0.313E-02, 607.94540, 0.15257E+06
  190500,2026-09-22T19:47:04.793+02:00, 0.302E-02, 608.24661, 0.15271E+06
  190600,2026-09-22T19:47:16.232+02:00, 0.304E-02, 608.54903, 0.15284E+06
  190700,2026-09-22T19:47:27.539+02:00, 0.267E-02, 608.84482, 0.15297E+06
  190800,2026-09-22T19:47:38.537+02:00, 0.302E-02, 609.14178, 0.15310E+06
  190900,2026-09-22T19:47:49.677+02:00, 0.302E-02, 609.44374, 0.15324E+06
  191000,2026-09-22T19:48:00.487+02:00, 0.296E-02, 609.73504, 0.15336E+06
  191100,2026-09-22T19:48:11.867+02:00, 0.322E-02, 610.03325, 0.15350E+06
  191200,2026-09-22T19:48:22.859+02:00, 0.306E-02, 610.30929, 0.15362E+06
  191300,2026-09-22T19:48:33.413+02:00, 0.290E-02, 610.60134, 0.15375E+06
  191400,2026-09-22T19:48:44.614+02:00, 0.309E-02, 610.89673, 0.15388E+06
  191500,2026-09-22T19:48:55.234+02:00, 0.298E-02, 611.19613, 0.15401E+06
  191600,2026-09-22T19:49:06.299+02:00, 0.298E-02, 611.49419, 0.15414E+06
  191700,2026-09-22T19:49:17.513+02:00, 0.255E-02, 611.78689, 0.15427E+06
  191800,2026-09-22T19:49:28.715+02:00, 0.265E-02, 612.07987, 0.15440E+06
  191900,2026-09-22T19:49:39.932+02:00, 0.281E-02, 612.36592, 0.15454E+06
  192000,2026-09-22T19:49:51.140+02:00, 0.301E-02, 612.65511, 0.15467E+06
  192100,2026-09-22T19:50:01.630+02:00, 0.296E-02, 612.95137, 0.15479E+06
  192200,2026-09-22T19:50:12.564+02:00, 0.296E-02, 613.24748, 0.15492E+06
  192300,2026-09-22T19:50:23.291+02:00, 0.296E-02, 613.54358, 0.15505E+06
  192400,2026-09-22T19:50:34.231+02:00, 0.292E-02, 613.83667, 0.15518E+06
  192500,2026-09-22T19:50:45.586+02:00, 0.307E-02, 614.13866, 0.15531E+06
  192600,2026-09-22T19:50:56.655+02:00, 0.302E-02, 614.44790, 0.15544E+06
  192700,2026-09-22T19:51:07.498+02:00, 0.332E-02, 614.76764, 0.15557E+06
  192800,2026-09-22T19:51:18.698+02:00, 0.323E-02, 615.06645, 0.15570E+06
  192900,2026-09-22T19:51:30.059+02:00, 0.304E-02, 615.37176, 0.15583E+06
  193000,2026-09-22T19:51:41.024+02:00, 0.304E-02, 615.67625, 0.15596E+06
  193100,2026-09-22T19:51:52.194+02:00, 0.299E-02, 615.97336, 0.15609E+06
  193200,2026-09-22T19:52:03.431+02:00, 0.307E-02, 616.26540, 0.15623E+06
  193300,2026-09-22T19:52:14.720+02:00, 0.278E-02, 616.55359, 0.15636E+06
  193400,2026-09-22T19:52:26.547+02:00, 0.270E-02, 616.83987, 0.15650E+06
  193500,2026-09-22T19:52:38.015+02:00, 0.270E-02, 617.12522, 0.15663E+06
  193600,2026-09-22T19:52:49.795+02:00, 0.280E-02, 617.40744, 0.15677E+06
  193700,2026-09-22T19:53:01.200+02:00, 0.271E-02, 617.69903, 0.15691E+06
  193800,2026-09-22T19:53:13.040+02:00, 0.291E-02, 617.98499, 0.15705E+06
  193900,2026-09-22T19:53:23.839+02:00, 0.298E-02, 618.27865, 0.15717E+06
  194000,2026-09-22T19:53:34.994+02:00, 0.325E-02, 618.57232, 0.15731E+06
  194100,2026-09-22T19:53:45.948+02:00, 0.261E-02, 618.87481, 0.15744E+06
  194200,2026-09-22T19:53:56.877+02:00, 0.305E-02, 619.17199, 0.15757E+06
  194300,2026-09-22T19:54:08.031+02:00, 0.295E-02, 619.46887, 0.15770E+06
  194400,2026-09-22T19:54:19.499+02:00, 0.295E-02, 619.76688, 0.15783E+06
  194500,2026-09-22T19:54:30.191+02:00, 0.303E-02, 620.06977, 0.15796E+06
  194600,2026-09-22T19:54:41.406+02:00, 0.301E-02, 620.36411, 0.15809E+06
  194700,2026-09-22T19:54:53.444+02:00, 0.270E-02, 620.65549, 0.15823E+06
  194800,2026-09-22T19:55:04.485+02:00, 0.297E-02, 620.95159, 0.15836E+06
  194900,2026-09-22T19:55:16.041+02:00, 0.280E-02, 621.24408, 0.15849E+06
  195000,2026-09-22T19:55:26.807+02:00, 0.331E-02, 621.54457, 0.15862E+06
  195100,2026-09-22T19:55:37.951+02:00, 0.283E-02, 621.84733, 0.15875E+06
  195200,2026-09-22T19:55:48.802+02:00, 0.300E-02, 622.14416, 0.15888E+06
  195300,2026-09-22T19:55:59.720+02:00, 0.293E-02, 622.43927, 0.15901E+06
  195400,2026-09-22T19:56:10.355+02:00, 0.319E-02, 622.75521, 0.15913E+06
  195500,2026-09-22T19:56:21.206+02:00, 0.319E-02, 623.07374, 0.15926E+06
  195600,2026-09-22T19:56:32.287+02:00, 0.305E-02, 623.37591, 0.15939E+06
  195700,2026-09-22T19:56:42.974+02:00, 0.305E-02, 623.68135, 0.15952E+06
  195800,2026-09-22T19:56:53.920+02:00, 0.271E-02, 623.97626, 0.15965E+06
  195900,2026-09-22T19:57:04.687+02:00, 0.317E-02, 624.27995, 0.15978E+06
  196000,2026-09-22T19:57:15.404+02:00, 0.308E-02, 624.57763, 0.15990E+06
  196100,2026-09-22T19:57:26.146+02:00, 0.302E-02, 624.88099, 0.16003E+06
  196200,2026-09-22T19:57:37.231+02:00, 0.311E-02, 625.17924, 0.16016E+06
  196300,2026-09-22T19:57:48.774+02:00, 0.300E-02, 625.47724, 0.16030E+06
  196400,2026-09-22T19:58:00.038+02:00, 0.290E-02, 625.77224, 0.16043E+06
  196500,2026-09-22T19:58:11.211+02:00, 0.301E-02, 626.06664, 0.16056E+06
  196600,2026-09-22T19:58:22.508+02:00, 0.296E-02, 626.36371, 0.16069E+06
  196700,2026-09-22T19:58:33.813+02:00, 0.326E-02, 626.67947, 0.16082E+06
  196800,2026-09-22T19:58:44.769+02:00, 0.291E-02, 626.97446, 0.16095E+06
  196900,2026-09-22T19:58:55.640+02:00, 0.311E-02, 627.28106, 0.16108E+06
  197000,2026-09-22T19:59:06.906+02:00, 0.301E-02, 627.58143, 0.16122E+06
  197100,2026-09-22T19:59:18.067+02:00, 0.267E-02, 627.87976, 0.16135E+06
  197200,2026-09-22T19:59:29.745+02:00, 0.324E-02, 628.17388, 0.16148E+06
  197300,2026-09-22T19:59:40.798+02:00, 0.291E-02, 628.48430, 0.16162E+06
  197400,2026-09-22T19:59:51.584+02:00, 0.302E-02, 628.78436, 0.16174E+06
  197500,2026-09-22T20:00:02.710+02:00, 0.329E-02, 629.08779, 0.16188E+06
  197600,2026-09-22T20:00:13.670+02:00, 0.300E-02, 629.38947, 0.16200E+06
  197700,2026-09-22T20:00:24.715+02:00, 0.321E-02, 629.68020, 0.16213E+06
  197800,2026-09-22T20:00:35.462+02:00, 0.281E-02, 629.98437, 0.16226E+06
  197900,2026-09-22T20:00:46.773+02:00, 0.306E-02, 630.28639, 0.16239E+06
  198000,2026-09-22T20:00:58.126+02:00, 0.297E-02, 630.58134, 0.16253E+06
  198100,2026-09-22T20:01:09.506+02:00, 0.292E-02, 630.87300, 0.16266E+06
  198200,2026-09-22T20:01:20.832+02:00, 0.299E-02, 631.16802, 0.16279E+06
  198300,2026-09-22T20:01:32.496+02:00, 0.301E-02, 631.45871, 0.16293E+06
  198400,2026-09-22T20:01:43.989+02:00, 0.305E-02, 631.75404, 0.16307E+06
  198500,2026-09-22T20:01:55.238+02:00, 0.292E-02, 632.04477, 0.16320E+06
  198600,2026-09-22T20:02:06.780+02:00, 0.312E-02, 632.34082, 0.16333E+06
  198700,2026-09-22T20:02:18.233+02:00, 0.300E-02, 632.64363, 0.16347E+06
  198800,2026-09-22T20:02:29.109+02:00, 0.301E-02, 632.94427, 0.16360E+06
  198900,2026-09-22T20:02:40.247+02:00, 0.320E-02, 633.24769, 0.16373E+06
  199000,2026-09-22T20:02:50.968+02:00, 0.274E-02, 633.53843, 0.16386E+06
  199100,2026-09-22T20:03:02.016+02:00, 0.306E-02, 633.83430, 0.16399E+06
  199200,2026-09-22T20:03:13.435+02:00, 0.263E-02, 634.13387, 0.16412E+06
  199300,2026-09-22T20:03:24.741+02:00, 0.318E-02, 634.42805, 0.16426E+06
  199400,2026-09-22T20:03:35.169+02:00, 0.272E-02, 634.72522, 0.16438E+06
  199500,2026-09-22T20:03:46.660+02:00, 0.294E-02, 635.03193, 0.16452E+06
  199600,2026-09-22T20:03:57.472+02:00, 0.297E-02, 635.33003, 0.16464E+06
  199700,2026-09-22T20:04:08.579+02:00, 0.309E-02, 635.63220, 0.16478E+06
  199800,2026-09-22T20:04:19.473+02:00, 0.326E-02, 635.93726, 0.16490E+06
  199900,2026-09-22T20:04:30.591+02:00, 0.278E-02, 636.23915, 0.16504E+06
  200000,2026-09-22T20:04:41.104+02:00, 0.301E-02, 636.52977, 0.16516E+06
  200100,2026-09-22T20:04:52.616+02:00, 0.315E-02, 636.84884, 0.16529E+06
  200200,2026-09-22T20:05:03.444+02:00, 0.278E-02, 637.13816, 0.16542E+06
  200300,2026-09-22T20:05:14.642+02:00, 0.298E-02, 637.43330, 0.16555E+06
  200400,2026-09-22T20:05:26.016+02:00, 0.314E-02, 637.73517, 0.16568E+06
  200500,2026-09-22T20:05:37.416+02:00, 0.307E-02, 638.03264, 0.16582E+06
  200600,2026-09-22T20:05:48.485+02:00, 0.303E-02, 638.33126, 0.16595E+06
  200700,2026-09-22T20:05:59.846+02:00, 0.303E-02, 638.63472, 0.16608E+06
  200800,2026-09-22T20:06:11.179+02:00, 0.303E-02, 638.93818, 0.16621E+06
  200900,2026-09-22T20:06:22.357+02:00, 0.291E-02, 639.22706, 0.16635E+06
  201000,2026-09-22T20:06:33.871+02:00, 0.298E-02, 639.52369, 0.16648E+06
  201100,2026-09-22T20:06:45.374+02:00, 0.266E-02, 639.82067, 0.16662E+06
  201200,2026-09-22T20:06:56.412+02:00, 0.305E-02, 640.10427, 0.16675E+06
  201300,2026-09-22T20:07:07.489+02:00, 0.287E-02, 640.40180, 0.16688E+06
  201400,2026-09-22T20:07:19.127+02:00, 0.315E-02, 640.68713, 0.16702E+06
  201500,2026-09-22T20:07:30.773+02:00, 0.284E-02, 640.97186, 0.16715E+06
  201600,2026-09-22T20:07:41.925+02:00, 0.309E-02, 641.27688, 0.16728E+06
  201700,2026-09-22T20:07:52.861+02:00, 0.306E-02, 641.58248, 0.16741E+06
  201800,2026-09-22T20:08:03.925+02:00, 0.265E-02, 641.87528, 0.16755E+06
  201900,2026-09-22T20:08:15.263+02:00, 0.300E-02, 642.16536, 0.16768E+06
  202000,2026-09-22T20:08:27.004+02:00, 0.266E-02, 642.45633, 0.16782E+06
  202100,2026-09-22T20:08:38.406+02:00, 0.273E-02, 642.75112, 0.16795E+06
  202200,2026-09-22T20:08:50.022+02:00, 0.281E-02, 643.04587, 0.16809E+06
  202300,2026-09-22T20:09:01.984+02:00, 0.242E-02, 643.33957, 0.16823E+06
  202400,2026-09-22T20:09:13.829+02:00, 0.304E-02, 643.62608, 0.16837E+06
  202500,2026-09-22T20:09:25.315+02:00, 0.304E-02, 643.92980, 0.16850E+06
  202600,2026-09-22T20:09:36.674+02:00, 0.299E-02, 644.22733, 0.16864E+06
  202700,2026-09-22T20:09:47.926+02:00, 0.306E-02, 644.53479, 0.16877E+06
  202800,2026-09-22T20:09:58.753+02:00, 0.309E-02, 644.83245, 0.16889E+06
  202900,2026-09-22T20:10:09.711+02:00, 0.305E-02, 645.13438, 0.16902E+06
  203000,2026-09-22T20:10:20.612+02:00, 0.257E-02, 645.42739, 0.16915E+06
  203100,2026-09-22T20:10:31.569+02:00, 0.302E-02, 645.72568, 0.16928E+06
  203200,2026-09-22T20:10:42.076+02:00, 0.308E-02, 646.02725, 0.16941E+06
  203300,2026-09-22T20:10:53.613+02:00, 0.295E-02, 646.31419, 0.16954E+06
  203400,2026-09-22T20:11:04.711+02:00, 0.279E-02, 646.61470, 0.16967E+06
  203500,2026-09-22T20:11:16.073+02:00, 0.289E-02, 646.90505, 0.16981E+06
  203600,2026-09-22T20:11:27.509+02:00, 0.318E-02, 647.19486, 0.16994E+06
  203700,2026-09-22T20:11:37.995+02:00, 0.303E-02, 647.50206, 0.17007E+06
  203800,2026-09-22T20:11:48.994+02:00, 0.303E-02, 647.80504, 0.17019E+06
  203900,2026-09-22T20:12:00.044+02:00, 0.303E-02, 648.10803, 0.17032E+06
  204000,2026-09-22T20:12:10.904+02:00, 0.303E-02, 648.41101, 0.17045E+06
  204100,2026-09-22T20:12:22.176+02:00, 0.303E-02, 648.71399, 0.17058E+06
  204200,2026-09-22T20:12:33.853+02:00, 0.295E-02, 649.01086, 0.17072E+06
  204300,2026-09-22T20:12:45.168+02:00, 0.312E-02, 649.29912, 0.17085E+06
  204400,2026-09-22T20:12:56.661+02:00, 0.303E-02, 649.59276, 0.17099E+06
  204500,2026-09-22T20:13:07.557+02:00, 0.325E-02, 649.89552, 0.17112E+06
  204600,2026-09-22T20:13:19.541+02:00, 0.320E-02, 650.21404, 0.17126E+06
  204700,2026-09-22T20:13:30.656+02:00, 0.324E-02, 650.50925, 0.17139E+06
  204800,2026-09-22T20:13:41.943+02:00, 0.295E-02, 650.80734, 0.17152E+06
  204900,2026-09-22T20:13:53.217+02:00, 0.287E-02, 651.09762, 0.17166E+06
  205000,2026-09-22T20:14:04.127+02:00, 0.312E-02, 651.40695, 0.17179E+06
  205100,2026-09-22T20:14:14.854+02:00, 0.308E-02, 651.71315, 0.17192E+06
  205200,2026-09-22T20:14:25.890+02:00, 0.302E-02, 652.01469, 0.17205E+06
  205300,2026-09-22T20:14:37.093+02:00, 0.310E-02, 652.32337, 0.17218E+06
  205400,2026-09-22T20:14:48.135+02:00, 0.275E-02, 652.62332, 0.17231E+06
  205500,2026-09-22T20:14:59.564+02:00, 0.295E-02, 652.91620, 0.17244E+06
  205600,2026-09-22T20:15:10.751+02:00, 0.264E-02, 653.20842, 0.17257E+06
  205700,2026-09-22T20:15:21.441+02:00, 0.319E-02, 653.49424, 0.17270E+06
  205800,2026-09-22T20:15:32.936+02:00, 0.328E-02, 653.79468, 0.17283E+06
  205900,2026-09-22T20:15:43.883+02:00, 0.301E-02, 654.10523, 0.17296E+06
  206000,2026-09-22T20:15:54.782+02:00, 0.295E-02, 654.40050, 0.17309E+06
  206100,2026-09-22T20:16:05.726+02:00, 0.321E-02, 654.69823, 0.17322E+06
  206200,2026-09-22T20:16:16.878+02:00, 0.305E-02, 655.00077, 0.17335E+06
  206300,2026-09-22T20:16:28.749+02:00, 0.293E-02, 655.29230, 0.17349E+06
  206400,2026-09-22T20:16:40.587+02:00, 0.290E-02, 655.57398, 0.17363E+06
  206500,2026-09-22T20:16:52.386+02:00, 0.282E-02, 655.85570, 0.17376E+06
  206600,2026-09-22T20:17:04.143+02:00, 0.308E-02, 656.15205, 0.17390E+06
  206700,2026-09-22T20:17:15.392+02:00, 0.309E-02, 656.45410, 0.17404E+06
  206800,2026-09-22T20:17:26.430+02:00, 0.324E-02, 656.75016, 0.17417E+06
  206900,2026-09-22T20:17:37.244+02:00, 0.297E-02, 657.04611, 0.17429E+06
  207000,2026-09-22T20:17:48.533+02:00, 0.326E-02, 657.34474, 0.17443E+06
  207100,2026-09-22T20:17:59.774+02:00, 0.306E-02, 657.63751, 0.17456E+06
  207200,2026-09-22T20:18:10.343+02:00, 0.306E-02, 657.94400, 0.17468E+06
  207300,2026-09-22T20:18:21.758+02:00, 0.306E-02, 658.25049, 0.17482E+06
  207400,2026-09-22T20:18:32.541+02:00, 0.297E-02, 658.54872, 0.17495E+06
  207500,2026-09-22T20:18:43.890+02:00, 0.284E-02, 658.84780, 0.17508E+06
  207600,2026-09-22T20:18:54.957+02:00, 0.304E-02, 659.15138, 0.17521E+06
  207700,2026-09-22T20:19:05.815+02:00, 0.284E-02, 659.44138, 0.17534E+06
  207800,2026-09-22T20:19:16.897+02:00, 0.303E-02, 659.74194, 0.17547E+06
  207900,2026-09-22T20:19:28.243+02:00, 0.300E-02, 660.03976, 0.17560E+06
  208000,2026-09-22T20:19:39.564+02:00, 0.294E-02, 660.35622, 0.17574E+06
  208100,2026-09-22T20:19:50.576+02:00, 0.324E-02, 660.66099, 0.17587E+06
  208200,2026-09-22T20:20:01.557+02:00, 0.306E-02, 660.97215, 0.17600E+06
  208300,2026-09-22T20:20:12.817+02:00, 0.302E-02, 661.24885, 0.17613E+06
  208400,2026-09-22T20:20:24.075+02:00, 0.299E-02, 661.54613, 0.17626E+06
  208500,2026-09-22T20:20:35.604+02:00, 0.294E-02, 661.83460, 0.17640E+06
  208600,2026-09-22T20:20:47.133+02:00, 0.279E-02, 662.11506, 0.17653E+06
  208700,2026-09-22T20:20:58.240+02:00, 0.284E-02, 662.40019, 0.17666E+06
  208800,2026-09-22T20:21:09.796+02:00, 0.302E-02, 662.68213, 0.17680E+06
  208900,2026-09-22T20:21:21.208+02:00, 0.289E-02, 662.97905, 0.17693E+06
  209000,2026-09-22T20:21:33.051+02:00, 0.262E-02, 663.26444, 0.17707E+06
  209100,2026-09-22T20:21:44.639+02:00, 0.284E-02, 663.54874, 0.17721E+06
  209200,2026-09-22T20:21:56.402+02:00, 0.267E-02, 663.84942, 0.17735E+06
  209300,2026-09-22T20:22:07.999+02:00, 0.286E-02, 664.13014, 0.17748E+06
  209400,2026-09-22T20:22:19.777+02:00, 0.294E-02, 664.42210, 0.17762E+06
  209500,2026-09-22T20:22:30.623+02:00, 0.276E-02, 664.71099, 0.17775E+06
  209600,2026-09-22T20:22:42.416+02:00, 0.242E-02, 664.99324, 0.17789E+06
  209700,2026-09-22T20:22:54.194+02:00, 0.235E-02, 665.27115, 0.17803E+06
  209800,2026-09-22T20:23:05.039+02:00, 0.270E-02, 665.56492, 0.17816E+06
  209900,2026-09-22T20:23:16.475+02:00, 0.326E-02, 665.86170, 0.17829E+06
  210000,2026-09-22T20:23:27.542+02:00, 0.289E-02, 666.16248, 0.17842E+06
  210100,2026-09-22T20:23:39.087+02:00, 0.264E-02, 666.43785, 0.17856E+06
  210200,2026-09-22T20:23:50.989+02:00, 0.307E-02, 666.73607, 0.17869E+06
  210300,2026-09-22T20:24:02.170+02:00, 0.319E-02, 667.03843, 0.17883E+06
  210400,2026-09-22T20:24:13.546+02:00, 0.276E-02, 667.34319, 0.17896E+06
  210500,2026-09-22T20:24:24.827+02:00, 0.305E-02, 667.64599, 0.17909E+06
  210600,2026-09-22T20:24:36.333+02:00, 0.304E-02, 667.94050, 0.17923E+06
  210700,2026-09-22T20:24:47.893+02:00, 0.289E-02, 668.23070, 0.17936E+06
  210800,2026-09-22T20:24:59.481+02:00, 0.295E-02, 668.51403, 0.17950E+06
  210900,2026-09-22T20:25:11.050+02:00, 0.294E-02, 668.80063, 0.17963E+06
  211000,2026-09-22T20:25:22.770+02:00, 0.292E-02, 669.08822, 0.17977E+06
  211100,2026-09-22T20:25:34.415+02:00, 0.306E-02, 669.38398, 0.17991E+06
  211200,2026-09-22T20:25:46.283+02:00, 0.301E-02, 669.68261, 0.18005E+06
  211300,2026-09-22T20:25:57.570+02:00, 0.301E-02, 669.98325, 0.18018E+06
  211400,2026-09-22T20:26:09.500+02:00, 0.285E-02, 670.28364, 0.18032E+06
  211500,2026-09-22T20:26:21.003+02:00, 0.275E-02, 670.58298, 0.18045E+06
  211600,2026-09-22T20:26:31.556+02:00, 0.294E-02, 670.87990, 0.18058E+06
  211700,2026-09-22T20:26:42.260+02:00, 0.276E-02, 671.18107, 0.18071E+06
  211800,2026-09-22T20:26:53.080+02:00, 0.299E-02, 671.47771, 0.18083E+06
  211900,2026-09-22T20:27:04.261+02:00, 0.310E-02, 671.77076, 0.18096E+06
  212000,2026-09-22T20:27:15.823+02:00, 0.307E-02, 672.07482, 0.18110E+06
  212100,2026-09-22T20:27:27.742+02:00, 0.288E-02, 672.36040, 0.18124E+06
  212200,2026-09-22T20:27:39.324+02:00, 0.294E-02, 672.66592, 0.18137E+06
  212300,2026-09-22T20:27:50.360+02:00, 0.312E-02, 672.97092, 0.18150E+06
  212400,2026-09-22T20:28:01.904+02:00, 0.272E-02, 673.26192, 0.18164E+06
  212500,2026-09-22T20:28:13.348+02:00, 0.267E-02, 673.55787, 0.18177E+06
  212600,2026-09-22T20:28:23.653+02:00, 0.290E-02, 673.84897, 0.18190E+06
  212700,2026-09-22T20:28:34.442+02:00, 0.285E-02, 674.14173, 0.18202E+06
  212800,2026-09-22T20:28:45.394+02:00, 0.281E-02, 674.44864, 0.18215E+06
  212900,2026-09-22T20:28:56.249+02:00, 0.275E-02, 674.73279, 0.18228E+06
  213000,2026-09-22T20:29:07.176+02:00, 0.265E-02, 675.01963, 0.18241E+06
  213100,2026-09-22T20:29:18.677+02:00, 0.289E-02, 675.30632, 0.18255E+06
  213200,2026-09-22T20:29:29.801+02:00, 0.288E-02, 675.59202, 0.18268E+06
  213300,2026-09-22T20:29:40.478+02:00, 0.285E-02, 675.89589, 0.18280E+06
  213400,2026-09-22T20:29:51.519+02:00, 0.313E-02, 676.20568, 0.18294E+06
  213500,2026-09-22T20:30:03.187+02:00, 0.282E-02, 676.51631, 0.18307E+06
  213600,2026-09-22T20:30:15.060+02:00, 0.291E-02, 676.80655, 0.18321E+06
  213700,2026-09-22T20:30:26.395+02:00, 0.279E-02, 677.09978, 0.18334E+06
  213800,2026-09-22T20:30:37.655+02:00, 0.302E-02, 677.40045, 0.18348E+06
  213900,2026-09-22T20:30:49.230+02:00, 0.310E-02, 677.69747, 0.18361E+06
  214000,2026-09-22T20:31:01.351+02:00, 0.257E-02, 677.98586, 0.18376E+06
  214100,2026-09-22T20:31:13.130+02:00, 0.278E-02, 678.26643, 0.18390E+06
  214200,2026-09-22T20:31:24.597+02:00, 0.259E-02, 678.54611, 0.18403E+06
  214300,2026-09-22T20:31:36.446+02:00, 0.268E-02, 678.82076, 0.18417E+06
  214400,2026-09-22T20:31:48.036+02:00, 0.318E-02, 679.10982, 0.18431E+06
  214500,2026-09-22T20:31:59.433+02:00, 0.303E-02, 679.40174, 0.18444E+06
  214600,2026-09-22T20:32:10.228+02:00, 0.329E-02, 679.70494, 0.18457E+06
  214700,2026-09-22T20:32:21.785+02:00, 0.289E-02, 680.01846, 0.18471E+06
  214800,2026-09-22T20:32:33.651+02:00, 0.307E-02, 680.30837, 0.18484E+06
  214900,2026-09-22T20:32:45.990+02:00, 0.291E-02, 680.60607, 0.18499E+06
  215000,2026-09-22T20:32:58.748+02:00, 0.314E-02, 680.91273, 0.18513E+06
  215100,2026-09-22T20:33:12.475+02:00, 0.302E-02, 681.21548, 0.18528E+06
  215200,2026-09-22T20:33:25.515+02:00, 0.287E-02, 681.50487, 0.18542E+06
  215300,2026-09-22T20:33:38.710+02:00, 0.292E-02, 681.79563, 0.18557E+06
  215400,2026-09-22T20:33:50.200+02:00, 0.310E-02, 682.10317, 0.18571E+06
  215500,2026-09-22T20:34:01.342+02:00, 0.298E-02, 682.39729, 0.18584E+06
  215600,2026-09-22T20:34:12.261+02:00, 0.306E-02, 682.69977, 0.18597E+06
  215700,2026-09-22T20:34:23.166+02:00, 0.278E-02, 682.99582, 0.18610E+06
  215800,2026-09-22T20:34:33.965+02:00, 0.267E-02, 683.29813, 0.18622E+06
  215900,2026-09-22T20:34:45.623+02:00, 0.300E-02, 683.58709, 0.18636E+06
  216000,2026-09-22T20:34:57.283+02:00, 0.301E-02, 683.89306, 0.18649E+06
  216100,2026-09-22T20:35:08.136+02:00, 0.310E-02, 684.19007, 0.18662E+06
  216200,2026-09-22T20:35:19.214+02:00, 0.310E-02, 684.49982, 0.18675E+06
  216300,2026-09-22T20:35:30.194+02:00, 0.305E-02, 684.80428, 0.18688E+06
  216400,2026-09-22T20:35:41.681+02:00, 0.305E-02, 685.10945, 0.18702E+06
  216500,2026-09-22T20:35:52.895+02:00, 0.300E-02, 685.41004, 0.18715E+06
  216600,2026-09-22T20:36:03.850+02:00, 0.319E-02, 685.71235, 0.18728E+06
  216700,2026-09-22T20:36:14.986+02:00, 0.276E-02, 686.02517, 0.18741E+06
  216800,2026-09-22T20:36:26.341+02:00, 0.303E-02, 686.32746, 0.18754E+06
  216900,2026-09-22T20:36:37.571+02:00, 0.303E-02, 686.63057, 0.18767E+06
  217000,2026-09-22T20:36:49.045+02:00, 0.263E-02, 686.93797, 0.18781E+06
  217100,2026-09-22T20:37:00.771+02:00, 0.320E-02, 687.22332, 0.18794E+06
  217200,2026-09-22T20:37:12.609+02:00, 0.271E-02, 687.52100, 0.18808E+06
  217300,2026-09-22T20:37:23.985+02:00, 0.291E-02, 687.81304, 0.18822E+06
  217400,2026-09-22T20:37:35.024+02:00, 0.291E-02, 688.10407, 0.18835E+06
  217500,2026-09-22T20:37:46.381+02:00, 0.287E-02, 688.39040, 0.18848E+06
  217600,2026-09-22T20:37:57.725+02:00, 0.302E-02, 688.68624, 0.18861E+06
  217700,2026-09-22T20:38:08.913+02:00, 0.297E-02, 688.98520, 0.18874E+06
  217800,2026-09-22T20:38:20.630+02:00, 0.321E-02, 689.28044, 0.18888E+06
  217900,2026-09-22T20:38:31.478+02:00, 0.304E-02, 689.58001, 0.18901E+06
  218000,2026-09-22T20:38:42.635+02:00, 0.300E-02, 689.88178, 0.18914E+06
  218100,2026-09-22T20:38:54.057+02:00, 0.297E-02, 690.17959, 0.18927E+06
  218200,2026-09-22T20:39:05.580+02:00, 0.284E-02, 690.47817, 0.18941E+06
  218300,2026-09-22T20:39:17.036+02:00, 0.281E-02, 690.77044, 0.18954E+06
  218400,2026-09-22T20:39:28.534+02:00, 0.315E-02, 691.06863, 0.18968E+06
  218500,2026-09-22T20:39:40.057+02:00, 0.275E-02, 691.37168, 0.18981E+06
  218600,2026-09-22T20:39:52.245+02:00, 0.281E-02, 691.65233, 0.18996E+06
  218700,2026-09-22T20:40:03.782+02:00, 0.280E-02, 691.92320, 0.19009E+06
  218800,2026-09-22T20:40:15.400+02:00, 0.306E-02, 692.21069, 0.19023E+06
  218900,2026-09-22T20:40:27.080+02:00, 0.312E-02, 692.50315, 0.19037E+06
  219000,2026-09-22T20:40:38.690+02:00, 0.283E-02, 692.79901, 0.19050E+06
  219100,2026-09-22T20:40:50.144+02:00, 0.301E-02, 693.08138, 0.19064E+06
  219200,2026-09-22T20:41:01.874+02:00, 0.284E-02, 693.36650, 0.19078E+06
  219300,2026-09-22T20:41:14.115+02:00, 0.279E-02, 693.64641, 0.19092E+06
  219400,2026-09-22T20:41:25.924+02:00, 0.291E-02, 693.93004, 0.19106E+06
  219500,2026-09-22T20:41:37.206+02:00, 0.291E-02, 694.22061, 0.19119E+06
  219600,2026-09-22T20:41:48.579+02:00, 0.280E-02, 694.50718, 0.19132E+06
  219700,2026-09-22T20:42:00.565+02:00, 0.296E-02, 694.78532, 0.19146E+06
  219800,2026-09-22T20:42:11.959+02:00, 0.295E-02, 695.07494, 0.19160E+06
  219900,2026-09-22T20:42:23.659+02:00, 0.312E-02, 695.35574, 0.19174E+06
  220000,2026-09-22T20:42:34.880+02:00, 0.297E-02, 695.65127, 0.19187E+06
  220100,2026-09-22T20:42:46.713+02:00, 0.317E-02, 695.94543, 0.19201E+06
  220200,2026-09-22T20:42:58.133+02:00, 0.290E-02, 696.23545, 0.19215E+06
  220300,2026-09-22T20:43:09.598+02:00, 0.299E-02, 696.52510, 0.19228E+06
  220400,2026-09-22T20:43:21.217+02:00, 0.285E-02, 696.80842, 0.19242E+06
  220500,2026-09-22T20:43:32.834+02:00, 0.269E-02, 697.08619, 0.19256E+06
  220600,2026-09-22T20:43:45.154+02:00, 0.290E-02, 697.36373, 0.19270E+06
  220700,2026-09-22T20:43:57.810+02:00, 0.284E-02, 697.63971, 0.19284E+06
  220800,2026-09-22T20:44:08.958+02:00, 0.276E-02, 697.93882, 0.19298E+06
  220900,2026-09-22T20:44:20.260+02:00, 0.295E-02, 698.23089, 0.19311E+06
  221000,2026-09-22T20:44:31.796+02:00, 0.292E-02, 698.52083, 0.19324E+06
  221100,2026-09-22T20:44:43.486+02:00, 0.275E-02, 698.81334, 0.19338E+06
  221200,2026-09-22T20:44:55.055+02:00, 0.302E-02, 699.11222, 0.19351E+06
  221300,2026-09-22T20:45:06.708+02:00, 0.271E-02, 699.40826, 0.19365E+06
  221400,2026-09-22T20:45:17.923+02:00, 0.285E-02, 699.70320, 0.19378E+06
  221500,2026-09-22T20:45:29.192+02:00, 0.292E-02, 699.99926, 0.19391E+06
  221600,2026-09-22T20:45:40.574+02:00, 0.269E-02, 700.29954, 0.19405E+06
  221700,2026-09-22T20:45:51.697+02:00, 0.300E-02, 700.58415, 0.19418E+06
  221800,2026-09-22T20:46:02.784+02:00, 0.321E-02, 700.87239, 0.19431E+06
  221900,2026-09-22T20:46:13.668+02:00, 0.278E-02, 701.17574, 0.19444E+06
  222000,2026-09-22T20:46:24.599+02:00, 0.283E-02, 701.46518, 0.19457E+06
  222100,2026-09-22T20:46:35.560+02:00, 0.306E-02, 701.76513, 0.19470E+06
  222200,2026-09-22T20:46:46.471+02:00, 0.308E-02, 702.05721, 0.19483E+06
  222300,2026-09-22T20:46:57.673+02:00, 0.272E-02, 702.35626, 0.19496E+06
  222400,2026-09-22T20:47:08.991+02:00, 0.313E-02, 702.65447, 0.19509E+06
  222500,2026-09-22T20:47:20.409+02:00, 0.307E-02, 702.96040, 0.19522E+06
  222600,2026-09-22T20:47:31.393+02:00, 0.296E-02, 703.25424, 0.19535E+06
  222700,2026-09-22T20:47:42.675+02:00, 0.301E-02, 703.55238, 0.19549E+06
  222800,2026-09-22T20:47:54.081+02:00, 0.270E-02, 703.85101, 0.19562E+06
  222900,2026-09-22T20:48:05.378+02:00, 0.282E-02, 704.13752, 0.19575E+06
  223000,2026-09-22T20:48:16.883+02:00, 0.315E-02, 704.42543, 0.19589E+06
  223100,2026-09-22T20:48:27.956+02:00, 0.318E-02, 704.70653, 0.19602E+06
  223200,2026-09-22T20:48:39.760+02:00, 0.292E-02, 704.99797, 0.19616E+06
  223300,2026-09-22T20:48:51.732+02:00, 0.260E-02, 705.28134, 0.19630E+06
  223400,2026-09-22T20:49:03.871+02:00, 0.311E-02, 705.55921, 0.19644E+06
  223500,2026-09-22T20:49:15.387+02:00, 0.284E-02, 705.85090, 0.19658E+06
  223600,2026-09-22T20:49:27.133+02:00, 0.304E-02, 706.14362, 0.19672E+06
  223700,2026-09-22T20:49:39.066+02:00, 0.283E-02, 706.43534, 0.19685E+06
  223800,2026-09-22T20:49:51.250+02:00, 0.282E-02, 706.73258, 0.19700E+06
  223900,2026-09-22T20:50:02.571+02:00, 0.285E-02, 707.02140, 0.19713E+06
  224000,2026-09-22T20:50:13.766+02:00, 0.281E-02, 707.31044, 0.19727E+06
  224100,2026-09-22T20:50:25.178+02:00, 0.317E-02, 707.60564, 0.19740E+06
  224200,2026-09-22T20:50:36.807+02:00, 0.258E-02, 707.88185, 0.19754E+06
  224300,2026-09-22T20:50:47.973+02:00, 0.274E-02, 708.18421, 0.19767E+06
  224400,2026-09-22T20:50:59.392+02:00, 0.302E-02, 708.47989, 0.19780E+06
  224500,2026-09-22T20:51:10.409+02:00, 0.258E-02, 708.77212, 0.19793E+06
  224600,2026-09-22T20:51:21.290+02:00, 0.293E-02, 709.05519, 0.19806E+06
  224700,2026-09-22T20:51:32.487+02:00, 0.263E-02, 709.33952, 0.19819E+06
  224800,2026-09-22T20:51:44.549+02:00, 0.298E-02, 709.62220, 0.19833E+06
  224900,2026-09-22T20:51:55.607+02:00, 0.314E-02, 709.92686, 0.19846E+06
  225000,2026-09-22T20:52:07.412+02:00, 0.288E-02, 710.21661, 0.19860E+06
  225100,2026-09-22T20:52:19.629+02:00, 0.285E-02, 710.50157, 0.19874E+06
  225200,2026-09-22T20:52:30.696+02:00, 0.301E-02, 710.80081, 0.19888E+06
  225300,2026-09-22T20:52:41.775+02:00, 0.296E-02, 711.09557, 0.19901E+06
  225400,2026-09-22T20:52:52.926+02:00, 0.286E-02, 711.41299, 0.19914E+06
  225500,2026-09-22T20:53:03.826+02:00, 0.305E-02, 711.71788, 0.19927E+06
  225600,2026-09-22T20:53:14.963+02:00, 0.265E-02, 712.02647, 0.19940E+06
  225700,2026-09-22T20:53:26.000+02:00, 0.282E-02, 712.31848, 0.19953E+06
  225800,2026-09-22T20:53:37.147+02:00, 0.271E-02, 712.61413, 0.19966E+06
  225900,2026-09-22T20:53:48.230+02:00, 0.298E-02, 712.90878, 0.19979E+06
  226000,2026-09-22T20:53:58.635+02:00, 0.298E-02, 713.20669, 0.19991E+06
  226100,2026-09-22T20:54:09.864+02:00, 0.302E-02, 713.50656, 0.20004E+06
  226200,2026-09-22T20:54:20.789+02:00, 0.325E-02, 713.81001, 0.20017E+06
  226300,2026-09-22T20:54:31.798+02:00, 0.299E-02, 714.11003, 0.20030E+06
  226400,2026-09-22T20:54:42.929+02:00, 0.267E-02, 714.40726, 0.20043E+06
  226500,2026-09-22T20:54:54.936+02:00, 0.312E-02, 714.71052, 0.20057E+06
  226600,2026-09-22T20:55:05.864+02:00, 0.280E-02, 715.00047, 0.20070E+06
  226700,2026-09-22T20:55:17.207+02:00, 0.308E-02, 715.30758, 0.20083E+06
  226800,2026-09-22T20:55:28.249+02:00, 0.270E-02, 715.60680, 0.20096E+06
  226900,2026-09-22T20:55:39.473+02:00, 0.327E-02, 715.90690, 0.20109E+06
  227000,2026-09-22T20:55:51.015+02:00, 0.303E-02, 716.21089, 0.20123E+06
  227100,2026-09-22T20:56:02.111+02:00, 0.292E-02, 716.51331, 0.20136E+06
  227200,2026-09-22T20:56:13.527+02:00, 0.281E-02, 716.83338, 0.20149E+06
  227300,2026-09-22T20:56:24.554+02:00, 0.296E-02, 717.12610, 0.20162E+06
  227400,2026-09-22T20:56:35.964+02:00, 0.314E-02, 717.42034, 0.20176E+06
  227500,2026-09-22T20:56:47.217+02:00, 0.293E-02, 717.72443, 0.20189E+06
  227600,2026-09-22T20:56:58.316+02:00, 0.238E-02, 718.01853, 0.20202E+06
  227700,2026-09-22T20:57:08.911+02:00, 0.307E-02, 718.31405, 0.20215E+06
  227800,2026-09-22T20:57:19.858+02:00, 0.307E-02, 718.62111, 0.20227E+06
  227900,2026-09-22T20:57:31.004+02:00, 0.301E-02, 718.91815, 0.20241E+06
  228000,2026-09-22T20:57:42.702+02:00, 0.283E-02, 719.20873, 0.20254E+06
  228100,2026-09-22T20:57:53.764+02:00, 0.328E-02, 719.50503, 0.20267E+06
  228200,2026-09-22T20:58:05.466+02:00, 0.293E-02, 719.81551, 0.20281E+06
  228300,2026-09-22T20:58:17.326+02:00, 0.257E-02, 720.10216, 0.20295E+06
  228400,2026-09-22T20:58:28.824+02:00, 0.302E-02, 720.40664, 0.20308E+06
  228500,2026-09-22T20:58:39.620+02:00, 0.308E-02, 720.70938, 0.20321E+06
  228600,2026-09-22T20:58:51.001+02:00, 0.270E-02, 721.01374, 0.20335E+06
  228700,2026-09-22T20:59:02.651+02:00, 0.276E-02, 721.29394, 0.20348E+06
  228800,2026-09-22T20:59:14.159+02:00, 0.298E-02, 721.57497, 0.20362E+06
  228900,2026-09-22T20:59:25.718+02:00, 0.294E-02, 721.86364, 0.20376E+06
  229000,2026-09-22T20:59:36.904+02:00, 0.297E-02, 722.15322, 0.20389E+06
  229100,2026-09-22T20:59:48.096+02:00, 0.301E-02, 722.44492, 0.20402E+06
  229200,2026-09-22T20:59:59.862+02:00, 0.312E-02, 722.73701, 0.20416E+06
  229300,2026-09-22T21:00:11.069+02:00, 0.289E-02, 723.02779, 0.20429E+06
  229400,2026-09-22T21:00:22.764+02:00, 0.285E-02, 723.31551, 0.20443E+06
  229500,2026-09-22T21:00:34.336+02:00, 0.300E-02, 723.59856, 0.20457E+06
  229600,2026-09-22T21:00:45.755+02:00, 0.308E-02, 723.89358, 0.20470E+06
  229700,2026-09-22T21:00:57.140+02:00, 0.309E-02, 724.19531, 0.20484E+06
  229800,2026-09-22T21:01:08.364+02:00, 0.292E-02, 724.48427, 0.20497E+06
  229900,2026-09-22T21:01:19.740+02:00, 0.312E-02, 724.78702, 0.20511E+06
  230000,2026-09-22T21:01:30.428+02:00, 0.314E-02, 725.08504, 0.20523E+06
  230100,2026-09-22T21:01:41.892+02:00, 0.297E-02, 725.37572, 0.20537E+06
  230200,2026-09-22T21:01:53.275+02:00, 0.330E-02, 725.68215, 0.20550E+06
  230300,2026-09-22T21:02:04.272+02:00, 0.304E-02, 725.98573, 0.20563E+06
  230400,2026-09-22T21:02:15.349+02:00, 0.320E-02, 726.29786, 0.20576E+06
  230500,2026-09-22T21:02:26.409+02:00, 0.279E-02, 726.60882, 0.20589E+06
  230600,2026-09-22T21:02:37.423+02:00, 0.265E-02, 726.90062, 0.20602E+06
  230700,2026-09-22T21:02:48.165+02:00, 0.302E-02, 727.18227, 0.20615E+06
  230800,2026-09-22T21:02:59.218+02:00, 0.300E-02, 727.48497, 0.20628E+06
  230900,2026-09-22T21:03:10.372+02:00, 0.314E-02, 727.79079, 0.20641E+06
  231000,2026-09-22T21:03:21.524+02:00, 0.303E-02, 728.09633, 0.20654E+06
  231100,2026-09-22T21:03:32.377+02:00, 0.288E-02, 728.38590, 0.20667E+06
  231200,2026-09-22T21:03:43.466+02:00, 0.306E-02, 728.67636, 0.20680E+06
  231300,2026-09-22T21:03:54.421+02:00, 0.297E-02, 728.96969, 0.20693E+06
  231400,2026-09-22T21:04:05.575+02:00, 0.307E-02, 729.26842, 0.20706E+06
  231500,2026-09-22T21:04:16.614+02:00, 0.295E-02, 729.56980, 0.20719E+06
  231600,2026-09-22T21:04:27.898+02:00, 0.313E-02, 729.87387, 0.20733E+06
  231700,2026-09-22T21:04:38.973+02:00, 0.302E-02, 730.16870, 0.20746E+06
  231800,2026-09-22T21:04:50.024+02:00, 0.257E-02, 730.47630, 0.20759E+06
  231900,2026-09-22T21:05:01.729+02:00, 0.271E-02, 730.76211, 0.20772E+06
  232000,2026-09-22T21:05:12.857+02:00, 0.257E-02, 731.05085, 0.20785E+06
  232100,2026-09-22T21:05:24.127+02:00, 0.302E-02, 731.34901, 0.20798E+06
  232200,2026-09-22T21:05:35.515+02:00, 0.302E-02, 731.65134, 0.20812E+06
  232300,2026-09-22T21:05:46.575+02:00, 0.298E-02, 731.94854, 0.20825E+06
  232400,2026-09-22T21:05:58.198+02:00, 0.290E-02, 732.24760, 0.20838E+06
  232500,2026-09-22T21:06:09.475+02:00, 0.300E-02, 732.53650, 0.20852E+06
  232600,2026-09-22T21:06:20.772+02:00, 0.298E-02, 732.84063, 0.20865E+06
  232700,2026-09-22T21:06:32.465+02:00, 0.322E-02, 733.13450, 0.20879E+06
  232800,2026-09-22T21:06:43.931+02:00, 0.281E-02, 733.43062, 0.20892E+06
  232900,2026-09-22T21:06:55.281+02:00, 0.264E-02, 733.71641, 0.20906E+06
  233000,2026-09-22T21:07:06.967+02:00, 0.269E-02, 733.99264, 0.20920E+06
  233100,2026-09-22T21:07:18.089+02:00, 0.277E-02, 734.28331, 0.20933E+06
  233200,2026-09-22T21:07:29.575+02:00, 0.302E-02, 734.56828, 0.20946E+06
  233300,2026-09-22T21:07:41.364+02:00, 0.304E-02, 734.85681, 0.20960E+06
  233400,2026-09-22T21:07:52.685+02:00, 0.278E-02, 735.13227, 0.20974E+06
  233500,2026-09-22T21:08:03.933+02:00, 0.317E-02, 735.41290, 0.20987E+06
  233600,2026-09-22T21:08:14.822+02:00, 0.269E-02, 735.70503, 0.21000E+06
  233700,2026-09-22T21:08:25.814+02:00, 0.270E-02, 735.99913, 0.21013E+06
  233800,2026-09-22T21:08:37.006+02:00, 0.285E-02, 736.28121, 0.21026E+06
  233900,2026-09-22T21:08:47.904+02:00, 0.303E-02, 736.57615, 0.21039E+06
  234000,2026-09-22T21:08:59.032+02:00, 0.312E-02, 736.87676, 0.21052E+06
  234100,2026-09-22T21:09:10.647+02:00, 0.295E-02, 737.18034, 0.21066E+06
  234200,2026-09-22T21:09:22.067+02:00, 0.303E-02, 737.47491, 0.21079E+06
  234300,2026-09-22T21:09:33.812+02:00, 0.281E-02, 737.75301, 0.21093E+06
  234400,2026-09-22T21:09:45.608+02:00, 0.283E-02, 738.02770, 0.21107E+06
  234500,2026-09-22T21:09:57.013+02:00, 0.283E-02, 738.30799, 0.21121E+06
  234600,2026-09-22T21:10:08.882+02:00, 0.287E-02, 738.58796, 0.21134E+06
  234700,2026-09-22T21:10:20.455+02:00, 0.296E-02, 738.87302, 0.21148E+06
  234800,2026-09-22T21:10:32.146+02:00, 0.295E-02, 739.15596, 0.21162E+06
  234900,2026-09-22T21:10:43.525+02:00, 0.285E-02, 739.44806, 0.21175E+06
  235000,2026-09-22T21:10:54.588+02:00, 0.257E-02, 739.73171, 0.21188E+06
  235100,2026-09-22T21:11:06.298+02:00, 0.286E-02, 740.00814, 0.21202E+06
  235200,2026-09-22T21:11:18.063+02:00, 0.296E-02, 740.29488, 0.21216E+06
  235300,2026-09-22T21:11:29.883+02:00, 0.297E-02, 740.57005, 0.21230E+06
  235400,2026-09-22T21:11:41.290+02:00, 0.294E-02, 740.85723, 0.21243E+06
  235500,2026-09-22T21:11:52.987+02:00, 0.295E-02, 741.13812, 0.21257E+06
  235600,2026-09-22T21:12:04.736+02:00, 0.292E-02, 741.42470, 0.21271E+06
  235700,2026-09-22T21:12:16.746+02:00, 0.279E-02, 741.70676, 0.21285E+06
  235800,2026-09-22T21:12:28.324+02:00, 0.280E-02, 741.98696, 0.21299E+06
  235900,2026-09-22T21:12:40.137+02:00, 0.299E-02, 742.28371, 0.21312E+06
  236000,2026-09-22T21:12:51.213+02:00, 0.289E-02, 742.57447, 0.21326E+06
  236100,2026-09-22T21:13:02.943+02:00, 0.272E-02, 742.85814, 0.21339E+06
  236200,2026-09-22T21:13:14.868+02:00, 0.287E-02, 743.14898, 0.21353E+06
  236300,2026-09-22T21:13:26.749+02:00, 0.306E-02, 743.43442, 0.21367E+06
  236400,2026-09-22T21:13:38.503+02:00, 0.288E-02, 743.71397, 0.21381E+06
  236500,2026-09-22T21:13:50.145+02:00, 0.290E-02, 744.01173, 0.21395E+06
  236600,2026-09-22T21:14:00.952+02:00, 0.295E-02, 744.30080, 0.21408E+06
  236700,2026-09-22T21:14:12.674+02:00, 0.278E-02, 744.58145, 0.21421E+06
  236800,2026-09-22T21:14:24.754+02:00, 0.255E-02, 744.86019, 0.21436E+06
  236900,2026-09-22T21:14:36.173+02:00, 0.282E-02, 745.14449, 0.21449E+06
  237000,2026-09-22T21:14:48.009+02:00, 0.296E-02, 745.42661, 0.21463E+06
  237100,2026-09-22T21:15:00.823+02:00, 0.264E-02, 745.72237, 0.21477E+06
  237200,2026-09-22T21:15:11.993+02:00, 0.284E-02, 745.99593, 0.21490E+06
  237300,2026-09-22T21:15:23.575+02:00, 0.299E-02, 746.28786, 0.21504E+06
  237400,2026-09-22T21:15:34.578+02:00, 0.295E-02, 746.57815, 0.21517E+06
  237500,2026-09-22T21:15:45.857+02:00, 0.318E-02, 746.87940, 0.21530E+06
  237600,2026-09-22T21:15:57.251+02:00, 0.286E-02, 747.17035, 0.21544E+06
  237700,2026-09-22T21:16:08.371+02:00, 0.287E-02, 747.45029, 0.21557E+06
  237800,2026-09-22T21:16:19.431+02:00, 0.254E-02, 747.73774, 0.21570E+06
  237900,2026-09-22T21:16:31.506+02:00, 0.284E-02, 748.01782, 0.21584E+06
  238000,2026-09-22T21:16:42.975+02:00, 0.295E-02, 748.30651, 0.21598E+06
  238100,2026-09-22T21:16:54.663+02:00, 0.295E-02, 748.59953, 0.21612E+06
  238200,2026-09-22T21:17:06.030+02:00, 0.293E-02, 748.88956, 0.21625E+06
  238300,2026-09-22T21:17:17.669+02:00, 0.271E-02, 749.17817, 0.21639E+06
  238400,2026-09-22T21:17:29.098+02:00, 0.299E-02, 749.47006, 0.21653E+06
  238500,2026-09-22T21:17:40.710+02:00, 0.291E-02, 749.76002, 0.21666E+06
  238600,2026-09-22T21:17:52.308+02:00, 0.298E-02, 750.04962, 0.21680E+06
  238700,2026-09-22T21:18:03.833+02:00, 0.280E-02, 750.33791, 0.21693E+06
  238800,2026-09-22T21:18:15.760+02:00, 0.295E-02, 750.62319, 0.21707E+06
  238900,2026-09-22T21:18:26.601+02:00, 0.281E-02, 750.91629, 0.21720E+06
  239000,2026-09-22T21:18:37.629+02:00, 0.296E-02, 751.20803, 0.21733E+06
  239100,2026-09-22T21:18:48.648+02:00, 0.256E-02, 751.48986, 0.21746E+06
  239200,2026-09-22T21:19:00.190+02:00, 0.261E-02, 751.77814, 0.21760E+06
  239300,2026-09-22T21:19:11.760+02:00, 0.285E-02, 752.07065, 0.21774E+06
  239400,2026-09-22T21:19:23.468+02:00, 0.295E-02, 752.35896, 0.21787E+06
  239500,2026-09-22T21:19:34.586+02:00, 0.288E-02, 752.64956, 0.21801E+06
  239600,2026-09-22T21:19:45.816+02:00, 0.285E-02, 752.92331, 0.21814E+06
  239700,2026-09-22T21:19:57.411+02:00, 0.276E-02, 753.20431, 0.21828E+06
  239800,2026-09-22T21:20:09.196+02:00, 0.286E-02, 753.48879, 0.21842E+06
  239900,2026-09-22T21:20:20.641+02:00, 0.286E-02, 753.77487, 0.21855E+06
  240000,2026-09-22T21:20:32.653+02:00, 0.246E-02, 754.05814, 0.21869E+06
  240100,2026-09-22T21:20:44.513+02:00, 0.305E-02, 754.34337, 0.21883E+06
  240200,2026-09-22T21:20:55.983+02:00, 0.287E-02, 754.62724, 0.21897E+06
  240300,2026-09-22T21:21:07.040+02:00, 0.279E-02, 754.91294, 0.21910E+06
  240400,2026-09-22T21:21:18.516+02:00, 0.292E-02, 755.19866, 0.21923E+06
  240500,2026-09-22T21:21:30.005+02:00, 0.275E-02, 755.48495, 0.21937E+06
  240600,2026-09-22T21:21:41.426+02:00, 0.283E-02, 755.76799, 0.21950E+06
  240700,2026-09-22T21:21:52.871+02:00, 0.291E-02, 756.05107, 0.21964E+06
  240800,2026-09-22T21:22:04.744+02:00, 0.302E-02, 756.34412, 0.21978E+06
  240900,2026-09-22T21:22:15.704+02:00, 0.306E-02, 756.63077, 0.21991E+06
  241000,2026-09-22T21:22:26.957+02:00, 0.291E-02, 756.92218, 0.22004E+06
  241100,2026-09-22T21:22:37.832+02:00, 0.303E-02, 757.21667, 0.22017E+06
  241200,2026-09-22T21:22:49.368+02:00, 0.295E-02, 757.51407, 0.22031E+06
  241300,2026-09-22T21:23:00.171+02:00, 0.328E-02, 757.80821, 0.22043E+06
  241400,2026-09-22T21:23:10.914+02:00, 0.298E-02, 758.11493, 0.22056E+06
  241500,2026-09-22T21:23:21.843+02:00, 0.290E-02, 758.41583, 0.22069E+06
  241600,2026-09-22T21:23:32.987+02:00, 0.303E-02, 758.71821, 0.22082E+06
  241700,2026-09-22T21:23:44.424+02:00, 0.265E-02, 759.01128, 0.22096E+06
  241800,2026-09-22T21:23:55.352+02:00, 0.307E-02, 759.31747, 0.22109E+06
  241900,2026-09-22T21:24:06.279+02:00, 0.291E-02, 759.61327, 0.22121E+06
  242000,2026-09-22T21:24:17.662+02:00, 0.315E-02, 759.89917, 0.22135E+06
  242100,2026-09-22T21:24:28.548+02:00, 0.315E-02, 760.21383, 0.22148E+06
  242200,2026-09-22T21:24:39.534+02:00, 0.284E-02, 760.49845, 0.22161E+06
  242300,2026-09-22T21:24:50.673+02:00, 0.309E-02, 760.79152, 0.22174E+06
  242400,2026-09-22T21:25:02.489+02:00, 0.292E-02, 761.08175, 0.22187E+06
  242500,2026-09-22T21:25:13.645+02:00, 0.317E-02, 761.37491, 0.22200E+06
  242600,2026-09-22T21:25:24.801+02:00, 0.267E-02, 761.67893, 0.22214E+06
  242700,2026-09-22T21:25:35.728+02:00, 0.298E-02, 761.96613, 0.22226E+06
  242800,2026-09-22T21:25:46.298+02:00, 0.287E-02, 762.27102, 0.22239E+06
  242900,2026-09-22T21:25:57.058+02:00, 0.294E-02, 762.57098, 0.22252E+06
  243000,2026-09-22T21:26:08.821+02:00, 0.302E-02, 762.86718, 0.22265E+06
  243100,2026-09-22T21:26:19.829+02:00, 0.301E-02, 763.16013, 0.22279E+06
  243200,2026-09-22T21:26:31.410+02:00, 0.259E-02, 763.46021, 0.22292E+06
  243300,2026-09-22T21:26:42.031+02:00, 0.300E-02, 763.74790, 0.22305E+06
  243400,2026-09-22T21:26:53.288+02:00, 0.295E-02, 764.03276, 0.22318E+06
  243500,2026-09-22T21:27:04.196+02:00, 0.293E-02, 764.32479, 0.22331E+06
  243600,2026-09-22T21:27:15.341+02:00, 0.300E-02, 764.61388, 0.22344E+06
  243700,2026-09-22T21:27:26.390+02:00, 0.284E-02, 764.91383, 0.22357E+06
  243800,2026-09-22T21:27:37.032+02:00, 0.312E-02, 765.22239, 0.22370E+06
  243900,2026-09-22T21:27:48.023+02:00, 0.298E-02, 765.51895, 0.22383E+06
  244000,2026-09-22T21:27:59.040+02:00, 0.286E-02, 765.81011, 0.22396E+06
  244100,2026-09-22T21:28:09.566+02:00, 0.303E-02, 766.09900, 0.22408E+06
  244200,2026-09-22T21:28:20.144+02:00, 0.286E-02, 766.40468, 0.22421E+06
  244300,2026-09-22T21:28:30.937+02:00, 0.286E-02, 766.69019, 0.22434E+06
  244400,2026-09-22T21:28:42.107+02:00, 0.309E-02, 766.97852, 0.22447E+06
  244500,2026-09-22T21:28:52.435+02:00, 0.288E-02, 767.27179, 0.22459E+06
  244600,2026-09-22T21:29:03.186+02:00, 0.313E-02, 767.56468, 0.22472E+06
  244700,2026-09-22T21:29:14.501+02:00, 0.294E-02, 767.86012, 0.22485E+06
  244800,2026-09-22T21:29:25.675+02:00, 0.286E-02, 768.15171, 0.22498E+06
  244900,2026-09-22T21:29:37.443+02:00, 0.292E-02, 768.43682, 0.22512E+06
  245000,2026-09-22T21:29:48.385+02:00, 0.311E-02, 768.73437, 0.22525E+06
  245100,2026-09-22T21:29:59.933+02:00, 0.278E-02, 769.01995, 0.22539E+06
  245200,2026-09-22T21:30:11.449+02:00, 0.271E-02, 769.30903, 0.22552E+06
  245300,2026-09-22T21:30:23.004+02:00, 0.298E-02, 769.59560, 0.22566E+06
  245400,2026-09-22T21:30:34.352+02:00, 0.287E-02, 769.88255, 0.22580E+06
  245500,2026-09-22T21:30:46.211+02:00, 0.287E-02, 770.16901, 0.22593E+06
  245600,2026-09-22T21:30:57.814+02:00, 0.303E-02, 770.46273, 0.22607E+06
  245700,2026-09-22T21:31:09.145+02:00, 0.286E-02, 770.75122, 0.22621E+06
  245800,2026-09-22T21:31:20.130+02:00, 0.305E-02, 771.05128, 0.22634E+06
  245900,2026-09-22T21:31:31.518+02:00, 0.326E-02, 771.34820, 0.22647E+06
  246000,2026-09-22T21:31:42.738+02:00, 0.272E-02, 771.64546, 0.22660E+06
  246100,2026-09-22T21:31:53.943+02:00, 0.296E-02, 771.93205, 0.22673E+06
  246200,2026-09-22T21:32:04.597+02:00, 0.308E-02, 772.22143, 0.22686E+06
  246300,2026-09-22T21:32:15.483+02:00, 0.292E-02, 772.51347, 0.22699E+06
  246400,2026-09-22T21:32:26.543+02:00, 0.321E-02, 772.81352, 0.22712E+06
  246500,2026-09-22T21:32:37.517+02:00, 0.293E-02, 773.09618, 0.22725E+06
  246600,2026-09-22T21:32:48.532+02:00, 0.306E-02, 773.38921, 0.22738E+06
  246700,2026-09-22T21:32:59.722+02:00, 0.263E-02, 773.67523, 0.22752E+06
  246800,2026-09-22T21:33:11.286+02:00, 0.281E-02, 773.95486, 0.22765E+06
  246900,2026-09-22T21:33:22.569+02:00, 0.263E-02, 774.23229, 0.22779E+06
  247000,2026-09-22T21:33:33.906+02:00, 0.299E-02, 774.51587, 0.22792E+06
  247100,2026-09-22T21:33:45.558+02:00, 0.288E-02, 774.81128, 0.22806E+06
  247200,2026-09-22T21:33:57.089+02:00, 0.272E-02, 775.09186, 0.22819E+06
  247300,2026-09-22T21:34:08.416+02:00, 0.285E-02, 775.37314, 0.22833E+06
  247400,2026-09-22T21:34:20.219+02:00, 0.289E-02, 775.65471, 0.22847E+06
  247500,2026-09-22T21:34:31.798+02:00, 0.252E-02, 775.92700, 0.22861E+06
  247600,2026-09-22T21:34:42.946+02:00, 0.265E-02, 776.20175, 0.22874E+06
  247700,2026-09-22T21:34:55.337+02:00, 0.284E-02, 776.47408, 0.22888E+06
  247800,2026-09-22T21:35:06.893+02:00, 0.288E-02, 776.75770, 0.22901E+06
  247900,2026-09-22T21:35:18.253+02:00, 0.242E-02, 777.03289, 0.22915E+06
  248000,2026-09-22T21:35:29.991+02:00, 0.302E-02, 777.32813, 0.22929E+06
  248100,2026-09-22T21:35:41.265+02:00, 0.302E-02, 777.62998, 0.22942E+06
  248200,2026-09-22T21:35:52.462+02:00, 0.268E-02, 777.92139, 0.22956E+06
  248300,2026-09-22T21:36:04.290+02:00, 0.274E-02, 778.19903, 0.22970E+06
  248400,2026-09-22T21:36:15.525+02:00, 0.308E-02, 778.48336, 0.22983E+06
  248500,2026-09-22T21:36:26.533+02:00, 0.270E-02, 778.76883, 0.22996E+06
  248600,2026-09-22T21:36:38.069+02:00, 0.294E-02, 779.05505, 0.23010E+06
  248700,2026-09-22T21:36:49.368+02:00, 0.277E-02, 779.34987, 0.23023E+06
  248800,2026-09-22T21:37:00.295+02:00, 0.294E-02, 779.64220, 0.23036E+06
  248900,2026-09-22T21:37:11.498+02:00, 0.284E-02, 779.92193, 0.23050E+06
  249000,2026-09-22T21:37:23.250+02:00, 0.293E-02, 780.21162, 0.23063E+06
  249100,2026-09-22T21:37:34.557+02:00, 0.283E-02, 780.49527, 0.23077E+06
  249200,2026-09-22T21:37:46.324+02:00, 0.261E-02, 780.76261, 0.23090E+06
  249300,2026-09-22T21:37:58.094+02:00, 0.289E-02, 781.04677, 0.23104E+06
  249400,2026-09-22T21:38:09.239+02:00, 0.308E-02, 781.35382, 0.23117E+06
  249500,2026-09-22T21:38:19.709+02:00, 0.304E-02, 781.63893, 0.23130E+06
  249600,2026-09-22T21:38:30.837+02:00, 0.272E-02, 781.92196, 0.23143E+06
  249700,2026-09-22T21:38:42.602+02:00, 0.307E-02, 782.20882, 0.23157E+06
  249800,2026-09-22T21:38:53.795+02:00, 0.270E-02, 782.48677, 0.23170E+06
  249900,2026-09-22T21:39:04.851+02:00, 0.310E-02, 782.77588, 0.23183E+06
  250000,2026-09-22T21:39:16.307+02:00, 0.280E-02, 783.07199, 0.23197E+06
  250100,2026-09-22T21:39:27.690+02:00, 0.247E-02, 783.35058, 0.23210E+06
  250200,2026-09-22T21:39:39.402+02:00, 0.273E-02, 783.62702, 0.23224E+06
  250300,2026-09-22T21:39:50.921+02:00, 0.303E-02, 783.92134, 0.23238E+06
  250400,2026-09-22T21:40:02.208+02:00, 0.267E-02, 784.21908, 0.23251E+06
  250500,2026-09-22T21:40:13.442+02:00, 0.284E-02, 784.50392, 0.23264E+06
  250600,2026-09-22T21:40:24.619+02:00, 0.282E-02, 784.78382, 0.23278E+06
  250700,2026-09-22T21:40:36.505+02:00, 0.294E-02, 785.06023, 0.23291E+06
  250800,2026-09-22T21:40:47.482+02:00, 0.285E-02, 785.34547, 0.23305E+06
  250900,2026-09-22T21:40:58.913+02:00, 0.265E-02, 785.62375, 0.23318E+06
  251000,2026-09-22T21:41:09.800+02:00, 0.298E-02, 785.91244, 0.23331E+06
  251100,2026-09-22T21:41:21.007+02:00, 0.248E-02, 786.19034, 0.23344E+06
  251200,2026-09-22T21:41:32.480+02:00, 0.288E-02, 786.47393, 0.23358E+06
  251300,2026-09-22T21:41:43.730+02:00, 0.287E-02, 786.75040, 0.23371E+06
  251400,2026-09-22T21:41:54.818+02:00, 0.288E-02, 787.04282, 0.23384E+06
  251500,2026-09-22T21:42:06.316+02:00, 0.276E-02, 787.32445, 0.23398E+06
  251600,2026-09-22T21:42:17.300+02:00, 0.286E-02, 787.59891, 0.23411E+06
  251700,2026-09-22T21:42:28.667+02:00, 0.286E-02, 787.88312, 0.23425E+06
  251800,2026-09-22T21:42:39.866+02:00, 0.311E-02, 788.18555, 0.23438E+06
  251900,2026-09-22T21:42:50.576+02:00, 0.306E-02, 788.49437, 0.23451E+06
  252000,2026-09-22T21:43:01.540+02:00, 0.290E-02, 788.79166, 0.23464E+06
  252100,2026-09-22T21:43:12.321+02:00, 0.290E-02, 789.08197, 0.23477E+06
  252200,2026-09-22T21:43:24.034+02:00, 0.296E-02, 789.37240, 0.23490E+06
  252300,2026-09-22T21:43:35.574+02:00, 0.278E-02, 789.66456, 0.23504E+06
  252400,2026-09-22T21:43:46.373+02:00, 0.305E-02, 789.95815, 0.23517E+06
  252500,2026-09-22T21:43:57.504+02:00, 0.267E-02, 790.23552, 0.23530E+06
  252600,2026-09-22T21:44:08.929+02:00, 0.296E-02, 790.51551, 0.23543E+06
  252700,2026-09-22T21:44:20.380+02:00, 0.275E-02, 790.80014, 0.23557E+06
  252800,2026-09-22T21:44:31.142+02:00, 0.282E-02, 791.08337, 0.23570E+06
  252900,2026-09-22T21:44:41.862+02:00, 0.306E-02, 791.37795, 0.23583E+06
  253000,2026-09-22T21:44:52.690+02:00, 0.298E-02, 791.67450, 0.23595E+06
  253100,2026-09-22T21:45:04.133+02:00, 0.314E-02, 791.95857, 0.23609E+06
  253200,2026-09-22T21:45:15.693+02:00, 0.295E-02, 792.25270, 0.23622E+06
  253300,2026-09-22T21:45:27.256+02:00, 0.287E-02, 792.54051, 0.23636E+06
  253400,2026-09-22T21:45:38.607+02:00, 0.290E-02, 792.82293, 0.23649E+06
  253500,2026-09-22T21:45:50.028+02:00, 0.281E-02, 793.10542, 0.23663E+06
  253600,2026-09-22T21:46:01.554+02:00, 0.292E-02, 793.39773, 0.23677E+06
  253700,2026-09-22T21:46:12.794+02:00, 0.299E-02, 793.68621, 0.23690E+06
  253800,2026-09-22T21:46:23.885+02:00, 0.298E-02, 793.97291, 0.23703E+06
  253900,2026-09-22T21:46:34.447+02:00, 0.327E-02, 794.27075, 0.23716E+06
  254000,2026-09-22T21:46:44.872+02:00, 0.309E-02, 794.57470, 0.23728E+06
  254100,2026-09-22T21:46:55.689+02:00, 0.298E-02, 794.85692, 0.23741E+06
  254200,2026-09-22T21:47:06.467+02:00, 0.322E-02, 795.15524, 0.23754E+06
  254300,2026-09-22T21:47:17.184+02:00, 0.296E-02, 795.45882, 0.23767E+06
  254400,2026-09-22T21:47:28.166+02:00, 0.307E-02, 795.75126, 0.23780E+06
  254500,2026-09-22T21:47:39.265+02:00, 0.291E-02, 796.04064, 0.23793E+06
  254600,2026-09-22T21:47:49.790+02:00, 0.274E-02, 796.32868, 0.23805E+06
  254700,2026-09-22T21:48:00.823+02:00, 0.293E-02, 796.61788, 0.23818E+06
  254800,2026-09-22T21:48:11.565+02:00, 0.304E-02, 796.90444, 0.23831E+06
  254900,2026-09-22T21:48:22.529+02:00, 0.293E-02, 797.19255, 0.23844E+06
  255000,2026-09-22T21:48:33.360+02:00, 0.319E-02, 797.47834, 0.23857E+06
  255100,2026-09-22T21:48:44.021+02:00, 0.303E-02, 797.76462, 0.23870E+06
  255200,2026-09-22T21:48:55.138+02:00, 0.295E-02, 798.06482, 0.23883E+06
  255300,2026-09-22T21:49:05.775+02:00, 0.317E-02, 798.37176, 0.23896E+06
  255400,2026-09-22T21:49:15.961+02:00, 0.303E-02, 798.67090, 0.23908E+06
  255500,2026-09-22T21:49:26.376+02:00, 0.296E-02, 798.96852, 0.23920E+06
  255600,2026-09-22T21:49:37.240+02:00, 0.301E-02, 799.25928, 0.23933E+06
  255700,2026-09-22T21:49:48.175+02:00, 0.278E-02, 799.55160, 0.23946E+06
  255800,2026-09-22T21:49:59.257+02:00, 0.304E-02, 799.84623, 0.23959E+06
  255900,2026-09-22T21:50:10.909+02:00, 0.285E-02, 800.13517, 0.23973E+06
  256000,2026-09-22T21:50:21.492+02:00, 0.309E-02, 800.42852, 0.23986E+06
  256100,2026-09-22T21:50:32.397+02:00, 0.305E-02, 800.72355, 0.23999E+06
  256200,2026-09-22T21:50:42.992+02:00, 0.298E-02, 801.02463, 0.24011E+06
  256300,2026-09-22T21:50:53.772+02:00, 0.291E-02, 801.31185, 0.24024E+06
  256400,2026-09-22T21:51:04.696+02:00, 0.259E-02, 801.61060, 0.24037E+06
  256500,2026-09-22T21:51:15.474+02:00, 0.300E-02, 801.90900, 0.24050E+06
  256600,2026-09-22T21:51:25.950+02:00, 0.297E-02, 802.20594, 0.24062E+06
  256700,2026-09-22T21:51:36.750+02:00, 0.316E-02, 802.50201, 0.24075E+06
  256800,2026-09-22T21:51:47.611+02:00, 0.308E-02, 802.81481, 0.24088E+06
  256900,2026-09-22T21:51:58.727+02:00, 0.316E-02, 803.11575, 0.24101E+06
  257000,2026-09-22T21:52:09.367+02:00, 0.303E-02, 803.41089, 0.24114E+06
  257100,2026-09-22T21:52:20.150+02:00, 0.275E-02, 803.69392, 0.24127E+06
  257200,2026-09-22T21:52:30.558+02:00, 0.295E-02, 803.99449, 0.24139E+06
  257300,2026-09-22T21:52:40.912+02:00, 0.278E-02, 804.27582, 0.24151E+06
  257400,2026-09-22T21:52:51.298+02:00, 0.263E-02, 804.56047, 0.24164E+06
  257500,2026-09-22T21:53:01.761+02:00, 0.289E-02, 804.84929, 0.24176E+06
  257600,2026-09-22T21:53:12.505+02:00, 0.259E-02, 805.13690, 0.24189E+06
  257700,2026-09-22T21:53:23.098+02:00, 0.305E-02, 805.42614, 0.24202E+06
  257800,2026-09-22T21:53:33.851+02:00, 0.296E-02, 805.71970, 0.24214E+06
  257900,2026-09-22T21:53:44.103+02:00, 0.283E-02, 806.00149, 0.24227E+06
  258000,2026-09-22T21:53:54.863+02:00, 0.290E-02, 806.28822, 0.24240E+06
  258100,2026-09-22T21:54:05.946+02:00, 0.258E-02, 806.58003, 0.24253E+06
  258200,2026-09-22T21:54:16.843+02:00, 0.312E-02, 806.87246, 0.24266E+06
  258300,2026-09-22T21:54:27.845+02:00, 0.306E-02, 807.18012, 0.24279E+06
  258400,2026-09-22T21:54:38.179+02:00, 0.295E-02, 807.47639, 0.24291E+06
  258500,2026-09-22T21:54:48.793+02:00, 0.321E-02, 807.76671, 0.24303E+06
  258600,2026-09-22T21:54:59.887+02:00, 0.299E-02, 808.06162, 0.24316E+06
  258700,2026-09-22T21:55:10.357+02:00, 0.319E-02, 808.35622, 0.24329E+06
  258800,2026-09-22T21:55:21.277+02:00, 0.257E-02, 808.65059, 0.24342E+06
  258900,2026-09-22T21:55:32.088+02:00, 0.304E-02, 808.94762, 0.24354E+06
  259000,2026-09-22T21:55:42.949+02:00, 0.292E-02, 809.24785, 0.24367E+06
  259100,2026-09-22T21:55:53.466+02:00, 0.283E-02, 809.54287, 0.24380E+06
  259200,2026-09-22T21:56:04.099+02:00, 0.296E-02, 809.83450, 0.24393E+06
  259300,2026-09-22T21:56:15.289+02:00, 0.283E-02, 810.11469, 0.24406E+06
  259400,2026-09-22T21:56:26.256+02:00, 0.300E-02, 810.40757, 0.24419E+06
  259500,2026-09-22T21:56:37.404+02:00, 0.279E-02, 810.68868, 0.24432E+06
  259600,2026-09-22T21:56:48.327+02:00, 0.310E-02, 810.96785, 0.24446E+06
  259700,2026-09-22T21:56:59.390+02:00, 0.298E-02, 811.25105, 0.24459E+06
  259800,2026-09-22T21:57:10.336+02:00, 0.307E-02, 811.54846, 0.24472E+06
  259900,2026-09-22T21:57:20.805+02:00, 0.262E-02, 811.83563, 0.24484E+06
  260000,2026-09-22T21:57:31.617+02:00, 0.317E-02, 812.15200, 0.24497E+06
  260100,2026-09-22T21:57:42.197+02:00, 0.302E-02, 812.45152, 0.24510E+06
  260200,2026-09-22T21:57:52.978+02:00, 0.287E-02, 812.74332, 0.24523E+06
  260300,2026-09-22T21:58:03.677+02:00, 0.294E-02, 813.02555, 0.24535E+06
  260400,2026-09-22T21:58:14.801+02:00, 0.259E-02, 813.31722, 0.24548E+06
  260500,2026-09-22T21:58:25.378+02:00, 0.280E-02, 813.60846, 0.24561E+06
  260600,2026-09-22T21:58:36.442+02:00, 0.279E-02, 813.90044, 0.24574E+06
  260700,2026-09-22T21:58:47.885+02:00, 0.297E-02, 814.18715, 0.24588E+06
  260800,2026-09-22T21:58:59.267+02:00, 0.291E-02, 814.47188, 0.24601E+06
  260900,2026-09-22T21:59:10.202+02:00, 0.289E-02, 814.75860, 0.24614E+06
  261000,2026-09-22T21:59:21.321+02:00, 0.262E-02, 815.04703, 0.24628E+06
  261100,2026-09-22T21:59:32.352+02:00, 0.297E-02, 815.33808, 0.24641E+06
  261200,2026-09-22T21:59:43.257+02:00, 0.293E-02, 815.61889, 0.24654E+06
  261300,2026-09-22T21:59:54.081+02:00, 0.258E-02, 815.92409, 0.24667E+06
  261400,2026-09-22T22:00:04.782+02:00, 0.250E-02, 816.21029, 0.24679E+06
  261500,2026-09-22T22:00:15.956+02:00, 0.302E-02, 816.50341, 0.24693E+06
  261600,2026-09-22T22:00:26.923+02:00, 0.286E-02, 816.79596, 0.24706E+06
  261700,2026-09-22T22:00:37.724+02:00, 0.288E-02, 817.07753, 0.24719E+06
  261800,2026-09-22T22:00:48.528+02:00, 0.317E-02, 817.38094, 0.24731E+06
  261900,2026-09-22T22:00:59.193+02:00, 0.306E-02, 817.68682, 0.24744E+06
  262000,2026-09-22T22:01:09.731+02:00, 0.298E-02, 817.97345, 0.24757E+06
  262100,2026-09-22T22:01:20.377+02:00, 0.298E-02, 818.27151, 0.24769E+06
  262200,2026-09-22T22:01:30.899+02:00, 0.287E-02, 818.56120, 0.24782E+06
  262300,2026-09-22T22:01:41.207+02:00, 0.311E-02, 818.84319, 0.24794E+06
  262400,2026-09-22T22:01:51.732+02:00, 0.266E-02, 819.11732, 0.24807E+06
  262500,2026-09-22T22:02:02.288+02:00, 0.288E-02, 819.40096, 0.24819E+06
  262600,2026-09-22T22:02:12.916+02:00, 0.305E-02, 819.70091, 0.24832E+06
  262700,2026-09-22T22:02:23.957+02:00, 0.301E-02, 819.99375, 0.24845E+06
  262800,2026-09-22T22:02:34.951+02:00, 0.301E-02, 820.28081, 0.24858E+06
  262900,2026-09-22T22:02:45.575+02:00, 0.320E-02, 820.58064, 0.24871E+06
  263000,2026-09-22T22:02:55.785+02:00, 0.311E-02, 820.88661, 0.24883E+06
  263100,2026-09-22T22:03:06.029+02:00, 0.269E-02, 821.18502, 0.24895E+06
  263200,2026-09-22T22:03:16.416+02:00, 0.282E-02, 821.49942, 0.24908E+06
  263300,2026-09-22T22:03:27.194+02:00, 0.301E-02, 821.78630, 0.24921E+06
  263400,2026-09-22T22:03:37.856+02:00, 0.327E-02, 822.08381, 0.24933E+06
  263500,2026-09-22T22:03:48.445+02:00, 0.293E-02, 822.37979, 0.24946E+06
  263600,2026-09-22T22:03:59.205+02:00, 0.285E-02, 822.66243, 0.24959E+06
  263700,2026-09-22T22:04:09.991+02:00, 0.259E-02, 822.95294, 0.24972E+06
  263800,2026-09-22T22:04:20.439+02:00, 0.307E-02, 823.23702, 0.24984E+06
  263900,2026-09-22T22:04:30.875+02:00, 0.319E-02, 823.52594, 0.24997E+06
  264000,2026-09-22T22:04:41.567+02:00, 0.307E-02, 823.81451, 0.25009E+06
  264100,2026-09-22T22:04:52.995+02:00, 0.296E-02, 824.10804, 0.25023E+06
  264200,2026-09-22T22:05:03.849+02:00, 0.290E-02, 824.39889, 0.25036E+06
  264300,2026-09-22T22:05:14.540+02:00, 0.270E-02, 824.68796, 0.25048E+06
  264400,2026-09-22T22:05:25.381+02:00, 0.295E-02, 824.98351, 0.25061E+06
  264500,2026-09-22T22:05:36.366+02:00, 0.304E-02, 825.28350, 0.25074E+06
  264600,2026-09-22T22:05:47.311+02:00, 0.299E-02, 825.58229, 0.25087E+06
  264700,2026-09-22T22:05:58.194+02:00, 0.324E-02, 825.87700, 0.25100E+06
  264800,2026-09-22T22:06:08.901+02:00, 0.294E-02, 826.16905, 0.25113E+06
  264900,2026-09-22T22:06:19.365+02:00, 0.294E-02, 826.46343, 0.25125E+06
  265000,2026-09-22T22:06:29.832+02:00, 0.303E-02, 826.76387, 0.25138E+06
  265100,2026-09-22T22:06:40.204+02:00, 0.298E-02, 827.06130, 0.25150E+06
  265200,2026-09-22T22:06:50.743+02:00, 0.314E-02, 827.36331, 0.25163E+06
  265300,2026-09-22T22:07:01.476+02:00, 0.292E-02, 827.66782, 0.25176E+06
  265400,2026-09-22T22:07:11.963+02:00, 0.270E-02, 827.96203, 0.25188E+06
  265500,2026-09-22T22:07:22.429+02:00, 0.297E-02, 828.25830, 0.25201E+06
  265600,2026-09-22T22:07:33.600+02:00, 0.305E-02, 828.53964, 0.25214E+06
  265700,2026-09-22T22:07:44.090+02:00, 0.295E-02, 828.82895, 0.25226E+06
  265800,2026-09-22T22:07:54.688+02:00, 0.280E-02, 829.12843, 0.25239E+06
  265900,2026-09-22T22:08:05.461+02:00, 0.300E-02, 829.42550, 0.25252E+06
  266000,2026-09-22T22:08:15.935+02:00, 0.311E-02, 829.71519, 0.25264E+06
  266100,2026-09-22T22:08:26.904+02:00, 0.300E-02, 830.01381, 0.25277E+06
  266200,2026-09-22T22:08:37.361+02:00, 0.291E-02, 830.31754, 0.25290E+06
  266300,2026-09-22T22:08:47.914+02:00, 0.321E-02, 830.62534, 0.25302E+06
  266400,2026-09-22T22:08:58.257+02:00, 0.311E-02, 830.92901, 0.25315E+06
  266500,2026-09-22T22:09:08.626+02:00, 0.291E-02, 831.21829, 0.25327E+06
  266600,2026-09-22T22:09:19.225+02:00, 0.316E-02, 831.52669, 0.25340E+06
  266700,2026-09-22T22:09:29.837+02:00, 0.272E-02, 831.82520, 0.25353E+06
  266800,2026-09-22T22:09:40.555+02:00, 0.322E-02, 832.13484, 0.25365E+06
  266900,2026-09-22T22:09:51.103+02:00, 0.261E-02, 832.39996, 0.25378E+06
  267000,2026-09-22T22:10:01.982+02:00, 0.303E-02, 832.68838, 0.25391E+06
  267100,2026-09-22T22:10:12.522+02:00, 0.324E-02, 832.99488, 0.25404E+06
  267200,2026-09-22T22:10:22.921+02:00, 0.317E-02, 833.28457, 0.25416E+06
  267300,2026-09-22T22:10:33.691+02:00, 0.298E-02, 833.58905, 0.25429E+06
  267400,2026-09-22T22:10:44.063+02:00, 0.294E-02, 833.88420, 0.25441E+06
  267500,2026-09-22T22:10:54.408+02:00, 0.294E-02, 834.17813, 0.25454E+06
  267600,2026-09-22T22:11:05.041+02:00, 0.289E-02, 834.48123, 0.25466E+06
  267700,2026-09-22T22:11:15.713+02:00, 0.268E-02, 834.77561, 0.25479E+06
  267800,2026-09-22T22:11:26.187+02:00, 0.256E-02, 835.06405, 0.25491E+06
  267900,2026-09-22T22:11:37.204+02:00, 0.304E-02, 835.35828, 0.25505E+06
  268000,2026-09-22T22:11:47.813+02:00, 0.291E-02, 835.64698, 0.25517E+06
  268100,2026-09-22T22:11:58.348+02:00, 0.279E-02, 835.94980, 0.25530E+06
  268200,2026-09-22T22:12:08.867+02:00, 0.299E-02, 836.24795, 0.25542E+06
  268300,2026-09-22T22:12:19.316+02:00, 0.276E-02, 836.54283, 0.25555E+06
  268400,2026-09-22T22:12:29.947+02:00, 0.303E-02, 836.84518, 0.25568E+06
  268500,2026-09-22T22:12:40.484+02:00, 0.300E-02, 837.14518, 0.25580E+06
  268600,2026-09-22T22:12:50.721+02:00, 0.287E-02, 837.44359, 0.25592E+06
  268700,2026-09-22T22:13:01.294+02:00, 0.309E-02, 837.74493, 0.25605E+06
  268800,2026-09-22T22:13:12.001+02:00, 0.304E-02, 838.03733, 0.25618E+06
  268900,2026-09-22T22:13:22.350+02:00, 0.296E-02, 838.33418, 0.25630E+06
  269000,2026-09-22T22:13:33.080+02:00, 0.291E-02, 838.62535, 0.25643E+06
  269100,2026-09-22T22:13:43.937+02:00, 0.302E-02, 838.92183, 0.25656E+06
  269200,2026-09-22T22:13:54.766+02:00, 0.280E-02, 839.21784, 0.25669E+06
  269300,2026-09-22T22:14:05.644+02:00, 0.295E-02, 839.51319, 0.25682E+06
  269400,2026-09-22T22:14:16.662+02:00, 0.291E-02, 839.79683, 0.25695E+06
  269500,2026-09-22T22:14:28.063+02:00, 0.295E-02, 840.08843, 0.25709E+06
  269600,2026-09-22T22:14:39.070+02:00, 0.291E-02, 840.37743, 0.25722E+06
  269700,2026-09-22T22:14:50.406+02:00, 0.290E-02, 840.65804, 0.25735E+06
  269800,2026-09-22T22:15:01.829+02:00, 0.297E-02, 840.95220, 0.25749E+06
  269900,2026-09-22T22:15:12.775+02:00, 0.299E-02, 841.24724, 0.25762E+06
  270000,2026-09-22T22:15:23.410+02:00, 0.294E-02, 841.54221, 0.25774E+06
  270100,2026-09-22T22:15:34.191+02:00, 0.271E-02, 841.82194, 0.25787E+06
  270200,2026-09-22T22:15:44.897+02:00, 0.298E-02, 842.11793, 0.25800E+06
  270300,2026-09-22T22:15:55.794+02:00, 0.283E-02, 842.40076, 0.25813E+06
  270400,2026-09-22T22:16:06.554+02:00, 0.306E-02, 842.70380, 0.25826E+06
  270500,2026-09-22T22:16:17.440+02:00, 0.320E-02, 843.00995, 0.25839E+06
  270600,2026-09-22T22:16:28.310+02:00, 0.296E-02, 843.29944, 0.25852E+06
  270700,2026-09-22T22:16:39.240+02:00, 0.294E-02, 843.59209, 0.25865E+06
  270800,2026-09-22T22:16:50.228+02:00, 0.269E-02, 843.87688, 0.25878E+06
  270900,2026-09-22T22:17:01.251+02:00, 0.310E-02, 844.16670, 0.25891E+06
  271000,2026-09-22T22:17:11.823+02:00, 0.298E-02, 844.46155, 0.25904E+06
  271100,2026-09-22T22:17:22.528+02:00, 0.286E-02, 844.76431, 0.25916E+06
  271200,2026-09-22T22:17:32.949+02:00, 0.306E-02, 845.07132, 0.25929E+06
  271300,2026-09-22T22:17:43.858+02:00, 0.328E-02, 845.36923, 0.25942E+06
  271400,2026-09-22T22:17:54.628+02:00, 0.296E-02, 845.67137, 0.25955E+06
  271500,2026-09-22T22:18:05.235+02:00, 0.286E-02, 845.95589, 0.25968E+06
  271600,2026-09-22T22:18:15.648+02:00, 0.304E-02, 846.23806, 0.25980E+06
  271700,2026-09-22T22:18:25.991+02:00, 0.298E-02, 846.53513, 0.25992E+06
  271800,2026-09-22T22:18:36.355+02:00, 0.298E-02, 846.83327, 0.26005E+06
  271900,2026-09-22T22:18:46.798+02:00, 0.309E-02, 847.12801, 0.26017E+06
  272000,2026-09-22T22:18:57.545+02:00, 0.294E-02, 847.42431, 0.26030E+06
  272100,2026-09-22T22:19:08.003+02:00, 0.274E-02, 847.72359, 0.26043E+06
  272200,2026-09-22T22:19:18.620+02:00, 0.317E-02, 848.01113, 0.26055E+06
  272300,2026-09-22T22:19:29.355+02:00, 0.283E-02, 848.31129, 0.26068E+06
  272400,2026-09-22T22:19:40.362+02:00, 0.284E-02, 848.59292, 0.26081E+06
  272500,2026-09-22T22:19:50.773+02:00, 0.268E-02, 848.88654, 0.26094E+06
  272600,2026-09-22T22:20:01.399+02:00, 0.320E-02, 849.17291, 0.26106E+06
  272700,2026-09-22T22:20:11.626+02:00, 0.299E-02, 849.47075, 0.26118E+06
  272800,2026-09-22T22:20:21.893+02:00, 0.290E-02, 849.77145, 0.26131E+06
  272900,2026-09-22T22:20:32.205+02:00, 0.307E-02, 850.07993, 0.26143E+06
  273000,2026-09-22T22:20:43.156+02:00, 0.286E-02, 850.37780, 0.26156E+06
  273100,2026-09-22T22:20:53.795+02:00, 0.302E-02, 850.67791, 0.26169E+06
  273200,2026-09-22T22:21:04.263+02:00, 0.309E-02, 850.96768, 0.26181E+06
  273300,2026-09-22T22:21:15.021+02:00, 0.299E-02, 851.26809, 0.26194E+06
  273400,2026-09-22T22:21:25.537+02:00, 0.319E-02, 851.57656, 0.26207E+06
  273500,2026-09-22T22:21:36.076+02:00, 0.286E-02, 851.87701, 0.26219E+06
  273600,2026-09-22T22:21:46.591+02:00, 0.283E-02, 852.15690, 0.26232E+06
  273700,2026-09-22T22:21:57.520+02:00, 0.236E-02, 852.43317, 0.26245E+06
  273800,2026-09-22T22:22:08.234+02:00, 0.289E-02, 852.71585, 0.26258E+06
  273900,2026-09-22T22:22:18.708+02:00, 0.300E-02, 853.00733, 0.26270E+06
  274000,2026-09-22T22:22:29.650+02:00, 0.300E-02, 853.30735, 0.26283E+06
  274100,2026-09-22T22:22:40.644+02:00, 0.267E-02, 853.59557, 0.26296E+06
  274200,2026-09-22T22:22:51.783+02:00, 0.283E-02, 853.87756, 0.26310E+06
  274300,2026-09-22T22:23:02.840+02:00, 0.285E-02, 854.16248, 0.26323E+06
  274400,2026-09-22T22:23:13.746+02:00, 0.266E-02, 854.44915, 0.26336E+06
  274500,2026-09-22T22:23:24.514+02:00, 0.292E-02, 854.73733, 0.26349E+06
  274600,2026-09-22T22:23:35.492+02:00, 0.288E-02, 855.01271, 0.26362E+06
  274700,2026-09-22T22:23:46.068+02:00, 0.275E-02, 855.30137, 0.26375E+06
  274800,2026-09-22T22:23:56.779+02:00, 0.284E-02, 855.58509, 0.26387E+06
  274900,2026-09-22T22:24:07.065+02:00, 0.302E-02, 855.86401, 0.26400E+06
  275000,2026-09-22T22:24:18.016+02:00, 0.305E-02, 856.15731, 0.26413E+06
  275100,2026-09-22T22:24:28.978+02:00, 0.274E-02, 856.44043, 0.26426E+06
  275200,2026-09-22T22:24:39.668+02:00, 0.287E-02, 856.71825, 0.26439E+06
  275300,2026-09-22T22:24:50.269+02:00, 0.316E-02, 857.00958, 0.26451E+06
  275400,2026-09-22T22:25:01.072+02:00, 0.302E-02, 857.30372, 0.26464E+06
  275500,2026-09-22T22:25:11.532+02:00, 0.306E-02, 857.60128, 0.26476E+06
  275600,2026-09-22T22:25:22.091+02:00, 0.297E-02, 857.89903, 0.26489E+06
  275700,2026-09-22T22:25:32.581+02:00, 0.318E-02, 858.20243, 0.26501E+06
  275800,2026-09-22T22:25:43.367+02:00, 0.321E-02, 858.51072, 0.26514E+06
  275900,2026-09-22T22:25:53.854+02:00, 0.305E-02, 858.81881, 0.26527E+06
  276000,2026-09-22T22:26:04.528+02:00, 0.272E-02, 859.11574, 0.26540E+06
  276100,2026-09-22T22:26:15.124+02:00, 0.271E-02, 859.39945, 0.26552E+06
  276200,2026-09-22T22:26:25.890+02:00, 0.295E-02, 859.69090, 0.26565E+06
  276300,2026-09-22T22:26:37.069+02:00, 0.307E-02, 859.98910, 0.26578E+06
  276400,2026-09-22T22:26:48.159+02:00, 0.301E-02, 860.28409, 0.26592E+06
  276500,2026-09-22T22:26:58.732+02:00, 0.303E-02, 860.56880, 0.26604E+06
  276600,2026-09-22T22:27:09.342+02:00, 0.321E-02, 860.86430, 0.26617E+06
  276700,2026-09-22T22:27:19.892+02:00, 0.304E-02, 861.16463, 0.26630E+06
  276800,2026-09-22T22:27:30.390+02:00, 0.303E-02, 861.47480, 0.26642E+06
  276900,2026-09-22T22:27:41.031+02:00, 0.271E-02, 861.77058, 0.26655E+06
  277000,2026-09-22T22:27:51.585+02:00, 0.313E-02, 862.06552, 0.26667E+06
  277100,2026-09-22T22:28:02.163+02:00, 0.325E-02, 862.38157, 0.26680E+06
  277200,2026-09-22T22:28:12.497+02:00, 0.286E-02, 862.67576, 0.26692E+06
  277300,2026-09-22T22:28:22.963+02:00, 0.273E-02, 862.97497, 0.26705E+06
  277400,2026-09-22T22:28:33.440+02:00, 0.294E-02, 863.27291, 0.26717E+06
  277500,2026-09-22T22:28:43.922+02:00, 0.311E-02, 863.57061, 0.26730E+06
  277600,2026-09-22T22:28:54.456+02:00, 0.272E-02, 863.87204, 0.26743E+06
  277700,2026-09-22T22:29:04.586+02:00, 0.299E-02, 864.16867, 0.26755E+06
  277800,2026-09-22T22:29:15.187+02:00, 0.294E-02, 864.46434, 0.26767E+06
  277900,2026-09-22T22:29:25.752+02:00, 0.297E-02, 864.75458, 0.26780E+06
  278000,2026-09-22T22:29:36.323+02:00, 0.297E-02, 865.05183, 0.26793E+06
  278100,2026-09-22T22:29:47.009+02:00, 0.290E-02, 865.33890, 0.26805E+06
  278200,2026-09-22T22:29:57.239+02:00, 0.290E-02, 865.62931, 0.26817E+06
  278300,2026-09-22T22:30:07.686+02:00, 0.268E-02, 865.93356, 0.26830E+06
  278400,2026-09-22T22:30:17.964+02:00, 0.324E-02, 866.23667, 0.26842E+06
  278500,2026-09-22T22:30:28.739+02:00, 0.303E-02, 866.54819, 0.26855E+06
  278600,2026-09-22T22:30:39.189+02:00, 0.333E-02, 866.85274, 0.26868E+06
  278700,2026-09-22T22:30:49.667+02:00, 0.297E-02, 867.14878, 0.26880E+06
  278800,2026-09-22T22:31:00.015+02:00, 0.316E-02, 867.43508, 0.26893E+06
  278900,2026-09-22T22:31:10.501+02:00, 0.290E-02, 867.72738, 0.26905E+06
  279000,2026-09-22T22:31:21.048+02:00, 0.305E-02, 868.02228, 0.26918E+06
  279100,2026-09-22T22:31:31.630+02:00, 0.299E-02, 868.33252, 0.26930E+06
  279200,2026-09-22T22:31:42.216+02:00, 0.299E-02, 868.63137, 0.26943E+06
  279300,2026-09-22T22:31:53.028+02:00, 0.301E-02, 868.92682, 0.26956E+06
  279400,2026-09-22T22:32:03.687+02:00, 0.296E-02, 869.22343, 0.26969E+06
  279500,2026-09-22T22:32:14.124+02:00, 0.288E-02, 869.51613, 0.26981E+06
  279600,2026-09-22T22:32:24.840+02:00, 0.309E-02, 869.81446, 0.26994E+06
  279700,2026-09-22T22:32:35.600+02:00, 0.275E-02, 870.11055, 0.27007E+06
  279800,2026-09-22T22:32:45.952+02:00, 0.268E-02, 870.40089, 0.27019E+06
  279900,2026-09-22T22:32:56.508+02:00, 0.316E-02, 870.69468, 0.27032E+06
  280000,2026-09-22T22:33:06.974+02:00, 0.307E-02, 871.00114, 0.27044E+06
  280100,2026-09-22T22:33:17.533+02:00, 0.321E-02, 871.29672, 0.27057E+06
  280200,2026-09-22T22:33:28.220+02:00, 0.279E-02, 871.58058, 0.27069E+06
  280300,2026-09-22T22:33:38.753+02:00, 0.277E-02, 871.86887, 0.27082E+06
  280400,2026-09-22T22:33:49.331+02:00, 0.277E-02, 872.14828, 0.27095E+06
  280500,2026-09-22T22:33:59.898+02:00, 0.290E-02, 872.44356, 0.27107E+06
  280600,2026-09-22T22:34:10.302+02:00, 0.254E-02, 872.72974, 0.27120E+06
  280700,2026-09-22T22:34:21.105+02:00, 0.260E-02, 873.01937, 0.27133E+06
  280800,2026-09-22T22:34:31.898+02:00, 0.305E-02, 873.31780, 0.27145E+06
  280900,2026-09-22T22:34:42.281+02:00, 0.295E-02, 873.60977, 0.27158E+06
  281000,2026-09-22T22:34:53.076+02:00, 0.292E-02, 873.89953, 0.27170E+06
  281100,2026-09-22T22:35:03.441+02:00, 0.286E-02, 874.18257, 0.27183E+06
  281200,2026-09-22T22:35:14.126+02:00, 0.292E-02, 874.46506, 0.27196E+06
  281300,2026-09-22T22:35:24.596+02:00, 0.294E-02, 874.74553, 0.27208E+06
  281400,2026-09-22T22:35:35.376+02:00, 0.286E-02, 875.03514, 0.27221E+06
  281500,2026-09-22T22:35:45.938+02:00, 0.302E-02, 875.33531, 0.27234E+06
  281600,2026-09-22T22:35:56.418+02:00, 0.296E-02, 875.62807, 0.27246E+06
  281700,2026-09-22T22:36:06.909+02:00, 0.296E-02, 875.92452, 0.27259E+06
  281800,2026-09-22T22:36:17.526+02:00, 0.281E-02, 876.22930, 0.27271E+06
  281900,2026-09-22T22:36:27.935+02:00, 0.303E-02, 876.52068, 0.27284E+06
  282000,2026-09-22T22:36:38.426+02:00, 0.323E-02, 876.81883, 0.27296E+06
  282100,2026-09-22T22:36:48.879+02:00, 0.308E-02, 877.12359, 0.27309E+06
  282200,2026-09-22T22:36:59.262+02:00, 0.294E-02, 877.41393, 0.27321E+06
  282300,2026-09-22T22:37:10.030+02:00, 0.284E-02, 877.72063, 0.27334E+06
  282400,2026-09-22T22:37:20.588+02:00, 0.301E-02, 878.01956, 0.27347E+06
  282500,2026-09-22T22:37:31.072+02:00, 0.256E-02, 878.30686, 0.27359E+06
  282600,2026-09-22T22:37:41.585+02:00, 0.288E-02, 878.59564, 0.27372E+06
  282700,2026-09-22T22:37:52.068+02:00, 0.299E-02, 878.87298, 0.27384E+06
  282800,2026-09-22T22:38:02.724+02:00, 0.294E-02, 879.16666, 0.27397E+06
  282900,2026-09-22T22:38:13.308+02:00, 0.265E-02, 879.46024, 0.27410E+06
  283000,2026-09-22T22:38:23.578+02:00, 0.320E-02, 879.75208, 0.27422E+06
  283100,2026-09-22T22:38:34.211+02:00, 0.246E-02, 880.06229, 0.27435E+06
  283200,2026-09-22T22:38:44.827+02:00, 0.258E-02, 880.35065, 0.27447E+06
  283300,2026-09-22T22:38:55.228+02:00, 0.272E-02, 880.63810, 0.27460E+06
  283400,2026-09-22T22:39:05.755+02:00, 0.290E-02, 880.92132, 0.27472E+06
  283500,2026-09-22T22:39:16.085+02:00, 0.303E-02, 881.21630, 0.27485E+06
  283600,2026-09-22T22:39:26.451+02:00, 0.298E-02, 881.51609, 0.27497E+06
  283700,2026-09-22T22:39:36.946+02:00, 0.291E-02, 881.81449, 0.27510E+06
  283800,2026-09-22T22:39:47.421+02:00, 0.295E-02, 882.11031, 0.27522E+06
  283900,2026-09-22T22:39:57.897+02:00, 0.291E-02, 882.39803, 0.27535E+06
  284000,2026-09-22T22:40:08.400+02:00, 0.302E-02, 882.69472, 0.27547E+06
  284100,2026-09-22T22:40:18.844+02:00, 0.296E-02, 882.97933, 0.27560E+06
  284200,2026-09-22T22:40:29.449+02:00, 0.279E-02, 883.27995, 0.27572E+06
  284300,2026-09-22T22:40:39.883+02:00, 0.292E-02, 883.57981, 0.27585E+06
  284400,2026-09-22T22:40:50.422+02:00, 0.321E-02, 883.88467, 0.27597E+06
  284500,2026-09-22T22:41:00.953+02:00, 0.277E-02, 884.18707, 0.27610E+06
  284600,2026-09-22T22:41:11.500+02:00, 0.300E-02, 884.48028, 0.27622E+06
  284700,2026-09-22T22:41:22.118+02:00, 0.305E-02, 884.77268, 0.27635E+06
  284800,2026-09-22T22:41:32.540+02:00, 0.254E-02, 885.06569, 0.27648E+06
  284900,2026-09-22T22:41:43.293+02:00, 0.289E-02, 885.34514, 0.27661E+06
  285000,2026-09-22T22:41:54.126+02:00, 0.282E-02, 885.61874, 0.27673E+06
  285100,2026-09-22T22:42:04.944+02:00, 0.279E-02, 885.89438, 0.27686E+06
  285200,2026-09-22T22:42:15.498+02:00, 0.300E-02, 886.17812, 0.27699E+06
  285300,2026-09-22T22:42:26.269+02:00, 0.305E-02, 886.46551, 0.27712E+06
  285400,2026-09-22T22:42:36.634+02:00, 0.274E-02, 886.75984, 0.27724E+06
  285500,2026-09-22T22:42:46.999+02:00, 0.296E-02, 887.05371, 0.27737E+06
  285600,2026-09-22T22:42:57.657+02:00, 0.263E-02, 887.33841, 0.27749E+06
  285700,2026-09-22T22:43:08.339+02:00, 0.297E-02, 887.62804, 0.27762E+06
  285800,2026-09-22T22:43:19.068+02:00, 0.266E-02, 887.92822, 0.27775E+06
  285900,2026-09-22T22:43:29.832+02:00, 0.287E-02, 888.21639, 0.27788E+06
  286000,2026-09-22T22:43:40.865+02:00, 0.266E-02, 888.50543, 0.27801E+06
  286100,2026-09-22T22:43:51.880+02:00, 0.267E-02, 888.78961, 0.27814E+06
  286200,2026-09-22T22:44:02.826+02:00, 0.309E-02, 889.07269, 0.27827E+06
  286300,2026-09-22T22:44:13.906+02:00, 0.297E-02, 889.35472, 0.27840E+06
  286400,2026-09-22T22:44:25.070+02:00, 0.300E-02, 889.63804, 0.27854E+06
  286500,2026-09-22T22:44:36.343+02:00, 0.278E-02, 889.92700, 0.27867E+06
  286600,2026-09-22T22:44:47.518+02:00, 0.271E-02, 890.20746, 0.27880E+06
  286700,2026-09-22T22:44:58.661+02:00, 0.311E-02, 890.49943, 0.27893E+06
  286800,2026-09-22T22:45:09.741+02:00, 0.281E-02, 890.78461, 0.27907E+06
  286900,2026-09-22T22:45:20.534+02:00, 0.268E-02, 891.07889, 0.27920E+06
  287000,2026-09-22T22:45:31.050+02:00, 0.294E-02, 891.37193, 0.27932E+06
  287100,2026-09-22T22:45:41.615+02:00, 0.287E-02, 891.66706, 0.27945E+06
  287200,2026-09-22T22:45:52.392+02:00, 0.297E-02, 891.95350, 0.27958E+06
  287300,2026-09-22T22:46:03.265+02:00, 0.266E-02, 892.23486, 0.27971E+06
  287400,2026-09-22T22:46:13.520+02:00, 0.296E-02, 892.52486, 0.27983E+06
  287500,2026-09-22T22:46:23.903+02:00, 0.296E-02, 892.82096, 0.27995E+06
  287600,2026-09-22T22:46:34.758+02:00, 0.316E-02, 893.11430, 0.28008E+06
  287700,2026-09-22T22:46:45.979+02:00, 0.261E-02, 893.40687, 0.28022E+06
  287800,2026-09-22T22:46:56.840+02:00, 0.308E-02, 893.71303, 0.28035E+06
  287900,2026-09-22T22:47:07.865+02:00, 0.309E-02, 893.99848, 0.28048E+06
  288000,2026-09-22T22:47:18.783+02:00, 0.297E-02, 894.29880, 0.28061E+06
  288100,2026-09-22T22:47:29.808+02:00, 0.299E-02, 894.57681, 0.28074E+06
  288200,2026-09-22T22:47:40.536+02:00, 0.294E-02, 894.87723, 0.28087E+06
  288300,2026-09-22T22:47:51.538+02:00, 0.273E-02, 895.17528, 0.28100E+06
  288400,2026-09-22T22:48:02.173+02:00, 0.291E-02, 895.46521, 0.28113E+06
  288500,2026-09-22T22:48:12.642+02:00, 0.285E-02, 895.74753, 0.28125E+06
  288600,2026-09-22T22:48:23.695+02:00, 0.297E-02, 896.03588, 0.28138E+06
  288700,2026-09-22T22:48:34.496+02:00, 0.284E-02, 896.33807, 0.28151E+06
  288800,2026-09-22T22:48:45.049+02:00, 0.297E-02, 896.62889, 0.28164E+06
  288900,2026-09-22T22:48:55.616+02:00, 0.284E-02, 896.91421, 0.28176E+06
  289000,2026-09-22T22:49:06.133+02:00, 0.302E-02, 897.20022, 0.28189E+06
  289100,2026-09-22T22:49:16.600+02:00, 0.301E-02, 897.48658, 0.28201E+06
  289200,2026-09-22T22:49:27.203+02:00, 0.239E-02, 897.76664, 0.28214E+06
  289300,2026-09-22T22:49:37.726+02:00, 0.307E-02, 898.06451, 0.28227E+06
  289400,2026-09-22T22:49:48.177+02:00, 0.297E-02, 898.36080, 0.28239E+06
  289500,2026-09-22T22:49:58.657+02:00, 0.317E-02, 898.65306, 0.28252E+06
  289600,2026-09-22T22:50:09.104+02:00, 0.303E-02, 898.95130, 0.28264E+06
  289700,2026-09-22T22:50:19.392+02:00, 0.280E-02, 899.22266, 0.28276E+06
  289800,2026-09-22T22:50:30.093+02:00, 0.300E-02, 899.50939, 0.28289E+06
  289900,2026-09-22T22:50:40.586+02:00, 0.292E-02, 899.79989, 0.28302E+06
  290000,2026-09-22T22:50:51.741+02:00, 0.279E-02, 900.10637, 0.28315E+06
  290100,2026-09-22T22:51:02.749+02:00, 0.287E-02, 900.39069, 0.28328E+06
  290200,2026-09-22T22:51:13.647+02:00, 0.301E-02, 900.68683, 0.28341E+06
  290300,2026-09-22T22:51:24.780+02:00, 0.248E-02, 900.96457, 0.28354E+06
  290400,2026-09-22T22:51:35.543+02:00, 0.285E-02, 901.24598, 0.28367E+06
  290500,2026-09-22T22:51:46.252+02:00, 0.287E-02, 901.52708, 0.28380E+06
  290600,2026-09-22T22:51:56.834+02:00, 0.276E-02, 901.81744, 0.28393E+06
  290700,2026-09-22T22:52:07.350+02:00, 0.298E-02, 902.11419, 0.28405E+06
  290800,2026-09-22T22:52:17.769+02:00, 0.313E-02, 902.42547, 0.28418E+06
  290900,2026-09-22T22:52:28.141+02:00, 0.307E-02, 902.72771, 0.28430E+06
  291000,2026-09-22T22:52:38.322+02:00, 0.266E-02, 903.02260, 0.28442E+06
  291100,2026-09-22T22:52:48.600+02:00, 0.293E-02, 903.31359, 0.28455E+06
  291200,2026-09-22T22:52:59.025+02:00, 0.314E-02, 903.60948, 0.28467E+06
  291300,2026-09-22T22:53:09.574+02:00, 0.279E-02, 903.90464, 0.28480E+06
  291400,2026-09-22T22:53:19.916+02:00, 0.264E-02, 904.20166, 0.28492E+06
  291500,2026-09-22T22:53:30.554+02:00, 0.294E-02, 904.48684, 0.28505E+06
  291600,2026-09-22T22:53:41.163+02:00, 0.279E-02, 904.77257, 0.28517E+06
  291700,2026-09-22T22:53:51.810+02:00, 0.280E-02, 905.06560, 0.28530E+06
  291800,2026-09-22T22:54:02.803+02:00, 0.292E-02, 905.35885, 0.28543E+06
  291900,2026-09-22T22:54:13.995+02:00, 0.305E-02, 905.64102, 0.28557E+06
  292000,2026-09-22T22:54:25.218+02:00, 0.283E-02, 905.93199, 0.28570E+06
  292100,2026-09-22T22:54:36.246+02:00, 0.288E-02, 906.21949, 0.28583E+06
  292200,2026-09-22T22:54:47.415+02:00, 0.254E-02, 906.49923, 0.28596E+06
  292300,2026-09-22T22:54:58.991+02:00, 0.276E-02, 906.77238, 0.28610E+06
  292400,2026-09-22T22:55:10.081+02:00, 0.292E-02, 907.05425, 0.28623E+06
  292500,2026-09-22T22:55:21.204+02:00, 0.311E-02, 907.34660, 0.28636E+06
  292600,2026-09-22T22:55:31.824+02:00, 0.304E-02, 907.62954, 0.28649E+06
  292700,2026-09-22T22:55:42.830+02:00, 0.268E-02, 907.92065, 0.28662E+06
  292800,2026-09-22T22:55:53.283+02:00, 0.291E-02, 908.20389, 0.28675E+06
  292900,2026-09-22T22:56:03.866+02:00, 0.304E-02, 908.50450, 0.28687E+06
  293000,2026-09-22T22:56:14.492+02:00, 0.301E-02, 908.80329, 0.28700E+06
  293100,2026-09-22T22:56:25.537+02:00, 0.299E-02, 909.09345, 0.28713E+06
  293200,2026-09-22T22:56:36.216+02:00, 0.306E-02, 909.39060, 0.28726E+06
  293300,2026-09-22T22:56:46.929+02:00, 0.299E-02, 909.68972, 0.28739E+06
  293400,2026-09-22T22:56:57.680+02:00, 0.305E-02, 909.97502, 0.28752E+06
  293500,2026-09-22T22:57:08.238+02:00, 0.285E-02, 910.26266, 0.28764E+06
  293600,2026-09-22T22:57:18.857+02:00, 0.286E-02, 910.54691, 0.28777E+06
  293700,2026-09-22T22:57:29.827+02:00, 0.305E-02, 910.83428, 0.28790E+06
  293800,2026-09-22T22:57:40.186+02:00, 0.287E-02, 911.12194, 0.28802E+06
  293900,2026-09-22T22:57:50.685+02:00, 0.291E-02, 911.40730, 0.28815E+06
  294000,2026-09-22T22:58:01.411+02:00, 0.286E-02, 911.69221, 0.28828E+06
  294100,2026-09-22T22:58:11.955+02:00, 0.304E-02, 911.97544, 0.28840E+06
  294200,2026-09-22T22:58:22.688+02:00, 0.299E-02, 912.27452, 0.28853E+06
  294300,2026-09-22T22:58:33.644+02:00, 0.276E-02, 912.55530, 0.28866E+06
  294400,2026-09-22T22:58:44.330+02:00, 0.295E-02, 912.85282, 0.28879E+06
  294500,2026-09-22T22:58:55.029+02:00, 0.294E-02, 913.14180, 0.28892E+06
  294600,2026-09-22T22:59:06.208+02:00, 0.265E-02, 913.43178, 0.28905E+06
  294700,2026-09-22T22:59:17.058+02:00, 0.288E-02, 913.71552, 0.28918E+06
  294800,2026-09-22T22:59:27.701+02:00, 0.283E-02, 914.00389, 0.28931E+06
  294900,2026-09-22T22:59:38.502+02:00, 0.259E-02, 914.29819, 0.28944E+06
  295000,2026-09-22T22:59:49.174+02:00, 0.291E-02, 914.59746, 0.28957E+06
  295100,2026-09-22T22:59:59.705+02:00, 0.274E-02, 914.89188, 0.28969E+06
  295200,2026-09-22T23:00:10.193+02:00, 0.294E-02, 915.18054, 0.28982E+06
  295300,2026-09-22T23:00:20.775+02:00, 0.290E-02, 915.46977, 0.28994E+06
  295400,2026-09-22T23:00:31.290+02:00, 0.286E-02, 915.76447, 0.29007E+06
  295500,2026-09-22T23:00:41.975+02:00, 0.291E-02, 916.06242, 0.29020E+06
  295600,2026-09-22T23:00:52.485+02:00, 0.280E-02, 916.35071, 0.29032E+06
  295700,2026-09-22T23:01:03.041+02:00, 0.285E-02, 916.63373, 0.29045E+06
  295800,2026-09-22T23:01:13.611+02:00, 0.277E-02, 916.91766, 0.29057E+06
  295900,2026-09-22T23:01:24.089+02:00, 0.288E-02, 917.21346, 0.29070E+06
  296000,2026-09-22T23:01:34.578+02:00, 0.300E-02, 917.50405, 0.29083E+06
  296100,2026-09-22T23:01:45.120+02:00, 0.313E-02, 917.79483, 0.29095E+06
  296200,2026-09-22T23:01:55.620+02:00, 0.310E-02, 918.10072, 0.29108E+06
  296300,2026-09-22T23:02:06.465+02:00, 0.294E-02, 918.39580, 0.29121E+06
  296400,2026-09-22T23:02:17.084+02:00, 0.307E-02, 918.70080, 0.29133E+06
  296500,2026-09-22T23:02:27.741+02:00, 0.295E-02, 919.00037, 0.29146E+06
  296600,2026-09-22T23:02:38.437+02:00, 0.325E-02, 919.30577, 0.29159E+06
  296700,2026-09-22T23:02:49.215+02:00, 0.296E-02, 919.60186, 0.29172E+06
  296800,2026-09-22T23:02:59.759+02:00, 0.288E-02, 919.88890, 0.29184E+06
  296900,2026-09-22T23:03:10.311+02:00, 0.310E-02, 920.18707, 0.29197E+06
  297000,2026-09-22T23:03:20.875+02:00, 0.318E-02, 920.48330, 0.29209E+06
  297100,2026-09-22T23:03:31.905+02:00, 0.292E-02, 920.77084, 0.29223E+06
  297200,2026-09-22T23:03:42.661+02:00, 0.276E-02, 921.06320, 0.29235E+06
  297300,2026-09-22T23:03:53.592+02:00, 0.281E-02, 921.34547, 0.29249E+06
  297400,2026-09-22T23:04:04.629+02:00, 0.292E-02, 921.63890, 0.29262E+06
  297500,2026-09-22T23:04:15.259+02:00, 0.292E-02, 921.93133, 0.29274E+06
  297600,2026-09-22T23:04:26.036+02:00, 0.280E-02, 922.22231, 0.29287E+06
  297700,2026-09-22T23:04:36.549+02:00, 0.270E-02, 922.51980, 0.29300E+06
  297800,2026-09-22T23:04:46.983+02:00, 0.297E-02, 922.81368, 0.29312E+06
  297900,2026-09-22T23:04:58.163+02:00, 0.301E-02, 923.10973, 0.29325E+06
  298000,2026-09-22T23:05:08.999+02:00, 0.261E-02, 923.39678, 0.29338E+06
  298100,2026-09-22T23:05:19.498+02:00, 0.284E-02, 923.67864, 0.29351E+06
  298200,2026-09-22T23:05:29.769+02:00, 0.272E-02, 923.96302, 0.29363E+06
  298300,2026-09-22T23:05:40.205+02:00, 0.299E-02, 924.25728, 0.29375E+06
  298400,2026-09-22T23:05:50.672+02:00, 0.317E-02, 924.55041, 0.29388E+06
  298500,2026-09-22T23:06:01.431+02:00, 0.293E-02, 924.84544, 0.29401E+06
  298600,2026-09-22T23:06:12.058+02:00, 0.292E-02, 925.14384, 0.29414E+06
  298700,2026-09-22T23:06:22.646+02:00, 0.281E-02, 925.44350, 0.29426E+06
  298800,2026-09-22T23:06:33.150+02:00, 0.305E-02, 925.73879, 0.29439E+06
  298900,2026-09-22T23:06:43.512+02:00, 0.299E-02, 926.03618, 0.29451E+06
  299000,2026-09-22T23:06:53.891+02:00, 0.324E-02, 926.33829, 0.29463E+06
  299100,2026-09-22T23:07:04.384+02:00, 0.310E-02, 926.64393, 0.29476E+06
  299200,2026-09-22T23:07:14.914+02:00, 0.293E-02, 926.94286, 0.29489E+06
  299300,2026-09-22T23:07:25.284+02:00, 0.322E-02, 927.23618, 0.29501E+06
  299400,2026-09-22T23:07:35.704+02:00, 0.311E-02, 927.54526, 0.29513E+06
  299500,2026-09-22T23:07:46.193+02:00, 0.277E-02, 927.84748, 0.29526E+06
  299600,2026-09-22T23:07:56.545+02:00, 0.269E-02, 928.14480, 0.29538E+06
  299700,2026-09-22T23:08:06.991+02:00, 0.296E-02, 928.44044, 0.29551E+06
  299800,2026-09-22T23:08:17.439+02:00, 0.260E-02, 928.73894, 0.29563E+06
  299900,2026-09-22T23:08:27.818+02:00, 0.270E-02, 929.03889, 0.29576E+06
  300000,2026-09-22T23:08:38.313+02:00, 0.289E-02, 929.32402, 0.29588E+06
  300100,2026-09-22T23:08:48.696+02:00, 0.318E-02, 929.62132, 0.29601E+06
  300200,2026-09-22T23:08:58.982+02:00, 0.304E-02, 929.91908, 0.29613E+06
  300300,2026-09-22T23:09:10.038+02:00, 0.292E-02, 930.20935, 0.29626E+06
  300400,2026-09-22T23:09:20.836+02:00, 0.317E-02, 930.50547, 0.29639E+06
  300500,2026-09-22T23:09:31.534+02:00, 0.278E-02, 930.78820, 0.29652E+06
  300600,2026-09-22T23:09:41.865+02:00, 0.300E-02, 931.07567, 0.29664E+06
  300700,2026-09-22T23:09:52.392+02:00, 0.262E-02, 931.37252, 0.29677E+06
  300800,2026-09-22T23:10:02.982+02:00, 0.317E-02, 931.66818, 0.29689E+06
  300900,2026-09-22T23:10:13.704+02:00, 0.285E-02, 931.95626, 0.29702E+06
  301000,2026-09-22T23:10:24.536+02:00, 0.310E-02, 932.25718, 0.29715E+06
  301100,2026-09-22T23:10:35.273+02:00, 0.305E-02, 932.55755, 0.29728E+06
  301200,2026-09-22T23:10:46.392+02:00, 0.259E-02, 932.85124, 0.29741E+06
  301300,2026-09-22T23:10:56.833+02:00, 0.309E-02, 933.14820, 0.29754E+06
  301400,2026-09-22T23:11:07.538+02:00, 0.276E-02, 933.44540, 0.29766E+06
  301500,2026-09-22T23:11:18.326+02:00, 0.299E-02, 933.74437, 0.29779E+06
  301600,2026-09-22T23:11:28.623+02:00, 0.292E-02, 934.04229, 0.29792E+06
  301700,2026-09-22T23:11:39.122+02:00, 0.309E-02, 934.35392, 0.29804E+06
  301800,2026-09-22T23:11:49.701+02:00, 0.303E-02, 934.65438, 0.29817E+06
  301900,2026-09-22T23:12:00.345+02:00, 0.303E-02, 934.95699, 0.29830E+06
  302000,2026-09-22T23:12:10.868+02:00, 0.305E-02, 935.25092, 0.29842E+06
  302100,2026-09-22T23:12:21.515+02:00, 0.290E-02, 935.54043, 0.29855E+06
  302200,2026-09-22T23:12:32.085+02:00, 0.300E-02, 935.83222, 0.29867E+06
  302300,2026-09-22T23:12:42.630+02:00, 0.310E-02, 936.12256, 0.29880E+06
  302400,2026-09-22T23:12:53.472+02:00, 0.301E-02, 936.41778, 0.29893E+06
  302500,2026-09-22T23:13:04.136+02:00, 0.287E-02, 936.70453, 0.29906E+06
  302600,2026-09-22T23:13:15.040+02:00, 0.305E-02, 937.00839, 0.29919E+06
  302700,2026-09-22T23:13:25.543+02:00, 0.292E-02, 937.28366, 0.29931E+06
  302800,2026-09-22T23:13:36.107+02:00, 0.289E-02, 937.57575, 0.29944E+06
  302900,2026-09-22T23:13:46.977+02:00, 0.293E-02, 937.86453, 0.29957E+06
  303000,2026-09-22T23:13:57.541+02:00, 0.299E-02, 938.15189, 0.29970E+06
  303100,2026-09-22T23:14:07.941+02:00, 0.295E-02, 938.44826, 0.29982E+06
  303200,2026-09-22T23:14:18.382+02:00, 0.289E-02, 938.74284, 0.29994E+06
  303300,2026-09-22T23:14:29.070+02:00, 0.298E-02, 939.03305, 0.30007E+06
  303400,2026-09-22T23:14:39.646+02:00, 0.310E-02, 939.31730, 0.30020E+06
  303500,2026-09-22T23:14:49.993+02:00, 0.300E-02, 939.61587, 0.30032E+06
  303600,2026-09-22T23:15:01.528+02:00, 0.282E-02, 939.90181, 0.30045E+06
  303700,2026-09-22T23:15:12.157+02:00, 0.270E-02, 940.18774, 0.30058E+06
  303800,2026-09-22T23:15:22.807+02:00, 0.291E-02, 940.47753, 0.30071E+06
  303900,2026-09-22T23:15:33.706+02:00, 0.284E-02, 940.76523, 0.30084E+06
  304000,2026-09-22T23:15:44.041+02:00, 0.287E-02, 941.05290, 0.30096E+06
  304100,2026-09-22T23:15:54.316+02:00, 0.267E-02, 941.33752, 0.30109E+06
  304200,2026-09-22T23:16:04.695+02:00, 0.296E-02, 941.62665, 0.30121E+06
  304300,2026-09-22T23:16:15.493+02:00, 0.313E-02, 941.91637, 0.30134E+06
  304400,2026-09-22T23:16:25.998+02:00, 0.307E-02, 942.21059, 0.30146E+06
  304500,2026-09-22T23:16:36.477+02:00, 0.299E-02, 942.50997, 0.30159E+06
  304600,2026-09-22T23:16:47.032+02:00, 0.322E-02, 942.81916, 0.30172E+06
  304700,2026-09-22T23:16:57.446+02:00, 0.289E-02, 943.11073, 0.30184E+06
  304800,2026-09-22T23:17:08.360+02:00, 0.271E-02, 943.39747, 0.30197E+06
  304900,2026-09-22T23:17:19.217+02:00, 0.307E-02, 943.69291, 0.30210E+06
  305000,2026-09-22T23:17:30.419+02:00, 0.301E-02, 943.98052, 0.30223E+06
  305100,2026-09-22T23:17:41.319+02:00, 0.283E-02, 944.26150, 0.30236E+06
  305200,2026-09-22T23:17:52.345+02:00, 0.287E-02, 944.53950, 0.30250E+06
  305300,2026-09-22T23:18:03.353+02:00, 0.272E-02, 944.82228, 0.30263E+06
  305400,2026-09-22T23:18:14.487+02:00, 0.309E-02, 945.11023, 0.30276E+06
  305500,2026-09-22T23:18:25.590+02:00, 0.282E-02, 945.39919, 0.30289E+06
  305600,2026-09-22T23:18:36.627+02:00, 0.280E-02, 945.68395, 0.30303E+06
  305700,2026-09-22T23:18:47.548+02:00, 0.302E-02, 945.97327, 0.30316E+06
  305800,2026-09-22T23:18:58.102+02:00, 0.230E-02, 946.25146, 0.30328E+06
  305900,2026-09-22T23:19:09.065+02:00, 0.286E-02, 946.52481, 0.30341E+06
  306000,2026-09-22T23:19:20.060+02:00, 0.285E-02, 946.79535, 0.30354E+06
  306100,2026-09-22T23:19:30.861+02:00, 0.303E-02, 947.08859, 0.30367E+06
  306200,2026-09-22T23:19:41.814+02:00, 0.285E-02, 947.36692, 0.30380E+06
  306300,2026-09-22T23:19:52.542+02:00, 0.285E-02, 947.65516, 0.30393E+06
  306400,2026-09-22T23:20:03.210+02:00, 0.278E-02, 947.94895, 0.30406E+06
  306500,2026-09-22T23:20:13.600+02:00, 0.301E-02, 948.24887, 0.30418E+06
  306600,2026-09-22T23:20:24.166+02:00, 0.315E-02, 948.53932, 0.30431E+06
  306700,2026-09-22T23:20:34.640+02:00, 0.302E-02, 948.83500, 0.30443E+06
  306800,2026-09-22T23:20:45.092+02:00, 0.280E-02, 949.13152, 0.30456E+06
  306900,2026-09-22T23:20:55.617+02:00, 0.307E-02, 949.42484, 0.30468E+06
  307000,2026-09-22T23:21:06.052+02:00, 0.301E-02, 949.72310, 0.30481E+06
  307100,2026-09-22T23:21:16.402+02:00, 0.293E-02, 950.01842, 0.30493E+06
  307200,2026-09-22T23:21:26.845+02:00, 0.312E-02, 950.32018, 0.30506E+06
  307300,2026-09-22T23:21:37.566+02:00, 0.307E-02, 950.62893, 0.30519E+06
  307400,2026-09-22T23:21:48.062+02:00, 0.285E-02, 950.92323, 0.30531E+06
  307500,2026-09-22T23:21:58.633+02:00, 0.254E-02, 951.21473, 0.30544E+06
  307600,2026-09-22T23:22:09.249+02:00, 0.258E-02, 951.50826, 0.30556E+06
  307700,2026-09-22T23:22:19.810+02:00, 0.302E-02, 951.79733, 0.30569E+06
  307800,2026-09-22T23:22:30.412+02:00, 0.299E-02, 952.09510, 0.30582E+06
  307900,2026-09-22T23:22:41.029+02:00, 0.309E-02, 952.39349, 0.30594E+06
  308000,2026-09-22T23:22:51.524+02:00, 0.313E-02, 952.69123, 0.30607E+06
  308100,2026-09-22T23:23:02.104+02:00, 0.259E-02, 952.97753, 0.30620E+06
  308200,2026-09-22T23:23:12.732+02:00, 0.297E-02, 953.26870, 0.30632E+06
  308300,2026-09-22T23:23:23.377+02:00, 0.316E-02, 953.56915, 0.30645E+06
  308400,2026-09-22T23:23:34.042+02:00, 0.297E-02, 953.87271, 0.30658E+06
  308500,2026-09-22T23:23:44.479+02:00, 0.299E-02, 954.16579, 0.30670E+06
  308600,2026-09-22T23:23:54.747+02:00, 0.299E-02, 954.46464, 0.30682E+06
  308700,2026-09-22T23:24:05.264+02:00, 0.294E-02, 954.75975, 0.30695E+06
  308800,2026-09-22T23:24:15.509+02:00, 0.256E-02, 955.04334, 0.30707E+06
  308900,2026-09-22T23:24:25.856+02:00, 0.305E-02, 955.33132, 0.30720E+06
  309000,2026-09-22T23:24:36.377+02:00, 0.272E-02, 955.61854, 0.30732E+06
  309100,2026-09-22T23:24:47.113+02:00, 0.300E-02, 955.91015, 0.30745E+06
  309200,2026-09-22T23:24:58.134+02:00, 0.289E-02, 956.19697, 0.30758E+06
  309300,2026-09-22T23:25:08.885+02:00, 0.295E-02, 956.48255, 0.30771E+06
  309400,2026-09-22T23:25:19.551+02:00, 0.263E-02, 956.77675, 0.30783E+06
  309500,2026-09-22T23:25:30.161+02:00, 0.314E-02, 957.07025, 0.30796E+06
  309600,2026-09-22T23:25:41.066+02:00, 0.269E-02, 957.36306, 0.30809E+06
  309700,2026-09-22T23:25:51.638+02:00, 0.265E-02, 957.65217, 0.30822E+06
  309800,2026-09-22T23:26:02.291+02:00, 0.309E-02, 957.93063, 0.30834E+06
  309900,2026-09-22T23:26:13.226+02:00, 0.309E-02, 958.23049, 0.30847E+06
  310000,2026-09-22T23:26:24.091+02:00, 0.289E-02, 958.51938, 0.30860E+06
  310100,2026-09-22T23:26:34.705+02:00, 0.308E-02, 958.81618, 0.30873E+06
  310200,2026-09-22T23:26:45.442+02:00, 0.295E-02, 959.11026, 0.30886E+06
  310300,2026-09-22T23:26:56.234+02:00, 0.287E-02, 959.39811, 0.30899E+06
  310400,2026-09-22T23:27:06.937+02:00, 0.261E-02, 959.68542, 0.30912E+06
  310500,2026-09-22T23:27:17.543+02:00, 0.298E-02, 959.97975, 0.30924E+06
  310600,2026-09-22T23:27:28.615+02:00, 0.304E-02, 960.26994, 0.30937E+06
  310700,2026-09-22T23:27:39.182+02:00, 0.304E-02, 960.57356, 0.30950E+06
  310800,2026-09-22T23:27:49.927+02:00, 0.287E-02, 960.85926, 0.30963E+06
  310900,2026-09-22T23:28:00.602+02:00, 0.289E-02, 961.14673, 0.30975E+06
  311000,2026-09-22T23:28:11.351+02:00, 0.278E-02, 961.43312, 0.30988E+06
  311100,2026-09-22T23:28:22.081+02:00, 0.292E-02, 961.72393, 0.31001E+06
  311200,2026-09-22T23:28:32.810+02:00, 0.292E-02, 962.01633, 0.31014E+06
  311300,2026-09-22T23:28:43.730+02:00, 0.249E-02, 962.29977, 0.31027E+06
  311400,2026-09-22T23:28:54.796+02:00, 0.258E-02, 962.56493, 0.31040E+06
  311500,2026-09-22T23:29:05.786+02:00, 0.281E-02, 962.84205, 0.31053E+06
  311600,2026-09-22T23:29:16.779+02:00, 0.298E-02, 963.12220, 0.31066E+06
  311700,2026-09-22T23:29:27.591+02:00, 0.255E-02, 963.41117, 0.31079E+06
  311800,2026-09-22T23:29:38.536+02:00, 0.293E-02, 963.69293, 0.31092E+06
  311900,2026-09-22T23:29:49.205+02:00, 0.309E-02, 963.99001, 0.31105E+06
  312000,2026-09-22T23:29:59.969+02:00, 0.301E-02, 964.28910, 0.31118E+06
  312100,2026-09-22T23:30:10.718+02:00, 0.301E-02, 964.59055, 0.31131E+06
  312200,2026-09-22T23:30:21.150+02:00, 0.307E-02, 964.88504, 0.31143E+06
  312300,2026-09-22T23:30:31.739+02:00, 0.313E-02, 965.18425, 0.31156E+06
  312400,2026-09-22T23:30:42.679+02:00, 0.282E-02, 965.47112, 0.31169E+06
  312500,2026-09-22T23:30:53.789+02:00, 0.307E-02, 965.76013, 0.31182E+06
  312600,2026-09-22T23:31:04.888+02:00, 0.280E-02, 966.04523, 0.31196E+06
  312700,2026-09-22T23:31:15.993+02:00, 0.287E-02, 966.32185, 0.31209E+06
  312800,2026-09-22T23:31:27.098+02:00, 0.283E-02, 966.60340, 0.31222E+06
  312900,2026-09-22T23:31:37.590+02:00, 0.273E-02, 966.90090, 0.31235E+06
  313000,2026-09-22T23:31:47.964+02:00, 0.288E-02, 967.18652, 0.31247E+06
  313100,2026-09-22T23:31:58.226+02:00, 0.303E-02, 967.47835, 0.31259E+06
  313200,2026-09-22T23:32:08.689+02:00, 0.316E-02, 967.77418, 0.31272E+06
  313300,2026-09-22T23:32:19.426+02:00, 0.293E-02, 968.06707, 0.31285E+06
  313400,2026-09-22T23:32:29.971+02:00, 0.311E-02, 968.37959, 0.31297E+06
  313500,2026-09-22T23:32:40.517+02:00, 0.276E-02, 968.66477, 0.31310E+06
  313600,2026-09-22T23:32:50.919+02:00, 0.298E-02, 968.95934, 0.31322E+06
  313700,2026-09-22T23:33:01.323+02:00, 0.295E-02, 969.24882, 0.31335E+06
  313800,2026-09-22T23:33:11.803+02:00, 0.302E-02, 969.54712, 0.31347E+06
  313900,2026-09-22T23:33:22.199+02:00, 0.257E-02, 969.82840, 0.31360E+06
  314000,2026-09-22T23:33:32.398+02:00, 0.304E-02, 970.12309, 0.31372E+06
  314100,2026-09-22T23:33:42.748+02:00, 0.288E-02, 970.40905, 0.31384E+06
  314200,2026-09-22T23:33:53.320+02:00, 0.309E-02, 970.69308, 0.31397E+06
  314300,2026-09-22T23:34:04.013+02:00, 0.299E-02, 970.98646, 0.31410E+06
  314400,2026-09-22T23:34:14.614+02:00, 0.296E-02, 971.27666, 0.31422E+06
  314500,2026-09-22T23:34:25.060+02:00, 0.296E-02, 971.57252, 0.31435E+06
  314600,2026-09-22T23:34:35.972+02:00, 0.297E-02, 971.86393, 0.31448E+06
  314700,2026-09-22T23:34:46.705+02:00, 0.274E-02, 972.16220, 0.31461E+06
  314800,2026-09-22T23:34:57.504+02:00, 0.291E-02, 972.45617, 0.31473E+06
  314900,2026-09-22T23:35:08.029+02:00, 0.281E-02, 972.77131, 0.31486E+06
  315000,2026-09-22T23:35:18.784+02:00, 0.308E-02, 973.06407, 0.31498E+06
  315100,2026-09-22T23:35:29.452+02:00, 0.272E-02, 973.36071, 0.31511E+06
  315200,2026-09-22T23:35:39.987+02:00, 0.299E-02, 973.65854, 0.31524E+06
  315300,2026-09-22T23:35:50.585+02:00, 0.303E-02, 973.96290, 0.31536E+06
  315400,2026-09-22T23:36:01.294+02:00, 0.312E-02, 974.24987, 0.31549E+06
  315500,2026-09-22T23:36:11.862+02:00, 0.269E-02, 974.54078, 0.31562E+06
  315600,2026-09-22T23:36:22.391+02:00, 0.276E-02, 974.81406, 0.31574E+06
  315700,2026-09-22T23:36:32.875+02:00, 0.276E-02, 975.11767, 0.31587E+06
  315800,2026-09-22T23:36:43.509+02:00, 0.304E-02, 975.42133, 0.31600E+06
  315900,2026-09-22T23:36:54.562+02:00, 0.307E-02, 975.72026, 0.31613E+06
  316000,2026-09-22T23:37:05.594+02:00, 0.280E-02, 976.01024, 0.31626E+06
  316100,2026-09-22T23:37:16.392+02:00, 0.259E-02, 976.29775, 0.31639E+06
  316200,2026-09-22T23:37:27.136+02:00, 0.266E-02, 976.58282, 0.31652E+06
  316300,2026-09-22T23:37:37.774+02:00, 0.288E-02, 976.86307, 0.31664E+06
  316400,2026-09-22T23:37:48.672+02:00, 0.297E-02, 977.14461, 0.31678E+06
  316500,2026-09-22T23:37:59.406+02:00, 0.290E-02, 977.43482, 0.31690E+06
  316600,2026-09-22T23:38:09.936+02:00, 0.257E-02, 977.73063, 0.31703E+06
  316700,2026-09-22T23:38:20.408+02:00, 0.268E-02, 978.02145, 0.31715E+06
  316800,2026-09-22T23:38:31.315+02:00, 0.307E-02, 978.30395, 0.31728E+06
  316900,2026-09-22T23:38:41.764+02:00, 0.292E-02, 978.59834, 0.31741E+06
  317000,2026-09-22T23:38:52.345+02:00, 0.277E-02, 978.89423, 0.31754E+06
  317100,2026-09-22T23:39:03.028+02:00, 0.271E-02, 979.19595, 0.31766E+06
  317200,2026-09-22T23:39:13.253+02:00, 0.328E-02, 979.49697, 0.31779E+06
  317300,2026-09-22T23:39:23.650+02:00, 0.304E-02, 979.79079, 0.31791E+06
  317400,2026-09-22T23:39:33.948+02:00, 0.311E-02, 980.08648, 0.31803E+06
  317500,2026-09-22T23:39:44.545+02:00, 0.290E-02, 980.37622, 0.31816E+06
  317600,2026-09-22T23:39:55.109+02:00, 0.290E-02, 980.66670, 0.31829E+06
  317700,2026-09-22T23:40:05.498+02:00, 0.304E-02, 980.95972, 0.31841E+06
  317800,2026-09-22T23:40:15.893+02:00, 0.274E-02, 981.26343, 0.31853E+06
  317900,2026-09-22T23:40:26.373+02:00, 0.260E-02, 981.55434, 0.31866E+06
  318000,2026-09-22T23:40:37.155+02:00, 0.308E-02, 981.83598, 0.31879E+06
  318100,2026-09-22T23:40:47.622+02:00, 0.298E-02, 982.13168, 0.31891E+06
  318200,2026-09-22T23:40:57.942+02:00, 0.293E-02, 982.42003, 0.31904E+06
  318300,2026-09-22T23:41:08.401+02:00, 0.288E-02, 982.70478, 0.31916E+06
  318400,2026-09-22T23:41:18.618+02:00, 0.284E-02, 982.98960, 0.31928E+06
  318500,2026-09-22T23:41:28.994+02:00, 0.312E-02, 983.29224, 0.31941E+06
  318600,2026-09-22T23:41:39.458+02:00, 0.289E-02, 983.59533, 0.31953E+06
  318700,2026-09-22T23:41:50.191+02:00, 0.310E-02, 983.89507, 0.31966E+06
  318800,2026-09-22T23:42:00.722+02:00, 0.295E-02, 984.18843, 0.31979E+06
  318900,2026-09-22T23:42:11.494+02:00, 0.290E-02, 984.49220, 0.31991E+06
  319000,2026-09-22T23:42:22.181+02:00, 0.257E-02, 984.77787, 0.32004E+06
  319100,2026-09-22T23:42:32.454+02:00, 0.307E-02, 985.07424, 0.32016E+06
  319200,2026-09-22T23:42:42.860+02:00, 0.292E-02, 985.35917, 0.32029E+06
  319300,2026-09-22T23:42:53.186+02:00, 0.304E-02, 985.64805, 0.32041E+06
  319400,2026-09-22T23:43:03.351+02:00, 0.311E-02, 985.94564, 0.32053E+06
  319500,2026-09-22T23:43:14.005+02:00, 0.271E-02, 986.24972, 0.32066E+06
  319600,2026-09-22T23:43:24.422+02:00, 0.296E-02, 986.53313, 0.32079E+06
  319700,2026-09-22T23:43:34.794+02:00, 0.290E-02, 986.82274, 0.32091E+06
  319800,2026-09-22T23:43:45.623+02:00, 0.285E-02, 987.11005, 0.32104E+06
  319900,2026-09-22T23:43:56.300+02:00, 0.285E-02, 987.39544, 0.32117E+06
  320000,2026-09-22T23:44:06.786+02:00, 0.286E-02, 987.68590, 0.32129E+06
  320100,2026-09-22T23:44:17.524+02:00, 0.308E-02, 987.99302, 0.32142E+06
  320200,2026-09-22T23:44:28.366+02:00, 0.274E-02, 988.29427, 0.32155E+06
  320300,2026-09-22T23:44:39.063+02:00, 0.271E-02, 988.58622, 0.32168E+06
  320400,2026-09-22T23:44:49.688+02:00, 0.294E-02, 988.87974, 0.32180E+06
  320500,2026-09-22T23:45:00.924+02:00, 0.312E-02, 989.18905, 0.32193E+06
  320600,2026-09-22T23:45:11.384+02:00, 0.312E-02, 989.50111, 0.32206E+06
  320700,2026-09-22T23:45:22.010+02:00, 0.291E-02, 989.80146, 0.32218E+06
  320800,2026-09-22T23:45:32.524+02:00, 0.283E-02, 990.08826, 0.32231E+06
  320900,2026-09-22T23:45:42.991+02:00, 0.270E-02, 990.39468, 0.32244E+06
  321000,2026-09-22T23:45:53.700+02:00, 0.290E-02, 990.68043, 0.32256E+06
  321100,2026-09-22T23:46:04.578+02:00, 0.310E-02, 990.96902, 0.32269E+06
  321200,2026-09-22T23:46:15.456+02:00, 0.291E-02, 991.24963, 0.32282E+06
  321300,2026-09-22T23:46:26.359+02:00, 0.316E-02, 991.55679, 0.32295E+06
  321400,2026-09-22T23:46:36.933+02:00, 0.266E-02, 991.85462, 0.32308E+06
  321500,2026-09-22T23:46:47.567+02:00, 0.293E-02, 992.14648, 0.32321E+06
  321600,2026-09-22T23:46:58.356+02:00, 0.295E-02, 992.43356, 0.32333E+06
  321700,2026-09-22T23:47:08.824+02:00, 0.295E-02, 992.72836, 0.32346E+06
  321800,2026-09-22T23:47:19.441+02:00, 0.257E-02, 993.01621, 0.32359E+06
  321900,2026-09-22T23:47:30.141+02:00, 0.306E-02, 993.29582, 0.32371E+06
  322000,2026-09-22T23:47:40.956+02:00, 0.274E-02, 993.57438, 0.32384E+06
  322100,2026-09-22T23:47:51.730+02:00, 0.298E-02, 993.86977, 0.32397E+06
  322200,2026-09-22T23:48:02.580+02:00, 0.281E-02, 994.15959, 0.32410E+06
  322300,2026-09-22T23:48:13.510+02:00, 0.280E-02, 994.43453, 0.32423E+06
  322400,2026-09-22T23:48:24.652+02:00, 0.306E-02, 994.72256, 0.32437E+06
  322500,2026-09-22T23:48:35.798+02:00, 0.244E-02, 995.00639, 0.32450E+06
  322600,2026-09-22T23:48:46.824+02:00, 0.263E-02, 995.28791, 0.32463E+06
  322700,2026-09-22T23:48:57.723+02:00, 0.302E-02, 995.56783, 0.32476E+06
  322800,2026-09-22T23:49:08.866+02:00, 0.279E-02, 995.85182, 0.32489E+06
  322900,2026-09-22T23:49:20.002+02:00, 0.256E-02, 996.13475, 0.32503E+06
  323000,2026-09-22T23:49:31.175+02:00, 0.282E-02, 996.41201, 0.32516E+06
  323100,2026-09-22T23:49:42.343+02:00, 0.254E-02, 996.69135, 0.32529E+06
  323200,2026-09-22T23:49:53.409+02:00, 0.296E-02, 996.96766, 0.32543E+06
  323300,2026-09-22T23:50:04.133+02:00, 0.292E-02, 997.25630, 0.32555E+06
  323400,2026-09-22T23:50:14.926+02:00, 0.285E-02, 997.54093, 0.32568E+06
  323500,2026-09-22T23:50:25.692+02:00, 0.266E-02, 997.82380, 0.32581E+06
  323600,2026-09-22T23:50:36.560+02:00, 0.314E-02, 998.11423, 0.32594E+06
  323700,2026-09-22T23:50:47.440+02:00, 0.311E-02, 998.41792, 0.32607E+06
  323800,2026-09-22T23:50:58.131+02:00, 0.304E-02, 998.72274, 0.32620E+06
  323900,2026-09-22T23:51:08.520+02:00, 0.296E-02, 999.02257, 0.32632E+06
  324000,2026-09-22T23:51:19.115+02:00, 0.261E-02, 999.30931, 0.32645E+06
  324100,2026-09-22T23:51:29.408+02:00, 0.292E-02, 999.59476, 0.32657E+06
  324200,2026-09-22T23:51:39.831+02:00, 0.298E-02, 999.88603, 0.32670E+06
  324300,2026-09-22T23:51:50.131+02:00, 0.288E-02, 1000.1884, 0.32682E+06
  324400,2026-09-22T23:52:00.616+02:00, 0.302E-02, 1000.4843, 0.32695E+06
  324500,2026-09-22T23:52:11.478+02:00, 0.305E-02, 1000.7774, 0.32708E+06
  324600,2026-09-22T23:52:22.207+02:00, 0.295E-02, 1001.0605, 0.32720E+06
  324700,2026-09-22T23:52:32.745+02:00, 0.294E-02, 1001.3445, 0.32733E+06
  324800,2026-09-22T23:52:43.435+02:00, 0.294E-02, 1001.6380, 0.32746E+06
  324900,2026-09-22T23:52:54.274+02:00, 0.323E-02, 1001.9319, 0.32759E+06
  325000,2026-09-22T23:53:04.812+02:00, 0.305E-02, 1002.2338, 0.32771E+06
  325100,2026-09-22T23:53:15.199+02:00, 0.257E-02, 1002.5189, 0.32784E+06
  325200,2026-09-22T23:53:25.757+02:00, 0.300E-02, 1002.8039, 0.32796E+06
  325300,2026-09-22T23:53:36.394+02:00, 0.302E-02, 1003.0939, 0.32809E+06
  325400,2026-09-22T23:53:47.201+02:00, 0.293E-02, 1003.3712, 0.32822E+06
  325500,2026-09-22T23:53:57.819+02:00, 0.304E-02, 1003.6589, 0.32835E+06
  325600,2026-09-22T23:54:08.117+02:00, 0.293E-02, 1003.9528, 0.32847E+06
  325700,2026-09-22T23:54:18.460+02:00, 0.289E-02, 1004.2420, 0.32859E+06
  325800,2026-09-22T23:54:29.258+02:00, 0.285E-02, 1004.5247, 0.32872E+06
  325900,2026-09-22T23:54:40.088+02:00, 0.279E-02, 1004.8029, 0.32885E+06
  326000,2026-09-22T23:54:50.922+02:00, 0.275E-02, 1005.0808, 0.32898E+06
  326100,2026-09-22T23:55:02.653+02:00, 0.291E-02, 1005.3731, 0.32912E+06
  326200,2026-09-22T23:55:13.257+02:00, 0.303E-02, 1005.6701, 0.32924E+06
  326300,2026-09-22T23:55:24.278+02:00, 0.295E-02, 1005.9653, 0.32937E+06
  326400,2026-09-22T23:55:34.796+02:00, 0.289E-02, 1006.2527, 0.32950E+06
  326500,2026-09-22T23:55:45.425+02:00, 0.292E-02, 1006.5491, 0.32963E+06
  326600,2026-09-22T23:55:55.792+02:00, 0.287E-02, 1006.8319, 0.32975E+06
  326700,2026-09-22T23:56:06.658+02:00, 0.271E-02, 1007.1231, 0.32988E+06
  326800,2026-09-22T23:56:17.110+02:00, 0.298E-02, 1007.4199, 0.33001E+06
  326900,2026-09-22T23:56:27.675+02:00, 0.278E-02, 1007.7002, 0.33013E+06
  327000,2026-09-22T23:56:38.387+02:00, 0.275E-02, 1008.0038, 0.33026E+06
  327100,2026-09-22T23:56:49.443+02:00, 0.303E-02, 1008.3059, 0.33039E+06
  327200,2026-09-22T23:57:00.218+02:00, 0.303E-02, 1008.5951, 0.33052E+06
  327300,2026-09-22T23:57:10.775+02:00, 0.313E-02, 1008.8895, 0.33065E+06
  327400,2026-09-22T23:57:21.283+02:00, 0.293E-02, 1009.1746, 0.33077E+06
  327500,2026-09-22T23:57:31.835+02:00, 0.262E-02, 1009.4657, 0.33090E+06
  327600,2026-09-22T23:57:42.785+02:00, 0.260E-02, 1009.7553, 0.33103E+06
  327700,2026-09-22T23:57:53.317+02:00, 0.274E-02, 1010.0454, 0.33116E+06
  327800,2026-09-22T23:58:03.910+02:00, 0.287E-02, 1010.3315, 0.33128E+06
  327900,2026-09-22T23:58:14.870+02:00, 0.301E-02, 1010.6132, 0.33141E+06
  328000,2026-09-22T23:58:25.554+02:00, 0.278E-02, 1010.9071, 0.33154E+06
  328100,2026-09-22T23:58:35.931+02:00, 0.300E-02, 1011.1901, 0.33166E+06
  328200,2026-09-22T23:58:46.602+02:00, 0.293E-02, 1011.4835, 0.33179E+06
  328300,2026-09-22T23:58:56.806+02:00, 0.309E-02, 1011.7585, 0.33191E+06
  328400,2026-09-22T23:59:07.327+02:00, 0.285E-02, 1012.0471, 0.33204E+06
  328500,2026-09-22T23:59:18.123+02:00, 0.309E-02, 1012.3566, 0.33217E+06
  328600,2026-09-22T23:59:28.919+02:00, 0.234E-02, 1012.6359, 0.33230E+06
  328700,2026-09-22T23:59:39.607+02:00, 0.237E-02, 1012.9230, 0.33242E+06
  328800,2026-09-22T23:59:50.248+02:00, 0.301E-02, 1013.2145, 0.33255E+06
  328900,2026-09-23T00:00:01.070+02:00, 0.301E-02, 1013.5120, 0.33268E+06
  329000,2026-09-23T00:00:12.071+02:00, 0.276E-02, 1013.7962, 0.33281E+06
  329100,2026-09-23T00:00:23.241+02:00, 0.288E-02, 1014.0799, 0.33295E+06
  329200,2026-09-23T00:00:34.384+02:00, 0.257E-02, 1014.3562, 0.33308E+06
  329300,2026-09-23T00:00:45.339+02:00, 0.275E-02, 1014.6454, 0.33321E+06
  329400,2026-09-23T00:00:56.363+02:00, 0.293E-02, 1014.9321, 0.33334E+06
  329500,2026-09-23T00:01:07.335+02:00, 0.283E-02, 1015.2181, 0.33347E+06
  329600,2026-09-23T00:01:18.269+02:00, 0.292E-02, 1015.5067, 0.33360E+06
  329700,2026-09-23T00:01:29.534+02:00, 0.304E-02, 1015.7933, 0.33374E+06
  329800,2026-09-23T00:01:40.083+02:00, 0.291E-02, 1016.0861, 0.33386E+06
  329900,2026-09-23T00:01:50.492+02:00, 0.300E-02, 1016.3867, 0.33399E+06
  330000,2026-09-23T00:02:01.236+02:00, 0.289E-02, 1016.6792, 0.33412E+06
  330100,2026-09-23T00:02:11.784+02:00, 0.255E-02, 1016.9666, 0.33424E+06
  330200,2026-09-23T00:02:22.725+02:00, 0.266E-02, 1017.2593, 0.33437E+06
  330300,2026-09-23T00:02:33.930+02:00, 0.312E-02, 1017.5394, 0.33451E+06
  330400,2026-09-23T00:02:44.866+02:00, 0.297E-02, 1017.8366, 0.33464E+06
  330500,2026-09-23T00:02:55.399+02:00, 0.297E-02, 1018.1340, 0.33476E+06
  330600,2026-09-23T00:03:06.132+02:00, 0.308E-02, 1018.4206, 0.33489E+06
  330700,2026-09-23T00:03:17.109+02:00, 0.299E-02, 1018.7130, 0.33502E+06
  330800,2026-09-23T00:03:27.722+02:00, 0.311E-02, 1019.0186, 0.33515E+06
  330900,2026-09-23T00:03:38.168+02:00, 0.263E-02, 1019.3094, 0.33528E+06
  331000,2026-09-23T00:03:48.603+02:00, 0.291E-02, 1019.5965, 0.33540E+06
  331100,2026-09-23T00:03:59.604+02:00, 0.303E-02, 1019.8832, 0.33553E+06
  331200,2026-09-23T00:04:10.720+02:00, 0.289E-02, 1020.1754, 0.33566E+06
  331300,2026-09-23T00:04:21.604+02:00, 0.284E-02, 1020.4584, 0.33579E+06
  331400,2026-09-23T00:04:32.583+02:00, 0.309E-02, 1020.7368, 0.33592E+06
  331500,2026-09-23T00:04:43.615+02:00, 0.297E-02, 1021.0198, 0.33605E+06
  331600,2026-09-23T00:04:55.291+02:00, 0.291E-02, 1021.3106, 0.33619E+06
  331700,2026-09-23T00:05:06.506+02:00, 0.288E-02, 1021.5943, 0.33632E+06
  331800,2026-09-23T00:05:17.485+02:00, 0.287E-02, 1021.8940, 0.33645E+06
  331900,2026-09-23T00:05:28.622+02:00, 0.293E-02, 1022.1878, 0.33659E+06
  332000,2026-09-23T00:05:39.809+02:00, 0.311E-02, 1022.4800, 0.33672E+06
  332100,2026-09-23T00:05:50.938+02:00, 0.295E-02, 1022.7687, 0.33685E+06
  332200,2026-09-23T00:06:02.099+02:00, 0.241E-02, 1023.0549, 0.33699E+06
  332300,2026-09-23T00:06:13.009+02:00, 0.301E-02, 1023.3379, 0.33712E+06
  332400,2026-09-23T00:06:24.037+02:00, 0.267E-02, 1023.6204, 0.33725E+06
  332500,2026-09-23T00:06:35.231+02:00, 0.293E-02, 1023.8921, 0.33738E+06
  332600,2026-09-23T00:06:46.017+02:00, 0.272E-02, 1024.1712, 0.33751E+06
  332700,2026-09-23T00:06:56.687+02:00, 0.300E-02, 1024.4709, 0.33764E+06
  332800,2026-09-23T00:07:07.924+02:00, 0.257E-02, 1024.7571, 0.33777E+06
  332900,2026-09-23T00:07:19.015+02:00, 0.299E-02, 1025.0414, 0.33791E+06
  333000,2026-09-23T00:07:30.090+02:00, 0.282E-02, 1025.3171, 0.33804E+06
  333100,2026-09-23T00:07:41.260+02:00, 0.293E-02, 1025.6041, 0.33817E+06
  333200,2026-09-23T00:07:52.341+02:00, 0.254E-02, 1025.8813, 0.33830E+06
  333300,2026-09-23T00:08:03.468+02:00, 0.274E-02, 1026.1632, 0.33844E+06
  333400,2026-09-23T00:08:14.752+02:00, 0.277E-02, 1026.4417, 0.33857E+06
  333500,2026-09-23T00:08:25.688+02:00, 0.308E-02, 1026.7245, 0.33870E+06
  333600,2026-09-23T00:08:36.528+02:00, 0.318E-02, 1027.0162, 0.33883E+06
  333700,2026-09-23T00:08:47.154+02:00, 0.301E-02, 1027.3180, 0.33896E+06
  333800,2026-09-23T00:08:57.861+02:00, 0.288E-02, 1027.6038, 0.33909E+06
  333900,2026-09-23T00:09:08.531+02:00, 0.295E-02, 1027.8975, 0.33921E+06
  334000,2026-09-23T00:09:18.736+02:00, 0.282E-02, 1028.1910, 0.33934E+06
  334100,2026-09-23T00:09:29.112+02:00, 0.300E-02, 1028.4771, 0.33946E+06
  334200,2026-09-23T00:09:40.128+02:00, 0.302E-02, 1028.7633, 0.33959E+06
  334300,2026-09-23T00:09:51.219+02:00, 0.295E-02, 1029.0537, 0.33972E+06
  334400,2026-09-23T00:10:02.237+02:00, 0.273E-02, 1029.3317, 0.33985E+06
  334500,2026-09-23T00:10:13.306+02:00, 0.302E-02, 1029.6185, 0.33999E+06
  334600,2026-09-23T00:10:23.890+02:00, 0.290E-02, 1029.9118, 0.34011E+06
  334700,2026-09-23T00:10:34.897+02:00, 0.298E-02, 1030.1972, 0.34024E+06
  334800,2026-09-23T00:10:45.845+02:00, 0.324E-02, 1030.4963, 0.34037E+06
  334900,2026-09-23T00:10:56.592+02:00, 0.312E-02, 1030.8071, 0.34050E+06
  335000,2026-09-23T00:11:07.460+02:00, 0.311E-02, 1031.1126, 0.34063E+06
  335100,2026-09-23T00:11:18.263+02:00, 0.269E-02, 1031.3992, 0.34076E+06
  335200,2026-09-23T00:11:28.654+02:00, 0.296E-02, 1031.6906, 0.34089E+06
  335300,2026-09-23T00:11:39.018+02:00, 0.319E-02, 1031.9885, 0.34101E+06
  335400,2026-09-23T00:11:49.541+02:00, 0.298E-02, 1032.2852, 0.34114E+06
  335500,2026-09-23T00:12:00.442+02:00, 0.287E-02, 1032.5768, 0.34127E+06
  335600,2026-09-23T00:12:10.918+02:00, 0.268E-02, 1032.8655, 0.34139E+06
  335700,2026-09-23T00:12:21.279+02:00, 0.287E-02, 1033.1536, 0.34151E+06
  335800,2026-09-23T00:12:31.812+02:00, 0.279E-02, 1033.4586, 0.34164E+06
  335900,2026-09-23T00:12:42.412+02:00, 0.291E-02, 1033.7452, 0.34177E+06
  336000,2026-09-23T00:12:53.026+02:00, 0.294E-02, 1034.0366, 0.34189E+06
  336100,2026-09-23T00:13:03.624+02:00, 0.268E-02, 1034.3278, 0.34202E+06
  336200,2026-09-23T00:13:14.045+02:00, 0.274E-02, 1034.6130, 0.34214E+06
  336300,2026-09-23T00:13:24.437+02:00, 0.293E-02, 1034.9029, 0.34227E+06
  336400,2026-09-23T00:13:34.919+02:00, 0.293E-02, 1035.1962, 0.34239E+06
  336500,2026-09-23T00:13:45.869+02:00, 0.301E-02, 1035.4844, 0.34252E+06
  336600,2026-09-23T00:13:56.629+02:00, 0.285E-02, 1035.7735, 0.34265E+06
  336700,2026-09-23T00:14:07.218+02:00, 0.301E-02, 1036.0669, 0.34278E+06
  336800,2026-09-23T00:14:17.832+02:00, 0.297E-02, 1036.3615, 0.34291E+06
  336900,2026-09-23T00:14:28.231+02:00, 0.281E-02, 1036.6563, 0.34303E+06
  337000,2026-09-23T00:14:38.744+02:00, 0.289E-02, 1036.9450, 0.34316E+06
  337100,2026-09-23T00:14:49.271+02:00, 0.290E-02, 1037.2314, 0.34328E+06
  337200,2026-09-23T00:15:00.360+02:00, 0.314E-02, 1037.5215, 0.34341E+06
  337300,2026-09-23T00:15:10.862+02:00, 0.286E-02, 1037.8078, 0.34354E+06
  337400,2026-09-23T00:15:21.552+02:00, 0.303E-02, 1038.1097, 0.34366E+06
  337500,2026-09-23T00:15:32.216+02:00, 0.298E-02, 1038.4090, 0.34379E+06
  337600,2026-09-23T00:15:42.988+02:00, 0.288E-02, 1038.6987, 0.34392E+06
  337700,2026-09-23T00:15:53.910+02:00, 0.283E-02, 1038.9818, 0.34405E+06
  337800,2026-09-23T00:16:04.546+02:00, 0.311E-02, 1039.2869, 0.34418E+06
  337900,2026-09-23T00:16:15.154+02:00, 0.302E-02, 1039.5904, 0.34430E+06
  338000,2026-09-23T00:16:25.468+02:00, 0.272E-02, 1039.8854, 0.34443E+06
  338100,2026-09-23T00:16:36.009+02:00, 0.236E-02, 1040.1703, 0.34455E+06
  338200,2026-09-23T00:16:46.901+02:00, 0.318E-02, 1040.4507, 0.34468E+06
  338300,2026-09-23T00:16:57.640+02:00, 0.302E-02, 1040.7567, 0.34481E+06
  338400,2026-09-23T00:17:08.469+02:00, 0.280E-02, 1041.0400, 0.34494E+06
  338500,2026-09-23T00:17:18.894+02:00, 0.300E-02, 1041.3348, 0.34507E+06
  338600,2026-09-23T00:17:29.478+02:00, 0.291E-02, 1041.6302, 0.34519E+06
  338700,2026-09-23T00:17:39.945+02:00, 0.280E-02, 1041.9440, 0.34532E+06
  338800,2026-09-23T00:17:50.400+02:00, 0.272E-02, 1042.2271, 0.34544E+06
  338900,2026-09-23T00:18:00.566+02:00, 0.272E-02, 1042.4992, 0.34556E+06
  339000,2026-09-23T00:18:10.803+02:00, 0.293E-02, 1042.7832, 0.34568E+06
  339100,2026-09-23T00:18:21.262+02:00, 0.289E-02, 1043.0716, 0.34581E+06
  339200,2026-09-23T00:18:31.793+02:00, 0.301E-02, 1043.3555, 0.34594E+06
  339300,2026-09-23T00:18:42.256+02:00, 0.292E-02, 1043.6454, 0.34606E+06
  339400,2026-09-23T00:18:53.159+02:00, 0.309E-02, 1043.9411, 0.34619E+06
  339500,2026-09-23T00:19:04.114+02:00, 0.258E-02, 1044.2271, 0.34632E+06
  339600,2026-09-23T00:19:15.018+02:00, 0.298E-02, 1044.5186, 0.34645E+06
  339700,2026-09-23T00:19:25.798+02:00, 0.287E-02, 1044.8017, 0.34658E+06
  339800,2026-09-23T00:19:36.796+02:00, 0.262E-02, 1045.0975, 0.34671E+06
  339900,2026-09-23T00:19:47.584+02:00, 0.297E-02, 1045.3913, 0.34684E+06
  340000,2026-09-23T00:19:58.374+02:00, 0.320E-02, 1045.6967, 0.34697E+06
  340100,2026-09-23T00:20:09.022+02:00, 0.289E-02, 1045.9846, 0.34710E+06
  340200,2026-09-23T00:20:19.451+02:00, 0.299E-02, 1046.2807, 0.34722E+06
  340300,2026-09-23T00:20:30.005+02:00, 0.304E-02, 1046.5785, 0.34735E+06
  340400,2026-09-23T00:20:40.513+02:00, 0.296E-02, 1046.8722, 0.34747E+06
  340500,2026-09-23T00:20:51.126+02:00, 0.329E-02, 1047.1587, 0.34760E+06
  340600,2026-09-23T00:21:01.694+02:00, 0.293E-02, 1047.4489, 0.34773E+06
  340700,2026-09-23T00:21:12.124+02:00, 0.285E-02, 1047.7315, 0.34785E+06
  340800,2026-09-23T00:21:22.716+02:00, 0.308E-02, 1048.0148, 0.34798E+06
  340900,2026-09-23T00:21:33.215+02:00, 0.287E-02, 1048.3030, 0.34810E+06
  341000,2026-09-23T00:21:43.858+02:00, 0.294E-02, 1048.5953, 0.34823E+06
  341100,2026-09-23T00:21:54.242+02:00, 0.259E-02, 1048.8801, 0.34835E+06
  341200,2026-09-23T00:22:04.536+02:00, 0.294E-02, 1049.1732, 0.34848E+06
  341300,2026-09-23T00:22:14.666+02:00, 0.294E-02, 1049.4675, 0.34860E+06
  341400,2026-09-23T00:22:25.474+02:00, 0.257E-02, 1049.7549, 0.34873E+06
  341500,2026-09-23T00:22:36.591+02:00, 0.288E-02, 1050.0375, 0.34886E+06
  341600,2026-09-23T00:22:47.633+02:00, 0.287E-02, 1050.3096, 0.34899E+06
  341700,2026-09-23T00:22:58.848+02:00, 0.282E-02, 1050.5948, 0.34913E+06
  341800,2026-09-23T00:23:09.912+02:00, 0.283E-02, 1050.8707, 0.34926E+06
  341900,2026-09-23T00:23:20.608+02:00, 0.283E-02, 1051.1538, 0.34939E+06
  342000,2026-09-23T00:23:31.703+02:00, 0.259E-02, 1051.4372, 0.34952E+06
  342100,2026-09-23T00:23:42.424+02:00, 0.297E-02, 1051.7305, 0.34965E+06
  342200,2026-09-23T00:23:52.991+02:00, 0.281E-02, 1052.0208, 0.34977E+06
  342300,2026-09-23T00:24:03.613+02:00, 0.296E-02, 1052.3177, 0.34990E+06
  342400,2026-09-23T00:24:14.289+02:00, 0.272E-02, 1052.6180, 0.35003E+06
  342500,2026-09-23T00:24:25.062+02:00, 0.299E-02, 1052.9153, 0.35015E+06
  342600,2026-09-23T00:24:35.538+02:00, 0.300E-02, 1053.1985, 0.35028E+06
  342700,2026-09-23T00:24:45.942+02:00, 0.297E-02, 1053.4945, 0.35041E+06
  342800,2026-09-23T00:24:56.971+02:00, 0.240E-02, 1053.7797, 0.35053E+06
  342900,2026-09-23T00:25:07.438+02:00, 0.293E-02, 1054.0559, 0.35066E+06
  343000,2026-09-23T00:25:18.158+02:00, 0.293E-02, 1054.3488, 0.35079E+06
  343100,2026-09-23T00:25:28.681+02:00, 0.293E-02, 1054.6416, 0.35091E+06
  343200,2026-09-23T00:25:39.315+02:00, 0.316E-02, 1054.9421, 0.35104E+06
  343300,2026-09-23T00:25:49.883+02:00, 0.282E-02, 1055.2389, 0.35116E+06
  343400,2026-09-23T00:26:00.420+02:00, 0.288E-02, 1055.5327, 0.35129E+06
  343500,2026-09-23T00:26:10.939+02:00, 0.317E-02, 1055.8387, 0.35142E+06
  343600,2026-09-23T00:26:21.463+02:00, 0.272E-02, 1056.1281, 0.35154E+06
  343700,2026-09-23T00:26:32.530+02:00, 0.291E-02, 1056.4121, 0.35167E+06
  343800,2026-09-23T00:26:43.275+02:00, 0.312E-02, 1056.7112, 0.35180E+06
  343900,2026-09-23T00:26:53.696+02:00, 0.300E-02, 1057.0079, 0.35193E+06
  344000,2026-09-23T00:27:04.426+02:00, 0.288E-02, 1057.2989, 0.35206E+06
  344100,2026-09-23T00:27:14.892+02:00, 0.291E-02, 1057.5867, 0.35218E+06
  344200,2026-09-23T00:27:25.448+02:00, 0.294E-02, 1057.8793, 0.35231E+06
  344300,2026-09-23T00:27:36.057+02:00, 0.276E-02, 1058.1795, 0.35243E+06
  344400,2026-09-23T00:27:46.850+02:00, 0.267E-02, 1058.4753, 0.35256E+06
  344500,2026-09-23T00:27:57.324+02:00, 0.279E-02, 1058.7808, 0.35269E+06
  344600,2026-09-23T00:28:07.623+02:00, 0.302E-02, 1059.0815, 0.35281E+06
  344700,2026-09-23T00:28:18.050+02:00, 0.235E-02, 1059.3782, 0.35294E+06
  344800,2026-09-23T00:28:28.593+02:00, 0.303E-02, 1059.6704, 0.35306E+06
  344900,2026-09-23T00:28:39.452+02:00, 0.312E-02, 1059.9659, 0.35319E+06
  345000,2026-09-23T00:28:50.088+02:00, 0.291E-02, 1060.2601, 0.35332E+06
  345100,2026-09-23T00:29:00.812+02:00, 0.320E-02, 1060.5523, 0.35345E+06
  345200,2026-09-23T00:29:11.445+02:00, 0.299E-02, 1060.8303, 0.35357E+06
  345300,2026-09-23T00:29:22.358+02:00, 0.295E-02, 1061.1205, 0.35370E+06
  345400,2026-09-23T00:29:33.093+02:00, 0.294E-02, 1061.3956, 0.35383E+06
  345500,2026-09-23T00:29:43.859+02:00, 0.287E-02, 1061.6798, 0.35396E+06
  345600,2026-09-23T00:29:54.395+02:00, 0.266E-02, 1061.9541, 0.35409E+06
  345700,2026-09-23T00:30:04.965+02:00, 0.283E-02, 1062.2391, 0.35421E+06
  345800,2026-09-23T00:30:15.471+02:00, 0.301E-02, 1062.5250, 0.35434E+06
  345900,2026-09-23T00:30:26.308+02:00, 0.263E-02, 1062.8220, 0.35447E+06
  346000,2026-09-23T00:30:37.237+02:00, 0.324E-02, 1063.1145, 0.35460E+06
  346100,2026-09-23T00:30:47.728+02:00, 0.287E-02, 1063.4095, 0.35472E+06
  346200,2026-09-23T00:30:58.041+02:00, 0.281E-02, 1063.6911, 0.35485E+06
  346300,2026-09-23T00:31:08.543+02:00, 0.299E-02, 1063.9765, 0.35497E+06
  346400,2026-09-23T00:31:19.094+02:00, 0.265E-02, 1064.2693, 0.35510E+06
  346500,2026-09-23T00:31:29.630+02:00, 0.295E-02, 1064.5732, 0.35522E+06
  346600,2026-09-23T00:31:40.292+02:00, 0.295E-02, 1064.8682, 0.35535E+06
  346700,2026-09-23T00:31:50.872+02:00, 0.320E-02, 1065.1720, 0.35548E+06
  346800,2026-09-23T00:32:01.662+02:00, 0.280E-02, 1065.4669, 0.35561E+06
  346900,2026-09-23T00:32:12.311+02:00, 0.268E-02, 1065.7615, 0.35573E+06
  347000,2026-09-23T00:32:23.010+02:00, 0.308E-02, 1066.0487, 0.35586E+06
  347100,2026-09-23T00:32:33.559+02:00, 0.272E-02, 1066.3339, 0.35599E+06
  347200,2026-09-23T00:32:44.352+02:00, 0.287E-02, 1066.6210, 0.35612E+06
  347300,2026-09-23T00:32:54.929+02:00, 0.269E-02, 1066.8929, 0.35624E+06
  347400,2026-09-23T00:33:05.413+02:00, 0.291E-02, 1067.1733, 0.35637E+06
  347500,2026-09-23T00:33:15.853+02:00, 0.312E-02, 1067.4617, 0.35649E+06
  347600,2026-09-23T00:33:26.291+02:00, 0.315E-02, 1067.7509, 0.35662E+06
  347700,2026-09-23T00:33:36.768+02:00, 0.308E-02, 1068.0378, 0.35674E+06
  347800,2026-09-23T00:33:47.160+02:00, 0.300E-02, 1068.3349, 0.35687E+06
  347900,2026-09-23T00:33:57.716+02:00, 0.296E-02, 1068.6285, 0.35699E+06
  348000,2026-09-23T00:34:08.279+02:00, 0.291E-02, 1068.9191, 0.35712E+06
  348100,2026-09-23T00:34:18.725+02:00, 0.291E-02, 1069.2100, 0.35724E+06
  348200,2026-09-23T00:34:29.201+02:00, 0.272E-02, 1069.5114, 0.35737E+06
  348300,2026-09-23T00:34:39.788+02:00, 0.291E-02, 1069.8111, 0.35750E+06
  348400,2026-09-23T00:34:50.520+02:00, 0.303E-02, 1070.1193, 0.35762E+06
  348500,2026-09-23T00:35:01.669+02:00, 0.297E-02, 1070.4159, 0.35775E+06
  348600,2026-09-23T00:35:12.217+02:00, 0.307E-02, 1070.7126, 0.35788E+06
  348700,2026-09-23T00:35:22.876+02:00, 0.263E-02, 1071.0029, 0.35801E+06
  348800,2026-09-23T00:35:33.742+02:00, 0.296E-02, 1071.2983, 0.35814E+06
  348900,2026-09-23T00:35:44.133+02:00, 0.314E-02, 1071.6051, 0.35826E+06
  349000,2026-09-23T00:35:54.430+02:00, 0.278E-02, 1071.8853, 0.35838E+06
  349100,2026-09-23T00:36:05.022+02:00, 0.271E-02, 1072.1694, 0.35851E+06
  349200,2026-09-23T00:36:15.547+02:00, 0.274E-02, 1072.4561, 0.35864E+06
  349300,2026-09-23T00:36:26.024+02:00, 0.298E-02, 1072.7537, 0.35876E+06
  349400,2026-09-23T00:36:36.605+02:00, 0.259E-02, 1073.0381, 0.35889E+06
  349500,2026-09-23T00:36:47.313+02:00, 0.279E-02, 1073.3184, 0.35902E+06
  349600,2026-09-23T00:36:57.701+02:00, 0.279E-02, 1073.5977, 0.35914E+06
  349700,2026-09-23T00:37:08.785+02:00, 0.285E-02, 1073.8745, 0.35927E+06
  349800,2026-09-23T00:37:19.565+02:00, 0.299E-02, 1074.1684, 0.35940E+06
  349900,2026-09-23T00:37:29.765+02:00, 0.292E-02, 1074.4621, 0.35952E+06
  350000,2026-09-23T00:37:40.434+02:00, 0.301E-02, 1074.7555, 0.35965E+06
  350100,2026-09-23T00:37:51.583+02:00, 0.298E-02, 1075.0398, 0.35978E+06
  350200,2026-09-23T00:38:02.571+02:00, 0.302E-02, 1075.3269, 0.35991E+06
  350300,2026-09-23T00:38:13.668+02:00, 0.309E-02, 1075.6151, 0.36005E+06
  350400,2026-09-23T00:38:24.336+02:00, 0.293E-02, 1075.8992, 0.36017E+06
  350500,2026-09-23T00:38:34.913+02:00, 0.252E-02, 1076.1854, 0.36030E+06
  350600,2026-09-23T00:38:45.485+02:00, 0.262E-02, 1076.4607, 0.36043E+06
  350700,2026-09-23T00:38:56.401+02:00, 0.269E-02, 1076.7532, 0.36056E+06
  350800,2026-09-23T00:39:06.701+02:00, 0.259E-02, 1077.0471, 0.36068E+06
  350900,2026-09-23T00:39:16.925+02:00, 0.286E-02, 1077.3231, 0.36080E+06
  351000,2026-09-23T00:39:27.993+02:00, 0.302E-02, 1077.6018, 0.36093E+06
  351100,2026-09-23T00:39:38.840+02:00, 0.272E-02, 1077.8847, 0.36106E+06
  351200,2026-09-23T00:39:49.652+02:00, 0.296E-02, 1078.1587, 0.36119E+06
  351300,2026-09-23T00:40:00.710+02:00, 0.292E-02, 1078.4409, 0.36133E+06
  351400,2026-09-23T00:40:11.588+02:00, 0.294E-02, 1078.7289, 0.36146E+06
  351500,2026-09-23T00:40:22.728+02:00, 0.258E-02, 1079.0117, 0.36159E+06
  351600,2026-09-23T00:40:33.773+02:00, 0.312E-02, 1079.3022, 0.36172E+06
  351700,2026-09-23T00:40:44.682+02:00, 0.272E-02, 1079.5824, 0.36185E+06
  351800,2026-09-23T00:40:55.297+02:00, 0.294E-02, 1079.8775, 0.36198E+06
  351900,2026-09-23T00:41:06.708+02:00, 0.294E-02, 1080.1714, 0.36211E+06
  352000,2026-09-23T00:41:17.418+02:00, 0.265E-02, 1080.4543, 0.36224E+06
  352100,2026-09-23T00:41:28.234+02:00, 0.285E-02, 1080.7382, 0.36237E+06
  352200,2026-09-23T00:41:38.947+02:00, 0.263E-02, 1081.0253, 0.36250E+06
  352300,2026-09-23T00:41:49.633+02:00, 0.295E-02, 1081.3156, 0.36263E+06
  352400,2026-09-23T00:42:00.272+02:00, 0.289E-02, 1081.6027, 0.36275E+06
  352500,2026-09-23T00:42:10.881+02:00, 0.281E-02, 1081.9058, 0.36288E+06
  352600,2026-09-23T00:42:21.820+02:00, 0.275E-02, 1082.1822, 0.36301E+06
  352700,2026-09-23T00:42:32.775+02:00, 0.291E-02, 1082.4673, 0.36314E+06
  352800,2026-09-23T00:42:43.772+02:00, 0.289E-02, 1082.7558, 0.36327E+06
  352900,2026-09-23T00:42:54.576+02:00, 0.316E-02, 1083.0499, 0.36340E+06
  353000,2026-09-23T00:43:04.905+02:00, 0.307E-02, 1083.3357, 0.36353E+06
  353100,2026-09-23T00:43:15.588+02:00, 0.289E-02, 1083.6263, 0.36365E+06
  353200,2026-09-23T00:43:26.638+02:00, 0.269E-02, 1083.9043, 0.36379E+06
  353300,2026-09-23T00:43:37.603+02:00, 0.279E-02, 1084.1733, 0.36392E+06
  353400,2026-09-23T00:43:48.494+02:00, 0.288E-02, 1084.4425, 0.36405E+06
  353500,2026-09-23T00:43:59.202+02:00, 0.256E-02, 1084.7289, 0.36417E+06
  353600,2026-09-23T00:44:10.023+02:00, 0.294E-02, 1085.0111, 0.36430E+06
  353700,2026-09-23T00:44:20.594+02:00, 0.281E-02, 1085.2946, 0.36443E+06
  353800,2026-09-23T00:44:31.625+02:00, 0.300E-02, 1085.5818, 0.36456E+06
  353900,2026-09-23T00:44:42.374+02:00, 0.282E-02, 1085.8673, 0.36469E+06
  354000,2026-09-23T00:44:53.944+02:00, 0.294E-02, 1086.1488, 0.36482E+06
  354100,2026-09-23T00:45:04.893+02:00, 0.296E-02, 1086.4433, 0.36495E+06
  354200,2026-09-23T00:45:15.686+02:00, 0.305E-02, 1086.7344, 0.36508E+06
  354300,2026-09-23T00:45:26.556+02:00, 0.290E-02, 1087.0377, 0.36521E+06
  354400,2026-09-23T00:45:36.952+02:00, 0.319E-02, 1087.3293, 0.36534E+06
  354500,2026-09-23T00:45:47.481+02:00, 0.293E-02, 1087.6210, 0.36546E+06
  354600,2026-09-23T00:45:58.327+02:00, 0.279E-02, 1087.9070, 0.36559E+06
  354700,2026-09-23T00:46:09.221+02:00, 0.276E-02, 1088.1854, 0.36572E+06
  354800,2026-09-23T00:46:20.385+02:00, 0.289E-02, 1088.4604, 0.36586E+06
  354900,2026-09-23T00:46:31.411+02:00, 0.270E-02, 1088.7460, 0.36599E+06
  355000,2026-09-23T00:46:42.070+02:00, 0.285E-02, 1089.0397, 0.36611E+06
  355100,2026-09-23T00:46:52.345+02:00, 0.303E-02, 1089.3263, 0.36624E+06
  355200,2026-09-23T00:47:02.974+02:00, 0.280E-02, 1089.6116, 0.36636E+06
  355300,2026-09-23T00:47:13.747+02:00, 0.308E-02, 1089.8958, 0.36649E+06
  355400,2026-09-23T00:47:24.857+02:00, 0.273E-02, 1090.1781, 0.36663E+06
  355500,2026-09-23T00:47:35.401+02:00, 0.287E-02, 1090.4660, 0.36675E+06
  355600,2026-09-23T00:47:45.865+02:00, 0.287E-02, 1090.7531, 0.36688E+06
  355700,2026-09-23T00:47:56.272+02:00, 0.298E-02, 1091.0507, 0.36700E+06
  355800,2026-09-23T00:48:06.802+02:00, 0.293E-02, 1091.3462, 0.36713E+06
  355900,2026-09-23T00:48:17.325+02:00, 0.293E-02, 1091.6391, 0.36725E+06
  356000,2026-09-23T00:48:28.354+02:00, 0.310E-02, 1091.9370, 0.36738E+06
  356100,2026-09-23T00:48:39.448+02:00, 0.287E-02, 1092.2356, 0.36752E+06
  356200,2026-09-23T00:48:50.592+02:00, 0.279E-02, 1092.5108, 0.36765E+06
  356300,2026-09-23T00:49:01.801+02:00, 0.267E-02, 1092.7875, 0.36778E+06
  356400,2026-09-23T00:49:12.817+02:00, 0.283E-02, 1093.0703, 0.36792E+06
  356500,2026-09-23T00:49:23.894+02:00, 0.279E-02, 1093.3471, 0.36805E+06
  356600,2026-09-23T00:49:35.053+02:00, 0.269E-02, 1093.6206, 0.36818E+06
  356700,2026-09-23T00:49:46.036+02:00, 0.280E-02, 1093.8997, 0.36831E+06
  356800,2026-09-23T00:49:57.126+02:00, 0.288E-02, 1094.1799, 0.36844E+06
  356900,2026-09-23T00:50:07.904+02:00, 0.272E-02, 1094.4652, 0.36857E+06
  357000,2026-09-23T00:50:18.702+02:00, 0.284E-02, 1094.7430, 0.36870E+06
  357100,2026-09-23T00:50:29.784+02:00, 0.304E-02, 1095.0188, 0.36883E+06
  357200,2026-09-23T00:50:40.612+02:00, 0.315E-02, 1095.3136, 0.36896E+06
  357300,2026-09-23T00:50:51.541+02:00, 0.309E-02, 1095.6033, 0.36910E+06
  357400,2026-09-23T00:51:02.363+02:00, 0.297E-02, 1095.8963, 0.36922E+06
  357500,2026-09-23T00:51:13.168+02:00, 0.297E-02, 1096.1931, 0.36935E+06
  357600,2026-09-23T00:51:23.525+02:00, 0.265E-02, 1096.4896, 0.36948E+06
  357700,2026-09-23T00:51:33.888+02:00, 0.321E-02, 1096.7852, 0.36960E+06
  357800,2026-09-23T00:51:44.570+02:00, 0.315E-02, 1097.0796, 0.36973E+06
  357900,2026-09-23T00:51:55.156+02:00, 0.286E-02, 1097.3653, 0.36986E+06
  358000,2026-09-23T00:52:05.822+02:00, 0.288E-02, 1097.6494, 0.36998E+06
  358100,2026-09-23T00:52:16.325+02:00, 0.309E-02, 1097.9487, 0.37011E+06
  358200,2026-09-23T00:52:27.050+02:00, 0.254E-02, 1098.2393, 0.37024E+06
  358300,2026-09-23T00:52:38.035+02:00, 0.312E-02, 1098.5348, 0.37037E+06
  358400,2026-09-23T00:52:48.586+02:00, 0.261E-02, 1098.8343, 0.37049E+06
  358500,2026-09-23T00:52:59.037+02:00, 0.288E-02, 1099.1213, 0.37062E+06
  358600,2026-09-23T00:53:09.229+02:00, 0.265E-02, 1099.4146, 0.37074E+06
  358700,2026-09-23T00:53:19.808+02:00, 0.287E-02, 1099.7051, 0.37087E+06
  358800,2026-09-23T00:53:30.375+02:00, 0.324E-02, 1099.9936, 0.37099E+06
  358900,2026-09-23T00:53:41.141+02:00, 0.306E-02, 1100.3045, 0.37112E+06
  359000,2026-09-23T00:53:52.061+02:00, 0.302E-02, 1100.5989, 0.37125E+06
  359100,2026-09-23T00:54:02.568+02:00, 0.253E-02, 1100.8843, 0.37138E+06
  359200,2026-09-23T00:54:12.968+02:00, 0.291E-02, 1101.1704, 0.37150E+06
  359300,2026-09-23T00:54:23.533+02:00, 0.291E-02, 1101.4616, 0.37163E+06
  359400,2026-09-23T00:54:34.312+02:00, 0.320E-02, 1101.7677, 0.37176E+06
  359500,2026-09-23T00:54:45.040+02:00, 0.294E-02, 1102.0650, 0.37188E+06
  359600,2026-09-23T00:54:56.040+02:00, 0.290E-02, 1102.3482, 0.37201E+06
  359700,2026-09-23T00:55:06.824+02:00, 0.283E-02, 1102.6359, 0.37214E+06
  359800,2026-09-23T00:55:17.286+02:00, 0.262E-02, 1102.9249, 0.37226E+06
  359900,2026-09-23T00:55:27.986+02:00, 0.252E-02, 1103.2059, 0.37239E+06
  360000,2026-09-23T00:55:38.731+02:00, 0.296E-02, 1103.4965, 0.37252E+06
  360100,2026-09-23T00:55:49.302+02:00, 0.296E-02, 1103.7921, 0.37265E+06
  360200,2026-09-23T00:55:59.840+02:00, 0.282E-02, 1104.0844, 0.37277E+06
  360300,2026-09-23T00:56:10.100+02:00, 0.295E-02, 1104.3711, 0.37289E+06
  360400,2026-09-23T00:56:20.377+02:00, 0.286E-02, 1104.6618, 0.37302E+06
  360500,2026-09-23T00:56:31.197+02:00, 0.287E-02, 1104.9417, 0.37315E+06
  360600,2026-09-23T00:56:41.953+02:00, 0.271E-02, 1105.2223, 0.37328E+06
  360700,2026-09-23T00:56:52.727+02:00, 0.289E-02, 1105.5147, 0.37340E+06
  360800,2026-09-23T00:57:03.356+02:00, 0.280E-02, 1105.7938, 0.37353E+06
  360900,2026-09-23T00:57:13.832+02:00, 0.263E-02, 1106.0844, 0.37366E+06
  361000,2026-09-23T00:57:24.310+02:00, 0.268E-02, 1106.3695, 0.37378E+06
  361100,2026-09-23T00:57:34.824+02:00, 0.295E-02, 1106.6609, 0.37391E+06
  361200,2026-09-23T00:57:45.167+02:00, 0.283E-02, 1106.9451, 0.37403E+06
  361300,2026-09-23T00:57:55.567+02:00, 0.292E-02, 1107.2332, 0.37416E+06
  361400,2026-09-23T00:58:06.069+02:00, 0.291E-02, 1107.5283, 0.37428E+06
  361500,2026-09-23T00:58:16.678+02:00, 0.292E-02, 1107.8158, 0.37441E+06
  361600,2026-09-23T00:58:27.445+02:00, 0.277E-02, 1108.1023, 0.37454E+06
  361700,2026-09-23T00:58:38.077+02:00, 0.278E-02, 1108.3807, 0.37466E+06
  361800,2026-09-23T00:58:48.827+02:00, 0.295E-02, 1108.6667, 0.37479E+06
  361900,2026-09-23T00:58:59.231+02:00, 0.295E-02, 1108.9621, 0.37492E+06
  362000,2026-09-23T00:59:09.848+02:00, 0.295E-02, 1109.2576, 0.37504E+06
  362100,2026-09-23T00:59:20.267+02:00, 0.299E-02, 1109.5463, 0.37517E+06
  362200,2026-09-23T00:59:31.003+02:00, 0.295E-02, 1109.8413, 0.37530E+06
  362300,2026-09-23T00:59:42.105+02:00, 0.298E-02, 1110.1346, 0.37543E+06
  362400,2026-09-23T00:59:53.070+02:00, 0.280E-02, 1110.4254, 0.37556E+06
  362500,2026-09-23T01:00:03.816+02:00, 0.296E-02, 1110.7096, 0.37569E+06
  362600,2026-09-23T01:00:14.437+02:00, 0.299E-02, 1110.9990, 0.37581E+06
  362700,2026-09-23T01:00:25.118+02:00, 0.299E-02, 1111.2983, 0.37594E+06
  362800,2026-09-23T01:00:35.659+02:00, 0.295E-02, 1111.5945, 0.37607E+06
  362900,2026-09-23T01:00:46.402+02:00, 0.295E-02, 1111.8891, 0.37620E+06
  363000,2026-09-23T01:00:57.300+02:00, 0.313E-02, 1112.1731, 0.37633E+06
  363100,2026-09-23T01:01:07.758+02:00, 0.283E-02, 1112.4628, 0.37645E+06
  363200,2026-09-23T01:01:18.140+02:00, 0.299E-02, 1112.7565, 0.37658E+06
  363300,2026-09-23T01:01:28.467+02:00, 0.308E-02, 1113.0469, 0.37670E+06
  363400,2026-09-23T01:01:38.845+02:00, 0.279E-02, 1113.3303, 0.37682E+06
  363500,2026-09-23T01:01:49.186+02:00, 0.302E-02, 1113.6187, 0.37695E+06
  363600,2026-09-23T01:01:59.638+02:00, 0.302E-02, 1113.9054, 0.37707E+06
  363700,2026-09-23T01:02:10.310+02:00, 0.298E-02, 1114.1989, 0.37720E+06
  363800,2026-09-23T01:02:21.106+02:00, 0.275E-02, 1114.4864, 0.37733E+06
  363900,2026-09-23T01:02:31.516+02:00, 0.287E-02, 1114.7738, 0.37745E+06
  364000,2026-09-23T01:02:41.923+02:00, 0.269E-02, 1115.0439, 0.37758E+06
  364100,2026-09-23T01:02:52.116+02:00, 0.296E-02, 1115.3234, 0.37770E+06
  364200,2026-09-23T01:03:02.748+02:00, 0.275E-02, 1115.6173, 0.37782E+06
  364300,2026-09-23T01:03:13.160+02:00, 0.309E-02, 1115.9118, 0.37795E+06
  364400,2026-09-23T01:03:23.631+02:00, 0.290E-02, 1116.2044, 0.37807E+06
  364500,2026-09-23T01:03:34.424+02:00, 0.266E-02, 1116.4943, 0.37820E+06
  364600,2026-09-23T01:03:45.005+02:00, 0.287E-02, 1116.7771, 0.37833E+06
  364700,2026-09-23T01:03:55.510+02:00, 0.270E-02, 1117.0534, 0.37845E+06
  364800,2026-09-23T01:04:06.225+02:00, 0.323E-02, 1117.3527, 0.37858E+06
  364900,2026-09-23T01:04:17.267+02:00, 0.259E-02, 1117.6352, 0.37871E+06
  365000,2026-09-23T01:04:28.020+02:00, 0.286E-02, 1117.9247, 0.37884E+06
  365100,2026-09-23T01:04:38.555+02:00, 0.306E-02, 1118.2142, 0.37897E+06
  365200,2026-09-23T01:04:49.304+02:00, 0.301E-02, 1118.5042, 0.37910E+06
  365300,2026-09-23T01:05:00.211+02:00, 0.297E-02, 1118.7918, 0.37922E+06
  365400,2026-09-23T01:05:10.712+02:00, 0.291E-02, 1119.0848, 0.37935E+06
  365500,2026-09-23T01:05:21.478+02:00, 0.299E-02, 1119.3757, 0.37948E+06
  365600,2026-09-23T01:05:32.134+02:00, 0.307E-02, 1119.6622, 0.37960E+06
  365700,2026-09-23T01:05:42.816+02:00, 0.302E-02, 1119.9483, 0.37973E+06
  365800,2026-09-23T01:05:53.374+02:00, 0.304E-02, 1120.2307, 0.37986E+06
  365900,2026-09-23T01:06:04.123+02:00, 0.262E-02, 1120.5252, 0.37999E+06
  366000,2026-09-23T01:06:14.620+02:00, 0.266E-02, 1120.8123, 0.38011E+06
  366100,2026-09-23T01:06:25.213+02:00, 0.282E-02, 1121.0917, 0.38024E+06
  366200,2026-09-23T01:06:35.742+02:00, 0.306E-02, 1121.3802, 0.38036E+06
  366300,2026-09-23T01:06:46.239+02:00, 0.294E-02, 1121.6758, 0.38049E+06
  366400,2026-09-23T01:06:56.652+02:00, 0.301E-02, 1121.9701, 0.38061E+06
  366500,2026-09-23T01:07:07.360+02:00, 0.292E-02, 1122.2607, 0.38074E+06
  366600,2026-09-23T01:07:18.171+02:00, 0.276E-02, 1122.5434, 0.38087E+06
  366700,2026-09-23T01:07:29.141+02:00, 0.282E-02, 1122.8174, 0.38100E+06
  366800,2026-09-23T01:07:40.108+02:00, 0.246E-02, 1123.0974, 0.38113E+06
  366900,2026-09-23T01:07:50.763+02:00, 0.292E-02, 1123.3871, 0.38126E+06
  367000,2026-09-23T01:08:00.964+02:00, 0.257E-02, 1123.6746, 0.38138E+06
  367100,2026-09-23T01:08:11.537+02:00, 0.290E-02, 1123.9592, 0.38151E+06
  367200,2026-09-23T01:08:22.155+02:00, 0.297E-02, 1124.2540, 0.38163E+06
  367300,2026-09-23T01:08:32.668+02:00, 0.291E-02, 1124.5397, 0.38176E+06
  367400,2026-09-23T01:08:42.775+02:00, 0.291E-02, 1124.8307, 0.38188E+06
  367500,2026-09-23T01:08:53.368+02:00, 0.303E-02, 1125.1275, 0.38201E+06
  367600,2026-09-23T01:09:03.894+02:00, 0.294E-02, 1125.4214, 0.38213E+06
  367700,2026-09-23T01:09:14.362+02:00, 0.285E-02, 1125.7021, 0.38226E+06
  367800,2026-09-23T01:09:24.593+02:00, 0.308E-02, 1125.9909, 0.38238E+06
  367900,2026-09-23T01:09:34.982+02:00, 0.275E-02, 1126.2943, 0.38250E+06
  368000,2026-09-23T01:09:45.756+02:00, 0.298E-02, 1126.5921, 0.38263E+06
  368100,2026-09-23T01:09:56.306+02:00, 0.292E-02, 1126.8844, 0.38276E+06
  368200,2026-09-23T01:10:07.143+02:00, 0.246E-02, 1127.1655, 0.38289E+06
  368300,2026-09-23T01:10:18.186+02:00, 0.284E-02, 1127.4386, 0.38302E+06
  368400,2026-09-23T01:10:29.171+02:00, 0.302E-02, 1127.7318, 0.38315E+06
  368500,2026-09-23T01:10:40.093+02:00, 0.296E-02, 1128.0232, 0.38328E+06
  368600,2026-09-23T01:10:51.154+02:00, 0.287E-02, 1128.3102, 0.38341E+06
  368700,2026-09-23T01:11:02.220+02:00, 0.257E-02, 1128.5895, 0.38355E+06
  368800,2026-09-23T01:11:13.302+02:00, 0.283E-02, 1128.8688, 0.38368E+06
  368900,2026-09-23T01:11:24.137+02:00, 0.284E-02, 1129.1343, 0.38381E+06
  369000,2026-09-23T01:11:35.126+02:00, 0.291E-02, 1129.4237, 0.38394E+06
  369100,2026-09-23T01:11:45.973+02:00, 0.293E-02, 1129.7122, 0.38407E+06
  369200,2026-09-23T01:11:57.128+02:00, 0.283E-02, 1129.9862, 0.38420E+06
  369300,2026-09-23T01:12:08.340+02:00, 0.283E-02, 1130.2756, 0.38434E+06
  369400,2026-09-23T01:12:19.513+02:00, 0.283E-02, 1130.5551, 0.38447E+06
  369500,2026-09-23T01:12:30.333+02:00, 0.284E-02, 1130.8343, 0.38460E+06
  369600,2026-09-23T01:12:41.296+02:00, 0.283E-02, 1131.1097, 0.38473E+06
  369700,2026-09-23T01:12:52.187+02:00, 0.274E-02, 1131.4039, 0.38486E+06
  369800,2026-09-23T01:13:02.987+02:00, 0.296E-02, 1131.6935, 0.38499E+06
  369900,2026-09-23T01:13:13.868+02:00, 0.279E-02, 1131.9846, 0.38512E+06
  370000,2026-09-23T01:13:24.416+02:00, 0.294E-02, 1132.2623, 0.38524E+06
  370100,2026-09-23T01:13:34.992+02:00, 0.261E-02, 1132.5518, 0.38537E+06
  370200,2026-09-23T01:13:45.563+02:00, 0.292E-02, 1132.8387, 0.38550E+06
  370300,2026-09-23T01:13:56.321+02:00, 0.298E-02, 1133.1285, 0.38563E+06
  370400,2026-09-23T01:14:06.832+02:00, 0.284E-02, 1133.4185, 0.38575E+06
  370500,2026-09-23T01:14:17.203+02:00, 0.312E-02, 1133.7034, 0.38587E+06
  370600,2026-09-23T01:14:27.887+02:00, 0.298E-02, 1133.9995, 0.38600E+06
  370700,2026-09-23T01:14:38.457+02:00, 0.285E-02, 1134.2919, 0.38613E+06
  370800,2026-09-23T01:14:49.250+02:00, 0.307E-02, 1134.5913, 0.38626E+06
  370900,2026-09-23T01:15:00.514+02:00, 0.309E-02, 1134.8866, 0.38639E+06
  371000,2026-09-23T01:15:11.435+02:00, 0.283E-02, 1135.1913, 0.38652E+06
  371100,2026-09-23T01:15:22.425+02:00, 0.293E-02, 1135.4875, 0.38665E+06
  371200,2026-09-23T01:15:33.180+02:00, 0.302E-02, 1135.7820, 0.38678E+06
  371300,2026-09-23T01:15:43.712+02:00, 0.302E-02, 1136.0842, 0.38690E+06
  371400,2026-09-23T01:15:54.062+02:00, 0.307E-02, 1136.3677, 0.38703E+06
  371500,2026-09-23T01:16:04.486+02:00, 0.296E-02, 1136.6610, 0.38715E+06
  371600,2026-09-23T01:16:14.956+02:00, 0.273E-02, 1136.9566, 0.38728E+06
  371700,2026-09-23T01:16:25.426+02:00, 0.300E-02, 1137.2552, 0.38740E+06
  371800,2026-09-23T01:16:35.902+02:00, 0.295E-02, 1137.5515, 0.38753E+06
  371900,2026-09-23T01:16:46.403+02:00, 0.291E-02, 1137.8427, 0.38765E+06
  372000,2026-09-23T01:16:56.861+02:00, 0.291E-02, 1138.1335, 0.38778E+06
  372100,2026-09-23T01:17:07.429+02:00, 0.299E-02, 1138.4239, 0.38790E+06
  372200,2026-09-23T01:17:17.869+02:00, 0.292E-02, 1138.7100, 0.38803E+06
  372300,2026-09-23T01:17:28.536+02:00, 0.305E-02, 1139.0073, 0.38815E+06
  372400,2026-09-23T01:17:39.032+02:00, 0.288E-02, 1139.2902, 0.38828E+06
  372500,2026-09-23T01:17:49.737+02:00, 0.287E-02, 1139.5673, 0.38841E+06
  372600,2026-09-23T01:18:00.203+02:00, 0.287E-02, 1139.8531, 0.38853E+06
  372700,2026-09-23T01:18:11.308+02:00, 0.280E-02, 1140.1375, 0.38866E+06
  372800,2026-09-23T01:18:21.923+02:00, 0.299E-02, 1140.4308, 0.38879E+06
  372900,2026-09-23T01:18:32.293+02:00, 0.273E-02, 1140.7152, 0.38891E+06
  373000,2026-09-23T01:18:43.160+02:00, 0.271E-02, 1140.9979, 0.38904E+06
  373100,2026-09-23T01:18:53.533+02:00, 0.298E-02, 1141.2952, 0.38917E+06
  373200,2026-09-23T01:19:03.897+02:00, 0.298E-02, 1141.5931, 0.38929E+06
  373300,2026-09-23T01:19:14.470+02:00, 0.256E-02, 1141.8809, 0.38942E+06
  373400,2026-09-23T01:19:24.843+02:00, 0.282E-02, 1142.1629, 0.38954E+06
  373500,2026-09-23T01:19:35.246+02:00, 0.287E-02, 1142.4355, 0.38967E+06
  373600,2026-09-23T01:19:45.773+02:00, 0.311E-02, 1142.7304, 0.38979E+06
  373700,2026-09-23T01:19:56.126+02:00, 0.285E-02, 1143.0092, 0.38992E+06
  373800,2026-09-23T01:20:06.741+02:00, 0.272E-02, 1143.3052, 0.39004E+06
  373900,2026-09-23T01:20:17.273+02:00, 0.254E-02, 1143.5839, 0.39017E+06
  374000,2026-09-23T01:20:28.022+02:00, 0.273E-02, 1143.8553, 0.39030E+06
  374100,2026-09-23T01:20:38.514+02:00, 0.293E-02, 1144.1271, 0.39042E+06
  374200,2026-09-23T01:20:49.334+02:00, 0.290E-02, 1144.4105, 0.39055E+06
  374300,2026-09-23T01:20:59.838+02:00, 0.290E-02, 1144.7004, 0.39068E+06
  374400,2026-09-23T01:21:10.213+02:00, 0.252E-02, 1144.9917, 0.39080E+06
  374500,2026-09-23T01:21:20.571+02:00, 0.259E-02, 1145.2701, 0.39092E+06
  374600,2026-09-23T01:21:30.838+02:00, 0.307E-02, 1145.5682, 0.39105E+06
  374700,2026-09-23T01:21:41.626+02:00, 0.297E-02, 1145.8486, 0.39118E+06
  374800,2026-09-23T01:21:52.118+02:00, 0.291E-02, 1146.1398, 0.39130E+06
  374900,2026-09-23T01:22:02.425+02:00, 0.256E-02, 1146.4353, 0.39142E+06
  375000,2026-09-23T01:22:12.872+02:00, 0.301E-02, 1146.7247, 0.39155E+06
  375100,2026-09-23T01:22:23.366+02:00, 0.318E-02, 1147.0182, 0.39167E+06
  375200,2026-09-23T01:22:34.081+02:00, 0.274E-02, 1147.3111, 0.39180E+06
  375300,2026-09-23T01:22:44.686+02:00, 0.296E-02, 1147.6057, 0.39193E+06
  375400,2026-09-23T01:22:55.175+02:00, 0.290E-02, 1147.8940, 0.39205E+06
  375500,2026-09-23T01:23:05.810+02:00, 0.281E-02, 1148.1754, 0.39218E+06
  375600,2026-09-23T01:23:16.893+02:00, 0.286E-02, 1148.4542, 0.39231E+06
  375700,2026-09-23T01:23:27.617+02:00, 0.289E-02, 1148.7375, 0.39244E+06
  375800,2026-09-23T01:23:38.273+02:00, 0.276E-02, 1149.0262, 0.39257E+06
  375900,2026-09-23T01:23:48.936+02:00, 0.299E-02, 1149.3113, 0.39270E+06
  376000,2026-09-23T01:23:59.340+02:00, 0.295E-02, 1149.6046, 0.39282E+06
  376100,2026-09-23T01:24:09.916+02:00, 0.304E-02, 1149.8825, 0.39295E+06
  376200,2026-09-23T01:24:20.718+02:00, 0.283E-02, 1150.1768, 0.39308E+06
  376300,2026-09-23T01:24:31.179+02:00, 0.288E-02, 1150.4606, 0.39320E+06
  376400,2026-09-23T01:24:41.787+02:00, 0.301E-02, 1150.7573, 0.39333E+06
  376500,2026-09-23T01:24:52.896+02:00, 0.296E-02, 1151.0525, 0.39346E+06
  376600,2026-09-23T01:25:03.785+02:00, 0.252E-02, 1151.3386, 0.39359E+06
  376700,2026-09-23T01:25:14.666+02:00, 0.287E-02, 1151.6152, 0.39372E+06
  376800,2026-09-23T01:25:25.333+02:00, 0.268E-02, 1151.8926, 0.39384E+06
  376900,2026-09-23T01:25:36.215+02:00, 0.277E-02, 1152.1683, 0.39397E+06
  377000,2026-09-23T01:25:47.071+02:00, 0.289E-02, 1152.4548, 0.39410E+06
  377100,2026-09-23T01:25:57.633+02:00, 0.285E-02, 1152.7395, 0.39423E+06
  377200,2026-09-23T01:26:08.211+02:00, 0.279E-02, 1153.0179, 0.39435E+06
  377300,2026-09-23T01:26:18.788+02:00, 0.239E-02, 1153.2960, 0.39448E+06
  377400,2026-09-23T01:26:29.696+02:00, 0.294E-02, 1153.5849, 0.39461E+06
  377500,2026-09-23T01:26:40.438+02:00, 0.295E-02, 1153.8715, 0.39474E+06
  377600,2026-09-23T01:26:50.726+02:00, 0.261E-02, 1154.1548, 0.39486E+06
  377700,2026-09-23T01:27:01.065+02:00, 0.287E-02, 1154.4414, 0.39499E+06
  377800,2026-09-23T01:27:11.773+02:00, 0.302E-02, 1154.7330, 0.39511E+06
  377900,2026-09-23T01:27:22.483+02:00, 0.305E-02, 1155.0313, 0.39524E+06
  378000,2026-09-23T01:27:33.110+02:00, 0.313E-02, 1155.3355, 0.39537E+06
  378100,2026-09-23T01:27:44.084+02:00, 0.296E-02, 1155.6369, 0.39550E+06
  378200,2026-09-23T01:27:54.859+02:00, 0.291E-02, 1155.9206, 0.39563E+06
  378300,2026-09-23T01:28:05.833+02:00, 0.281E-02, 1156.2153, 0.39576E+06
  378400,2026-09-23T01:28:17.042+02:00, 0.288E-02, 1156.5024, 0.39589E+06
  378500,2026-09-23T01:28:27.993+02:00, 0.300E-02, 1156.7913, 0.39602E+06
  378600,2026-09-23T01:28:38.766+02:00, 0.277E-02, 1157.0762, 0.39615E+06
  378700,2026-09-23T01:28:49.564+02:00, 0.260E-02, 1157.3609, 0.39628E+06
  378800,2026-09-23T01:29:00.156+02:00, 0.301E-02, 1157.6409, 0.39641E+06
  378900,2026-09-23T01:29:11.187+02:00, 0.282E-02, 1157.9189, 0.39654E+06
  379000,2026-09-23T01:29:22.365+02:00, 0.288E-02, 1158.1911, 0.39667E+06
  379100,2026-09-23T01:29:33.188+02:00, 0.280E-02, 1158.4667, 0.39680E+06
  379200,2026-09-23T01:29:44.131+02:00, 0.285E-02, 1158.7414, 0.39693E+06
  379300,2026-09-23T01:29:55.146+02:00, 0.332E-02, 1159.0321, 0.39706E+06
  379400,2026-09-23T01:30:06.049+02:00, 0.308E-02, 1159.3232, 0.39720E+06
  379500,2026-09-23T01:30:16.936+02:00, 0.281E-02, 1159.6106, 0.39733E+06
  379600,2026-09-23T01:30:27.974+02:00, 0.256E-02, 1159.8962, 0.39746E+06
  379700,2026-09-23T01:30:39.069+02:00, 0.288E-02, 1160.1800, 0.39759E+06
  379800,2026-09-23T01:30:49.934+02:00, 0.270E-02, 1160.4559, 0.39772E+06
  379900,2026-09-23T01:31:00.906+02:00, 0.304E-02, 1160.7400, 0.39785E+06
  380000,2026-09-23T01:31:11.869+02:00, 0.295E-02, 1161.0272, 0.39798E+06
  380100,2026-09-23T01:31:22.605+02:00, 0.298E-02, 1161.3192, 0.39811E+06
  380200,2026-09-23T01:31:33.294+02:00, 0.290E-02, 1161.6120, 0.39824E+06
  380300,2026-09-23T01:31:43.740+02:00, 0.306E-02, 1161.9162, 0.39836E+06
  380400,2026-09-23T01:31:54.418+02:00, 0.266E-02, 1162.2184, 0.39849E+06
  380500,2026-09-23T01:32:05.333+02:00, 0.306E-02, 1162.5105, 0.39862E+06
  380600,2026-09-23T01:32:15.987+02:00, 0.271E-02, 1162.7966, 0.39875E+06
  380700,2026-09-23T01:32:27.045+02:00, 0.303E-02, 1163.0837, 0.39888E+06
  380800,2026-09-23T01:32:37.887+02:00, 0.290E-02, 1163.3760, 0.39901E+06
  380900,2026-09-23T01:32:48.582+02:00, 0.310E-02, 1163.6670, 0.39914E+06
  381000,2026-09-23T01:32:59.256+02:00, 0.261E-02, 1163.9692, 0.39926E+06
  381100,2026-09-23T01:33:10.129+02:00, 0.308E-02, 1164.2635, 0.39939E+06
  381200,2026-09-23T01:33:21.101+02:00, 0.289E-02, 1164.5457, 0.39952E+06
  381300,2026-09-23T01:33:31.861+02:00, 0.293E-02, 1164.8340, 0.39965E+06
  381400,2026-09-23T01:33:42.584+02:00, 0.310E-02, 1165.1227, 0.39978E+06
  381500,2026-09-23T01:33:53.185+02:00, 0.297E-02, 1165.4189, 0.39991E+06
  381600,2026-09-23T01:34:03.786+02:00, 0.327E-02, 1165.7186, 0.40003E+06
  381700,2026-09-23T01:34:14.342+02:00, 0.304E-02, 1166.0239, 0.40016E+06
  381800,2026-09-23T01:34:25.045+02:00, 0.272E-02, 1166.3108, 0.40029E+06
  381900,2026-09-23T01:34:35.590+02:00, 0.293E-02, 1166.6148, 0.40041E+06
  382000,2026-09-23T01:34:45.851+02:00, 0.293E-02, 1166.9080, 0.40054E+06
  382100,2026-09-23T01:34:57.099+02:00, 0.283E-02, 1167.1938, 0.40067E+06
  382200,2026-09-23T01:35:07.605+02:00, 0.314E-02, 1167.4786, 0.40079E+06
  382300,2026-09-23T01:35:18.023+02:00, 0.293E-02, 1167.7717, 0.40092E+06
  382400,2026-09-23T01:35:28.313+02:00, 0.276E-02, 1168.0560, 0.40104E+06
  382500,2026-09-23T01:35:38.665+02:00, 0.299E-02, 1168.3446, 0.40116E+06
  382600,2026-09-23T01:35:49.158+02:00, 0.260E-02, 1168.6357, 0.40129E+06
  382700,2026-09-23T01:35:59.659+02:00, 0.303E-02, 1168.9272, 0.40141E+06
  382800,2026-09-23T01:36:10.291+02:00, 0.286E-02, 1169.2144, 0.40154E+06
  382900,2026-09-23T01:36:20.830+02:00, 0.310E-02, 1169.5046, 0.40167E+06
  383000,2026-09-23T01:36:31.480+02:00, 0.257E-02, 1169.7965, 0.40179E+06
  383100,2026-09-23T01:36:42.744+02:00, 0.296E-02, 1170.0917, 0.40193E+06
  383200,2026-09-23T01:36:53.418+02:00, 0.299E-02, 1170.3856, 0.40206E+06
  383300,2026-09-23T01:37:04.383+02:00, 0.244E-02, 1170.6698, 0.40219E+06
  383400,2026-09-23T01:37:15.305+02:00, 0.229E-02, 1170.9414, 0.40232E+06
  383500,2026-09-23T01:37:26.333+02:00, 0.289E-02, 1171.2271, 0.40245E+06
  383600,2026-09-23T01:37:37.155+02:00, 0.312E-02, 1171.5118, 0.40258E+06
  383700,2026-09-23T01:37:47.856+02:00, 0.279E-02, 1171.7854, 0.40271E+06
  383800,2026-09-23T01:37:58.630+02:00, 0.322E-02, 1172.0796, 0.40283E+06
  383900,2026-09-23T01:38:09.338+02:00, 0.290E-02, 1172.3654, 0.40296E+06
  384000,2026-09-23T01:38:20.158+02:00, 0.306E-02, 1172.6487, 0.40309E+06
  384100,2026-09-23T01:38:31.036+02:00, 0.293E-02, 1172.9490, 0.40322E+06
  384200,2026-09-23T01:38:41.814+02:00, 0.282E-02, 1173.2396, 0.40335E+06
  384300,2026-09-23T01:38:52.660+02:00, 0.292E-02, 1173.5306, 0.40348E+06
  384400,2026-09-23T01:39:03.486+02:00, 0.280E-02, 1173.8165, 0.40361E+06
  384500,2026-09-23T01:39:14.539+02:00, 0.277E-02, 1174.0958, 0.40374E+06
  384600,2026-09-23T01:39:25.342+02:00, 0.324E-02, 1174.3819, 0.40387E+06
  384700,2026-09-23T01:39:35.806+02:00, 0.284E-02, 1174.6736, 0.40399E+06
  384800,2026-09-23T01:39:46.720+02:00, 0.257E-02, 1174.9587, 0.40413E+06
  384900,2026-09-23T01:39:57.800+02:00, 0.290E-02, 1175.2451, 0.40426E+06
  385000,2026-09-23T01:40:08.722+02:00, 0.288E-02, 1175.5303, 0.40439E+06
  385100,2026-09-23T01:40:19.909+02:00, 0.291E-02, 1175.8160, 0.40452E+06
  385200,2026-09-23T01:40:30.785+02:00, 0.291E-02, 1176.1024, 0.40465E+06
  385300,2026-09-23T01:40:41.849+02:00, 0.272E-02, 1176.3830, 0.40478E+06
  385400,2026-09-23T01:40:52.526+02:00, 0.289E-02, 1176.6545, 0.40491E+06
  385500,2026-09-23T01:41:03.291+02:00, 0.284E-02, 1176.9381, 0.40504E+06
  385600,2026-09-23T01:41:13.988+02:00, 0.286E-02, 1177.2170, 0.40517E+06
  385700,2026-09-23T01:41:24.623+02:00, 0.277E-02, 1177.4883, 0.40529E+06
  385800,2026-09-23T01:41:35.598+02:00, 0.279E-02, 1177.7764, 0.40542E+06
  385900,2026-09-23T01:41:46.302+02:00, 0.288E-02, 1178.0560, 0.40555E+06
  386000,2026-09-23T01:41:57.201+02:00, 0.277E-02, 1178.3432, 0.40568E+06
  386100,2026-09-23T01:42:08.199+02:00, 0.263E-02, 1178.6401, 0.40581E+06
  386200,2026-09-23T01:42:18.776+02:00, 0.289E-02, 1178.9268, 0.40594E+06
  386300,2026-09-23T01:42:29.325+02:00, 0.268E-02, 1179.2234, 0.40607E+06
  386400,2026-09-23T01:42:39.687+02:00, 0.288E-02, 1179.5107, 0.40619E+06
  386500,2026-09-23T01:42:50.122+02:00, 0.312E-02, 1179.8084, 0.40632E+06
  386600,2026-09-23T01:43:00.626+02:00, 0.266E-02, 1180.1061, 0.40644E+06
  386700,2026-09-23T01:43:11.234+02:00, 0.286E-02, 1180.3931, 0.40657E+06
  386800,2026-09-23T01:43:21.676+02:00, 0.299E-02, 1180.6870, 0.40669E+06
  386900,2026-09-23T01:43:32.245+02:00, 0.299E-02, 1180.9857, 0.40682E+06
  387000,2026-09-23T01:43:42.770+02:00, 0.278E-02, 1181.2745, 0.40694E+06
  387100,2026-09-23T01:43:53.222+02:00, 0.291E-02, 1181.5591, 0.40707E+06
  387200,2026-09-23T01:44:03.797+02:00, 0.264E-02, 1181.8488, 0.40720E+06
  387300,2026-09-23T01:44:14.173+02:00, 0.283E-02, 1182.1321, 0.40732E+06
  387400,2026-09-23T01:44:24.628+02:00, 0.290E-02, 1182.4184, 0.40744E+06
  387500,2026-09-23T01:44:35.207+02:00, 0.300E-02, 1182.7153, 0.40757E+06
  387600,2026-09-23T01:44:45.568+02:00, 0.304E-02, 1183.0064, 0.40769E+06
  387700,2026-09-23T01:44:56.621+02:00, 0.295E-02, 1183.3015, 0.40782E+06
  387800,2026-09-23T01:45:07.390+02:00, 0.308E-02, 1183.6003, 0.40795E+06
  387900,2026-09-23T01:45:17.899+02:00, 0.297E-02, 1183.9006, 0.40808E+06
  388000,2026-09-23T01:45:28.573+02:00, 0.283E-02, 1184.1812, 0.40820E+06
  388100,2026-09-23T01:45:39.018+02:00, 0.307E-02, 1184.4615, 0.40833E+06
  388200,2026-09-23T01:45:49.630+02:00, 0.253E-02, 1184.7468, 0.40846E+06
  388300,2026-09-23T01:46:00.407+02:00, 0.278E-02, 1185.0432, 0.40858E+06
  388400,2026-09-23T01:46:10.930+02:00, 0.301E-02, 1185.3257, 0.40871E+06
  388500,2026-09-23T01:46:21.427+02:00, 0.312E-02, 1185.6174, 0.40883E+06
  388600,2026-09-23T01:46:32.160+02:00, 0.304E-02, 1185.9257, 0.40896E+06
  388700,2026-09-23T01:46:42.880+02:00, 0.298E-02, 1186.2237, 0.40909E+06
  388800,2026-09-23T01:46:53.531+02:00, 0.252E-02, 1186.5145, 0.40922E+06
  388900,2026-09-23T01:47:04.002+02:00, 0.301E-02, 1186.8039, 0.40934E+06
  389000,2026-09-23T01:47:14.689+02:00, 0.314E-02, 1187.0881, 0.40947E+06
  389100,2026-09-23T01:47:25.226+02:00, 0.297E-02, 1187.3773, 0.40960E+06
  389200,2026-09-23T01:47:35.568+02:00, 0.285E-02, 1187.6714, 0.40972E+06
  389300,2026-09-23T01:47:46.052+02:00, 0.309E-02, 1187.9648, 0.40985E+06
  389400,2026-09-23T01:47:56.573+02:00, 0.288E-02, 1188.2535, 0.40997E+06
  389500,2026-09-23T01:48:07.185+02:00, 0.280E-02, 1188.5388, 0.41010E+06
  389600,2026-09-23T01:48:17.686+02:00, 0.283E-02, 1188.8193, 0.41022E+06
  389700,2026-09-23T01:48:28.286+02:00, 0.262E-02, 1189.1061, 0.41035E+06
  389800,2026-09-23T01:48:38.964+02:00, 0.278E-02, 1189.3958, 0.41048E+06
  389900,2026-09-23T01:48:49.637+02:00, 0.311E-02, 1189.6922, 0.41061E+06
  390000,2026-09-23T01:49:00.619+02:00, 0.303E-02, 1189.9901, 0.41074E+06
  390100,2026-09-23T01:49:11.625+02:00, 0.309E-02, 1190.2732, 0.41087E+06
  390200,2026-09-23T01:49:22.419+02:00, 0.289E-02, 1190.5600, 0.41100E+06
  390300,2026-09-23T01:49:33.239+02:00, 0.274E-02, 1190.8457, 0.41113E+06
  390400,2026-09-23T01:49:43.847+02:00, 0.301E-02, 1191.1325, 0.41125E+06
  390500,2026-09-23T01:49:54.829+02:00, 0.289E-02, 1191.4152, 0.41138E+06
  390600,2026-09-23T01:50:06.007+02:00, 0.304E-02, 1191.7035, 0.41152E+06
  390700,2026-09-23T01:50:17.066+02:00, 0.292E-02, 1191.9953, 0.41165E+06
  390800,2026-09-23T01:50:28.088+02:00, 0.284E-02, 1192.2827, 0.41178E+06
  390900,2026-09-23T01:50:38.496+02:00, 0.284E-02, 1192.5669, 0.41191E+06
  391000,2026-09-23T01:50:49.522+02:00, 0.295E-02, 1192.8590, 0.41204E+06
  391100,2026-09-23T01:51:00.081+02:00, 0.290E-02, 1193.1517, 0.41216E+06
  391200,2026-09-23T01:51:10.706+02:00, 0.290E-02, 1193.4421, 0.41229E+06
  391300,2026-09-23T01:51:21.389+02:00, 0.290E-02, 1193.7326, 0.41242E+06
  391400,2026-09-23T01:51:32.177+02:00, 0.284E-02, 1194.0196, 0.41255E+06
  391500,2026-09-23T01:51:42.470+02:00, 0.309E-02, 1194.3108, 0.41267E+06
  391600,2026-09-23T01:51:52.868+02:00, 0.249E-02, 1194.6015, 0.41280E+06
  391700,2026-09-23T01:52:03.481+02:00, 0.291E-02, 1194.8965, 0.41292E+06
  391800,2026-09-23T01:52:14.080+02:00, 0.308E-02, 1195.1886, 0.41305E+06
  391900,2026-09-23T01:52:24.458+02:00, 0.286E-02, 1195.4718, 0.41317E+06
  392000,2026-09-23T01:52:34.826+02:00, 0.271E-02, 1195.7618, 0.41330E+06
  392100,2026-09-23T01:52:45.345+02:00, 0.291E-02, 1196.0479, 0.41342E+06
  392200,2026-09-23T01:52:56.060+02:00, 0.255E-02, 1196.3345, 0.41355E+06
  392300,2026-09-23T01:53:06.836+02:00, 0.292E-02, 1196.6187, 0.41368E+06
  392400,2026-09-23T01:53:17.430+02:00, 0.247E-02, 1196.9083, 0.41381E+06
  392500,2026-09-23T01:53:27.849+02:00, 0.288E-02, 1197.1824, 0.41393E+06
  392600,2026-09-23T01:53:38.447+02:00, 0.297E-02, 1197.4660, 0.41406E+06
  392700,2026-09-23T01:53:49.238+02:00, 0.312E-02, 1197.7583, 0.41419E+06
  392800,2026-09-23T01:54:00.189+02:00, 0.304E-02, 1198.0519, 0.41432E+06
  392900,2026-09-23T01:54:10.805+02:00, 0.270E-02, 1198.3546, 0.41444E+06
  393000,2026-09-23T01:54:21.363+02:00, 0.279E-02, 1198.6451, 0.41457E+06
  393100,2026-09-23T01:54:32.106+02:00, 0.276E-02, 1198.9202, 0.41470E+06
  393200,2026-09-23T01:54:42.754+02:00, 0.290E-02, 1199.2041, 0.41483E+06
  393300,2026-09-23T01:54:54.155+02:00, 0.283E-02, 1199.4788, 0.41496E+06
  393400,2026-09-23T01:55:04.815+02:00, 0.289E-02, 1199.7523, 0.41508E+06
  393500,2026-09-23T01:55:16.003+02:00, 0.305E-02, 1200.0388, 0.41522E+06
  393600,2026-09-23T01:55:27.396+02:00, 0.285E-02, 1200.3189, 0.41535E+06
  393700,2026-09-23T01:55:38.497+02:00, 0.280E-02, 1200.5943, 0.41549E+06
  393800,2026-09-23T01:55:49.687+02:00, 0.264E-02, 1200.8674, 0.41562E+06
  393900,2026-09-23T01:56:01.008+02:00, 0.297E-02, 1201.1510, 0.41575E+06
  394000,2026-09-23T01:56:11.906+02:00, 0.306E-02, 1201.4318, 0.41588E+06
  394100,2026-09-23T01:56:22.669+02:00, 0.295E-02, 1201.7203, 0.41601E+06
  394200,2026-09-23T01:56:33.708+02:00, 0.307E-02, 1202.0195, 0.41614E+06
  394300,2026-09-23T01:56:44.577+02:00, 0.290E-02, 1202.3175, 0.41627E+06
  394400,2026-09-23T01:56:55.595+02:00, 0.289E-02, 1202.6041, 0.41641E+06
  394500,2026-09-23T01:57:06.347+02:00, 0.254E-02, 1202.8959, 0.41653E+06
  394600,2026-09-23T01:57:16.785+02:00, 0.283E-02, 1203.1737, 0.41666E+06
  394700,2026-09-23T01:57:27.369+02:00, 0.295E-02, 1203.4683, 0.41679E+06
  394800,2026-09-23T01:57:37.874+02:00, 0.319E-02, 1203.7654, 0.41691E+06
  394900,2026-09-23T01:57:48.224+02:00, 0.319E-02, 1204.0571, 0.41704E+06
  395000,2026-09-23T01:57:58.715+02:00, 0.291E-02, 1204.3368, 0.41716E+06
  395100,2026-09-23T01:58:09.254+02:00, 0.275E-02, 1204.6252, 0.41729E+06
  395200,2026-09-23T01:58:19.850+02:00, 0.303E-02, 1204.9213, 0.41741E+06
  395300,2026-09-23T01:58:30.198+02:00, 0.284E-02, 1205.1895, 0.41754E+06
  395400,2026-09-23T01:58:40.641+02:00, 0.268E-02, 1205.4735, 0.41766E+06
  395500,2026-09-23T01:58:51.090+02:00, 0.317E-02, 1205.7665, 0.41779E+06
  395600,2026-09-23T01:59:01.550+02:00, 0.305E-02, 1206.0555, 0.41791E+06
  395700,2026-09-23T01:59:12.028+02:00, 0.293E-02, 1206.3426, 0.41804E+06
  395800,2026-09-23T01:59:23.769+02:00, 0.257E-02, 1206.6259, 0.41818E+06
  395900,2026-09-23T01:59:34.336+02:00, 0.293E-02, 1206.9160, 0.41830E+06
  396000,2026-09-23T01:59:44.889+02:00, 0.293E-02, 1207.2092, 0.41843E+06
  396100,2026-09-23T01:59:55.308+02:00, 0.277E-02, 1207.5009, 0.41855E+06
  396200,2026-09-23T02:00:05.711+02:00, 0.281E-02, 1207.7852, 0.41868E+06
  396300,2026-09-23T02:00:16.377+02:00, 0.297E-02, 1208.0792, 0.41881E+06
  396400,2026-09-23T02:00:27.197+02:00, 0.261E-02, 1208.3540, 0.41893E+06
  396500,2026-09-23T02:00:37.843+02:00, 0.274E-02, 1208.6409, 0.41906E+06
  396600,2026-09-23T02:00:48.364+02:00, 0.281E-02, 1208.9213, 0.41919E+06
  396700,2026-09-23T02:00:59.033+02:00, 0.280E-02, 1209.2103, 0.41931E+06
  396800,2026-09-23T02:01:09.519+02:00, 0.264E-02, 1209.4965, 0.41944E+06
  396900,2026-09-23T02:01:20.256+02:00, 0.313E-02, 1209.7957, 0.41957E+06
  397000,2026-09-23T02:01:30.627+02:00, 0.301E-02, 1210.0927, 0.41969E+06
  397100,2026-09-23T02:01:40.951+02:00, 0.295E-02, 1210.3793, 0.41982E+06
  397200,2026-09-23T02:01:51.971+02:00, 0.261E-02, 1210.6524, 0.41995E+06
  397300,2026-09-23T02:02:02.797+02:00, 0.296E-02, 1210.9339, 0.42008E+06
  397400,2026-09-23T02:02:13.708+02:00, 0.288E-02, 1211.2132, 0.42021E+06
  397500,2026-09-23T02:02:24.847+02:00, 0.288E-02, 1211.4891, 0.42034E+06
  397600,2026-09-23T02:02:35.928+02:00, 0.288E-02, 1211.7769, 0.42047E+06
  397700,2026-09-23T02:02:46.333+02:00, 0.278E-02, 1212.0539, 0.42060E+06
  397800,2026-09-23T02:02:57.098+02:00, 0.305E-02, 1212.3329, 0.42073E+06
  397900,2026-09-23T02:03:07.920+02:00, 0.252E-02, 1212.6157, 0.42086E+06
  398000,2026-09-23T02:03:18.638+02:00, 0.296E-02, 1212.8928, 0.42098E+06
  398100,2026-09-23T02:03:29.139+02:00, 0.296E-02, 1213.1886, 0.42111E+06
  398200,2026-09-23T02:03:39.480+02:00, 0.296E-02, 1213.4845, 0.42123E+06
  398300,2026-09-23T02:03:50.067+02:00, 0.265E-02, 1213.7766, 0.42136E+06
  398400,2026-09-23T02:04:00.866+02:00, 0.292E-02, 1214.0669, 0.42149E+06
  398500,2026-09-23T02:04:11.817+02:00, 0.284E-02, 1214.3564, 0.42162E+06
  398600,2026-09-23T02:04:22.287+02:00, 0.323E-02, 1214.6446, 0.42174E+06
  398700,2026-09-23T02:04:32.850+02:00, 0.273E-02, 1214.9352, 0.42187E+06
  398800,2026-09-23T02:04:43.511+02:00, 0.303E-02, 1215.2268, 0.42200E+06
  398900,2026-09-23T02:04:54.923+02:00, 0.288E-02, 1215.5103, 0.42213E+06
  399000,2026-09-23T02:05:05.865+02:00, 0.271E-02, 1215.8013, 0.42226E+06
  399100,2026-09-23T02:05:16.673+02:00, 0.257E-02, 1216.0855, 0.42239E+06
  399200,2026-09-23T02:05:27.273+02:00, 0.310E-02, 1216.3902, 0.42252E+06
  399300,2026-09-23T02:05:38.102+02:00, 0.255E-02, 1216.6760, 0.42265E+06
  399400,2026-09-23T02:05:49.095+02:00, 0.309E-02, 1216.9584, 0.42278E+06
  399500,2026-09-23T02:06:00.355+02:00, 0.308E-02, 1217.2487, 0.42291E+06
  399600,2026-09-23T02:06:11.394+02:00, 0.256E-02, 1217.5227, 0.42304E+06
  399700,2026-09-23T02:06:22.490+02:00, 0.263E-02, 1217.8031, 0.42318E+06
  399800,2026-09-23T02:06:33.591+02:00, 0.288E-02, 1218.0814, 0.42331E+06
  399900,2026-09-23T02:06:44.685+02:00, 0.281E-02, 1218.3608, 0.42344E+06
  400000,2026-09-23T02:06:55.743+02:00, 0.297E-02, 1218.6522, 0.42357E+06
  400100,2026-09-23T02:07:06.535+02:00, 0.279E-02, 1218.9209, 0.42370E+06
  400200,2026-09-23T02:07:17.455+02:00, 0.272E-02, 1219.1941, 0.42383E+06
  400300,2026-09-23T02:07:28.616+02:00, 0.255E-02, 1219.4772, 0.42397E+06
  400400,2026-09-23T02:07:39.164+02:00, 0.287E-02, 1219.7619, 0.42409E+06
  400500,2026-09-23T02:07:49.888+02:00, 0.306E-02, 1220.0615, 0.42422E+06
  400600,2026-09-23T02:08:00.669+02:00, 0.296E-02, 1220.3568, 0.42435E+06
  400700,2026-09-23T02:08:11.584+02:00, 0.288E-02, 1220.6468, 0.42448E+06
  400800,2026-09-23T02:08:22.616+02:00, 0.275E-02, 1220.9243, 0.42461E+06
  400900,2026-09-23T02:08:33.521+02:00, 0.285E-02, 1221.2082, 0.42474E+06
  401000,2026-09-23T02:08:44.110+02:00, 0.282E-02, 1221.4928, 0.42487E+06
  401100,2026-09-23T02:08:54.791+02:00, 0.278E-02, 1221.7696, 0.42499E+06
  401200,2026-09-23T02:09:05.828+02:00, 0.264E-02, 1222.0376, 0.42513E+06
  401300,2026-09-23T02:09:16.887+02:00, 0.273E-02, 1222.3116, 0.42526E+06
  401400,2026-09-23T02:09:27.922+02:00, 0.270E-02, 1222.5990, 0.42539E+06
  401500,2026-09-23T02:09:38.377+02:00, 0.294E-02, 1222.8904, 0.42552E+06
  401600,2026-09-23T02:09:48.791+02:00, 0.319E-02, 1223.1896, 0.42564E+06
  401700,2026-09-23T02:09:59.531+02:00, 0.300E-02, 1223.4895, 0.42577E+06
  401800,2026-09-23T02:10:10.339+02:00, 0.300E-02, 1223.7805, 0.42590E+06
  401900,2026-09-23T02:10:21.116+02:00, 0.300E-02, 1224.0744, 0.42603E+06
  402000,2026-09-23T02:10:31.748+02:00, 0.271E-02, 1224.3508, 0.42615E+06
  402100,2026-09-23T02:10:42.340+02:00, 0.275E-02, 1224.6335, 0.42628E+06
  402200,2026-09-23T02:10:52.886+02:00, 0.289E-02, 1224.9275, 0.42641E+06
  402300,2026-09-23T02:11:03.461+02:00, 0.303E-02, 1225.2181, 0.42653E+06
  402400,2026-09-23T02:11:13.763+02:00, 0.290E-02, 1225.5096, 0.42666E+06
  402500,2026-09-23T02:11:24.079+02:00, 0.294E-02, 1225.7987, 0.42678E+06
  402600,2026-09-23T02:11:34.798+02:00, 0.290E-02, 1226.0851, 0.42691E+06
  402700,2026-09-23T02:11:45.384+02:00, 0.301E-02, 1226.3843, 0.42703E+06
  402800,2026-09-23T02:11:56.047+02:00, 0.301E-02, 1226.6853, 0.42716E+06
  402900,2026-09-23T02:12:06.578+02:00, 0.287E-02, 1226.9675, 0.42728E+06
  403000,2026-09-23T02:12:17.498+02:00, 0.293E-02, 1227.2543, 0.42742E+06
  403100,2026-09-23T02:12:28.388+02:00, 0.274E-02, 1227.5483, 0.42755E+06
  403200,2026-09-23T02:12:38.957+02:00, 0.301E-02, 1227.8483, 0.42767E+06
  403300,2026-09-23T02:12:49.748+02:00, 0.282E-02, 1228.1353, 0.42780E+06
  403400,2026-09-23T02:13:00.604+02:00, 0.298E-02, 1228.4147, 0.42793E+06
  403500,2026-09-23T02:13:11.807+02:00, 0.246E-02, 1228.6857, 0.42806E+06
  403600,2026-09-23T02:13:23.143+02:00, 0.268E-02, 1228.9558, 0.42820E+06
  403700,2026-09-23T02:13:34.207+02:00, 0.287E-02, 1229.2409, 0.42833E+06
  403800,2026-09-23T02:13:45.352+02:00, 0.316E-02, 1229.5292, 0.42846E+06
  403900,2026-09-23T02:13:56.029+02:00, 0.285E-02, 1229.8247, 0.42859E+06
  404000,2026-09-23T02:14:07.169+02:00, 0.268E-02, 1230.1086, 0.42873E+06
  404100,2026-09-23T02:14:18.307+02:00, 0.282E-02, 1230.3918, 0.42886E+06
  404200,2026-09-23T02:14:29.298+02:00, 0.292E-02, 1230.6738, 0.42899E+06
  404300,2026-09-23T02:14:40.327+02:00, 0.292E-02, 1230.9654, 0.42912E+06
  404400,2026-09-23T02:14:51.412+02:00, 0.286E-02, 1231.2429, 0.42925E+06
  404500,2026-09-23T02:15:03.201+02:00, 0.288E-02, 1231.5159, 0.42939E+06
  404600,2026-09-23T02:15:14.359+02:00, 0.266E-02, 1231.7877, 0.42952E+06
  404700,2026-09-23T02:15:25.505+02:00, 0.273E-02, 1232.0637, 0.42966E+06
  404800,2026-09-23T02:15:36.628+02:00, 0.268E-02, 1232.3479, 0.42979E+06
  404900,2026-09-23T02:15:47.522+02:00, 0.237E-02, 1232.6166, 0.42992E+06
  405000,2026-09-23T02:15:58.675+02:00, 0.277E-02, 1232.8906, 0.43005E+06
  405100,2026-09-23T02:16:09.454+02:00, 0.304E-02, 1233.1939, 0.43018E+06
  405200,2026-09-23T02:16:19.896+02:00, 0.269E-02, 1233.4849, 0.43031E+06
  405300,2026-09-23T02:16:30.809+02:00, 0.277E-02, 1233.7611, 0.43044E+06
  405400,2026-09-23T02:16:41.089+02:00, 0.299E-02, 1234.0526, 0.43056E+06
  405500,2026-09-23T02:16:51.906+02:00, 0.287E-02, 1234.3444, 0.43069E+06
  405600,2026-09-23T02:17:02.765+02:00, 0.303E-02, 1234.6328, 0.43082E+06
  405700,2026-09-23T02:17:13.216+02:00, 0.265E-02, 1234.9082, 0.43094E+06
  405800,2026-09-23T02:17:23.896+02:00, 0.284E-02, 1235.1825, 0.43107E+06
  405900,2026-09-23T02:17:34.791+02:00, 0.284E-02, 1235.4668, 0.43120E+06
  406000,2026-09-23T02:17:45.675+02:00, 0.257E-02, 1235.7412, 0.43133E+06
  406100,2026-09-23T02:17:56.590+02:00, 0.276E-02, 1236.0181, 0.43146E+06
  406200,2026-09-23T02:18:07.418+02:00, 0.272E-02, 1236.2905, 0.43159E+06
  406300,2026-09-23T02:18:18.405+02:00, 0.284E-02, 1236.5671, 0.43172E+06
  406400,2026-09-23T02:18:29.391+02:00, 0.300E-02, 1236.8659, 0.43185E+06
  406500,2026-09-23T02:18:40.503+02:00, 0.268E-02, 1237.1464, 0.43199E+06
  406600,2026-09-23T02:18:51.361+02:00, 0.299E-02, 1237.4172, 0.43211E+06
  406700,2026-09-23T02:19:02.234+02:00, 0.291E-02, 1237.7051, 0.43224E+06
  406800,2026-09-23T02:19:13.286+02:00, 0.293E-02, 1237.9876, 0.43238E+06
  406900,2026-09-23T02:19:23.975+02:00, 0.271E-02, 1238.2809, 0.43250E+06
  407000,2026-09-23T02:19:34.788+02:00, 0.278E-02, 1238.5549, 0.43263E+06
  407100,2026-09-23T02:19:45.875+02:00, 0.273E-02, 1238.8268, 0.43277E+06
  407200,2026-09-23T02:19:56.887+02:00, 0.273E-02, 1239.0950, 0.43290E+06
  407300,2026-09-23T02:20:07.612+02:00, 0.278E-02, 1239.3767, 0.43303E+06
  407400,2026-09-23T02:20:18.647+02:00, 0.288E-02, 1239.6472, 0.43316E+06
  407500,2026-09-23T02:20:29.746+02:00, 0.300E-02, 1239.9198, 0.43329E+06
  407600,2026-09-23T02:20:40.891+02:00, 0.265E-02, 1240.1890, 0.43342E+06
  407700,2026-09-23T02:20:51.482+02:00, 0.288E-02, 1240.4751, 0.43355E+06
  407800,2026-09-23T02:21:02.322+02:00, 0.302E-02, 1240.7622, 0.43368E+06
  407900,2026-09-23T02:21:13.178+02:00, 0.251E-02, 1241.0569, 0.43381E+06
  408000,2026-09-23T02:21:24.212+02:00, 0.287E-02, 1241.3413, 0.43394E+06
  408100,2026-09-23T02:21:35.081+02:00, 0.273E-02, 1241.6188, 0.43407E+06
  408200,2026-09-23T02:21:46.156+02:00, 0.271E-02, 1241.8876, 0.43420E+06
  408300,2026-09-23T02:21:57.257+02:00, 0.276E-02, 1242.1570, 0.43434E+06
  408400,2026-09-23T02:22:08.217+02:00, 0.288E-02, 1242.4389, 0.43447E+06
  408500,2026-09-23T02:22:18.977+02:00, 0.274E-02, 1242.7133, 0.43459E+06
  408600,2026-09-23T02:22:29.707+02:00, 0.274E-02, 1242.9870, 0.43472E+06
  408700,2026-09-23T02:22:40.799+02:00, 0.290E-02, 1243.2642, 0.43485E+06
  408800,2026-09-23T02:22:51.728+02:00, 0.260E-02, 1243.5448, 0.43499E+06
  408900,2026-09-23T02:23:02.830+02:00, 0.262E-02, 1243.8197, 0.43512E+06
  409000,2026-09-23T02:23:14.030+02:00, 0.290E-02, 1244.1000, 0.43525E+06
  409100,2026-09-23T02:23:24.762+02:00, 0.303E-02, 1244.4024, 0.43538E+06
  409200,2026-09-23T02:23:35.432+02:00, 0.303E-02, 1244.7054, 0.43551E+06
  409300,2026-09-23T02:23:46.286+02:00, 0.285E-02, 1244.9902, 0.43564E+06
  409400,2026-09-23T02:23:56.963+02:00, 0.273E-02, 1245.2772, 0.43576E+06
  409500,2026-09-23T02:24:07.755+02:00, 0.300E-02, 1245.5622, 0.43589E+06
  409600,2026-09-23T02:24:18.397+02:00, 0.286E-02, 1245.8465, 0.43602E+06
  409700,2026-09-23T02:24:29.384+02:00, 0.286E-02, 1246.1249, 0.43615E+06
  409800,2026-09-23T02:24:40.246+02:00, 0.256E-02, 1246.4153, 0.43628E+06
  409900,2026-09-23T02:24:50.774+02:00, 0.288E-02, 1246.6917, 0.43641E+06
  410000,2026-09-23T02:25:01.928+02:00, 0.302E-02, 1246.9918, 0.43654E+06
  410100,2026-09-23T02:25:12.685+02:00, 0.298E-02, 1247.2817, 0.43666E+06
  410200,2026-09-23T02:25:23.218+02:00, 0.289E-02, 1247.5743, 0.43679E+06
  410300,2026-09-23T02:25:33.477+02:00, 0.314E-02, 1247.8652, 0.43691E+06
  410400,2026-09-23T02:25:43.972+02:00, 0.306E-02, 1248.1468, 0.43704E+06
  410500,2026-09-23T02:25:54.354+02:00, 0.288E-02, 1248.4337, 0.43716E+06
  410600,2026-09-23T02:26:04.722+02:00, 0.295E-02, 1248.7208, 0.43729E+06
  410700,2026-09-23T02:26:15.043+02:00, 0.283E-02, 1249.0140, 0.43741E+06
  410800,2026-09-23T02:26:25.352+02:00, 0.293E-02, 1249.3066, 0.43753E+06
  410900,2026-09-23T02:26:35.668+02:00, 0.284E-02, 1249.5901, 0.43766E+06
  411000,2026-09-23T02:26:45.911+02:00, 0.249E-02, 1249.8676, 0.43778E+06
  411100,2026-09-23T02:26:56.267+02:00, 0.301E-02, 1250.1495, 0.43790E+06
  411200,2026-09-23T02:27:06.727+02:00, 0.277E-02, 1250.4279, 0.43803E+06
  411300,2026-09-23T02:27:17.660+02:00, 0.290E-02, 1250.7108, 0.43816E+06
  411400,2026-09-23T02:27:28.520+02:00, 0.290E-02, 1250.9840, 0.43829E+06
  411500,2026-09-23T02:27:39.315+02:00, 0.305E-02, 1251.2832, 0.43842E+06
  411600,2026-09-23T02:27:50.228+02:00, 0.298E-02, 1251.5747, 0.43855E+06
  411700,2026-09-23T02:28:01.114+02:00, 0.280E-02, 1251.8538, 0.43868E+06
  411800,2026-09-23T02:28:11.973+02:00, 0.268E-02, 1252.1376, 0.43881E+06
  411900,2026-09-23T02:28:22.303+02:00, 0.306E-02, 1252.4324, 0.43893E+06
  412000,2026-09-23T02:28:32.588+02:00, 0.297E-02, 1252.7348, 0.43905E+06
  412100,2026-09-23T02:28:43.402+02:00, 0.283E-02, 1253.0181, 0.43918E+06
  412200,2026-09-23T02:28:54.605+02:00, 0.273E-02, 1253.2853, 0.43932E+06
  412300,2026-09-23T02:29:05.630+02:00, 0.284E-02, 1253.5619, 0.43945E+06
  412400,2026-09-23T02:29:16.597+02:00, 0.274E-02, 1253.8396, 0.43958E+06
  412500,2026-09-23T02:29:27.531+02:00, 0.302E-02, 1254.1401, 0.43971E+06
  412600,2026-09-23T02:29:37.863+02:00, 0.265E-02, 1254.4340, 0.43983E+06
  412700,2026-09-23T02:29:48.742+02:00, 0.320E-02, 1254.7336, 0.43996E+06
  412800,2026-09-23T02:29:59.652+02:00, 0.287E-02, 1255.0243, 0.44009E+06
  412900,2026-09-23T02:30:10.609+02:00, 0.283E-02, 1255.3050, 0.44022E+06
  413000,2026-09-23T02:30:21.568+02:00, 0.282E-02, 1255.5927, 0.44035E+06
  413100,2026-09-23T02:30:32.476+02:00, 0.292E-02, 1255.8850, 0.44049E+06
  413200,2026-09-23T02:30:43.012+02:00, 0.286E-02, 1256.1812, 0.44061E+06
  413300,2026-09-23T02:30:53.343+02:00, 0.311E-02, 1256.4723, 0.44073E+06
  413400,2026-09-23T02:31:03.781+02:00, 0.269E-02, 1256.7565, 0.44086E+06
  413500,2026-09-23T02:31:14.524+02:00, 0.252E-02, 1257.0300, 0.44099E+06
  413600,2026-09-23T02:31:25.491+02:00, 0.270E-02, 1257.2994, 0.44112E+06
  413700,2026-09-23T02:31:36.470+02:00, 0.259E-02, 1257.5742, 0.44125E+06
  413800,2026-09-23T02:31:47.568+02:00, 0.284E-02, 1257.8501, 0.44138E+06
  413900,2026-09-23T02:31:58.392+02:00, 0.250E-02, 1258.1281, 0.44151E+06
  414000,2026-09-23T02:32:09.137+02:00, 0.300E-02, 1258.4133, 0.44164E+06
  414100,2026-09-23T02:32:20.088+02:00, 0.253E-02, 1258.6931, 0.44177E+06
  414200,2026-09-23T02:32:31.011+02:00, 0.303E-02, 1258.9798, 0.44190E+06
  414300,2026-09-23T02:32:42.028+02:00, 0.281E-02, 1259.2578, 0.44203E+06
  414400,2026-09-23T02:32:53.050+02:00, 0.309E-02, 1259.5409, 0.44216E+06
  414500,2026-09-23T02:33:03.960+02:00, 0.303E-02, 1259.8226, 0.44229E+06
  414600,2026-09-23T02:33:15.423+02:00, 0.298E-02, 1260.1097, 0.44243E+06
  414700,2026-09-23T02:33:26.103+02:00, 0.277E-02, 1260.3910, 0.44256E+06
  414800,2026-09-23T02:33:36.925+02:00, 0.293E-02, 1260.6763, 0.44269E+06
  414900,2026-09-23T02:33:47.755+02:00, 0.294E-02, 1260.9689, 0.44282E+06
  415000,2026-09-23T02:33:58.022+02:00, 0.294E-02, 1261.2633, 0.44294E+06
  415100,2026-09-23T02:34:08.652+02:00, 0.272E-02, 1261.5365, 0.44307E+06
  415200,2026-09-23T02:34:19.595+02:00, 0.275E-02, 1261.8196, 0.44320E+06
  415300,2026-09-23T02:34:30.505+02:00, 0.294E-02, 1262.0893, 0.44333E+06
  415400,2026-09-23T02:34:40.979+02:00, 0.284E-02, 1262.3766, 0.44345E+06
  415500,2026-09-23T02:34:52.046+02:00, 0.291E-02, 1262.6603, 0.44358E+06
  415600,2026-09-23T02:35:03.510+02:00, 0.281E-02, 1262.9405, 0.44372E+06
  415700,2026-09-23T02:35:14.373+02:00, 0.284E-02, 1263.2202, 0.44385E+06
  415800,2026-09-23T02:35:25.860+02:00, 0.276E-02, 1263.4960, 0.44398E+06
  415900,2026-09-23T02:35:36.951+02:00, 0.268E-02, 1263.7827, 0.44411E+06
  416000,2026-09-23T02:35:47.771+02:00, 0.269E-02, 1264.0630, 0.44424E+06
  416100,2026-09-23T02:35:58.754+02:00, 0.270E-02, 1264.3386, 0.44438E+06
  416200,2026-09-23T02:36:09.845+02:00, 0.272E-02, 1264.6139, 0.44451E+06
  416300,2026-09-23T02:36:20.519+02:00, 0.280E-02, 1264.8860, 0.44464E+06
  416400,2026-09-23T02:36:31.666+02:00, 0.279E-02, 1265.1631, 0.44477E+06
  416500,2026-09-23T02:36:42.695+02:00, 0.282E-02, 1265.4423, 0.44490E+06
  416600,2026-09-23T02:36:53.615+02:00, 0.289E-02, 1265.7356, 0.44503E+06
  416700,2026-09-23T02:37:04.708+02:00, 0.251E-02, 1266.0140, 0.44516E+06
  416800,2026-09-23T02:37:15.768+02:00, 0.300E-02, 1266.2770, 0.44530E+06
  416900,2026-09-23T02:37:26.928+02:00, 0.270E-02, 1266.5502, 0.44543E+06
  417000,2026-09-23T02:37:38.253+02:00, 0.309E-02, 1266.8320, 0.44556E+06
  417100,2026-09-23T02:37:49.322+02:00, 0.301E-02, 1267.1181, 0.44569E+06
  417200,2026-09-23T02:37:59.973+02:00, 0.287E-02, 1267.4003, 0.44582E+06
  417300,2026-09-23T02:38:10.755+02:00, 0.290E-02, 1267.6774, 0.44595E+06
  417400,2026-09-23T02:38:21.510+02:00, 0.297E-02, 1267.9555, 0.44608E+06
  417500,2026-09-23T02:38:32.068+02:00, 0.304E-02, 1268.2381, 0.44620E+06
  417600,2026-09-23T02:38:42.584+02:00, 0.313E-02, 1268.5296, 0.44633E+06
  417700,2026-09-23T02:38:53.033+02:00, 0.294E-02, 1268.8284, 0.44646E+06
  417800,2026-09-23T02:39:03.817+02:00, 0.284E-02, 1269.1128, 0.44658E+06
  417900,2026-09-23T02:39:14.533+02:00, 0.284E-02, 1269.3973, 0.44671E+06
  418000,2026-09-23T02:39:25.551+02:00, 0.308E-02, 1269.6811, 0.44684E+06
  418100,2026-09-23T02:39:36.326+02:00, 0.283E-02, 1269.9675, 0.44697E+06
  418200,2026-09-23T02:39:47.149+02:00, 0.282E-02, 1270.2447, 0.44710E+06
  418300,2026-09-23T02:39:58.247+02:00, 0.259E-02, 1270.5261, 0.44723E+06
  418400,2026-09-23T02:40:09.288+02:00, 0.284E-02, 1270.8060, 0.44737E+06
  418500,2026-09-23T02:40:20.375+02:00, 0.288E-02, 1271.0916, 0.44750E+06
  418600,2026-09-23T02:40:31.368+02:00, 0.311E-02, 1271.3729, 0.44763E+06
  418700,2026-09-23T02:40:42.111+02:00, 0.293E-02, 1271.6581, 0.44776E+06
  418800,2026-09-23T02:40:52.682+02:00, 0.299E-02, 1271.9383, 0.44788E+06
  418900,2026-09-23T02:41:03.301+02:00, 0.267E-02, 1272.2171, 0.44801E+06
  419000,2026-09-23T02:41:14.695+02:00, 0.270E-02, 1272.4869, 0.44815E+06
  419100,2026-09-23T02:41:25.878+02:00, 0.285E-02, 1272.7561, 0.44828E+06
  419200,2026-09-23T02:41:36.967+02:00, 0.263E-02, 1273.0318, 0.44841E+06
  419300,2026-09-23T02:41:48.247+02:00, 0.295E-02, 1273.3098, 0.44855E+06
  419400,2026-09-23T02:41:59.713+02:00, 0.278E-02, 1273.5947, 0.44868E+06
  419500,2026-09-23T02:42:11.165+02:00, 0.279E-02, 1273.8782, 0.44882E+06
  419600,2026-09-23T02:42:22.634+02:00, 0.278E-02, 1274.1464, 0.44895E+06
  419700,2026-09-23T02:42:33.469+02:00, 0.293E-02, 1274.4291, 0.44908E+06
  419800,2026-09-23T02:42:44.398+02:00, 0.287E-02, 1274.7176, 0.44921E+06
  419900,2026-09-23T02:42:55.557+02:00, 0.272E-02, 1274.9896, 0.44935E+06
  420000,2026-09-23T02:43:06.531+02:00, 0.292E-02, 1275.2640, 0.44948E+06
  420100,2026-09-23T02:43:17.061+02:00, 0.283E-02, 1275.5433, 0.44960E+06
  420200,2026-09-23T02:43:27.809+02:00, 0.282E-02, 1275.8286, 0.44973E+06
  420300,2026-09-23T02:43:39.155+02:00, 0.300E-02, 1276.1092, 0.44987E+06
  420400,2026-09-23T02:43:50.158+02:00, 0.274E-02, 1276.3868, 0.45000E+06
  420500,2026-09-23T02:44:01.590+02:00, 0.292E-02, 1276.6622, 0.45013E+06
  420600,2026-09-23T02:44:12.187+02:00, 0.258E-02, 1276.9459, 0.45026E+06
  420700,2026-09-23T02:44:23.317+02:00, 0.293E-02, 1277.2246, 0.45039E+06
  420800,2026-09-23T02:44:34.781+02:00, 0.282E-02, 1277.5049, 0.45053E+06
  420900,2026-09-23T02:44:45.929+02:00, 0.288E-02, 1277.7922, 0.45066E+06
  421000,2026-09-23T02:44:57.276+02:00, 0.231E-02, 1278.0706, 0.45079E+06
  421100,2026-09-23T02:45:08.385+02:00, 0.287E-02, 1278.3485, 0.45092E+06
  421200,2026-09-23T02:45:19.610+02:00, 0.267E-02, 1278.6242, 0.45106E+06
  421300,2026-09-23T02:45:31.333+02:00, 0.272E-02, 1278.9014, 0.45120E+06
  421400,2026-09-23T02:45:42.565+02:00, 0.293E-02, 1279.1924, 0.45133E+06
  421500,2026-09-23T02:45:53.660+02:00, 0.293E-02, 1279.4856, 0.45146E+06
  421600,2026-09-23T02:46:04.905+02:00, 0.277E-02, 1279.7691, 0.45159E+06
  421700,2026-09-23T02:46:16.660+02:00, 0.290E-02, 1280.0458, 0.45173E+06
  421800,2026-09-23T02:46:28.456+02:00, 0.307E-02, 1280.3220, 0.45187E+06
  421900,2026-09-23T02:46:39.527+02:00, 0.288E-02, 1280.6148, 0.45200E+06
  422000,2026-09-23T02:46:51.246+02:00, 0.281E-02, 1280.8909, 0.45214E+06
  422100,2026-09-23T02:47:02.451+02:00, 0.255E-02, 1281.1676, 0.45227E+06
  422200,2026-09-23T02:47:13.469+02:00, 0.258E-02, 1281.4489, 0.45241E+06
  422300,2026-09-23T02:47:24.685+02:00, 0.281E-02, 1281.7258, 0.45254E+06
  422400,2026-09-23T02:47:35.799+02:00, 0.299E-02, 1282.0206, 0.45267E+06
  422500,2026-09-23T02:47:46.461+02:00, 0.302E-02, 1282.3118, 0.45280E+06
  422600,2026-09-23T02:47:57.132+02:00, 0.294E-02, 1282.6082, 0.45293E+06
  422700,2026-09-23T02:48:08.183+02:00, 0.283E-02, 1282.8909, 0.45306E+06
  422800,2026-09-23T02:48:19.445+02:00, 0.270E-02, 1283.1747, 0.45319E+06
  422900,2026-09-23T02:48:30.636+02:00, 0.247E-02, 1283.4525, 0.45332E+06
  423000,2026-09-23T02:48:41.750+02:00, 0.275E-02, 1283.7209, 0.45346E+06
  423100,2026-09-23T02:48:52.858+02:00, 0.279E-02, 1284.0049, 0.45359E+06
  423200,2026-09-23T02:49:03.415+02:00, 0.272E-02, 1284.2908, 0.45371E+06
  423300,2026-09-23T02:49:14.275+02:00, 0.293E-02, 1284.5816, 0.45384E+06
  423400,2026-09-23T02:49:25.380+02:00, 0.258E-02, 1284.8619, 0.45397E+06
  423500,2026-09-23T02:49:36.458+02:00, 0.248E-02, 1285.1431, 0.45410E+06
  423600,2026-09-23T02:49:47.592+02:00, 0.281E-02, 1285.4174, 0.45424E+06
  423700,2026-09-23T02:49:58.874+02:00, 0.264E-02, 1285.6974, 0.45437E+06
  423800,2026-09-23T02:50:09.996+02:00, 0.303E-02, 1285.9860, 0.45450E+06
  423900,2026-09-23T02:50:21.279+02:00, 0.291E-02, 1286.2717, 0.45464E+06
  424000,2026-09-23T02:50:31.683+02:00, 0.285E-02, 1286.5767, 0.45476E+06
  424100,2026-09-23T02:50:42.661+02:00, 0.281E-02, 1286.8561, 0.45489E+06
  424200,2026-09-23T02:50:53.413+02:00, 0.296E-02, 1287.1360, 0.45502E+06
  424300,2026-09-23T02:51:04.119+02:00, 0.289E-02, 1287.4135, 0.45515E+06
  424400,2026-09-23T02:51:15.100+02:00, 0.285E-02, 1287.6976, 0.45528E+06
  424500,2026-09-23T02:51:26.182+02:00, 0.285E-02, 1287.9830, 0.45541E+06
  424600,2026-09-23T02:51:37.696+02:00, 0.288E-02, 1288.2676, 0.45554E+06
  424700,2026-09-23T02:51:49.144+02:00, 0.291E-02, 1288.5547, 0.45568E+06
  424800,2026-09-23T02:51:59.955+02:00, 0.265E-02, 1288.8340, 0.45581E+06
  424900,2026-09-23T02:52:11.037+02:00, 0.250E-02, 1289.1195, 0.45594E+06
  425000,2026-09-23T02:52:21.858+02:00, 0.261E-02, 1289.3999, 0.45607E+06
  425100,2026-09-23T02:52:32.635+02:00, 0.255E-02, 1289.6768, 0.45619E+06
  425200,2026-09-23T02:52:43.350+02:00, 0.296E-02, 1289.9633, 0.45632E+06
  425300,2026-09-23T02:52:54.840+02:00, 0.283E-02, 1290.2439, 0.45646E+06
  425400,2026-09-23T02:53:05.764+02:00, 0.290E-02, 1290.5256, 0.45659E+06
  425500,2026-09-23T02:53:16.533+02:00, 0.319E-02, 1290.8308, 0.45671E+06
  425600,2026-09-23T02:53:27.293+02:00, 0.284E-02, 1291.1313, 0.45684E+06
  425700,2026-09-23T02:53:38.116+02:00, 0.294E-02, 1291.4269, 0.45697E+06
  425800,2026-09-23T02:53:48.940+02:00, 0.295E-02, 1291.7160, 0.45710E+06
  425900,2026-09-23T02:53:59.973+02:00, 0.314E-02, 1292.0012, 0.45723E+06
  426000,2026-09-23T02:54:10.754+02:00, 0.321E-02, 1292.3008, 0.45736E+06
  426100,2026-09-23T02:54:21.366+02:00, 0.293E-02, 1292.5953, 0.45748E+06
  426200,2026-09-23T02:54:31.955+02:00, 0.293E-02, 1292.8880, 0.45761E+06
  426300,2026-09-23T02:54:42.967+02:00, 0.313E-02, 1293.1796, 0.45774E+06
  426400,2026-09-23T02:54:54.056+02:00, 0.269E-02, 1293.4742, 0.45787E+06
  426500,2026-09-23T02:55:04.814+02:00, 0.300E-02, 1293.7659, 0.45800E+06
  426600,2026-09-23T02:55:15.575+02:00, 0.296E-02, 1294.0616, 0.45812E+06
  426700,2026-09-23T02:55:26.067+02:00, 0.295E-02, 1294.3444, 0.45825E+06
  426800,2026-09-23T02:55:36.786+02:00, 0.250E-02, 1294.6163, 0.45838E+06
  426900,2026-09-23T02:55:47.954+02:00, 0.283E-02, 1294.8949, 0.45851E+06
  427000,2026-09-23T02:55:58.932+02:00, 0.288E-02, 1295.1825, 0.45864E+06
  427100,2026-09-23T02:56:11.452+02:00, 0.296E-02, 1295.4649, 0.45878E+06
  427200,2026-09-23T02:56:23.437+02:00, 0.302E-02, 1295.7449, 0.45892E+06
  427300,2026-09-23T02:56:35.214+02:00, 0.269E-02, 1296.0213, 0.45906E+06
  427400,2026-09-23T02:56:46.636+02:00, 0.301E-02, 1296.2984, 0.45920E+06
  427500,2026-09-23T02:56:58.568+02:00, 0.297E-02, 1296.5928, 0.45934E+06
  427600,2026-09-23T02:57:09.885+02:00, 0.312E-02, 1296.8902, 0.45947E+06
  427700,2026-09-23T02:57:21.230+02:00, 0.291E-02, 1297.1781, 0.45960E+06
  427800,2026-09-23T02:57:32.413+02:00, 0.304E-02, 1297.4647, 0.45974E+06
  427900,2026-09-23T02:57:43.500+02:00, 0.292E-02, 1297.7543, 0.45987E+06
  428000,2026-09-23T02:57:54.385+02:00, 0.255E-02, 1298.0364, 0.45999E+06
  428100,2026-09-23T02:58:05.154+02:00, 0.280E-02, 1298.3122, 0.46012E+06
  428200,2026-09-23T02:58:15.544+02:00, 0.287E-02, 1298.6024, 0.46025E+06
  428300,2026-09-23T02:58:26.225+02:00, 0.286E-02, 1298.8882, 0.46037E+06
  428400,2026-09-23T02:58:36.920+02:00, 0.261E-02, 1299.1771, 0.46050E+06
  428500,2026-09-23T02:58:47.793+02:00, 0.279E-02, 1299.4709, 0.46063E+06
  428600,2026-09-23T02:58:58.860+02:00, 0.276E-02, 1299.7663, 0.46076E+06
  428700,2026-09-23T02:59:09.670+02:00, 0.278E-02, 1300.0538, 0.46089E+06
  428800,2026-09-23T02:59:20.356+02:00, 0.288E-02, 1300.3388, 0.46102E+06
  428900,2026-09-23T02:59:30.844+02:00, 0.306E-02, 1300.6347, 0.46114E+06
  429000,2026-09-23T02:59:41.872+02:00, 0.275E-02, 1300.9161, 0.46127E+06
  429100,2026-09-23T02:59:53.321+02:00, 0.287E-02, 1301.1965, 0.46141E+06
  429200,2026-09-23T03:00:04.757+02:00, 0.244E-02, 1301.4791, 0.46154E+06
  429300,2026-09-23T03:00:16.302+02:00, 0.278E-02, 1301.7489, 0.46168E+06
  429400,2026-09-23T03:00:27.641+02:00, 0.280E-02, 1302.0268, 0.46181E+06
  429500,2026-09-23T03:00:39.241+02:00, 0.281E-02, 1302.3020, 0.46195E+06
  429600,2026-09-23T03:00:51.048+02:00, 0.247E-02, 1302.5725, 0.46209E+06
  429700,2026-09-23T03:01:02.136+02:00, 0.282E-02, 1302.8480, 0.46222E+06
  429800,2026-09-23T03:01:13.762+02:00, 0.261E-02, 1303.1281, 0.46236E+06
  429900,2026-09-23T03:01:25.428+02:00, 0.278E-02, 1303.4029, 0.46250E+06
  430000,2026-09-23T03:01:36.716+02:00, 0.286E-02, 1303.6877, 0.46263E+06
  430100,2026-09-23T03:01:47.965+02:00, 0.270E-02, 1303.9653, 0.46277E+06
  430200,2026-09-23T03:01:59.003+02:00, 0.290E-02, 1304.2471, 0.46290E+06
  430300,2026-09-23T03:02:10.847+02:00, 0.303E-02, 1304.5168, 0.46304E+06
  430400,2026-09-23T03:02:22.132+02:00, 0.280E-02, 1304.7969, 0.46317E+06
  430500,2026-09-23T03:02:33.721+02:00, 0.292E-02, 1305.0844, 0.46331E+06
  430600,2026-09-23T03:02:45.040+02:00, 0.309E-02, 1305.3742, 0.46344E+06
  430700,2026-09-23T03:02:55.793+02:00, 0.296E-02, 1305.6664, 0.46357E+06
  430800,2026-09-23T03:03:07.000+02:00, 0.258E-02, 1305.9494, 0.46370E+06
  430900,2026-09-23T03:03:17.814+02:00, 0.284E-02, 1306.2337, 0.46383E+06
  431000,2026-09-23T03:03:28.666+02:00, 0.297E-02, 1306.5297, 0.46396E+06
  431100,2026-09-23T03:03:39.580+02:00, 0.309E-02, 1306.8202, 0.46409E+06
  431200,2026-09-23T03:03:50.164+02:00, 0.296E-02, 1307.1183, 0.46422E+06
  431300,2026-09-23T03:04:01.081+02:00, 0.296E-02, 1307.4140, 0.46434E+06
  431400,2026-09-23T03:04:12.049+02:00, 0.289E-02, 1307.7036, 0.46447E+06
  431500,2026-09-23T03:04:23.234+02:00, 0.283E-02, 1307.9883, 0.46460E+06
  431600,2026-09-23T03:04:34.330+02:00, 0.300E-02, 1308.2770, 0.46474E+06
  431700,2026-09-23T03:04:45.270+02:00, 0.294E-02, 1308.5705, 0.46487E+06
  431800,2026-09-23T03:04:56.421+02:00, 0.280E-02, 1308.8474, 0.46500E+06
  431900,2026-09-23T03:05:07.571+02:00, 0.278E-02, 1309.1215, 0.46513E+06
  432000,2026-09-23T03:05:18.907+02:00, 0.261E-02, 1309.4051, 0.46526E+06
  432100,2026-09-23T03:05:29.809+02:00, 0.258E-02, 1309.6900, 0.46539E+06
  432200,2026-09-23T03:05:40.616+02:00, 0.303E-02, 1309.9667, 0.46552E+06
  432300,2026-09-23T03:05:51.165+02:00, 0.284E-02, 1310.2614, 0.46564E+06
  432400,2026-09-23T03:06:02.335+02:00, 0.281E-02, 1310.5427, 0.46578E+06
  432500,2026-09-23T03:06:14.158+02:00, 0.273E-02, 1310.8377, 0.46591E+06
  432600,2026-09-23T03:06:24.861+02:00, 0.311E-02, 1311.1162, 0.46604E+06
  432700,2026-09-23T03:06:35.384+02:00, 0.289E-02, 1311.4024, 0.46617E+06
  432800,2026-09-23T03:06:46.854+02:00, 0.294E-02, 1311.7009, 0.46630E+06
  432900,2026-09-23T03:06:58.026+02:00, 0.282E-02, 1311.9821, 0.46644E+06
  433000,2026-09-23T03:07:09.123+02:00, 0.268E-02, 1312.2690, 0.46657E+06
  433100,2026-09-23T03:07:20.130+02:00, 0.305E-02, 1312.5514, 0.46670E+06
  433200,2026-09-23T03:07:31.409+02:00, 0.317E-02, 1312.8327, 0.46683E+06
  433300,2026-09-23T03:07:43.035+02:00, 0.305E-02, 1313.1372, 0.46697E+06
  433400,2026-09-23T03:07:53.823+02:00, 0.294E-02, 1313.4352, 0.46709E+06
  433500,2026-09-23T03:08:04.890+02:00, 0.244E-02, 1313.7230, 0.46722E+06
  433600,2026-09-23T03:08:15.408+02:00, 0.297E-02, 1314.0028, 0.46735E+06
  433700,2026-09-23T03:08:26.330+02:00, 0.284E-02, 1314.2842, 0.46748E+06
  433800,2026-09-23T03:08:37.958+02:00, 0.302E-02, 1314.5670, 0.46762E+06
  433900,2026-09-23T03:08:49.873+02:00, 0.286E-02, 1314.8439, 0.46776E+06
  434000,2026-09-23T03:09:01.034+02:00, 0.301E-02, 1315.1283, 0.46789E+06
  434100,2026-09-23T03:09:11.860+02:00, 0.272E-02, 1315.4132, 0.46801E+06
  434200,2026-09-23T03:09:22.741+02:00, 0.312E-02, 1315.7068, 0.46814E+06
  434300,2026-09-23T03:09:33.509+02:00, 0.295E-02, 1315.9952, 0.46827E+06
  434400,2026-09-23T03:09:44.535+02:00, 0.259E-02, 1316.2754, 0.46840E+06
  434500,2026-09-23T03:09:55.280+02:00, 0.288E-02, 1316.5695, 0.46853E+06
  434600,2026-09-23T03:10:06.132+02:00, 0.294E-02, 1316.8541, 0.46866E+06
  434700,2026-09-23T03:10:16.473+02:00, 0.294E-02, 1317.1482, 0.46878E+06
  434800,2026-09-23T03:10:26.968+02:00, 0.290E-02, 1317.4347, 0.46891E+06
  434900,2026-09-23T03:10:37.453+02:00, 0.278E-02, 1317.7159, 0.46903E+06
  435000,2026-09-23T03:10:47.828+02:00, 0.264E-02, 1317.9986, 0.46915E+06
  435100,2026-09-23T03:10:58.583+02:00, 0.272E-02, 1318.2798, 0.46928E+06
  435200,2026-09-23T03:11:09.371+02:00, 0.291E-02, 1318.5650, 0.46941E+06
  435300,2026-09-23T03:11:20.444+02:00, 0.261E-02, 1318.8407, 0.46954E+06
  435400,2026-09-23T03:11:31.204+02:00, 0.303E-02, 1319.1166, 0.46967E+06
  435500,2026-09-23T03:11:42.180+02:00, 0.296E-02, 1319.4166, 0.46980E+06
  435600,2026-09-23T03:11:53.222+02:00, 0.302E-02, 1319.7170, 0.46993E+06
  435700,2026-09-23T03:12:04.152+02:00, 0.290E-02, 1320.0064, 0.47006E+06
  435800,2026-09-23T03:12:15.460+02:00, 0.319E-02, 1320.2975, 0.47019E+06
  435900,2026-09-23T03:12:26.759+02:00, 0.279E-02, 1320.5802, 0.47032E+06
  436000,2026-09-23T03:12:38.147+02:00, 0.282E-02, 1320.8577, 0.47046E+06
  436100,2026-09-23T03:12:48.542+02:00, 0.301E-02, 1321.1483, 0.47058E+06
  436200,2026-09-23T03:12:59.557+02:00, 0.270E-02, 1321.4453, 0.47071E+06
  436300,2026-09-23T03:13:10.340+02:00, 0.310E-02, 1321.7387, 0.47084E+06
  436400,2026-09-23T03:13:21.416+02:00, 0.296E-02, 1322.0295, 0.47097E+06
  436500,2026-09-23T03:13:32.418+02:00, 0.296E-02, 1322.3251, 0.47110E+06
  436600,2026-09-23T03:13:43.496+02:00, 0.292E-02, 1322.6159, 0.47123E+06
  436700,2026-09-23T03:13:54.040+02:00, 0.281E-02, 1322.9093, 0.47135E+06
  436800,2026-09-23T03:14:04.895+02:00, 0.291E-02, 1323.1999, 0.47148E+06
  436900,2026-09-23T03:14:15.810+02:00, 0.252E-02, 1323.4815, 0.47161E+06
  437000,2026-09-23T03:14:26.953+02:00, 0.284E-02, 1323.7601, 0.47174E+06
  437100,2026-09-23T03:14:37.387+02:00, 0.281E-02, 1324.0403, 0.47187E+06
  437200,2026-09-23T03:14:48.496+02:00, 0.296E-02, 1324.3220, 0.47200E+06
  437300,2026-09-23T03:14:59.451+02:00, 0.291E-02, 1324.6121, 0.47213E+06
  437400,2026-09-23T03:15:10.327+02:00, 0.291E-02, 1324.9034, 0.47225E+06
  437500,2026-09-23T03:15:20.795+02:00, 0.255E-02, 1325.1936, 0.47238E+06
  437600,2026-09-23T03:15:32.006+02:00, 0.296E-02, 1325.4870, 0.47251E+06
  437700,2026-09-23T03:15:43.254+02:00, 0.292E-02, 1325.7797, 0.47264E+06
  437800,2026-09-23T03:15:54.450+02:00, 0.292E-02, 1326.0715, 0.47278E+06
  437900,2026-09-23T03:16:05.187+02:00, 0.289E-02, 1326.3566, 0.47290E+06
  438000,2026-09-23T03:16:16.281+02:00, 0.299E-02, 1326.6344, 0.47304E+06
  438100,2026-09-23T03:16:27.445+02:00, 0.279E-02, 1326.9083, 0.47317E+06
  438200,2026-09-23T03:16:38.464+02:00, 0.249E-02, 1327.1776, 0.47330E+06
  438300,2026-09-23T03:16:49.501+02:00, 0.287E-02, 1327.4525, 0.47343E+06
  438400,2026-09-23T03:17:00.818+02:00, 0.281E-02, 1327.7288, 0.47356E+06
  438500,2026-09-23T03:17:12.283+02:00, 0.291E-02, 1328.0045, 0.47370E+06
  438600,2026-09-23T03:17:23.338+02:00, 0.288E-02, 1328.2866, 0.47383E+06
  438700,2026-09-23T03:17:34.383+02:00, 0.273E-02, 1328.5657, 0.47396E+06
  438800,2026-09-23T03:17:45.697+02:00, 0.283E-02, 1328.8391, 0.47410E+06
  438900,2026-09-23T03:17:57.318+02:00, 0.273E-02, 1329.1273, 0.47423E+06
  439000,2026-09-23T03:18:08.625+02:00, 0.275E-02, 1329.4057, 0.47437E+06
  439100,2026-09-23T03:18:20.379+02:00, 0.258E-02, 1329.6879, 0.47450E+06
  439200,2026-09-23T03:18:31.736+02:00, 0.306E-02, 1329.9630, 0.47464E+06
  439300,2026-09-23T03:18:43.421+02:00, 0.288E-02, 1330.2503, 0.47478E+06
  439400,2026-09-23T03:18:54.321+02:00, 0.270E-02, 1330.5356, 0.47490E+06
  439500,2026-09-23T03:19:05.573+02:00, 0.288E-02, 1330.8277, 0.47504E+06
  439600,2026-09-23T03:19:16.471+02:00, 0.252E-02, 1331.1135, 0.47517E+06
  439700,2026-09-23T03:19:27.273+02:00, 0.250E-02, 1331.3840, 0.47529E+06
  439800,2026-09-23T03:19:38.221+02:00, 0.297E-02, 1331.6740, 0.47542E+06
  439900,2026-09-23T03:19:48.952+02:00, 0.294E-02, 1331.9649, 0.47555E+06
  440000,2026-09-23T03:19:59.822+02:00, 0.298E-02, 1332.2498, 0.47568E+06
  440100,2026-09-23T03:20:10.458+02:00, 0.287E-02, 1332.5447, 0.47580E+06
  440200,2026-09-23T03:20:21.266+02:00, 0.249E-02, 1332.8352, 0.47593E+06
  440300,2026-09-23T03:20:32.811+02:00, 0.301E-02, 1333.1237, 0.47607E+06
  440400,2026-09-23T03:20:43.969+02:00, 0.303E-02, 1333.4189, 0.47620E+06
  440500,2026-09-23T03:20:55.519+02:00, 0.295E-02, 1333.7161, 0.47633E+06
  440600,2026-09-23T03:21:07.069+02:00, 0.282E-02, 1334.0024, 0.47647E+06
  440700,2026-09-23T03:21:18.847+02:00, 0.280E-02, 1334.2735, 0.47661E+06
  440800,2026-09-23T03:21:29.974+02:00, 0.260E-02, 1334.5604, 0.47674E+06
  440900,2026-09-23T03:21:40.995+02:00, 0.289E-02, 1334.8422, 0.47687E+06
  441000,2026-09-23T03:21:52.248+02:00, 0.289E-02, 1335.1257, 0.47700E+06
  441100,2026-09-23T03:22:03.487+02:00, 0.268E-02, 1335.4019, 0.47714E+06
  441200,2026-09-23T03:22:15.330+02:00, 0.264E-02, 1335.6854, 0.47728E+06
  441300,2026-09-23T03:22:26.462+02:00, 0.307E-02, 1335.9688, 0.47741E+06
  441400,2026-09-23T03:22:37.357+02:00, 0.265E-02, 1336.2673, 0.47754E+06
  441500,2026-09-23T03:22:48.104+02:00, 0.292E-02, 1336.5576, 0.47766E+06
  441600,2026-09-23T03:22:58.836+02:00, 0.265E-02, 1336.8469, 0.47779E+06
  441700,2026-09-23T03:23:09.886+02:00, 0.292E-02, 1337.1246, 0.47792E+06
  441800,2026-09-23T03:23:20.592+02:00, 0.291E-02, 1337.4140, 0.47805E+06
  441900,2026-09-23T03:23:31.280+02:00, 0.262E-02, 1337.7046, 0.47818E+06
  442000,2026-09-23T03:23:42.437+02:00, 0.279E-02, 1337.9863, 0.47831E+06
  442100,2026-09-23T03:23:53.698+02:00, 0.287E-02, 1338.2782, 0.47844E+06
  442200,2026-09-23T03:24:04.986+02:00, 0.274E-02, 1338.5690, 0.47857E+06
  442300,2026-09-23T03:24:15.978+02:00, 0.289E-02, 1338.8586, 0.47870E+06
  442400,2026-09-23T03:24:27.012+02:00, 0.289E-02, 1339.1476, 0.47883E+06
  442500,2026-09-23T03:24:37.910+02:00, 0.296E-02, 1339.4268, 0.47896E+06
  442600,2026-09-23T03:24:48.803+02:00, 0.284E-02, 1339.7112, 0.47909E+06
  442700,2026-09-23T03:24:59.937+02:00, 0.278E-02, 1339.9902, 0.47922E+06
  442800,2026-09-23T03:25:10.709+02:00, 0.282E-02, 1340.2736, 0.47934E+06
  442900,2026-09-23T03:25:21.689+02:00, 0.271E-02, 1340.5690, 0.47947E+06
  443000,2026-09-23T03:25:32.542+02:00, 0.267E-02, 1340.8626, 0.47960E+06
  443100,2026-09-23T03:25:43.305+02:00, 0.306E-02, 1341.1643, 0.47973E+06
  443200,2026-09-23T03:25:53.567+02:00, 0.321E-02, 1341.4567, 0.47985E+06
  443300,2026-09-23T03:26:04.309+02:00, 0.289E-02, 1341.7464, 0.47998E+06
  443400,2026-09-23T03:26:15.041+02:00, 0.303E-02, 1342.0432, 0.48011E+06
  443500,2026-09-23T03:26:25.804+02:00, 0.277E-02, 1342.3502, 0.48023E+06
  443600,2026-09-23T03:26:36.777+02:00, 0.299E-02, 1342.6270, 0.48036E+06
  443700,2026-09-23T03:26:47.944+02:00, 0.272E-02, 1342.9172, 0.48050E+06
  443800,2026-09-23T03:26:58.367+02:00, 0.268E-02, 1343.2113, 0.48062E+06
  443900,2026-09-23T03:27:09.919+02:00, 0.283E-02, 1343.5005, 0.48075E+06
  444000,2026-09-23T03:27:20.770+02:00, 0.288E-02, 1343.7885, 0.48088E+06
  444100,2026-09-23T03:27:31.954+02:00, 0.281E-02, 1344.0713, 0.48102E+06
  444200,2026-09-23T03:27:43.514+02:00, 0.255E-02, 1344.3491, 0.48115E+06
  444300,2026-09-23T03:27:54.937+02:00, 0.282E-02, 1344.6319, 0.48129E+06
  444400,2026-09-23T03:28:05.977+02:00, 0.277E-02, 1344.9071, 0.48142E+06
  444500,2026-09-23T03:28:16.682+02:00, 0.272E-02, 1345.1873, 0.48154E+06
  444600,2026-09-23T03:28:27.610+02:00, 0.284E-02, 1345.4648, 0.48167E+06
  444700,2026-09-23T03:28:38.691+02:00, 0.308E-02, 1345.7490, 0.48180E+06
  444800,2026-09-23T03:28:49.564+02:00, 0.283E-02, 1346.0348, 0.48193E+06
  444900,2026-09-23T03:29:00.520+02:00, 0.288E-02, 1346.3078, 0.48206E+06
  445000,2026-09-23T03:29:11.462+02:00, 0.282E-02, 1346.5886, 0.48219E+06
  445100,2026-09-23T03:29:22.564+02:00, 0.282E-02, 1346.8710, 0.48232E+06
  445200,2026-09-23T03:29:33.909+02:00, 0.299E-02, 1347.1584, 0.48246E+06
  445300,2026-09-23T03:29:45.065+02:00, 0.296E-02, 1347.4530, 0.48259E+06
  445400,2026-09-23T03:29:56.554+02:00, 0.283E-02, 1347.7296, 0.48272E+06
  445500,2026-09-23T03:30:07.882+02:00, 0.277E-02, 1348.0043, 0.48285E+06
  445600,2026-09-23T03:30:18.587+02:00, 0.296E-02, 1348.2952, 0.48298E+06
  445700,2026-09-23T03:30:29.629+02:00, 0.293E-02, 1348.5864, 0.48311E+06
  445800,2026-09-23T03:30:40.518+02:00, 0.285E-02, 1348.8710, 0.48324E+06
  445900,2026-09-23T03:30:51.014+02:00, 0.266E-02, 1349.1506, 0.48337E+06
  446000,2026-09-23T03:31:02.731+02:00, 0.276E-02, 1349.4337, 0.48350E+06
  446100,2026-09-23T03:31:14.000+02:00, 0.299E-02, 1349.7242, 0.48364E+06
  446200,2026-09-23T03:31:25.716+02:00, 0.295E-02, 1350.0183, 0.48377E+06
  446300,2026-09-23T03:31:36.715+02:00, 0.301E-02, 1350.3214, 0.48390E+06
  446400,2026-09-23T03:31:47.758+02:00, 0.293E-02, 1350.6168, 0.48403E+06
  446500,2026-09-23T03:31:58.777+02:00, 0.293E-02, 1350.9098, 0.48416E+06
  446600,2026-09-23T03:32:10.157+02:00, 0.287E-02, 1351.1991, 0.48429E+06
  446700,2026-09-23T03:32:21.496+02:00, 0.269E-02, 1351.4875, 0.48443E+06
  446800,2026-09-23T03:32:32.637+02:00, 0.291E-02, 1351.7646, 0.48456E+06
  446900,2026-09-23T03:32:43.338+02:00, 0.227E-02, 1352.0429, 0.48469E+06
  447000,2026-09-23T03:32:53.805+02:00, 0.275E-02, 1352.3132, 0.48481E+06
  447100,2026-09-23T03:33:05.028+02:00, 0.263E-02, 1352.6014, 0.48494E+06
  447200,2026-09-23T03:33:16.073+02:00, 0.282E-02, 1352.8850, 0.48508E+06
  447300,2026-09-23T03:33:27.258+02:00, 0.282E-02, 1353.1673, 0.48521E+06
  447400,2026-09-23T03:33:38.008+02:00, 0.275E-02, 1353.4382, 0.48533E+06
  447500,2026-09-23T03:33:48.708+02:00, 0.293E-02, 1353.7290, 0.48546E+06
  447600,2026-09-23T03:33:59.477+02:00, 0.293E-02, 1354.0223, 0.48559E+06
  447700,2026-09-23T03:34:10.312+02:00, 0.279E-02, 1354.3034, 0.48572E+06
  447800,2026-09-23T03:34:21.580+02:00, 0.294E-02, 1354.5882, 0.48585E+06
  447900,2026-09-23T03:34:32.582+02:00, 0.294E-02, 1354.8818, 0.48598E+06
  448000,2026-09-23T03:34:43.388+02:00, 0.290E-02, 1355.1762, 0.48610E+06
  448100,2026-09-23T03:34:54.789+02:00, 0.286E-02, 1355.4542, 0.48623E+06
  448200,2026-09-23T03:35:06.373+02:00, 0.286E-02, 1355.7445, 0.48637E+06
  448300,2026-09-23T03:35:17.987+02:00, 0.296E-02, 1356.0249, 0.48651E+06
  448400,2026-09-23T03:35:28.725+02:00, 0.276E-02, 1356.3001, 0.48664E+06
  448500,2026-09-23T03:35:40.009+02:00, 0.237E-02, 1356.5728, 0.48677E+06
  448600,2026-09-23T03:35:51.658+02:00, 0.292E-02, 1356.8530, 0.48690E+06
  448700,2026-09-23T03:36:03.079+02:00, 0.277E-02, 1357.1189, 0.48704E+06
  448800,2026-09-23T03:36:14.379+02:00, 0.248E-02, 1357.3958, 0.48717E+06
  448900,2026-09-23T03:36:25.588+02:00, 0.297E-02, 1357.6859, 0.48730E+06
  449000,2026-09-23T03:36:36.754+02:00, 0.273E-02, 1357.9737, 0.48743E+06
  449100,2026-09-23T03:36:47.694+02:00, 0.289E-02, 1358.2643, 0.48756E+06
  449200,2026-09-23T03:36:59.460+02:00, 0.289E-02, 1358.5537, 0.48770E+06
  449300,2026-09-23T03:37:10.966+02:00, 0.265E-02, 1358.8267, 0.48784E+06
  449400,2026-09-23T03:37:22.242+02:00, 0.265E-02, 1359.0996, 0.48797E+06
  449500,2026-09-23T03:37:32.763+02:00, 0.279E-02, 1359.3786, 0.48809E+06
  449600,2026-09-23T03:37:43.531+02:00, 0.262E-02, 1359.6552, 0.48822E+06
  449700,2026-09-23T03:37:54.563+02:00, 0.247E-02, 1359.9350, 0.48835E+06
  449800,2026-09-23T03:38:06.003+02:00, 0.270E-02, 1360.2211, 0.48849E+06
  449900,2026-09-23T03:38:16.984+02:00, 0.292E-02, 1360.5079, 0.48862E+06
  450000,2026-09-23T03:38:28.028+02:00, 0.277E-02, 1360.7904, 0.48875E+06
  450100,2026-09-23T03:38:39.388+02:00, 0.294E-02, 1361.0830, 0.48888E+06
  450200,2026-09-23T03:38:50.385+02:00, 0.261E-02, 1361.3736, 0.48901E+06
  450300,2026-09-23T03:39:00.857+02:00, 0.279E-02, 1361.6670, 0.48913E+06
  450400,2026-09-23T03:39:11.874+02:00, 0.277E-02, 1361.9637, 0.48926E+06
  450500,2026-09-23T03:39:22.670+02:00, 0.308E-02, 1362.2504, 0.48939E+06
  450600,2026-09-23T03:39:33.499+02:00, 0.301E-02, 1362.5495, 0.48952E+06
  450700,2026-09-23T03:39:44.518+02:00, 0.289E-02, 1362.8300, 0.48965E+06
  450800,2026-09-23T03:39:55.135+02:00, 0.305E-02, 1363.1139, 0.48977E+06
  450900,2026-09-23T03:40:05.799+02:00, 0.305E-02, 1363.4188, 0.48990E+06
  451000,2026-09-23T03:40:16.982+02:00, 0.292E-02, 1363.7120, 0.49003E+06
  451100,2026-09-23T03:40:27.297+02:00, 0.269E-02, 1363.9829, 0.49016E+06
  451200,2026-09-23T03:40:38.384+02:00, 0.278E-02, 1364.2674, 0.49029E+06
  451300,2026-09-23T03:40:49.627+02:00, 0.254E-02, 1364.5514, 0.49042E+06
  451400,2026-09-23T03:41:00.800+02:00, 0.291E-02, 1364.8338, 0.49055E+06
  451500,2026-09-23T03:41:11.916+02:00, 0.297E-02, 1365.1130, 0.49068E+06
  451600,2026-09-23T03:41:23.091+02:00, 0.288E-02, 1365.3987, 0.49081E+06
  451700,2026-09-23T03:41:34.183+02:00, 0.283E-02, 1365.6841, 0.49094E+06
  451800,2026-09-23T03:41:45.572+02:00, 0.288E-02, 1365.9747, 0.49108E+06
  451900,2026-09-23T03:41:56.692+02:00, 0.285E-02, 1366.2572, 0.49121E+06
  452000,2026-09-23T03:42:07.845+02:00, 0.309E-02, 1366.5507, 0.49134E+06
  452100,2026-09-23T03:42:19.338+02:00, 0.294E-02, 1366.8371, 0.49147E+06
  452200,2026-09-23T03:42:31.110+02:00, 0.283E-02, 1367.1189, 0.49161E+06
  452300,2026-09-23T03:42:42.880+02:00, 0.281E-02, 1367.3936, 0.49175E+06
  452400,2026-09-23T03:42:54.188+02:00, 0.277E-02, 1367.6687, 0.49188E+06
  452500,2026-09-23T03:43:05.780+02:00, 0.288E-02, 1367.9564, 0.49202E+06
  452600,2026-09-23T03:43:16.672+02:00, 0.239E-02, 1368.2322, 0.49215E+06
  452700,2026-09-23T03:43:27.795+02:00, 0.259E-02, 1368.5011, 0.49228E+06
  452800,2026-09-23T03:43:38.545+02:00, 0.310E-02, 1368.7860, 0.49241E+06
  452900,2026-09-23T03:43:49.692+02:00, 0.299E-02, 1369.0824, 0.49254E+06
  453000,2026-09-23T03:44:00.824+02:00, 0.267E-02, 1369.3735, 0.49267E+06
  453100,2026-09-23T03:44:11.869+02:00, 0.290E-02, 1369.6589, 0.49280E+06
  453200,2026-09-23T03:44:23.419+02:00, 0.299E-02, 1369.9507, 0.49294E+06
  453300,2026-09-23T03:44:34.617+02:00, 0.296E-02, 1370.2431, 0.49307E+06
  453400,2026-09-23T03:44:46.570+02:00, 0.262E-02, 1370.5166, 0.49321E+06
  453500,2026-09-23T03:44:58.459+02:00, 0.298E-02, 1370.7896, 0.49335E+06
  453600,2026-09-23T03:45:10.029+02:00, 0.258E-02, 1371.0725, 0.49348E+06
  453700,2026-09-23T03:45:21.357+02:00, 0.298E-02, 1371.3528, 0.49362E+06
  453800,2026-09-23T03:45:32.580+02:00, 0.264E-02, 1371.6393, 0.49375E+06
  453900,2026-09-23T03:45:44.171+02:00, 0.316E-02, 1371.9311, 0.49389E+06
  454000,2026-09-23T03:45:55.418+02:00, 0.284E-02, 1372.2194, 0.49402E+06
  454100,2026-09-23T03:46:06.794+02:00, 0.292E-02, 1372.5094, 0.49415E+06
  454200,2026-09-23T03:46:18.637+02:00, 0.291E-02, 1372.7914, 0.49429E+06
  454300,2026-09-23T03:46:30.020+02:00, 0.256E-02, 1373.0775, 0.49443E+06
  454400,2026-09-23T03:46:41.709+02:00, 0.271E-02, 1373.3483, 0.49456E+06
  454500,2026-09-23T03:46:53.343+02:00, 0.275E-02, 1373.6339, 0.49470E+06
  454600,2026-09-23T03:47:04.274+02:00, 0.275E-02, 1373.9192, 0.49483E+06
  454700,2026-09-23T03:47:15.445+02:00, 0.295E-02, 1374.1945, 0.49496E+06
  454800,2026-09-23T03:47:26.725+02:00, 0.273E-02, 1374.4695, 0.49510E+06
  454900,2026-09-23T03:47:37.220+02:00, 0.267E-02, 1374.7638, 0.49522E+06
  455000,2026-09-23T03:47:48.042+02:00, 0.289E-02, 1375.0493, 0.49535E+06
  455100,2026-09-23T03:47:58.671+02:00, 0.285E-02, 1375.3305, 0.49548E+06
  455200,2026-09-23T03:48:09.582+02:00, 0.247E-02, 1375.6047, 0.49560E+06
  455300,2026-09-23T03:48:20.360+02:00, 0.297E-02, 1375.8937, 0.49573E+06
  455400,2026-09-23T03:48:31.067+02:00, 0.308E-02, 1376.1790, 0.49586E+06
  455500,2026-09-23T03:48:42.218+02:00, 0.288E-02, 1376.4657, 0.49599E+06
  455600,2026-09-23T03:48:53.843+02:00, 0.273E-02, 1376.7428, 0.49613E+06
  455700,2026-09-23T03:49:05.199+02:00, 0.284E-02, 1377.0309, 0.49626E+06
  455800,2026-09-23T03:49:16.416+02:00, 0.283E-02, 1377.3135, 0.49640E+06
  455900,2026-09-23T03:49:27.653+02:00, 0.282E-02, 1377.6002, 0.49653E+06
  456000,2026-09-23T03:49:39.415+02:00, 0.297E-02, 1377.8840, 0.49667E+06
  456100,2026-09-23T03:49:51.090+02:00, 0.256E-02, 1378.1718, 0.49680E+06
  456200,2026-09-23T03:50:02.467+02:00, 0.264E-02, 1378.4490, 0.49694E+06
  456300,2026-09-23T03:50:13.950+02:00, 0.298E-02, 1378.7326, 0.49707E+06
  456400,2026-09-23T03:50:24.911+02:00, 0.267E-02, 1379.0285, 0.49720E+06
  456500,2026-09-23T03:50:35.446+02:00, 0.288E-02, 1379.3118, 0.49733E+06
  456600,2026-09-23T03:50:46.537+02:00, 0.297E-02, 1379.6068, 0.49746E+06
  456700,2026-09-23T03:50:58.166+02:00, 0.293E-02, 1379.8978, 0.49760E+06
  456800,2026-09-23T03:51:09.460+02:00, 0.293E-02, 1380.1908, 0.49773E+06
  456900,2026-09-23T03:51:20.478+02:00, 0.302E-02, 1380.4814, 0.49786E+06
  457000,2026-09-23T03:51:32.009+02:00, 0.280E-02, 1380.7723, 0.49799E+06
  457100,2026-09-23T03:51:43.707+02:00, 0.281E-02, 1381.0482, 0.49813E+06
  457200,2026-09-23T03:51:55.173+02:00, 0.275E-02, 1381.3140, 0.49827E+06
  457300,2026-09-23T03:52:05.512+02:00, 0.298E-02, 1381.5986, 0.49839E+06
  457400,2026-09-23T03:52:15.989+02:00, 0.291E-02, 1381.8934, 0.49851E+06
  457500,2026-09-23T03:52:26.807+02:00, 0.307E-02, 1382.1838, 0.49864E+06
  457600,2026-09-23T03:52:38.143+02:00, 0.255E-02, 1382.4627, 0.49878E+06
  457700,2026-09-23T03:52:49.472+02:00, 0.301E-02, 1382.7491, 0.49891E+06
  457800,2026-09-23T03:53:00.816+02:00, 0.288E-02, 1383.0269, 0.49904E+06
  457900,2026-09-23T03:53:11.469+02:00, 0.225E-02, 1383.3092, 0.49917E+06
  458000,2026-09-23T03:53:22.867+02:00, 0.254E-02, 1383.5909, 0.49931E+06
  458100,2026-09-23T03:53:34.101+02:00, 0.290E-02, 1383.8699, 0.49944E+06
  458200,2026-09-23T03:53:45.462+02:00, 0.291E-02, 1384.1456, 0.49957E+06
  458300,2026-09-23T03:53:56.492+02:00, 0.287E-02, 1384.4318, 0.49971E+06
  458400,2026-09-23T03:54:07.382+02:00, 0.272E-02, 1384.7197, 0.49984E+06
  458500,2026-09-23T03:54:18.864+02:00, 0.296E-02, 1385.0086, 0.49997E+06
  458600,2026-09-23T03:54:30.383+02:00, 0.286E-02, 1385.2932, 0.50011E+06
  458700,2026-09-23T03:54:41.857+02:00, 0.286E-02, 1385.5675, 0.50024E+06
  458800,2026-09-23T03:54:53.859+02:00, 0.277E-02, 1385.8469, 0.50038E+06
  458900,2026-09-23T03:55:05.058+02:00, 0.305E-02, 1386.1351, 0.50051E+06
  459000,2026-09-23T03:55:16.425+02:00, 0.292E-02, 1386.4226, 0.50065E+06
  459100,2026-09-23T03:55:27.770+02:00, 0.276E-02, 1386.7054, 0.50078E+06
  459200,2026-09-23T03:55:39.782+02:00, 0.287E-02, 1386.9829, 0.50092E+06
  459300,2026-09-23T03:55:51.805+02:00, 0.242E-02, 1387.2579, 0.50106E+06
  459400,2026-09-23T03:56:03.810+02:00, 0.286E-02, 1387.5392, 0.50120E+06
  459500,2026-09-23T03:56:14.714+02:00, 0.294E-02, 1387.8274, 0.50133E+06
  459600,2026-09-23T03:56:25.958+02:00, 0.297E-02, 1388.1127, 0.50146E+06
  459700,2026-09-23T03:56:36.657+02:00, 0.293E-02, 1388.4029, 0.50159E+06
  459800,2026-09-23T03:56:47.651+02:00, 0.301E-02, 1388.6921, 0.50172E+06
  459900,2026-09-23T03:56:59.097+02:00, 0.284E-02, 1388.9750, 0.50185E+06
  460000,2026-09-23T03:57:10.087+02:00, 0.304E-02, 1389.2749, 0.50198E+06
  460100,2026-09-23T03:57:21.606+02:00, 0.295E-02, 1389.5726, 0.50212E+06
  460200,2026-09-23T03:57:32.544+02:00, 0.294E-02, 1389.8579, 0.50225E+06
  460300,2026-09-23T03:57:44.050+02:00, 0.291E-02, 1390.1460, 0.50238E+06
  460400,2026-09-23T03:57:55.066+02:00, 0.281E-02, 1390.4279, 0.50251E+06
  460500,2026-09-23T03:58:06.330+02:00, 0.295E-02, 1390.7226, 0.50264E+06
  460600,2026-09-23T03:58:16.989+02:00, 0.291E-02, 1391.0126, 0.50277E+06
  460700,2026-09-23T03:58:28.210+02:00, 0.278E-02, 1391.3046, 0.50290E+06
  460800,2026-09-23T03:58:39.787+02:00, 0.257E-02, 1391.5951, 0.50304E+06
  460900,2026-09-23T03:58:51.044+02:00, 0.295E-02, 1391.8732, 0.50317E+06
  461000,2026-09-23T03:59:01.916+02:00, 0.283E-02, 1392.1589, 0.50330E+06
  461100,2026-09-23T03:59:12.886+02:00, 0.307E-02, 1392.4535, 0.50343E+06
  461200,2026-09-23T03:59:24.016+02:00, 0.275E-02, 1392.7437, 0.50356E+06
  461300,2026-09-23T03:59:35.359+02:00, 0.252E-02, 1393.0309, 0.50369E+06
  461400,2026-09-23T03:59:47.006+02:00, 0.289E-02, 1393.2912, 0.50383E+06
  461500,2026-09-23T03:59:57.747+02:00, 0.277E-02, 1393.5635, 0.50395E+06
  461600,2026-09-23T04:00:09.289+02:00, 0.243E-02, 1393.8345, 0.50409E+06
  461700,2026-09-23T04:00:21.220+02:00, 0.284E-02, 1394.1149, 0.50423E+06
  461800,2026-09-23T04:00:32.777+02:00, 0.257E-02, 1394.3901, 0.50437E+06
  461900,2026-09-23T04:00:44.639+02:00, 0.264E-02, 1394.6699, 0.50450E+06
  462000,2026-09-23T04:00:55.625+02:00, 0.262E-02, 1394.9519, 0.50464E+06
  462100,2026-09-23T04:01:07.150+02:00, 0.260E-02, 1395.2310, 0.50477E+06
  462200,2026-09-23T04:01:18.329+02:00, 0.262E-02, 1395.5020, 0.50490E+06
  462300,2026-09-23T04:01:29.838+02:00, 0.300E-02, 1395.7775, 0.50504E+06
  462400,2026-09-23T04:01:41.356+02:00, 0.285E-02, 1396.0632, 0.50517E+06
  462500,2026-09-23T04:01:52.818+02:00, 0.277E-02, 1396.3468, 0.50531E+06
  462600,2026-09-23T04:02:03.861+02:00, 0.256E-02, 1396.6083, 0.50544E+06
  462700,2026-09-23T04:02:14.972+02:00, 0.274E-02, 1396.8865, 0.50557E+06
  462800,2026-09-23T04:02:25.857+02:00, 0.288E-02, 1397.1749, 0.50570E+06
  462900,2026-09-23T04:02:37.377+02:00, 0.274E-02, 1397.4652, 0.50584E+06
  463000,2026-09-23T04:02:48.728+02:00, 0.288E-02, 1397.7508, 0.50597E+06
  463100,2026-09-23T04:03:00.317+02:00, 0.279E-02, 1398.0360, 0.50611E+06
  463200,2026-09-23T04:03:12.007+02:00, 0.263E-02, 1398.3090, 0.50625E+06
  463300,2026-09-23T04:03:23.544+02:00, 0.285E-02, 1398.5902, 0.50638E+06
  463400,2026-09-23T04:03:35.576+02:00, 0.305E-02, 1398.8812, 0.50652E+06
  463500,2026-09-23T04:03:46.918+02:00, 0.272E-02, 1399.1575, 0.50666E+06
  463600,2026-09-23T04:03:58.237+02:00, 0.254E-02, 1399.4300, 0.50679E+06
  463700,2026-09-23T04:04:09.658+02:00, 0.281E-02, 1399.7042, 0.50692E+06
  463800,2026-09-23T04:04:20.892+02:00, 0.275E-02, 1399.9854, 0.50706E+06
  463900,2026-09-23T04:04:32.056+02:00, 0.299E-02, 1400.2812, 0.50719E+06
  464000,2026-09-23T04:04:43.057+02:00, 0.283E-02, 1400.5611, 0.50732E+06
  464100,2026-09-23T04:04:54.738+02:00, 0.264E-02, 1400.8350, 0.50745E+06
  464200,2026-09-23T04:05:05.854+02:00, 0.277E-02, 1401.1100, 0.50758E+06
  464300,2026-09-23T04:05:16.541+02:00, 0.310E-02, 1401.3893, 0.50771E+06
  464400,2026-09-23T04:05:28.214+02:00, 0.272E-02, 1401.6646, 0.50785E+06
  464500,2026-09-23T04:05:39.950+02:00, 0.291E-02, 1401.9545, 0.50799E+06
  464600,2026-09-23T04:05:51.279+02:00, 0.291E-02, 1402.2454, 0.50812E+06
  464700,2026-09-23T04:06:02.859+02:00, 0.277E-02, 1402.5316, 0.50825E+06
  464800,2026-09-23T04:06:14.286+02:00, 0.298E-02, 1402.8216, 0.50838E+06
  464900,2026-09-23T04:06:26.316+02:00, 0.316E-02, 1403.1157, 0.50852E+06
  465000,2026-09-23T04:06:38.560+02:00, 0.252E-02, 1403.3963, 0.50867E+06
  465100,2026-09-23T04:06:50.588+02:00, 0.318E-02, 1403.6901, 0.50881E+06
  465200,2026-09-23T04:07:02.349+02:00, 0.294E-02, 1403.9988, 0.50894E+06
  465300,2026-09-23T04:07:13.528+02:00, 0.318E-02, 1404.2902, 0.50907E+06
  465400,2026-09-23T04:07:25.385+02:00, 0.296E-02, 1404.5945, 0.50921E+06
  465500,2026-09-23T04:07:37.122+02:00, 0.289E-02, 1404.8797, 0.50935E+06
  465600,2026-09-23T04:07:48.734+02:00, 0.284E-02, 1405.1605, 0.50949E+06
  465700,2026-09-23T04:08:00.147+02:00, 0.285E-02, 1405.4472, 0.50962E+06
  465800,2026-09-23T04:08:11.536+02:00, 0.281E-02, 1405.7290, 0.50975E+06
  465900,2026-09-23T04:08:23.268+02:00, 0.296E-02, 1406.0093, 0.50989E+06
  466000,2026-09-23T04:08:35.304+02:00, 0.288E-02, 1406.2884, 0.51003E+06
  466100,2026-09-23T04:08:47.697+02:00, 0.292E-02, 1406.5717, 0.51017E+06
  466200,2026-09-23T04:09:00.028+02:00, 0.305E-02, 1406.8601, 0.51032E+06
  466300,2026-09-23T04:09:11.753+02:00, 0.282E-02, 1407.1400, 0.51045E+06
  466400,2026-09-23T04:09:23.725+02:00, 0.301E-02, 1407.4194, 0.51059E+06
  466500,2026-09-23T04:09:35.702+02:00, 0.293E-02, 1407.7133, 0.51073E+06
  466600,2026-09-23T04:09:47.732+02:00, 0.282E-02, 1407.9906, 0.51087E+06
  466700,2026-09-23T04:09:59.752+02:00, 0.317E-02, 1408.2840, 0.51101E+06
  466800,2026-09-23T04:10:11.470+02:00, 0.303E-02, 1408.5927, 0.51115E+06
  466900,2026-09-23T04:10:23.034+02:00, 0.256E-02, 1408.8844, 0.51129E+06
  467000,2026-09-23T04:10:34.079+02:00, 0.299E-02, 1409.1737, 0.51142E+06
  467100,2026-09-23T04:10:45.685+02:00, 0.312E-02, 1409.4594, 0.51155E+06
  467200,2026-09-23T04:10:57.085+02:00, 0.259E-02, 1409.7513, 0.51168E+06
  467300,2026-09-23T04:11:08.872+02:00, 0.308E-02, 1410.0381, 0.51182E+06
  467400,2026-09-23T04:11:20.291+02:00, 0.280E-02, 1410.3187, 0.51196E+06
  467500,2026-09-23T04:11:31.933+02:00, 0.272E-02, 1410.6192, 0.51209E+06
  467600,2026-09-23T04:11:43.434+02:00, 0.300E-02, 1410.9162, 0.51222E+06
  467700,2026-09-23T04:11:55.276+02:00, 0.290E-02, 1411.2130, 0.51236E+06
  467800,2026-09-23T04:12:07.033+02:00, 0.290E-02, 1411.5028, 0.51250E+06
  467900,2026-09-23T04:12:18.454+02:00, 0.282E-02, 1411.7849, 0.51263E+06
  468000,2026-09-23T04:12:29.829+02:00, 0.304E-02, 1412.0878, 0.51277E+06
  468100,2026-09-23T04:12:41.201+02:00, 0.248E-02, 1412.3795, 0.51290E+06
  468200,2026-09-23T04:12:52.861+02:00, 0.281E-02, 1412.6662, 0.51304E+06
  468300,2026-09-23T04:13:04.504+02:00, 0.264E-02, 1412.9527, 0.51317E+06
  468400,2026-09-23T04:13:16.246+02:00, 0.290E-02, 1413.2340, 0.51331E+06
  468500,2026-09-23T04:13:27.751+02:00, 0.278E-02, 1413.5089, 0.51345E+06
  468600,2026-09-23T04:13:39.306+02:00, 0.285E-02, 1413.7960, 0.51358E+06
  468700,2026-09-23T04:13:50.588+02:00, 0.282E-02, 1414.0763, 0.51372E+06
  468800,2026-09-23T04:14:01.509+02:00, 0.256E-02, 1414.3623, 0.51385E+06
  468900,2026-09-23T04:14:12.472+02:00, 0.277E-02, 1414.6355, 0.51398E+06
  469000,2026-09-23T04:14:23.607+02:00, 0.275E-02, 1414.9065, 0.51411E+06
  469100,2026-09-23T04:14:34.643+02:00, 0.278E-02, 1415.1769, 0.51424E+06
  469200,2026-09-23T04:14:45.450+02:00, 0.297E-02, 1415.4687, 0.51437E+06
  469300,2026-09-23T04:14:56.772+02:00, 0.296E-02, 1415.7497, 0.51450E+06
  469400,2026-09-23T04:15:07.560+02:00, 0.297E-02, 1416.0441, 0.51463E+06
  469500,2026-09-23T04:15:18.374+02:00, 0.280E-02, 1416.3268, 0.51476E+06
  469600,2026-09-23T04:15:29.326+02:00, 0.307E-02, 1416.6186, 0.51489E+06
  469700,2026-09-23T04:15:39.754+02:00, 0.262E-02, 1416.9131, 0.51501E+06
  469800,2026-09-23T04:15:50.016+02:00, 0.304E-02, 1417.1962, 0.51514E+06
  469900,2026-09-23T04:16:00.265+02:00, 0.288E-02, 1417.4707, 0.51526E+06
  470000,2026-09-23T04:16:10.768+02:00, 0.317E-02, 1417.7667, 0.51538E+06
  470100,2026-09-23T04:16:21.301+02:00, 0.299E-02, 1418.0646, 0.51551E+06
  470200,2026-09-23T04:16:31.852+02:00, 0.277E-02, 1418.3521, 0.51564E+06
  470300,2026-09-23T04:16:42.229+02:00, 0.294E-02, 1418.6411, 0.51576E+06
  470400,2026-09-23T04:16:52.700+02:00, 0.251E-02, 1418.9162, 0.51589E+06
  470500,2026-09-23T04:17:03.022+02:00, 0.290E-02, 1419.2045, 0.51601E+06
  470600,2026-09-23T04:17:13.270+02:00, 0.287E-02, 1419.4895, 0.51613E+06
  470700,2026-09-23T04:17:23.871+02:00, 0.275E-02, 1419.7688, 0.51626E+06
  470800,2026-09-23T04:17:35.007+02:00, 0.267E-02, 1420.0461, 0.51639E+06
  470900,2026-09-23T04:17:45.939+02:00, 0.289E-02, 1420.3205, 0.51652E+06
  471000,2026-09-23T04:17:56.328+02:00, 0.285E-02, 1420.6019, 0.51664E+06
  471100,2026-09-23T04:18:07.219+02:00, 0.257E-02, 1420.8903, 0.51678E+06
  471200,2026-09-23T04:18:18.086+02:00, 0.248E-02, 1421.1708, 0.51690E+06
  471300,2026-09-23T04:18:28.890+02:00, 0.289E-02, 1421.4510, 0.51703E+06
  471400,2026-09-23T04:18:39.445+02:00, 0.282E-02, 1421.7423, 0.51716E+06
  471500,2026-09-23T04:18:50.414+02:00, 0.287E-02, 1422.0160, 0.51729E+06
  471600,2026-09-23T04:19:01.523+02:00, 0.294E-02, 1422.2884, 0.51742E+06
  471700,2026-09-23T04:19:12.571+02:00, 0.278E-02, 1422.5684, 0.51756E+06
  471800,2026-09-23T04:19:23.293+02:00, 0.295E-02, 1422.8563, 0.51768E+06
  471900,2026-09-23T04:19:33.956+02:00, 0.295E-02, 1423.1509, 0.51781E+06
  472000,2026-09-23T04:19:44.868+02:00, 0.302E-02, 1423.4252, 0.51794E+06
  472100,2026-09-23T04:19:55.539+02:00, 0.286E-02, 1423.7104, 0.51807E+06
  472200,2026-09-23T04:20:06.248+02:00, 0.308E-02, 1423.9945, 0.51820E+06
  472300,2026-09-23T04:20:16.649+02:00, 0.293E-02, 1424.2927, 0.51832E+06
  472400,2026-09-23T04:20:27.071+02:00, 0.286E-02, 1424.5782, 0.51844E+06
  472500,2026-09-23T04:20:37.527+02:00, 0.283E-02, 1424.8658, 0.51857E+06
  472600,2026-09-23T04:20:48.767+02:00, 0.280E-02, 1425.1470, 0.51870E+06
  472700,2026-09-23T04:20:59.664+02:00, 0.255E-02, 1425.4288, 0.51883E+06
  472800,2026-09-23T04:21:10.758+02:00, 0.272E-02, 1425.7018, 0.51897E+06
  472900,2026-09-23T04:21:21.763+02:00, 0.268E-02, 1425.9795, 0.51910E+06
  473000,2026-09-23T04:21:32.811+02:00, 0.242E-02, 1426.2563, 0.51923E+06
  473100,2026-09-23T04:21:44.018+02:00, 0.254E-02, 1426.5321, 0.51936E+06
  473200,2026-09-23T04:21:54.398+02:00, 0.270E-02, 1426.8178, 0.51949E+06
  473300,2026-09-23T04:22:05.281+02:00, 0.250E-02, 1427.0924, 0.51962E+06
  473400,2026-09-23T04:22:16.141+02:00, 0.285E-02, 1427.3768, 0.51975E+06
  473500,2026-09-23T04:22:26.383+02:00, 0.285E-02, 1427.6622, 0.51987E+06
  473600,2026-09-23T04:22:36.731+02:00, 0.303E-02, 1427.9507, 0.51999E+06
  473700,2026-09-23T04:22:47.196+02:00, 0.296E-02, 1428.2451, 0.52012E+06
  473800,2026-09-23T04:22:57.586+02:00, 0.291E-02, 1428.5350, 0.52024E+06
  473900,2026-09-23T04:23:08.019+02:00, 0.315E-02, 1428.8233, 0.52036E+06
  474000,2026-09-23T04:23:18.450+02:00, 0.306E-02, 1429.1147, 0.52049E+06
  474100,2026-09-23T04:23:29.034+02:00, 0.278E-02, 1429.4001, 0.52062E+06
  474200,2026-09-23T04:23:39.655+02:00, 0.302E-02, 1429.6970, 0.52074E+06
  474300,2026-09-23T04:23:50.124+02:00, 0.280E-02, 1429.9778, 0.52087E+06
  474400,2026-09-23T04:24:00.630+02:00, 0.235E-02, 1430.2577, 0.52099E+06
  474500,2026-09-23T04:24:11.132+02:00, 0.307E-02, 1430.5398, 0.52112E+06
  474600,2026-09-23T04:24:21.887+02:00, 0.276E-02, 1430.8299, 0.52125E+06
  474700,2026-09-23T04:24:32.317+02:00, 0.287E-02, 1431.1105, 0.52137E+06
  474800,2026-09-23T04:24:42.927+02:00, 0.306E-02, 1431.3997, 0.52150E+06
  474900,2026-09-23T04:24:53.862+02:00, 0.286E-02, 1431.6891, 0.52162E+06
  475000,2026-09-23T04:25:04.284+02:00, 0.279E-02, 1431.9695, 0.52175E+06
  475100,2026-09-23T04:25:14.818+02:00, 0.289E-02, 1432.2533, 0.52188E+06
  475200,2026-09-23T04:25:25.368+02:00, 0.311E-02, 1432.5529, 0.52200E+06
  475300,2026-09-23T04:25:35.719+02:00, 0.306E-02, 1432.8539, 0.52212E+06
  475400,2026-09-23T04:25:46.341+02:00, 0.276E-02, 1433.1509, 0.52225E+06
  475500,2026-09-23T04:25:56.720+02:00, 0.258E-02, 1433.4346, 0.52237E+06
  475600,2026-09-23T04:26:07.194+02:00, 0.284E-02, 1433.7186, 0.52250E+06
  475700,2026-09-23T04:26:17.381+02:00, 0.281E-02, 1434.0065, 0.52262E+06
  475800,2026-09-23T04:26:28.091+02:00, 0.300E-02, 1434.2923, 0.52275E+06
  475900,2026-09-23T04:26:38.720+02:00, 0.307E-02, 1434.5833, 0.52288E+06
  476000,2026-09-23T04:26:49.246+02:00, 0.268E-02, 1434.8730, 0.52300E+06
  476100,2026-09-23T04:27:00.171+02:00, 0.308E-02, 1435.1469, 0.52313E+06
  476200,2026-09-23T04:27:10.780+02:00, 0.293E-02, 1435.4395, 0.52326E+06
  476300,2026-09-23T04:27:21.309+02:00, 0.276E-02, 1435.7273, 0.52338E+06
  476400,2026-09-23T04:27:31.886+02:00, 0.300E-02, 1436.0179, 0.52351E+06
  476500,2026-09-23T04:27:42.557+02:00, 0.273E-02, 1436.3056, 0.52364E+06
  476600,2026-09-23T04:27:53.228+02:00, 0.283E-02, 1436.5838, 0.52377E+06
  476700,2026-09-23T04:28:03.504+02:00, 0.278E-02, 1436.8630, 0.52389E+06
  476800,2026-09-23T04:28:13.782+02:00, 0.242E-02, 1437.1319, 0.52401E+06
  476900,2026-09-23T04:28:24.432+02:00, 0.277E-02, 1437.4085, 0.52414E+06
  477000,2026-09-23T04:28:35.173+02:00, 0.292E-02, 1437.6881, 0.52427E+06
  477100,2026-09-23T04:28:46.065+02:00, 0.254E-02, 1437.9667, 0.52440E+06
  477200,2026-09-23T04:28:56.681+02:00, 0.285E-02, 1438.2697, 0.52452E+06
  477300,2026-09-23T04:29:07.097+02:00, 0.297E-02, 1438.5525, 0.52465E+06
  477400,2026-09-23T04:29:17.357+02:00, 0.285E-02, 1438.8426, 0.52477E+06
  477500,2026-09-23T04:29:27.718+02:00, 0.304E-02, 1439.1239, 0.52489E+06
  477600,2026-09-23T04:29:38.144+02:00, 0.292E-02, 1439.4141, 0.52502E+06
  477700,2026-09-23T04:29:48.600+02:00, 0.292E-02, 1439.7065, 0.52514E+06
  477800,2026-09-23T04:29:59.519+02:00, 0.292E-02, 1439.9872, 0.52527E+06
  477900,2026-09-23T04:30:11.073+02:00, 0.288E-02, 1440.2774, 0.52541E+06
  478000,2026-09-23T04:30:22.023+02:00, 0.279E-02, 1440.5491, 0.52554E+06
  478100,2026-09-23T04:30:32.663+02:00, 0.307E-02, 1440.8427, 0.52567E+06
  478200,2026-09-23T04:30:43.552+02:00, 0.286E-02, 1441.1423, 0.52580E+06
  478300,2026-09-23T04:30:54.607+02:00, 0.273E-02, 1441.4209, 0.52593E+06
  478400,2026-09-23T04:31:05.689+02:00, 0.272E-02, 1441.6975, 0.52606E+06
  478500,2026-09-23T04:31:16.267+02:00, 0.286E-02, 1441.9743, 0.52619E+06
  478600,2026-09-23T04:31:26.809+02:00, 0.280E-02, 1442.2533, 0.52631E+06
  478700,2026-09-23T04:31:37.489+02:00, 0.290E-02, 1442.5346, 0.52644E+06
  478800,2026-09-23T04:31:48.153+02:00, 0.309E-02, 1442.8196, 0.52657E+06
  478900,2026-09-23T04:31:58.638+02:00, 0.283E-02, 1443.1044, 0.52669E+06
  479000,2026-09-23T04:32:08.979+02:00, 0.275E-02, 1443.3826, 0.52682E+06
  479100,2026-09-23T04:32:19.536+02:00, 0.284E-02, 1443.6640, 0.52694E+06
  479200,2026-09-23T04:32:30.014+02:00, 0.284E-02, 1443.9477, 0.52707E+06
  479300,2026-09-23T04:32:40.871+02:00, 0.301E-02, 1444.2340, 0.52720E+06
  479400,2026-09-23T04:32:51.489+02:00, 0.294E-02, 1444.5259, 0.52732E+06
  479500,2026-09-23T04:33:02.166+02:00, 0.297E-02, 1444.8179, 0.52745E+06
  479600,2026-09-23T04:33:12.991+02:00, 0.305E-02, 1445.0931, 0.52758E+06
  479700,2026-09-23T04:33:24.111+02:00, 0.274E-02, 1445.3752, 0.52771E+06
  479800,2026-09-23T04:33:34.993+02:00, 0.301E-02, 1445.6718, 0.52784E+06
  479900,2026-09-23T04:33:45.807+02:00, 0.291E-02, 1445.9539, 0.52797E+06
  480000,2026-09-23T04:33:56.758+02:00, 0.261E-02, 1446.2206, 0.52810E+06
  480100,2026-09-23T04:34:07.952+02:00, 0.262E-02, 1446.4994, 0.52824E+06
  480200,2026-09-23T04:34:18.826+02:00, 0.288E-02, 1446.7870, 0.52837E+06
  480300,2026-09-23T04:34:30.031+02:00, 0.277E-02, 1447.0619, 0.52850E+06
  480400,2026-09-23T04:34:40.724+02:00, 0.285E-02, 1447.3475, 0.52863E+06
  480500,2026-09-23T04:34:51.015+02:00, 0.274E-02, 1447.6224, 0.52875E+06
  480600,2026-09-23T04:35:02.216+02:00, 0.297E-02, 1447.9145, 0.52888E+06
  480700,2026-09-23T04:35:13.121+02:00, 0.265E-02, 1448.1816, 0.52901E+06
  480800,2026-09-23T04:35:23.751+02:00, 0.313E-02, 1448.4772, 0.52914E+06
  480900,2026-09-23T04:35:34.132+02:00, 0.297E-02, 1448.7736, 0.52926E+06
  481000,2026-09-23T04:35:44.414+02:00, 0.289E-02, 1449.0600, 0.52938E+06
  481100,2026-09-23T04:35:54.845+02:00, 0.289E-02, 1449.3490, 0.52951E+06
  481200,2026-09-23T04:36:05.457+02:00, 0.280E-02, 1449.6316, 0.52964E+06
  481300,2026-09-23T04:36:16.282+02:00, 0.299E-02, 1449.9262, 0.52976E+06
  481400,2026-09-23T04:36:27.493+02:00, 0.292E-02, 1450.2088, 0.52990E+06
  481500,2026-09-23T04:36:38.173+02:00, 0.301E-02, 1450.5032, 0.53003E+06
  481600,2026-09-23T04:36:48.873+02:00, 0.269E-02, 1450.7828, 0.53015E+06
  481700,2026-09-23T04:36:59.779+02:00, 0.303E-02, 1451.0645, 0.53028E+06
  481800,2026-09-23T04:37:10.318+02:00, 0.296E-02, 1451.3434, 0.53041E+06
  481900,2026-09-23T04:37:20.716+02:00, 0.309E-02, 1451.6310, 0.53053E+06
  482000,2026-09-23T04:37:31.319+02:00, 0.304E-02, 1451.9302, 0.53066E+06
  482100,2026-09-23T04:37:41.842+02:00, 0.290E-02, 1452.2251, 0.53079E+06
  482200,2026-09-23T04:37:52.698+02:00, 0.281E-02, 1452.5117, 0.53092E+06
  482300,2026-09-23T04:38:03.546+02:00, 0.269E-02, 1452.8059, 0.53104E+06
  482400,2026-09-23T04:38:14.185+02:00, 0.296E-02, 1453.0970, 0.53117E+06
  482500,2026-09-23T04:38:24.607+02:00, 0.281E-02, 1453.3697, 0.53130E+06
  482600,2026-09-23T04:38:34.934+02:00, 0.303E-02, 1453.6620, 0.53142E+06
  482700,2026-09-23T04:38:45.605+02:00, 0.278E-02, 1453.9443, 0.53155E+06
  482800,2026-09-23T04:38:55.978+02:00, 0.286E-02, 1454.2254, 0.53167E+06
  482900,2026-09-23T04:39:06.329+02:00, 0.303E-02, 1454.5134, 0.53179E+06
  483000,2026-09-23T04:39:16.920+02:00, 0.319E-02, 1454.8186, 0.53192E+06
  483100,2026-09-23T04:39:27.531+02:00, 0.307E-02, 1455.1157, 0.53205E+06
  483200,2026-09-23T04:39:38.052+02:00, 0.250E-02, 1455.3973, 0.53217E+06
  483300,2026-09-23T04:39:48.510+02:00, 0.295E-02, 1455.6882, 0.53230E+06
  483400,2026-09-23T04:39:59.050+02:00, 0.295E-02, 1455.9834, 0.53242E+06
  483500,2026-09-23T04:40:09.408+02:00, 0.287E-02, 1456.2745, 0.53255E+06
  483600,2026-09-23T04:40:19.920+02:00, 0.273E-02, 1456.5649, 0.53267E+06
  483700,2026-09-23T04:40:30.180+02:00, 0.295E-02, 1456.8502, 0.53280E+06
  483800,2026-09-23T04:40:40.637+02:00, 0.287E-02, 1457.1353, 0.53292E+06
  483900,2026-09-23T04:40:51.216+02:00, 0.263E-02, 1457.4294, 0.53305E+06
  484000,2026-09-23T04:41:01.562+02:00, 0.286E-02, 1457.7146, 0.53317E+06
  484100,2026-09-23T04:41:12.647+02:00, 0.294E-02, 1457.9976, 0.53330E+06
  484200,2026-09-23T04:41:23.505+02:00, 0.313E-02, 1458.2879, 0.53343E+06
  484300,2026-09-23T04:41:34.480+02:00, 0.272E-02, 1458.5919, 0.53356E+06
  484400,2026-09-23T04:41:45.392+02:00, 0.274E-02, 1458.8692, 0.53369E+06
  484500,2026-09-23T04:41:56.450+02:00, 0.292E-02, 1459.1474, 0.53382E+06
  484600,2026-09-23T04:42:07.183+02:00, 0.306E-02, 1459.4328, 0.53395E+06
  484700,2026-09-23T04:42:17.746+02:00, 0.301E-02, 1459.7282, 0.53408E+06
  484800,2026-09-23T04:42:27.820+02:00, 0.288E-02, 1460.0093, 0.53420E+06
  484900,2026-09-23T04:42:37.796+02:00, 0.259E-02, 1460.2942, 0.53432E+06
  485000,2026-09-23T04:42:48.654+02:00, 0.283E-02, 1460.5679, 0.53445E+06
  485100,2026-09-23T04:42:59.607+02:00, 0.289E-02, 1460.8551, 0.53458E+06
  485200,2026-09-23T04:43:10.182+02:00, 0.289E-02, 1461.1438, 0.53471E+06
  485300,2026-09-23T04:43:20.956+02:00, 0.295E-02, 1461.4380, 0.53483E+06
  485400,2026-09-23T04:43:31.920+02:00, 0.265E-02, 1461.7374, 0.53497E+06
  485500,2026-09-23T04:43:42.663+02:00, 0.284E-02, 1462.0160, 0.53509E+06
  485600,2026-09-23T04:43:53.820+02:00, 0.249E-02, 1462.2870, 0.53523E+06
  485700,2026-09-23T04:44:04.914+02:00, 0.281E-02, 1462.5713, 0.53536E+06
  485800,2026-09-23T04:44:15.704+02:00, 0.296E-02, 1462.8443, 0.53549E+06
  485900,2026-09-23T04:44:26.301+02:00, 0.302E-02, 1463.1421, 0.53561E+06
  486000,2026-09-23T04:44:37.129+02:00, 0.269E-02, 1463.4202, 0.53574E+06
  486100,2026-09-23T04:44:47.934+02:00, 0.280E-02, 1463.6971, 0.53587E+06
  486200,2026-09-23T04:44:59.208+02:00, 0.280E-02, 1463.9773, 0.53600E+06
  486300,2026-09-23T04:45:09.836+02:00, 0.292E-02, 1464.2643, 0.53613E+06
  486400,2026-09-23T04:45:20.657+02:00, 0.258E-02, 1464.5470, 0.53626E+06
  486500,2026-09-23T04:45:31.347+02:00, 0.308E-02, 1464.8346, 0.53639E+06
  486600,2026-09-23T04:45:42.098+02:00, 0.306E-02, 1465.1287, 0.53651E+06
  486700,2026-09-23T04:45:52.556+02:00, 0.292E-02, 1465.4299, 0.53664E+06
  486800,2026-09-23T04:46:02.938+02:00, 0.280E-02, 1465.7150, 0.53676E+06
  486900,2026-09-23T04:46:13.687+02:00, 0.297E-02, 1466.0122, 0.53689E+06
  487000,2026-09-23T04:46:24.137+02:00, 0.291E-02, 1466.3028, 0.53702E+06
  487100,2026-09-23T04:46:34.721+02:00, 0.287E-02, 1466.5880, 0.53714E+06
  487200,2026-09-23T04:46:45.447+02:00, 0.306E-02, 1466.8657, 0.53727E+06
  487300,2026-09-23T04:46:56.172+02:00, 0.296E-02, 1467.1628, 0.53740E+06
  487400,2026-09-23T04:47:06.892+02:00, 0.286E-02, 1467.4477, 0.53753E+06
  487500,2026-09-23T04:47:17.231+02:00, 0.286E-02, 1467.7335, 0.53765E+06
  487600,2026-09-23T04:47:28.023+02:00, 0.282E-02, 1468.0182, 0.53778E+06
  487700,2026-09-23T04:47:38.733+02:00, 0.282E-02, 1468.3000, 0.53791E+06
  487800,2026-09-23T04:47:49.408+02:00, 0.310E-02, 1468.5835, 0.53803E+06
  487900,2026-09-23T04:47:59.791+02:00, 0.268E-02, 1468.8761, 0.53816E+06
  488000,2026-09-23T04:48:10.218+02:00, 0.290E-02, 1469.1618, 0.53828E+06
  488100,2026-09-23T04:48:20.644+02:00, 0.297E-02, 1469.4559, 0.53841E+06
  488200,2026-09-23T04:48:30.938+02:00, 0.259E-02, 1469.7517, 0.53853E+06
  488300,2026-09-23T04:48:41.914+02:00, 0.280E-02, 1470.0313, 0.53866E+06
  488400,2026-09-23T04:48:52.598+02:00, 0.291E-02, 1470.3195, 0.53879E+06
  488500,2026-09-23T04:49:02.986+02:00, 0.282E-02, 1470.6166, 0.53891E+06
  488600,2026-09-23T04:49:13.283+02:00, 0.271E-02, 1470.9078, 0.53904E+06
  488700,2026-09-23T04:49:23.717+02:00, 0.291E-02, 1471.1971, 0.53916E+06
  488800,2026-09-23T04:49:34.115+02:00, 0.301E-02, 1471.4829, 0.53928E+06
  488900,2026-09-23T04:49:44.597+02:00, 0.281E-02, 1471.7650, 0.53941E+06
  489000,2026-09-23T04:49:55.142+02:00, 0.273E-02, 1472.0526, 0.53954E+06
  489100,2026-09-23T04:50:05.856+02:00, 0.308E-02, 1472.3354, 0.53966E+06
  489200,2026-09-23T04:50:16.525+02:00, 0.288E-02, 1472.6239, 0.53979E+06
  489300,2026-09-23T04:50:27.173+02:00, 0.301E-02, 1472.9097, 0.53992E+06
  489400,2026-09-23T04:50:38.061+02:00, 0.266E-02, 1473.1934, 0.54005E+06
  489500,2026-09-23T04:50:49.031+02:00, 0.287E-02, 1473.4779, 0.54018E+06
  489600,2026-09-23T04:51:00.110+02:00, 0.278E-02, 1473.7558, 0.54031E+06
  489700,2026-09-23T04:51:11.022+02:00, 0.294E-02, 1474.0517, 0.54044E+06
  489800,2026-09-23T04:51:22.147+02:00, 0.276E-02, 1474.3479, 0.54057E+06
  489900,2026-09-23T04:51:33.310+02:00, 0.298E-02, 1474.6396, 0.54070E+06
  490000,2026-09-23T04:51:44.526+02:00, 0.316E-02, 1474.9347, 0.54083E+06
  490100,2026-09-23T04:51:55.983+02:00, 0.289E-02, 1475.2256, 0.54096E+06
  490200,2026-09-23T04:52:07.580+02:00, 0.270E-02, 1475.5117, 0.54110E+06
  490300,2026-09-23T04:52:18.989+02:00, 0.290E-02, 1475.7961, 0.54124E+06
  490400,2026-09-23T04:52:30.307+02:00, 0.281E-02, 1476.0771, 0.54137E+06
  490500,2026-09-23T04:52:41.952+02:00, 0.309E-02, 1476.3618, 0.54150E+06
  490600,2026-09-23T04:52:53.458+02:00, 0.295E-02, 1476.6531, 0.54164E+06
  490700,2026-09-23T04:53:05.113+02:00, 0.295E-02, 1476.9479, 0.54178E+06
  490800,2026-09-23T04:53:16.682+02:00, 0.297E-02, 1477.2325, 0.54191E+06
  490900,2026-09-23T04:53:28.392+02:00, 0.292E-02, 1477.5188, 0.54204E+06
  491000,2026-09-23T04:53:40.245+02:00, 0.287E-02, 1477.8039, 0.54218E+06
  491100,2026-09-23T04:53:52.168+02:00, 0.280E-02, 1478.0920, 0.54232E+06
  491200,2026-09-23T04:54:03.789+02:00, 0.290E-02, 1478.3690, 0.54246E+06
  491300,2026-09-23T04:54:15.477+02:00, 0.226E-02, 1478.6483, 0.54259E+06
  491400,2026-09-23T04:54:27.475+02:00, 0.289E-02, 1478.9309, 0.54273E+06
  491500,2026-09-23T04:54:39.286+02:00, 0.277E-02, 1479.2144, 0.54287E+06
  491600,2026-09-23T04:54:51.262+02:00, 0.275E-02, 1479.4866, 0.54301E+06
  491700,2026-09-23T04:55:03.936+02:00, 0.264E-02, 1479.7825, 0.54315E+06
  491800,2026-09-23T04:55:15.834+02:00, 0.280E-02, 1480.0660, 0.54329E+06
  491900,2026-09-23T04:55:27.472+02:00, 0.280E-02, 1480.3462, 0.54342E+06
  492000,2026-09-23T04:55:39.241+02:00, 0.303E-02, 1480.6421, 0.54356E+06
  492100,2026-09-23T04:55:51.013+02:00, 0.273E-02, 1480.9307, 0.54370E+06
  492200,2026-09-23T04:56:02.976+02:00, 0.291E-02, 1481.2241, 0.54384E+06
  492300,2026-09-23T04:56:15.086+02:00, 0.281E-02, 1481.5142, 0.54398E+06
  492400,2026-09-23T04:56:27.238+02:00, 0.255E-02, 1481.7940, 0.54412E+06
  492500,2026-09-23T04:56:39.627+02:00, 0.287E-02, 1482.0766, 0.54427E+06
  492600,2026-09-23T04:56:51.911+02:00, 0.273E-02, 1482.3617, 0.54441E+06
  492700,2026-09-23T04:57:03.821+02:00, 0.279E-02, 1482.6414, 0.54455E+06
  492800,2026-09-23T04:57:16.200+02:00, 0.282E-02, 1482.9117, 0.54469E+06
  492900,2026-09-23T04:57:28.023+02:00, 0.292E-02, 1483.2002, 0.54483E+06
  493000,2026-09-23T04:57:39.490+02:00, 0.305E-02, 1483.4913, 0.54497E+06
  493100,2026-09-23T04:57:51.224+02:00, 0.296E-02, 1483.7844, 0.54510E+06
  493200,2026-09-23T04:58:02.403+02:00, 0.262E-02, 1484.0718, 0.54523E+06
  493300,2026-09-23T04:58:13.744+02:00, 0.246E-02, 1484.3498, 0.54537E+06
  493400,2026-09-23T04:58:25.307+02:00, 0.293E-02, 1484.6270, 0.54550E+06
  493500,2026-09-23T04:58:36.673+02:00, 0.295E-02, 1484.9152, 0.54563E+06
  493600,2026-09-23T04:58:48.571+02:00, 0.283E-02, 1485.1955, 0.54577E+06
  493700,2026-09-23T04:59:01.029+02:00, 0.293E-02, 1485.4774, 0.54592E+06
  493800,2026-09-23T04:59:13.312+02:00, 0.268E-02, 1485.7544, 0.54606E+06
  493900,2026-09-23T04:59:25.251+02:00, 0.302E-02, 1486.0342, 0.54620E+06
  494000,2026-09-23T04:59:37.549+02:00, 0.287E-02, 1486.3112, 0.54634E+06
  494100,2026-09-23T04:59:48.615+02:00, 0.282E-02, 1486.5828, 0.54648E+06
  494200,2026-09-23T05:00:00.406+02:00, 0.267E-02, 1486.8482, 0.54662E+06
  494300,2026-09-23T05:00:11.642+02:00, 0.278E-02, 1487.1259, 0.54675E+06
  494400,2026-09-23T05:00:23.503+02:00, 0.238E-02, 1487.3945, 0.54689E+06
  494500,2026-09-23T05:00:35.009+02:00, 0.278E-02, 1487.6667, 0.54702E+06
  494600,2026-09-23T05:00:46.071+02:00, 0.281E-02, 1487.9477, 0.54715E+06
  494700,2026-09-23T05:00:57.486+02:00, 0.272E-02, 1488.2432, 0.54729E+06
  494800,2026-09-23T05:01:09.031+02:00, 0.291E-02, 1488.5184, 0.54742E+06
  494900,2026-09-23T05:01:20.213+02:00, 0.268E-02, 1488.7909, 0.54755E+06
  495000,2026-09-23T05:01:31.594+02:00, 0.295E-02, 1489.0622, 0.54769E+06
  495100,2026-09-23T05:01:43.092+02:00, 0.244E-02, 1489.3399, 0.54782E+06
  495200,2026-09-23T05:01:54.797+02:00, 0.284E-02, 1489.6214, 0.54796E+06
  495300,2026-09-23T05:02:06.593+02:00, 0.292E-02, 1489.8933, 0.54809E+06
  495400,2026-09-23T05:02:18.431+02:00, 0.295E-02, 1490.1641, 0.54823E+06
  495500,2026-09-23T05:02:30.171+02:00, 0.284E-02, 1490.4378, 0.54837E+06
  495600,2026-09-23T05:02:41.602+02:00, 0.281E-02, 1490.7198, 0.54851E+06
  495700,2026-09-23T05:02:53.463+02:00, 0.294E-02, 1490.9997, 0.54865E+06
  495800,2026-09-23T05:03:04.157+02:00, 0.256E-02, 1491.2813, 0.54877E+06
  495900,2026-09-23T05:03:14.795+02:00, 0.245E-02, 1491.5633, 0.54890E+06
  496000,2026-09-23T05:03:26.282+02:00, 0.293E-02, 1491.8511, 0.54903E+06
  496100,2026-09-23T05:03:37.260+02:00, 0.296E-02, 1492.1355, 0.54916E+06
  496200,2026-09-23T05:03:48.188+02:00, 0.284E-02, 1492.4210, 0.54929E+06
  496300,2026-09-23T05:03:59.095+02:00, 0.283E-02, 1492.7045, 0.54942E+06
  496400,2026-09-23T05:04:10.111+02:00, 0.299E-02, 1493.0050, 0.54955E+06
  496500,2026-09-23T05:04:21.300+02:00, 0.239E-02, 1493.2865, 0.54968E+06
  496600,2026-09-23T05:04:33.061+02:00, 0.255E-02, 1493.5664, 0.54982E+06
  496700,2026-09-23T05:04:43.678+02:00, 0.309E-02, 1493.8601, 0.54995E+06
  496800,2026-09-23T05:04:55.352+02:00, 0.309E-02, 1494.1430, 0.55008E+06
  496900,2026-09-23T05:05:06.777+02:00, 0.253E-02, 1494.4255, 0.55021E+06
  497000,2026-09-23T05:05:17.666+02:00, 0.295E-02, 1494.7189, 0.55034E+06
  497100,2026-09-23T05:05:28.972+02:00, 0.295E-02, 1495.0139, 0.55047E+06
  497200,2026-09-23T05:05:39.757+02:00, 0.286E-02, 1495.2997, 0.55060E+06
  497300,2026-09-23T05:05:50.396+02:00, 0.274E-02, 1495.5746, 0.55073E+06
  497400,2026-09-23T05:06:02.098+02:00, 0.288E-02, 1495.8491, 0.55086E+06
  497500,2026-09-23T05:06:12.980+02:00, 0.298E-02, 1496.1534, 0.55099E+06
  497600,2026-09-23T05:06:24.313+02:00, 0.248E-02, 1496.4205, 0.55112E+06
  497700,2026-09-23T05:06:35.345+02:00, 0.287E-02, 1496.6965, 0.55126E+06
  497800,2026-09-23T05:06:46.387+02:00, 0.316E-02, 1496.9954, 0.55138E+06
  497900,2026-09-23T05:06:57.775+02:00, 0.273E-02, 1497.3006, 0.55152E+06
  498000,2026-09-23T05:07:09.234+02:00, 0.313E-02, 1497.5791, 0.55165E+06
  498100,2026-09-23T05:07:20.392+02:00, 0.308E-02, 1497.8671, 0.55179E+06
  498200,2026-09-23T05:07:31.640+02:00, 0.284E-02, 1498.1523, 0.55192E+06
  498300,2026-09-23T05:07:42.313+02:00, 0.301E-02, 1498.4349, 0.55204E+06
  498400,2026-09-23T05:07:53.523+02:00, 0.292E-02, 1498.7224, 0.55218E+06
  498500,2026-09-23T05:08:04.989+02:00, 0.270E-02, 1499.0092, 0.55231E+06
  498600,2026-09-23T05:08:16.179+02:00, 0.250E-02, 1499.2861, 0.55244E+06
  498700,2026-09-23T05:08:26.972+02:00, 0.275E-02, 1499.5605, 0.55257E+06
  498800,2026-09-23T05:08:37.979+02:00, 0.289E-02, 1499.8357, 0.55270E+06
  498900,2026-09-23T05:08:49.845+02:00, 0.289E-02, 1500.1207, 0.55284E+06
  499000,2026-09-23T05:09:01.315+02:00, 0.296E-02, 1500.4120, 0.55298E+06
  499100,2026-09-23T05:09:12.183+02:00, 0.292E-02, 1500.6968, 0.55311E+06
  499200,2026-09-23T05:09:23.602+02:00, 0.261E-02, 1500.9824, 0.55324E+06
  499300,2026-09-23T05:09:35.139+02:00, 0.282E-02, 1501.2610, 0.55338E+06
  499400,2026-09-23T05:09:46.031+02:00, 0.290E-02, 1501.5364, 0.55351E+06
  499500,2026-09-23T05:09:57.093+02:00, 0.251E-02, 1501.8183, 0.55364E+06
  499600,2026-09-23T05:10:08.350+02:00, 0.270E-02, 1502.0855, 0.55377E+06
  499700,2026-09-23T05:10:19.199+02:00, 0.286E-02, 1502.3652, 0.55390E+06
  499800,2026-09-23T05:10:30.411+02:00, 0.290E-02, 1502.6416, 0.55403E+06
  499900,2026-09-23T05:10:41.805+02:00, 0.275E-02, 1502.9373, 0.55417E+06
  500000,2026-09-23T05:10:52.969+02:00, 0.256E-02, 1503.2211, 0.55430E+06
  500100,2026-09-23T05:11:04.412+02:00, 0.292E-02, 1503.5067, 0.55444E+06
  500200,2026-09-23T05:11:15.598+02:00, 0.292E-02, 1503.7982, 0.55457E+06
  500300,2026-09-23T05:11:27.063+02:00, 0.252E-02, 1504.0813, 0.55470E+06
  500400,2026-09-23T05:11:38.607+02:00, 0.262E-02, 1504.3585, 0.55484E+06
  500500,2026-09-23T05:11:49.982+02:00, 0.308E-02, 1504.6465, 0.55497E+06
  500600,2026-09-23T05:12:00.465+02:00, 0.304E-02, 1504.9327, 0.55510E+06
  500700,2026-09-23T05:12:11.409+02:00, 0.268E-02, 1505.2215, 0.55523E+06
  500800,2026-09-23T05:12:21.895+02:00, 0.305E-02, 1505.5022, 0.55535E+06
  500900,2026-09-23T05:12:32.740+02:00, 0.292E-02, 1505.7873, 0.55548E+06
  501000,2026-09-23T05:12:43.595+02:00, 0.278E-02, 1506.0764, 0.55561E+06
  501100,2026-09-23T05:12:54.581+02:00, 0.262E-02, 1506.3652, 0.55574E+06
  501200,2026-09-23T05:13:05.070+02:00, 0.303E-02, 1506.6542, 0.55586E+06
  501300,2026-09-23T05:13:16.690+02:00, 0.307E-02, 1506.9417, 0.55600E+06
  501400,2026-09-23T05:13:27.716+02:00, 0.274E-02, 1507.2385, 0.55613E+06
  501500,2026-09-23T05:13:39.030+02:00, 0.259E-02, 1507.5168, 0.55626E+06
  501600,2026-09-23T05:13:50.640+02:00, 0.295E-02, 1507.8073, 0.55640E+06
  501700,2026-09-23T05:14:02.030+02:00, 0.286E-02, 1508.0921, 0.55654E+06
  501800,2026-09-23T05:14:12.383+02:00, 0.286E-02, 1508.3781, 0.55666E+06
  501900,2026-09-23T05:14:22.902+02:00, 0.286E-02, 1508.6642, 0.55678E+06
  502000,2026-09-23T05:14:33.573+02:00, 0.289E-02, 1508.9503, 0.55691E+06
  502100,2026-09-23T05:14:44.288+02:00, 0.264E-02, 1509.2394, 0.55704E+06
  502200,2026-09-23T05:14:56.008+02:00, 0.320E-02, 1509.5417, 0.55717E+06
  502300,2026-09-23T05:15:06.845+02:00, 0.307E-02, 1509.8407, 0.55730E+06
  502400,2026-09-23T05:15:17.727+02:00, 0.303E-02, 1510.1403, 0.55743E+06
  502500,2026-09-23T05:15:28.396+02:00, 0.271E-02, 1510.4154, 0.55756E+06
  502600,2026-09-23T05:15:39.361+02:00, 0.238E-02, 1510.6843, 0.55769E+06
  502700,2026-09-23T05:15:50.375+02:00, 0.283E-02, 1510.9668, 0.55782E+06
  502800,2026-09-23T05:16:00.862+02:00, 0.307E-02, 1511.2474, 0.55794E+06
  502900,2026-09-23T05:16:12.095+02:00, 0.298E-02, 1511.5389, 0.55808E+06
  503000,2026-09-23T05:16:22.930+02:00, 0.294E-02, 1511.8313, 0.55821E+06
  503100,2026-09-23T05:16:33.885+02:00, 0.260E-02, 1512.1178, 0.55834E+06
  503200,2026-09-23T05:16:44.798+02:00, 0.278E-02, 1512.4007, 0.55847E+06
  503300,2026-09-23T05:16:56.607+02:00, 0.253E-02, 1512.6751, 0.55860E+06
  503400,2026-09-23T05:17:07.423+02:00, 0.275E-02, 1512.9608, 0.55873E+06
  503500,2026-09-23T05:17:18.412+02:00, 0.297E-02, 1513.2563, 0.55886E+06
  503600,2026-09-23T05:17:29.873+02:00, 0.282E-02, 1513.5348, 0.55900E+06
  503700,2026-09-23T05:17:40.666+02:00, 0.270E-02, 1513.8121, 0.55913E+06
  503800,2026-09-23T05:17:51.395+02:00, 0.267E-02, 1514.0937, 0.55925E+06
  503900,2026-09-23T05:18:02.614+02:00, 0.260E-02, 1514.3797, 0.55938E+06
  504000,2026-09-23T05:18:13.478+02:00, 0.285E-02, 1514.6581, 0.55951E+06
  504100,2026-09-23T05:18:24.847+02:00, 0.293E-02, 1514.9362, 0.55965E+06
  504200,2026-09-23T05:18:35.681+02:00, 0.283E-02, 1515.2174, 0.55978E+06
  504300,2026-09-23T05:18:46.562+02:00, 0.286E-02, 1515.4899, 0.55991E+06
  504400,2026-09-23T05:18:58.070+02:00, 0.281E-02, 1515.7640, 0.56004E+06
  504500,2026-09-23T05:19:09.137+02:00, 0.246E-02, 1516.0396, 0.56018E+06
  504600,2026-09-23T05:19:20.751+02:00, 0.271E-02, 1516.3211, 0.56031E+06
  504700,2026-09-23T05:19:32.071+02:00, 0.257E-02, 1516.6030, 0.56045E+06
  504800,2026-09-23T05:19:43.252+02:00, 0.276E-02, 1516.8749, 0.56058E+06
  504900,2026-09-23T05:19:54.736+02:00, 0.249E-02, 1517.1479, 0.56072E+06
  505000,2026-09-23T05:20:06.203+02:00, 0.288E-02, 1517.4283, 0.56085E+06
  505100,2026-09-23T05:20:17.241+02:00, 0.264E-02, 1517.7161, 0.56098E+06
  505200,2026-09-23T05:20:28.274+02:00, 0.303E-02, 1517.9999, 0.56112E+06
  505300,2026-09-23T05:20:38.823+02:00, 0.282E-02, 1518.2768, 0.56124E+06
  505400,2026-09-23T05:20:49.800+02:00, 0.275E-02, 1518.5495, 0.56137E+06
  505500,2026-09-23T05:21:00.133+02:00, 0.285E-02, 1518.8271, 0.56150E+06
  505600,2026-09-23T05:21:10.893+02:00, 0.298E-02, 1519.1113, 0.56162E+06
  505700,2026-09-23T05:21:21.201+02:00, 0.289E-02, 1519.3961, 0.56174E+06
  505800,2026-09-23T05:21:31.663+02:00, 0.281E-02, 1519.6755, 0.56187E+06
  505900,2026-09-23T05:21:42.698+02:00, 0.271E-02, 1519.9475, 0.56200E+06
  506000,2026-09-23T05:21:53.650+02:00, 0.285E-02, 1520.2171, 0.56213E+06
  506100,2026-09-23T05:22:04.526+02:00, 0.288E-02, 1520.4978, 0.56226E+06
  506200,2026-09-23T05:22:15.843+02:00, 0.267E-02, 1520.7699, 0.56240E+06
  506300,2026-09-23T05:22:26.882+02:00, 0.286E-02, 1521.0533, 0.56253E+06
  506400,2026-09-23T05:22:37.895+02:00, 0.264E-02, 1521.3344, 0.56266E+06
  506500,2026-09-23T05:22:48.827+02:00, 0.290E-02, 1521.6230, 0.56279E+06
  506600,2026-09-23T05:22:59.855+02:00, 0.272E-02, 1521.8932, 0.56292E+06
  506700,2026-09-23T05:23:11.143+02:00, 0.300E-02, 1522.1748, 0.56305E+06
  506800,2026-09-23T05:23:22.232+02:00, 0.251E-02, 1522.4604, 0.56318E+06
  506900,2026-09-23T05:23:33.341+02:00, 0.283E-02, 1522.7292, 0.56332E+06
  507000,2026-09-23T05:23:44.717+02:00, 0.300E-02, 1523.0197, 0.56345E+06
  507100,2026-09-23T05:23:55.556+02:00, 0.313E-02, 1523.3049, 0.56358E+06
  507200,2026-09-23T05:24:06.458+02:00, 0.293E-02, 1523.5972, 0.56371E+06
  507300,2026-09-23T05:24:16.838+02:00, 0.290E-02, 1523.8867, 0.56383E+06
  507400,2026-09-23T05:24:27.171+02:00, 0.242E-02, 1524.1755, 0.56396E+06
  507500,2026-09-23T05:24:37.440+02:00, 0.293E-02, 1524.4645, 0.56408E+06
  507600,2026-09-23T05:24:48.458+02:00, 0.262E-02, 1524.7516, 0.56421E+06
  507700,2026-09-23T05:25:00.015+02:00, 0.284E-02, 1525.0330, 0.56434E+06
  507800,2026-09-23T05:25:10.756+02:00, 0.298E-02, 1525.3312, 0.56447E+06
  507900,2026-09-23T05:25:21.605+02:00, 0.279E-02, 1525.6148, 0.56460E+06
  508000,2026-09-23T05:25:32.318+02:00, 0.277E-02, 1525.8901, 0.56473E+06
  508100,2026-09-23T05:25:43.340+02:00, 0.286E-02, 1526.1643, 0.56486E+06
  508200,2026-09-23T05:25:54.659+02:00, 0.298E-02, 1526.4549, 0.56499E+06
  508300,2026-09-23T05:26:04.951+02:00, 0.295E-02, 1526.7483, 0.56512E+06
  508400,2026-09-23T05:26:15.357+02:00, 0.289E-02, 1527.0300, 0.56524E+06
  508500,2026-09-23T05:26:26.091+02:00, 0.283E-02, 1527.3101, 0.56537E+06
  508600,2026-09-23T05:26:37.450+02:00, 0.260E-02, 1527.5993, 0.56550E+06
  508700,2026-09-23T05:26:48.470+02:00, 0.253E-02, 1527.8830, 0.56563E+06
  508800,2026-09-23T05:26:59.251+02:00, 0.301E-02, 1528.1696, 0.56576E+06
  508900,2026-09-23T05:27:10.304+02:00, 0.281E-02, 1528.4393, 0.56590E+06
  509000,2026-09-23T05:27:21.791+02:00, 0.297E-02, 1528.7215, 0.56603E+06
  509100,2026-09-23T05:27:32.768+02:00, 0.281E-02, 1529.0044, 0.56616E+06
  509200,2026-09-23T05:27:43.679+02:00, 0.272E-02, 1529.2975, 0.56629E+06
  509300,2026-09-23T05:27:54.276+02:00, 0.300E-02, 1529.5967, 0.56642E+06
  509400,2026-09-23T05:28:04.711+02:00, 0.291E-02, 1529.8915, 0.56654E+06
  509500,2026-09-23T05:28:15.986+02:00, 0.286E-02, 1530.1678, 0.56668E+06
  509600,2026-09-23T05:28:26.984+02:00, 0.283E-02, 1530.4472, 0.56681E+06
  509700,2026-09-23T05:28:37.931+02:00, 0.264E-02, 1530.7224, 0.56694E+06
  509800,2026-09-23T05:28:48.713+02:00, 0.240E-02, 1531.0040, 0.56707E+06
  509900,2026-09-23T05:28:59.837+02:00, 0.276E-02, 1531.2973, 0.56720E+06
  510000,2026-09-23T05:29:10.984+02:00, 0.251E-02, 1531.5863, 0.56733E+06
  510100,2026-09-23T05:29:21.559+02:00, 0.303E-02, 1531.8854, 0.56746E+06
  510200,2026-09-23T05:29:32.458+02:00, 0.298E-02, 1532.1682, 0.56759E+06
  510300,2026-09-23T05:29:43.105+02:00, 0.294E-02, 1532.4569, 0.56772E+06
  510400,2026-09-23T05:29:53.996+02:00, 0.288E-02, 1532.7426, 0.56785E+06
  510500,2026-09-23T05:30:04.433+02:00, 0.317E-02, 1533.0320, 0.56797E+06
  510600,2026-09-23T05:30:15.133+02:00, 0.299E-02, 1533.3206, 0.56810E+06
  510700,2026-09-23T05:30:25.460+02:00, 0.281E-02, 1533.6037, 0.56822E+06
  510800,2026-09-23T05:30:36.049+02:00, 0.270E-02, 1533.8896, 0.56835E+06
  510900,2026-09-23T05:30:46.927+02:00, 0.305E-02, 1534.1808, 0.56848E+06
  511000,2026-09-23T05:30:57.785+02:00, 0.291E-02, 1534.4662, 0.56861E+06
  511100,2026-09-23T05:31:08.256+02:00, 0.291E-02, 1534.7571, 0.56873E+06
  511200,2026-09-23T05:31:18.620+02:00, 0.287E-02, 1535.0416, 0.56886E+06
  511300,2026-09-23T05:31:29.310+02:00, 0.272E-02, 1535.3524, 0.56899E+06
  511400,2026-09-23T05:31:40.034+02:00, 0.295E-02, 1535.6446, 0.56911E+06
  511500,2026-09-23T05:31:50.759+02:00, 0.283E-02, 1535.9345, 0.56924E+06
  511600,2026-09-23T05:32:01.111+02:00, 0.298E-02, 1536.2279, 0.56936E+06
  511700,2026-09-23T05:32:11.462+02:00, 0.291E-02, 1536.5154, 0.56949E+06
  511800,2026-09-23T05:32:22.064+02:00, 0.287E-02, 1536.8031, 0.56961E+06
  511900,2026-09-23T05:32:32.537+02:00, 0.247E-02, 1537.0872, 0.56974E+06
  512000,2026-09-23T05:32:43.199+02:00, 0.299E-02, 1537.3789, 0.56986E+06
  512100,2026-09-23T05:32:53.849+02:00, 0.313E-02, 1537.6657, 0.56999E+06
  512200,2026-09-23T05:33:04.310+02:00, 0.300E-02, 1537.9592, 0.57012E+06
  512300,2026-09-23T05:33:15.223+02:00, 0.264E-02, 1538.2382, 0.57025E+06
  512400,2026-09-23T05:33:25.985+02:00, 0.282E-02, 1538.5236, 0.57037E+06
  512500,2026-09-23T05:33:36.732+02:00, 0.310E-02, 1538.8121, 0.57050E+06
  512600,2026-09-23T05:33:47.683+02:00, 0.279E-02, 1539.0945, 0.57063E+06
  512700,2026-09-23T05:33:58.345+02:00, 0.294E-02, 1539.3706, 0.57076E+06
  512800,2026-09-23T05:34:08.878+02:00, 0.290E-02, 1539.6604, 0.57088E+06
  512900,2026-09-23T05:34:19.206+02:00, 0.285E-02, 1539.9361, 0.57101E+06
  513000,2026-09-23T05:34:29.878+02:00, 0.298E-02, 1540.2317, 0.57114E+06
  513100,2026-09-23T05:34:40.418+02:00, 0.298E-02, 1540.5295, 0.57126E+06
  513200,2026-09-23T05:34:50.716+02:00, 0.284E-02, 1540.8101, 0.57138E+06
  513300,2026-09-23T05:35:02.050+02:00, 0.270E-02, 1541.0857, 0.57151E+06
  513400,2026-09-23T05:35:12.512+02:00, 0.297E-02, 1541.3802, 0.57164E+06
  513500,2026-09-23T05:35:23.182+02:00, 0.321E-02, 1541.6703, 0.57177E+06
  513600,2026-09-23T05:35:33.664+02:00, 0.299E-02, 1541.9577, 0.57189E+06
  513700,2026-09-23T05:35:44.182+02:00, 0.283E-02, 1542.2450, 0.57202E+06
  513800,2026-09-23T05:35:54.360+02:00, 0.283E-02, 1542.5278, 0.57214E+06
  513900,2026-09-23T05:36:04.791+02:00, 0.283E-02, 1542.8107, 0.57226E+06
  514000,2026-09-23T05:36:15.559+02:00, 0.279E-02, 1543.0900, 0.57239E+06
  514100,2026-09-23T05:36:26.449+02:00, 0.236E-02, 1543.3613, 0.57252E+06
  514200,2026-09-23T05:36:37.397+02:00, 0.288E-02, 1543.6300, 0.57265E+06
  514300,2026-09-23T05:36:48.437+02:00, 0.287E-02, 1543.9037, 0.57278E+06
  514400,2026-09-23T05:36:59.703+02:00, 0.258E-02, 1544.1839, 0.57292E+06
  514500,2026-09-23T05:37:11.029+02:00, 0.269E-02, 1544.4575, 0.57305E+06
  514600,2026-09-23T05:37:22.213+02:00, 0.280E-02, 1544.7311, 0.57318E+06
  514700,2026-09-23T05:37:33.293+02:00, 0.245E-02, 1545.0110, 0.57332E+06
  514800,2026-09-23T05:37:44.261+02:00, 0.290E-02, 1545.2907, 0.57345E+06
  514900,2026-09-23T05:37:54.903+02:00, 0.281E-02, 1545.5742, 0.57357E+06
  515000,2026-09-23T05:38:05.735+02:00, 0.270E-02, 1545.8698, 0.57370E+06
  515100,2026-09-23T05:38:16.216+02:00, 0.248E-02, 1546.1600, 0.57383E+06
  515200,2026-09-23T05:38:26.499+02:00, 0.294E-02, 1546.4468, 0.57395E+06
  515300,2026-09-23T05:38:37.012+02:00, 0.219E-02, 1546.7277, 0.57407E+06
  515400,2026-09-23T05:38:47.935+02:00, 0.288E-02, 1547.0106, 0.57420E+06
  515500,2026-09-23T05:38:58.540+02:00, 0.280E-02, 1547.2950, 0.57433E+06
  515600,2026-09-23T05:39:09.011+02:00, 0.281E-02, 1547.5850, 0.57445E+06
  515700,2026-09-23T05:39:19.314+02:00, 0.255E-02, 1547.8791, 0.57458E+06
  515800,2026-09-23T05:39:29.855+02:00, 0.309E-02, 1548.1704, 0.57470E+06
  515900,2026-09-23T05:39:40.804+02:00, 0.239E-02, 1548.4649, 0.57483E+06
  516000,2026-09-23T05:39:51.238+02:00, 0.292E-02, 1548.7510, 0.57496E+06
  516100,2026-09-23T05:40:01.713+02:00, 0.288E-02, 1549.0270, 0.57508E+06
  516200,2026-09-23T05:40:12.438+02:00, 0.284E-02, 1549.3124, 0.57521E+06
  516300,2026-09-23T05:40:22.624+02:00, 0.313E-02, 1549.6037, 0.57533E+06
  516400,2026-09-23T05:40:32.979+02:00, 0.303E-02, 1549.8883, 0.57546E+06
  516500,2026-09-23T05:40:43.440+02:00, 0.273E-02, 1550.1681, 0.57558E+06
  516600,2026-09-23T05:40:54.126+02:00, 0.290E-02, 1550.4589, 0.57571E+06
  516700,2026-09-23T05:41:04.539+02:00, 0.314E-02, 1550.7507, 0.57583E+06
  516800,2026-09-23T05:41:15.018+02:00, 0.264E-02, 1551.0455, 0.57596E+06
  516900,2026-09-23T05:41:25.247+02:00, 0.253E-02, 1551.3233, 0.57608E+06
  517000,2026-09-23T05:41:35.350+02:00, 0.266E-02, 1551.6027, 0.57620E+06
  517100,2026-09-23T05:41:46.113+02:00, 0.303E-02, 1551.8918, 0.57633E+06
  517200,2026-09-23T05:41:56.560+02:00, 0.292E-02, 1552.1821, 0.57645E+06
  517300,2026-09-23T05:42:06.946+02:00, 0.301E-02, 1552.4680, 0.57658E+06
  517400,2026-09-23T05:42:17.723+02:00, 0.292E-02, 1552.7505, 0.57670E+06
  517500,2026-09-23T05:42:28.479+02:00, 0.289E-02, 1553.0210, 0.57683E+06
  517600,2026-09-23T05:42:39.306+02:00, 0.245E-02, 1553.2987, 0.57696E+06
  517700,2026-09-23T05:42:50.412+02:00, 0.284E-02, 1553.5672, 0.57709E+06
  517800,2026-09-23T05:43:01.673+02:00, 0.276E-02, 1553.8376, 0.57723E+06
  517900,2026-09-23T05:43:12.416+02:00, 0.304E-02, 1554.1202, 0.57736E+06
  518000,2026-09-23T05:43:23.118+02:00, 0.307E-02, 1554.4054, 0.57748E+06
  518100,2026-09-23T05:43:34.144+02:00, 0.281E-02, 1554.6831, 0.57762E+06
  518200,2026-09-23T05:43:44.803+02:00, 0.284E-02, 1554.9641, 0.57774E+06
  518300,2026-09-23T05:43:55.941+02:00, 0.231E-02, 1555.2436, 0.57788E+06
  518400,2026-09-23T05:44:06.831+02:00, 0.271E-02, 1555.5310, 0.57801E+06
  518500,2026-09-23T05:44:17.720+02:00, 0.286E-02, 1555.8109, 0.57814E+06
  518600,2026-09-23T05:44:28.573+02:00, 0.265E-02, 1556.0944, 0.57826E+06
  518700,2026-09-23T05:44:39.790+02:00, 0.295E-02, 1556.3749, 0.57840E+06
  518800,2026-09-23T05:44:50.581+02:00, 0.282E-02, 1556.6592, 0.57853E+06
  518900,2026-09-23T05:45:01.823+02:00, 0.257E-02, 1556.9413, 0.57866E+06
  519000,2026-09-23T05:45:12.729+02:00, 0.279E-02, 1557.2240, 0.57879E+06
  519100,2026-09-23T05:45:23.156+02:00, 0.300E-02, 1557.5219, 0.57891E+06
  519200,2026-09-23T05:45:33.751+02:00, 0.235E-02, 1557.8167, 0.57904E+06
  519300,2026-09-23T05:45:44.492+02:00, 0.282E-02, 1558.0948, 0.57916E+06
  519400,2026-09-23T05:45:55.074+02:00, 0.264E-02, 1558.3812, 0.57929E+06
  519500,2026-09-23T05:46:05.673+02:00, 0.251E-02, 1558.6651, 0.57942E+06
  519600,2026-09-23T05:46:16.352+02:00, 0.273E-02, 1558.9565, 0.57954E+06
  519700,2026-09-23T05:46:26.848+02:00, 0.300E-02, 1559.2560, 0.57967E+06
  519800,2026-09-23T05:46:37.193+02:00, 0.287E-02, 1559.5314, 0.57979E+06
  519900,2026-09-23T05:46:47.785+02:00, 0.262E-02, 1559.8098, 0.57992E+06
  520000,2026-09-23T05:46:58.761+02:00, 0.289E-02, 1560.0975, 0.58005E+06
  520100,2026-09-23T05:47:09.324+02:00, 0.285E-02, 1560.3834, 0.58017E+06
  520200,2026-09-23T05:47:20.008+02:00, 0.273E-02, 1560.6575, 0.58030E+06
  520300,2026-09-23T05:47:31.052+02:00, 0.286E-02, 1560.9339, 0.58043E+06
  520400,2026-09-23T05:47:41.535+02:00, 0.276E-02, 1561.2263, 0.58056E+06
  520500,2026-09-23T05:47:52.074+02:00, 0.304E-02, 1561.5195, 0.58069E+06
  520600,2026-09-23T05:48:02.599+02:00, 0.298E-02, 1561.8102, 0.58081E+06
  520700,2026-09-23T05:48:12.975+02:00, 0.272E-02, 1562.0935, 0.58094E+06
  520800,2026-09-23T05:48:23.414+02:00, 0.299E-02, 1562.3748, 0.58106E+06
  520900,2026-09-23T05:48:33.868+02:00, 0.280E-02, 1562.6567, 0.58118E+06
  521000,2026-09-23T05:48:44.481+02:00, 0.285E-02, 1562.9392, 0.58131E+06
  521100,2026-09-23T05:48:54.872+02:00, 0.298E-02, 1563.2218, 0.58144E+06
  521200,2026-09-23T05:49:05.303+02:00, 0.295E-02, 1563.5156, 0.58156E+06
  521300,2026-09-23T05:49:15.701+02:00, 0.313E-02, 1563.8077, 0.58169E+06
  521400,2026-09-23T05:49:26.521+02:00, 0.291E-02, 1564.0896, 0.58181E+06
  521500,2026-09-23T05:49:37.159+02:00, 0.272E-02, 1564.3852, 0.58194E+06
  521600,2026-09-23T05:49:47.939+02:00, 0.294E-02, 1564.6726, 0.58207E+06
  521700,2026-09-23T05:49:58.911+02:00, 0.307E-02, 1564.9607, 0.58220E+06
  521800,2026-09-23T05:50:09.948+02:00, 0.251E-02, 1565.2523, 0.58233E+06
  521900,2026-09-23T05:50:20.654+02:00, 0.293E-02, 1565.5389, 0.58246E+06
  522000,2026-09-23T05:50:31.248+02:00, 0.279E-02, 1565.8250, 0.58258E+06
  522100,2026-09-23T05:50:41.652+02:00, 0.295E-02, 1566.1121, 0.58271E+06
  522200,2026-09-23T05:50:52.153+02:00, 0.259E-02, 1566.3993, 0.58283E+06
  522300,2026-09-23T05:51:02.378+02:00, 0.279E-02, 1566.6781, 0.58296E+06
  522400,2026-09-23T05:51:12.736+02:00, 0.281E-02, 1566.9566, 0.58308E+06
  522500,2026-09-23T05:51:23.157+02:00, 0.276E-02, 1567.2434, 0.58320E+06
  522600,2026-09-23T05:51:33.468+02:00, 0.307E-02, 1567.5296, 0.58333E+06
  522700,2026-09-23T05:51:43.948+02:00, 0.272E-02, 1567.8205, 0.58345E+06
  522800,2026-09-23T05:51:54.557+02:00, 0.299E-02, 1568.1184, 0.58358E+06
  522900,2026-09-23T05:52:05.286+02:00, 0.236E-02, 1568.4082, 0.58371E+06
  523000,2026-09-23T05:52:15.890+02:00, 0.302E-02, 1568.6958, 0.58383E+06
  523100,2026-09-23T05:52:26.411+02:00, 0.289E-02, 1568.9863, 0.58396E+06
  523200,2026-09-23T05:52:37.376+02:00, 0.313E-02, 1569.2746, 0.58409E+06
  523300,2026-09-23T05:52:48.036+02:00, 0.278E-02, 1569.5593, 0.58422E+06
  523400,2026-09-23T05:52:58.676+02:00, 0.295E-02, 1569.8444, 0.58434E+06
  523500,2026-09-23T05:53:09.251+02:00, 0.282E-02, 1570.1256, 0.58447E+06
  523600,2026-09-23T05:53:20.340+02:00, 0.280E-02, 1570.4050, 0.58460E+06
  523700,2026-09-23T05:53:31.248+02:00, 0.256E-02, 1570.6845, 0.58473E+06
  523800,2026-09-23T05:53:42.354+02:00, 0.293E-02, 1570.9790, 0.58487E+06
  523900,2026-09-23T05:53:53.401+02:00, 0.254E-02, 1571.2665, 0.58500E+06
  524000,2026-09-23T05:54:04.348+02:00, 0.289E-02, 1571.5454, 0.58513E+06
  524100,2026-09-23T05:54:15.163+02:00, 0.255E-02, 1571.8192, 0.58526E+06
  524200,2026-09-23T05:54:25.841+02:00, 0.291E-02, 1572.1069, 0.58538E+06
  524300,2026-09-23T05:54:36.199+02:00, 0.275E-02, 1572.3813, 0.58551E+06
  524400,2026-09-23T05:54:46.754+02:00, 0.277E-02, 1572.6570, 0.58563E+06
  524500,2026-09-23T05:54:57.695+02:00, 0.291E-02, 1572.9437, 0.58576E+06
  524600,2026-09-23T05:55:08.494+02:00, 0.288E-02, 1573.2241, 0.58589E+06
  524700,2026-09-23T05:55:19.189+02:00, 0.231E-02, 1573.5057, 0.58601E+06
  524800,2026-09-23T05:55:30.197+02:00, 0.294E-02, 1573.7829, 0.58614E+06
  524900,2026-09-23T05:55:40.946+02:00, 0.305E-02, 1574.0738, 0.58627E+06
  525000,2026-09-23T05:55:51.695+02:00, 0.308E-02, 1574.3650, 0.58640E+06
  525100,2026-09-23T05:56:02.251+02:00, 0.285E-02, 1574.6493, 0.58653E+06
  525200,2026-09-23T05:56:12.532+02:00, 0.298E-02, 1574.9436, 0.58665E+06
  525300,2026-09-23T05:56:23.111+02:00, 0.293E-02, 1575.2348, 0.58678E+06
  525400,2026-09-23T05:56:33.800+02:00, 0.293E-02, 1575.5274, 0.58691E+06
  525500,2026-09-23T05:56:44.410+02:00, 0.289E-02, 1575.8119, 0.58703E+06
  525600,2026-09-23T05:56:55.175+02:00, 0.279E-02, 1576.0961, 0.58716E+06
  525700,2026-09-23T05:57:06.258+02:00, 0.267E-02, 1576.3757, 0.58729E+06
  525800,2026-09-23T05:57:17.051+02:00, 0.269E-02, 1576.6553, 0.58742E+06
  525900,2026-09-23T05:57:27.522+02:00, 0.292E-02, 1576.9382, 0.58755E+06
  526000,2026-09-23T05:57:38.124+02:00, 0.302E-02, 1577.2286, 0.58767E+06
  526100,2026-09-23T05:57:48.660+02:00, 0.291E-02, 1577.5194, 0.58780E+06
  526200,2026-09-23T05:57:59.427+02:00, 0.279E-02, 1577.8028, 0.58793E+06
  526300,2026-09-23T05:58:09.889+02:00, 0.275E-02, 1578.0745, 0.58805E+06
  526400,2026-09-23T05:58:20.430+02:00, 0.299E-02, 1578.3630, 0.58818E+06
  526500,2026-09-23T05:58:30.739+02:00, 0.277E-02, 1578.6407, 0.58830E+06
  526600,2026-09-23T05:58:41.261+02:00, 0.277E-02, 1578.9178, 0.58843E+06
  526700,2026-09-23T05:58:51.983+02:00, 0.271E-02, 1579.1856, 0.58855E+06
  526800,2026-09-23T05:59:02.573+02:00, 0.289E-02, 1579.4703, 0.58868E+06
  526900,2026-09-23T05:59:13.075+02:00, 0.278E-02, 1579.7516, 0.58881E+06
  527000,2026-09-23T05:59:23.927+02:00, 0.283E-02, 1580.0321, 0.58893E+06
  527100,2026-09-23T05:59:35.171+02:00, 0.242E-02, 1580.3134, 0.58907E+06
  527200,2026-09-23T05:59:46.174+02:00, 0.289E-02, 1580.5983, 0.58920E+06
  527300,2026-09-23T05:59:57.422+02:00, 0.300E-02, 1580.8790, 0.58933E+06
  527400,2026-09-23T06:00:08.701+02:00, 0.294E-02, 1581.1716, 0.58947E+06
  527500,2026-09-23T06:00:19.539+02:00, 0.290E-02, 1581.4491, 0.58960E+06
  527600,2026-09-23T06:00:30.370+02:00, 0.281E-02, 1581.7328, 0.58973E+06
  527700,2026-09-23T06:00:41.088+02:00, 0.305E-02, 1582.0140, 0.58985E+06
  527800,2026-09-23T06:00:51.778+02:00, 0.259E-02, 1582.3021, 0.58998E+06
  527900,2026-09-23T06:01:02.923+02:00, 0.275E-02, 1582.5756, 0.59012E+06
  528000,2026-09-23T06:01:13.980+02:00, 0.265E-02, 1582.8467, 0.59025E+06
  528100,2026-09-23T06:01:25.051+02:00, 0.269E-02, 1583.1268, 0.59038E+06
  528200,2026-09-23T06:01:36.123+02:00, 0.301E-02, 1583.4125, 0.59051E+06
  528300,2026-09-23T06:01:47.045+02:00, 0.295E-02, 1583.7088, 0.59064E+06
  528400,2026-09-23T06:01:57.747+02:00, 0.287E-02, 1583.9995, 0.59077E+06
  528500,2026-09-23T06:02:08.968+02:00, 0.293E-02, 1584.2875, 0.59090E+06
  528600,2026-09-23T06:02:19.585+02:00, 0.293E-02, 1584.5803, 0.59103E+06
  528700,2026-09-23T06:02:30.595+02:00, 0.283E-02, 1584.8624, 0.59116E+06
  528800,2026-09-23T06:02:41.232+02:00, 0.277E-02, 1585.1376, 0.59129E+06
  528900,2026-09-23T06:02:51.776+02:00, 0.293E-02, 1585.4299, 0.59141E+06
  529000,2026-09-23T06:03:02.088+02:00, 0.289E-02, 1585.7189, 0.59154E+06
  529100,2026-09-23T06:03:12.505+02:00, 0.282E-02, 1585.9982, 0.59166E+06
  529200,2026-09-23T06:03:22.803+02:00, 0.310E-02, 1586.2833, 0.59178E+06
  529300,2026-09-23T06:03:33.168+02:00, 0.277E-02, 1586.5712, 0.59191E+06
  529400,2026-09-23T06:03:43.694+02:00, 0.284E-02, 1586.8582, 0.59203E+06
  529500,2026-09-23T06:03:54.024+02:00, 0.305E-02, 1587.1524, 0.59216E+06
  529600,2026-09-23T06:04:04.607+02:00, 0.314E-02, 1587.4454, 0.59228E+06
  529700,2026-09-23T06:04:15.315+02:00, 0.301E-02, 1587.7496, 0.59241E+06
  529800,2026-09-23T06:04:26.166+02:00, 0.290E-02, 1588.0364, 0.59254E+06
  529900,2026-09-23T06:04:37.161+02:00, 0.256E-02, 1588.3183, 0.59267E+06
  530000,2026-09-23T06:04:48.461+02:00, 0.263E-02, 1588.5839, 0.59281E+06
  530100,2026-09-23T06:05:00.075+02:00, 0.288E-02, 1588.8646, 0.59294E+06
  530200,2026-09-23T06:05:11.080+02:00, 0.284E-02, 1589.1421, 0.59307E+06
  530300,2026-09-23T06:05:21.780+02:00, 0.275E-02, 1589.4245, 0.59320E+06
  530400,2026-09-23T06:05:32.443+02:00, 0.302E-02, 1589.7162, 0.59333E+06
  530500,2026-09-23T06:05:43.474+02:00, 0.318E-02, 1590.0081, 0.59346E+06
  530600,2026-09-23T06:05:54.140+02:00, 0.291E-02, 1590.2949, 0.59358E+06
  530700,2026-09-23T06:06:04.635+02:00, 0.291E-02, 1590.5798, 0.59371E+06
  530800,2026-09-23T06:06:15.112+02:00, 0.286E-02, 1590.8643, 0.59383E+06
  530900,2026-09-23T06:06:25.674+02:00, 0.305E-02, 1591.1428, 0.59396E+06
  531000,2026-09-23T06:06:36.373+02:00, 0.296E-02, 1591.4343, 0.59409E+06
  531100,2026-09-23T06:06:46.899+02:00, 0.296E-02, 1591.7304, 0.59421E+06
  531200,2026-09-23T06:06:57.658+02:00, 0.276E-02, 1592.0140, 0.59434E+06
  531300,2026-09-23T06:07:08.681+02:00, 0.256E-02, 1592.2932, 0.59447E+06
  531400,2026-09-23T06:07:19.399+02:00, 0.296E-02, 1592.5797, 0.59460E+06
  531500,2026-09-23T06:07:29.886+02:00, 0.287E-02, 1592.8682, 0.59473E+06
  531600,2026-09-23T06:07:40.312+02:00, 0.246E-02, 1593.1554, 0.59485E+06
  531700,2026-09-23T06:07:50.822+02:00, 0.282E-02, 1593.4329, 0.59498E+06
  531800,2026-09-23T06:08:01.316+02:00, 0.307E-02, 1593.7174, 0.59510E+06
  531900,2026-09-23T06:08:11.552+02:00, 0.298E-02, 1594.0099, 0.59522E+06
  532000,2026-09-23T06:08:21.888+02:00, 0.295E-02, 1594.3046, 0.59535E+06
  532100,2026-09-23T06:08:32.444+02:00, 0.297E-02, 1594.5878, 0.59547E+06
  532200,2026-09-23T06:08:43.022+02:00, 0.286E-02, 1594.8730, 0.59560E+06
  532300,2026-09-23T06:08:53.559+02:00, 0.275E-02, 1595.1469, 0.59572E+06
  532400,2026-09-23T06:09:04.443+02:00, 0.283E-02, 1595.4233, 0.59585E+06
  532500,2026-09-23T06:09:15.546+02:00, 0.272E-02, 1595.6998, 0.59599E+06
  532600,2026-09-23T06:09:26.688+02:00, 0.257E-02, 1595.9718, 0.59612E+06
  532700,2026-09-23T06:09:37.598+02:00, 0.280E-02, 1596.2546, 0.59625E+06
  532800,2026-09-23T06:09:48.648+02:00, 0.271E-02, 1596.5296, 0.59638E+06
  532900,2026-09-23T06:09:59.711+02:00, 0.260E-02, 1596.8017, 0.59651E+06
  533000,2026-09-23T06:10:10.566+02:00, 0.286E-02, 1597.0751, 0.59664E+06
  533100,2026-09-23T06:10:21.619+02:00, 0.295E-02, 1597.3535, 0.59677E+06
  533200,2026-09-23T06:10:32.280+02:00, 0.295E-02, 1597.6480, 0.59690E+06
  533300,2026-09-23T06:10:43.164+02:00, 0.311E-02, 1597.9385, 0.59703E+06
  533400,2026-09-23T06:10:53.981+02:00, 0.290E-02, 1598.2344, 0.59716E+06
  533500,2026-09-23T06:11:04.204+02:00, 0.281E-02, 1598.5148, 0.59728E+06
  533600,2026-09-23T06:11:14.769+02:00, 0.300E-02, 1598.8090, 0.59741E+06
  533700,2026-09-23T06:11:25.334+02:00, 0.293E-02, 1599.1012, 0.59753E+06
  533800,2026-09-23T06:11:35.915+02:00, 0.289E-02, 1599.3866, 0.59766E+06
  533900,2026-09-23T06:11:46.289+02:00, 0.255E-02, 1599.6688, 0.59778E+06
  534000,2026-09-23T06:11:56.900+02:00, 0.222E-02, 1599.9295, 0.59791E+06
  534100,2026-09-23T06:12:07.717+02:00, 0.253E-02, 1600.2147, 0.59804E+06
  534200,2026-09-23T06:12:18.720+02:00, 0.283E-02, 1600.4896, 0.59817E+06
  534300,2026-09-23T06:12:30.067+02:00, 0.288E-02, 1600.7668, 0.59831E+06
  534400,2026-09-23T06:12:40.773+02:00, 0.280E-02, 1601.0509, 0.59843E+06
  534500,2026-09-23T06:12:51.325+02:00, 0.291E-02, 1601.3441, 0.59856E+06
  534600,2026-09-23T06:13:02.052+02:00, 0.291E-02, 1601.6351, 0.59869E+06
  534700,2026-09-23T06:13:12.956+02:00, 0.308E-02, 1601.9335, 0.59882E+06
  534800,2026-09-23T06:13:24.268+02:00, 0.278E-02, 1602.2207, 0.59895E+06
  534900,2026-09-23T06:13:35.280+02:00, 0.310E-02, 1602.5092, 0.59908E+06
  535000,2026-09-23T06:13:45.937+02:00, 0.296E-02, 1602.8051, 0.59921E+06
  535100,2026-09-23T06:13:56.794+02:00, 0.290E-02, 1603.0979, 0.59934E+06
  535200,2026-09-23T06:14:07.409+02:00, 0.290E-02, 1603.3883, 0.59947E+06
  535300,2026-09-23T06:14:17.720+02:00, 0.252E-02, 1603.6695, 0.59959E+06
  535400,2026-09-23T06:14:28.263+02:00, 0.277E-02, 1603.9466, 0.59971E+06
  535500,2026-09-23T06:14:38.931+02:00, 0.260E-02, 1604.2243, 0.59984E+06
  535600,2026-09-23T06:14:49.692+02:00, 0.281E-02, 1604.5022, 0.59997E+06
  535700,2026-09-23T06:15:00.879+02:00, 0.262E-02, 1604.7701, 0.60010E+06
  535800,2026-09-23T06:15:11.707+02:00, 0.282E-02, 1605.0395, 0.60023E+06
  535900,2026-09-23T06:15:22.287+02:00, 0.277E-02, 1605.3261, 0.60035E+06
  536000,2026-09-23T06:15:33.032+02:00, 0.260E-02, 1605.6031, 0.60048E+06
  536100,2026-09-23T06:15:44.094+02:00, 0.312E-02, 1605.8971, 0.60061E+06
  536200,2026-09-23T06:15:54.648+02:00, 0.288E-02, 1606.1865, 0.60074E+06
  536300,2026-09-23T06:16:05.139+02:00, 0.311E-02, 1606.4947, 0.60086E+06
  536400,2026-09-23T06:16:15.668+02:00, 0.305E-02, 1606.7809, 0.60099E+06
  536500,2026-09-23T06:16:26.632+02:00, 0.292E-02, 1607.0733, 0.60112E+06
  536600,2026-09-23T06:16:37.547+02:00, 0.292E-02, 1607.3656, 0.60125E+06
  536700,2026-09-23T06:16:48.242+02:00, 0.280E-02, 1607.6513, 0.60138E+06
  536800,2026-09-23T06:16:58.873+02:00, 0.298E-02, 1607.9339, 0.60151E+06
  536900,2026-09-23T06:17:09.298+02:00, 0.278E-02, 1608.2114, 0.60163E+06
  537000,2026-09-23T06:17:20.124+02:00, 0.267E-02, 1608.4850, 0.60176E+06
  537100,2026-09-23T06:17:31.118+02:00, 0.266E-02, 1608.7647, 0.60189E+06
  537200,2026-09-23T06:17:42.465+02:00, 0.273E-02, 1609.0342, 0.60202E+06
  537300,2026-09-23T06:17:53.943+02:00, 0.295E-02, 1609.3117, 0.60216E+06
  537400,2026-09-23T06:18:04.526+02:00, 0.251E-02, 1609.5985, 0.60229E+06
  537500,2026-09-23T06:18:14.659+02:00, 0.276E-02, 1609.8741, 0.60241E+06
  537600,2026-09-23T06:18:25.430+02:00, 0.299E-02, 1610.1529, 0.60254E+06
  537700,2026-09-23T06:18:35.869+02:00, 0.294E-02, 1610.4328, 0.60266E+06
  537800,2026-09-23T06:18:46.292+02:00, 0.253E-02, 1610.7180, 0.60279E+06
  537900,2026-09-23T06:18:56.698+02:00, 0.297E-02, 1611.0027, 0.60291E+06
  538000,2026-09-23T06:19:07.130+02:00, 0.294E-02, 1611.2883, 0.60303E+06
  538100,2026-09-23T06:19:17.491+02:00, 0.288E-02, 1611.5734, 0.60316E+06
  538200,2026-09-23T06:19:28.185+02:00, 0.292E-02, 1611.8529, 0.60329E+06
  538300,2026-09-23T06:19:39.111+02:00, 0.259E-02, 1612.1406, 0.60342E+06
  538400,2026-09-23T06:19:50.009+02:00, 0.279E-02, 1612.4295, 0.60355E+06
  538500,2026-09-23T06:20:01.104+02:00, 0.276E-02, 1612.7082, 0.60368E+06
  538600,2026-09-23T06:20:11.970+02:00, 0.291E-02, 1612.9856, 0.60381E+06
  538700,2026-09-23T06:20:22.603+02:00, 0.246E-02, 1613.2760, 0.60393E+06
  538800,2026-09-23T06:20:33.613+02:00, 0.299E-02, 1613.5585, 0.60407E+06
  538900,2026-09-23T06:20:44.444+02:00, 0.287E-02, 1613.8519, 0.60420E+06
  539000,2026-09-23T06:20:55.296+02:00, 0.287E-02, 1614.1385, 0.60433E+06
  539100,2026-09-23T06:21:05.590+02:00, 0.282E-02, 1614.4217, 0.60445E+06
  539200,2026-09-23T06:21:15.839+02:00, 0.282E-02, 1614.7032, 0.60457E+06
  539300,2026-09-23T06:21:26.206+02:00, 0.282E-02, 1614.9847, 0.60469E+06
  539400,2026-09-23T06:21:36.760+02:00, 0.289E-02, 1615.2734, 0.60482E+06
  539500,2026-09-23T06:21:47.017+02:00, 0.281E-02, 1615.5449, 0.60494E+06
  539600,2026-09-23T06:21:57.431+02:00, 0.290E-02, 1615.8118, 0.60507E+06
  539700,2026-09-23T06:22:08.232+02:00, 0.281E-02, 1616.0888, 0.60520E+06
  539800,2026-09-23T06:22:19.100+02:00, 0.296E-02, 1616.3839, 0.60533E+06
  539900,2026-09-23T06:22:29.755+02:00, 0.291E-02, 1616.6637, 0.60545E+06
  540000,2026-09-23T06:22:40.419+02:00, 0.298E-02, 1616.9595, 0.60558E+06
  540100,2026-09-23T06:22:50.738+02:00, 0.263E-02, 1617.2543, 0.60570E+06
  540200,2026-09-23T06:23:01.323+02:00, 0.283E-02, 1617.5345, 0.60583E+06
  540300,2026-09-23T06:23:12.538+02:00, 0.273E-02, 1617.8112, 0.60596E+06
  540400,2026-09-23T06:23:23.809+02:00, 0.280E-02, 1618.0873, 0.60610E+06
  540500,2026-09-23T06:23:35.000+02:00, 0.266E-02, 1618.3562, 0.60623E+06
  540600,2026-09-23T06:23:46.648+02:00, 0.275E-02, 1618.6257, 0.60637E+06
  540700,2026-09-23T06:23:57.722+02:00, 0.288E-02, 1618.9004, 0.60650E+06
  540800,2026-09-23T06:24:08.867+02:00, 0.233E-02, 1619.1817, 0.60664E+06
  540900,2026-09-23T06:24:19.805+02:00, 0.274E-02, 1619.4534, 0.60677E+06
  541000,2026-09-23T06:24:30.855+02:00, 0.290E-02, 1619.7235, 0.60690E+06
  541100,2026-09-23T06:24:42.343+02:00, 0.277E-02, 1619.9924, 0.60703E+06
  541200,2026-09-23T06:24:54.295+02:00, 0.299E-02, 1620.2675, 0.60717E+06
  541300,2026-09-23T06:25:04.483+02:00, 0.280E-02, 1620.5386, 0.60729E+06
  541400,2026-09-23T06:25:15.486+02:00, 0.287E-02, 1620.8122, 0.60742E+06
  541500,2026-09-23T06:25:26.649+02:00, 0.306E-02, 1621.0947, 0.60756E+06
  541600,2026-09-23T06:25:37.552+02:00, 0.262E-02, 1621.3730, 0.60769E+06
  541700,2026-09-23T06:25:48.634+02:00, 0.293E-02, 1621.6553, 0.60782E+06
  541800,2026-09-23T06:25:59.777+02:00, 0.274E-02, 1621.9304, 0.60795E+06
  541900,2026-09-23T06:26:10.414+02:00, 0.296E-02, 1622.2056, 0.60808E+06
  542000,2026-09-23T06:26:21.064+02:00, 0.313E-02, 1622.4934, 0.60821E+06
  542100,2026-09-23T06:26:31.440+02:00, 0.278E-02, 1622.7785, 0.60833E+06
  542200,2026-09-23T06:26:42.088+02:00, 0.295E-02, 1623.0578, 0.60846E+06
  542300,2026-09-23T06:26:52.711+02:00, 0.287E-02, 1623.3440, 0.60859E+06
  542400,2026-09-23T06:27:03.750+02:00, 0.254E-02, 1623.6320, 0.60872E+06
  542500,2026-09-23T06:27:14.379+02:00, 0.234E-02, 1623.9164, 0.60884E+06
  542600,2026-09-23T06:27:24.727+02:00, 0.299E-02, 1624.1936, 0.60897E+06
  542700,2026-09-23T06:27:35.078+02:00, 0.308E-02, 1624.4827, 0.60909E+06
  542800,2026-09-23T06:27:45.676+02:00, 0.285E-02, 1624.7725, 0.60922E+06
  542900,2026-09-23T06:27:56.823+02:00, 0.271E-02, 1625.0471, 0.60935E+06
  543000,2026-09-23T06:28:08.053+02:00, 0.303E-02, 1625.3179, 0.60948E+06
  543100,2026-09-23T06:28:19.404+02:00, 0.298E-02, 1625.5969, 0.60962E+06
  543200,2026-09-23T06:28:30.150+02:00, 0.298E-02, 1625.8952, 0.60975E+06
  543300,2026-09-23T06:28:41.154+02:00, 0.277E-02, 1626.1741, 0.60988E+06
  543400,2026-09-23T06:28:52.086+02:00, 0.246E-02, 1626.4434, 0.61001E+06
  543500,2026-09-23T06:29:02.483+02:00, 0.288E-02, 1626.7296, 0.61013E+06
  543600,2026-09-23T06:29:12.899+02:00, 0.278E-02, 1627.0194, 0.61026E+06
  543700,2026-09-23T06:29:23.318+02:00, 0.301E-02, 1627.3050, 0.61038E+06
  543800,2026-09-23T06:29:33.647+02:00, 0.278E-02, 1627.5786, 0.61050E+06
  543900,2026-09-23T06:29:44.118+02:00, 0.294E-02, 1627.8548, 0.61063E+06
  544000,2026-09-23T06:29:55.019+02:00, 0.261E-02, 1628.1312, 0.61076E+06
  544100,2026-09-23T06:30:05.673+02:00, 0.283E-02, 1628.4111, 0.61089E+06
  544200,2026-09-23T06:30:16.609+02:00, 0.283E-02, 1628.6939, 0.61102E+06
  544300,2026-09-23T06:30:27.213+02:00, 0.272E-02, 1628.9770, 0.61114E+06
  544400,2026-09-23T06:30:38.143+02:00, 0.296E-02, 1629.2618, 0.61128E+06
  544500,2026-09-23T06:30:49.151+02:00, 0.274E-02, 1629.5403, 0.61141E+06
  544600,2026-09-23T06:31:00.034+02:00, 0.248E-02, 1629.8082, 0.61154E+06
  544700,2026-09-23T06:31:10.579+02:00, 0.287E-02, 1630.0824, 0.61166E+06
  544800,2026-09-23T06:31:21.523+02:00, 0.287E-02, 1630.3590, 0.61179E+06
  544900,2026-09-23T06:31:32.089+02:00, 0.298E-02, 1630.6454, 0.61192E+06
  545000,2026-09-23T06:31:42.752+02:00, 0.280E-02, 1630.9288, 0.61205E+06
  545100,2026-09-23T06:31:52.950+02:00, 0.271E-02, 1631.2097, 0.61217E+06
  545200,2026-09-23T06:32:03.380+02:00, 0.288E-02, 1631.4939, 0.61229E+06
  545300,2026-09-23T06:32:13.678+02:00, 0.306E-02, 1631.7885, 0.61242E+06
  545400,2026-09-23T06:32:25.264+02:00, 0.298E-02, 1632.0862, 0.61255E+06
  545500,2026-09-23T06:32:37.300+02:00, 0.293E-02, 1632.3750, 0.61270E+06
  545600,2026-09-23T06:32:48.693+02:00, 0.305E-02, 1632.6533, 0.61283E+06
  545700,2026-09-23T06:32:59.952+02:00, 0.288E-02, 1632.9343, 0.61297E+06
  545800,2026-09-23T06:33:10.513+02:00, 0.281E-02, 1633.2114, 0.61309E+06
  545900,2026-09-23T06:33:20.917+02:00, 0.297E-02, 1633.4971, 0.61322E+06
  546000,2026-09-23T06:33:31.393+02:00, 0.314E-02, 1633.7994, 0.61334E+06
  546100,2026-09-23T06:33:41.987+02:00, 0.257E-02, 1634.0849, 0.61347E+06
  546200,2026-09-23T06:33:52.198+02:00, 0.248E-02, 1634.3580, 0.61359E+06
  546300,2026-09-23T06:34:02.570+02:00, 0.297E-02, 1634.6379, 0.61371E+06
  546400,2026-09-23T06:34:13.072+02:00, 0.269E-02, 1634.9142, 0.61384E+06
  546500,2026-09-23T06:34:23.444+02:00, 0.260E-02, 1635.1987, 0.61396E+06
  546600,2026-09-23T06:34:33.883+02:00, 0.272E-02, 1635.4778, 0.61409E+06
  546700,2026-09-23T06:34:44.502+02:00, 0.285E-02, 1635.7584, 0.61421E+06
  546800,2026-09-23T06:34:55.646+02:00, 0.306E-02, 1636.0515, 0.61434E+06
  546900,2026-09-23T06:35:06.417+02:00, 0.288E-02, 1636.3310, 0.61447E+06
  547000,2026-09-23T06:35:16.947+02:00, 0.284E-02, 1636.6081, 0.61460E+06
  547100,2026-09-23T06:35:27.332+02:00, 0.284E-02, 1636.8923, 0.61472E+06
  547200,2026-09-23T06:35:37.951+02:00, 0.265E-02, 1637.1841, 0.61485E+06
  547300,2026-09-23T06:35:48.339+02:00, 0.285E-02, 1637.4624, 0.61497E+06
  547400,2026-09-23T06:35:58.994+02:00, 0.290E-02, 1637.7547, 0.61510E+06
  547500,2026-09-23T06:36:09.770+02:00, 0.287E-02, 1638.0363, 0.61523E+06
  547600,2026-09-23T06:36:20.281+02:00, 0.293E-02, 1638.3172, 0.61535E+06
  547700,2026-09-23T06:36:30.524+02:00, 0.273E-02, 1638.5893, 0.61547E+06
  547800,2026-09-23T06:36:41.086+02:00, 0.294E-02, 1638.8723, 0.61560E+06
  547900,2026-09-23T06:36:51.852+02:00, 0.251E-02, 1639.1464, 0.61573E+06
  548000,2026-09-23T06:37:02.800+02:00, 0.277E-02, 1639.4192, 0.61586E+06
  548100,2026-09-23T06:37:13.816+02:00, 0.292E-02, 1639.7051, 0.61599E+06
  548200,2026-09-23T06:37:24.425+02:00, 0.283E-02, 1639.9863, 0.61612E+06
  548300,2026-09-23T06:37:35.331+02:00, 0.243E-02, 1640.2548, 0.61625E+06
  548400,2026-09-23T06:37:46.389+02:00, 0.282E-02, 1640.5300, 0.61638E+06
  548500,2026-09-23T06:37:57.380+02:00, 0.306E-02, 1640.8095, 0.61651E+06
  548600,2026-09-23T06:38:08.148+02:00, 0.284E-02, 1641.0922, 0.61664E+06
  548700,2026-09-23T06:38:18.751+02:00, 0.291E-02, 1641.3823, 0.61677E+06
  548800,2026-09-23T06:38:29.762+02:00, 0.298E-02, 1641.6670, 0.61690E+06
  548900,2026-09-23T06:38:40.241+02:00, 0.298E-02, 1641.9654, 0.61702E+06
  549000,2026-09-23T06:38:50.852+02:00, 0.290E-02, 1642.2524, 0.61715E+06
  549100,2026-09-23T06:39:01.524+02:00, 0.308E-02, 1642.5345, 0.61728E+06
  549200,2026-09-23T06:39:11.893+02:00, 0.280E-02, 1642.8068, 0.61740E+06
  549300,2026-09-23T06:39:22.479+02:00, 0.276E-02, 1643.0964, 0.61753E+06
  549400,2026-09-23T06:39:33.121+02:00, 0.285E-02, 1643.3907, 0.61765E+06
  549500,2026-09-23T06:39:43.600+02:00, 0.269E-02, 1643.6709, 0.61778E+06
  549600,2026-09-23T06:39:54.273+02:00, 0.285E-02, 1643.9609, 0.61791E+06
  549700,2026-09-23T06:40:04.749+02:00, 0.285E-02, 1644.2454, 0.61803E+06
  549800,2026-09-23T06:40:15.063+02:00, 0.304E-02, 1644.5330, 0.61816E+06
  549900,2026-09-23T06:40:25.451+02:00, 0.296E-02, 1644.8282, 0.61828E+06
  550000,2026-09-23T06:40:36.032+02:00, 0.288E-02, 1645.1154, 0.61841E+06
  550100,2026-09-23T06:40:46.307+02:00, 0.304E-02, 1645.4071, 0.61853E+06
  550200,2026-09-23T06:40:56.935+02:00, 0.284E-02, 1645.6939, 0.61866E+06
  550300,2026-09-23T06:41:07.286+02:00, 0.312E-02, 1645.9791, 0.61878E+06
  550400,2026-09-23T06:41:17.887+02:00, 0.286E-02, 1646.2709, 0.61891E+06
  550500,2026-09-23T06:41:28.846+02:00, 0.271E-02, 1646.5448, 0.61904E+06
  550600,2026-09-23T06:41:39.580+02:00, 0.290E-02, 1646.8339, 0.61917E+06
  550700,2026-09-23T06:41:50.616+02:00, 0.281E-02, 1647.1144, 0.61930E+06
  550800,2026-09-23T06:42:01.839+02:00, 0.279E-02, 1647.3846, 0.61943E+06
  550900,2026-09-23T06:42:12.882+02:00, 0.285E-02, 1647.6643, 0.61956E+06
  551000,2026-09-23T06:42:23.367+02:00, 0.307E-02, 1647.9509, 0.61969E+06
  551100,2026-09-23T06:42:34.229+02:00, 0.278E-02, 1648.2430, 0.61982E+06
  551200,2026-09-23T06:42:45.224+02:00, 0.284E-02, 1648.5260, 0.61995E+06
  551300,2026-09-23T06:42:56.001+02:00, 0.285E-02, 1648.8110, 0.62008E+06
  551400,2026-09-23T06:43:06.793+02:00, 0.286E-02, 1649.0940, 0.62021E+06
  551500,2026-09-23T06:43:17.133+02:00, 0.286E-02, 1649.3800, 0.62033E+06
  551600,2026-09-23T06:43:27.627+02:00, 0.273E-02, 1649.6774, 0.62046E+06
  551700,2026-09-23T06:43:37.818+02:00, 0.262E-02, 1649.9612, 0.62058E+06
  551800,2026-09-23T06:43:48.940+02:00, 0.281E-02, 1650.2286, 0.62071E+06
  551900,2026-09-23T06:43:59.290+02:00, 0.298E-02, 1650.5165, 0.62083E+06
  552000,2026-09-23T06:44:10.041+02:00, 0.303E-02, 1650.8072, 0.62096E+06
  552100,2026-09-23T06:44:20.446+02:00, 0.269E-02, 1651.0813, 0.62108E+06
  552200,2026-09-23T06:44:31.011+02:00, 0.271E-02, 1651.3590, 0.62121E+06
  552300,2026-09-23T06:44:41.714+02:00, 0.270E-02, 1651.6378, 0.62134E+06
  552400,2026-09-23T06:44:52.291+02:00, 0.299E-02, 1651.9219, 0.62146E+06
  552500,2026-09-23T06:45:03.270+02:00, 0.288E-02, 1652.2173, 0.62159E+06
  552600,2026-09-23T06:45:13.612+02:00, 0.312E-02, 1652.5029, 0.62171E+06
  552700,2026-09-23T06:45:24.129+02:00, 0.253E-02, 1652.7908, 0.62184E+06
  552800,2026-09-23T06:45:34.649+02:00, 0.289E-02, 1653.0728, 0.62196E+06
  552900,2026-09-23T06:45:45.024+02:00, 0.278E-02, 1653.3616, 0.62209E+06
  553000,2026-09-23T06:45:55.176+02:00, 0.254E-02, 1653.6283, 0.62221E+06
  553100,2026-09-23T06:46:05.489+02:00, 0.303E-02, 1653.9054, 0.62233E+06
  553200,2026-09-23T06:46:15.897+02:00, 0.289E-02, 1654.1928, 0.62246E+06
  553300,2026-09-23T06:46:26.413+02:00, 0.307E-02, 1654.4755, 0.62258E+06
  553400,2026-09-23T06:46:37.178+02:00, 0.287E-02, 1654.7560, 0.62271E+06
  553500,2026-09-23T06:46:47.986+02:00, 0.290E-02, 1655.0398, 0.62284E+06
  553600,2026-09-23T06:46:58.674+02:00, 0.279E-02, 1655.3138, 0.62297E+06
  553700,2026-09-23T06:47:09.545+02:00, 0.251E-02, 1655.5928, 0.62310E+06
  553800,2026-09-23T06:47:20.440+02:00, 0.288E-02, 1655.8744, 0.62323E+06
  553900,2026-09-23T06:47:31.575+02:00, 0.272E-02, 1656.1424, 0.62336E+06
  554000,2026-09-23T06:47:42.553+02:00, 0.264E-02, 1656.4119, 0.62349E+06
  554100,2026-09-23T06:47:53.445+02:00, 0.293E-02, 1656.6887, 0.62362E+06
  554200,2026-09-23T06:48:04.720+02:00, 0.302E-02, 1656.9735, 0.62376E+06
  554300,2026-09-23T06:48:15.354+02:00, 0.299E-02, 1657.2508, 0.62388E+06
  554400,2026-09-23T06:48:26.318+02:00, 0.290E-02, 1657.5299, 0.62401E+06
  554500,2026-09-23T06:48:37.357+02:00, 0.286E-02, 1657.8168, 0.62415E+06
  554600,2026-09-23T06:48:48.407+02:00, 0.262E-02, 1658.0964, 0.62428E+06
  554700,2026-09-23T06:48:59.435+02:00, 0.281E-02, 1658.3762, 0.62441E+06
  554800,2026-09-23T06:49:10.516+02:00, 0.267E-02, 1658.6541, 0.62454E+06
  554900,2026-09-23T06:49:21.389+02:00, 0.277E-02, 1658.9283, 0.62467E+06
  555000,2026-09-23T06:49:32.398+02:00, 0.246E-02, 1659.1969, 0.62480E+06
  555100,2026-09-23T06:49:43.511+02:00, 0.275E-02, 1659.4654, 0.62494E+06
  555200,2026-09-23T06:49:54.754+02:00, 0.292E-02, 1659.7579, 0.62507E+06
  555300,2026-09-23T06:50:05.956+02:00, 0.286E-02, 1660.0399, 0.62520E+06
  555400,2026-09-23T06:50:16.768+02:00, 0.289E-02, 1660.3215, 0.62533E+06
  555500,2026-09-23T06:50:27.918+02:00, 0.281E-02, 1660.5930, 0.62547E+06
  555600,2026-09-23T06:50:38.765+02:00, 0.287E-02, 1660.8713, 0.62559E+06
  555700,2026-09-23T06:50:49.598+02:00, 0.285E-02, 1661.1504, 0.62572E+06
  555800,2026-09-23T06:51:00.192+02:00, 0.294E-02, 1661.4392, 0.62585E+06
  555900,2026-09-23T06:51:10.949+02:00, 0.263E-02, 1661.7174, 0.62598E+06
  556000,2026-09-23T06:51:22.104+02:00, 0.250E-02, 1661.9908, 0.62611E+06
  556100,2026-09-23T06:51:32.502+02:00, 0.284E-02, 1662.2682, 0.62624E+06
  556200,2026-09-23T06:51:42.914+02:00, 0.277E-02, 1662.5389, 0.62636E+06
  556300,2026-09-23T06:51:53.561+02:00, 0.289E-02, 1662.8187, 0.62649E+06
  556400,2026-09-23T06:52:04.560+02:00, 0.282E-02, 1663.0990, 0.62662E+06
  556500,2026-09-23T06:52:15.647+02:00, 0.269E-02, 1663.3724, 0.62675E+06
  556600,2026-09-23T06:52:26.709+02:00, 0.276E-02, 1663.6531, 0.62688E+06
  556700,2026-09-23T06:52:37.245+02:00, 0.276E-02, 1663.9286, 0.62701E+06
  556800,2026-09-23T06:52:47.739+02:00, 0.298E-02, 1664.2070, 0.62714E+06
  556900,2026-09-23T06:52:58.003+02:00, 0.319E-02, 1664.4996, 0.62726E+06
  557000,2026-09-23T06:53:08.426+02:00, 0.290E-02, 1664.7936, 0.62738E+06
  557100,2026-09-23T06:53:18.899+02:00, 0.311E-02, 1665.0829, 0.62751E+06
  557200,2026-09-23T06:53:29.681+02:00, 0.261E-02, 1665.3661, 0.62764E+06
  557300,2026-09-23T06:53:40.686+02:00, 0.264E-02, 1665.6430, 0.62777E+06
  557400,2026-09-23T06:53:51.893+02:00, 0.302E-02, 1665.9365, 0.62790E+06
  557500,2026-09-23T06:54:02.716+02:00, 0.236E-02, 1666.2168, 0.62803E+06
  557600,2026-09-23T06:54:13.912+02:00, 0.308E-02, 1666.4996, 0.62817E+06
  557700,2026-09-23T06:54:24.312+02:00, 0.291E-02, 1666.7957, 0.62829E+06
  557800,2026-09-23T06:54:34.840+02:00, 0.307E-02, 1667.0901, 0.62841E+06
  557900,2026-09-23T06:54:45.035+02:00, 0.263E-02, 1667.3749, 0.62854E+06
  558000,2026-09-23T06:54:56.208+02:00, 0.298E-02, 1667.6593, 0.62867E+06
  558100,2026-09-23T06:55:06.745+02:00, 0.316E-02, 1667.9481, 0.62879E+06
  558200,2026-09-23T06:55:17.112+02:00, 0.290E-02, 1668.2409, 0.62892E+06
  558300,2026-09-23T06:55:27.943+02:00, 0.287E-02, 1668.5292, 0.62904E+06
  558400,2026-09-23T06:55:38.768+02:00, 0.277E-02, 1668.8080, 0.62917E+06
  558500,2026-09-23T06:55:49.557+02:00, 0.300E-02, 1669.0913, 0.62930E+06
  558600,2026-09-23T06:55:59.978+02:00, 0.280E-02, 1669.3743, 0.62943E+06
  558700,2026-09-23T06:56:10.603+02:00, 0.295E-02, 1669.6699, 0.62955E+06
  558800,2026-09-23T06:56:21.217+02:00, 0.279E-02, 1669.9502, 0.62968E+06
  558900,2026-09-23T06:56:32.174+02:00, 0.280E-02, 1670.2274, 0.62981E+06
  559000,2026-09-23T06:56:42.933+02:00, 0.285E-02, 1670.5099, 0.62994E+06
  559100,2026-09-23T06:56:53.385+02:00, 0.284E-02, 1670.7987, 0.63006E+06
  559200,2026-09-23T06:57:03.690+02:00, 0.309E-02, 1671.0834, 0.63019E+06
  559300,2026-09-23T06:57:14.077+02:00, 0.293E-02, 1671.3772, 0.63031E+06
  559400,2026-09-23T06:57:24.565+02:00, 0.293E-02, 1671.6698, 0.63044E+06
  559500,2026-09-23T06:57:35.185+02:00, 0.304E-02, 1671.9506, 0.63056E+06
  559600,2026-09-23T06:57:45.667+02:00, 0.304E-02, 1672.2549, 0.63069E+06
  559700,2026-09-23T06:57:56.151+02:00, 0.304E-02, 1672.5592, 0.63081E+06
  559800,2026-09-23T06:58:06.595+02:00, 0.298E-02, 1672.8564, 0.63094E+06
  559900,2026-09-23T06:58:16.993+02:00, 0.292E-02, 1673.1463, 0.63106E+06
  560000,2026-09-23T06:58:27.257+02:00, 0.252E-02, 1673.4306, 0.63119E+06
  560100,2026-09-23T06:58:38.299+02:00, 0.286E-02, 1673.7109, 0.63132E+06
  560200,2026-09-23T06:58:49.364+02:00, 0.274E-02, 1673.9799, 0.63145E+06
  560300,2026-09-23T06:59:00.340+02:00, 0.266E-02, 1674.2545, 0.63158E+06
  560400,2026-09-23T06:59:11.322+02:00, 0.279E-02, 1674.5265, 0.63171E+06
  560500,2026-09-23T06:59:22.383+02:00, 0.247E-02, 1674.7971, 0.63184E+06
  560600,2026-09-23T06:59:33.485+02:00, 0.282E-02, 1675.0745, 0.63198E+06
  560700,2026-09-23T06:59:44.657+02:00, 0.259E-02, 1675.3499, 0.63211E+06
  560800,2026-09-23T06:59:55.758+02:00, 0.267E-02, 1675.6314, 0.63224E+06
  560900,2026-09-23T07:00:06.270+02:00, 0.308E-02, 1675.9194, 0.63237E+06
  561000,2026-09-23T07:00:16.886+02:00, 0.287E-02, 1676.1964, 0.63249E+06
  561100,2026-09-23T07:00:27.264+02:00, 0.287E-02, 1676.4830, 0.63262E+06
  561200,2026-09-23T07:00:37.783+02:00, 0.273E-02, 1676.7565, 0.63274E+06
  561300,2026-09-23T07:00:48.523+02:00, 0.297E-02, 1677.0525, 0.63287E+06
  561400,2026-09-23T07:00:59.122+02:00, 0.288E-02, 1677.3401, 0.63300E+06
  561500,2026-09-23T07:01:09.666+02:00, 0.293E-02, 1677.6295, 0.63312E+06
  561600,2026-09-23T07:01:20.384+02:00, 0.265E-02, 1677.9093, 0.63325E+06
  561700,2026-09-23T07:01:31.329+02:00, 0.289E-02, 1678.1924, 0.63338E+06
  561800,2026-09-23T07:01:41.626+02:00, 0.284E-02, 1678.4706, 0.63351E+06
  561900,2026-09-23T07:01:52.246+02:00, 0.303E-02, 1678.7557, 0.63363E+06
  562000,2026-09-23T07:02:02.890+02:00, 0.287E-02, 1679.0419, 0.63376E+06
  562100,2026-09-23T07:02:13.442+02:00, 0.292E-02, 1679.3388, 0.63389E+06
  562200,2026-09-23T07:02:24.183+02:00, 0.292E-02, 1679.6311, 0.63401E+06
  562300,2026-09-23T07:02:35.168+02:00, 0.304E-02, 1679.9125, 0.63415E+06
  562400,2026-09-23T07:02:46.396+02:00, 0.259E-02, 1680.1977, 0.63428E+06
  562500,2026-09-23T07:02:56.936+02:00, 0.267E-02, 1680.4828, 0.63440E+06
  562600,2026-09-23T07:03:07.583+02:00, 0.294E-02, 1680.7745, 0.63453E+06
  562700,2026-09-23T07:03:18.202+02:00, 0.280E-02, 1681.0538, 0.63466E+06
  562800,2026-09-23T07:03:29.238+02:00, 0.308E-02, 1681.3347, 0.63479E+06
  562900,2026-09-23T07:03:40.371+02:00, 0.306E-02, 1681.6176, 0.63492E+06
  563000,2026-09-23T07:03:51.098+02:00, 0.296E-02, 1681.9113, 0.63505E+06
  563100,2026-09-23T07:04:01.637+02:00, 0.309E-02, 1682.2046, 0.63518E+06
  563200,2026-09-23T07:04:12.662+02:00, 0.290E-02, 1682.4946, 0.63531E+06
  563300,2026-09-23T07:04:23.612+02:00, 0.274E-02, 1682.7729, 0.63544E+06
  563400,2026-09-23T07:04:34.549+02:00, 0.273E-02, 1683.0457, 0.63557E+06
  563500,2026-09-23T07:04:45.125+02:00, 0.301E-02, 1683.3275, 0.63570E+06
  563600,2026-09-23T07:04:56.490+02:00, 0.277E-02, 1683.6115, 0.63583E+06
  563700,2026-09-23T07:05:07.417+02:00, 0.282E-02, 1683.8919, 0.63596E+06
  563800,2026-09-23T07:05:18.456+02:00, 0.278E-02, 1684.1682, 0.63609E+06
  563900,2026-09-23T07:05:29.386+02:00, 0.291E-02, 1684.4498, 0.63622E+06
  564000,2026-09-23T07:05:40.315+02:00, 0.295E-02, 1684.7280, 0.63635E+06
  564100,2026-09-23T07:05:51.328+02:00, 0.304E-02, 1685.0103, 0.63648E+06
  564200,2026-09-23T07:06:01.942+02:00, 0.274E-02, 1685.2966, 0.63661E+06
  564300,2026-09-23T07:06:12.514+02:00, 0.290E-02, 1685.5733, 0.63674E+06
  564400,2026-09-23T07:06:23.014+02:00, 0.269E-02, 1685.8556, 0.63686E+06
  564500,2026-09-23T07:06:33.880+02:00, 0.283E-02, 1686.1358, 0.63699E+06
  564600,2026-09-23T07:06:44.242+02:00, 0.283E-02, 1686.4190, 0.63711E+06
  564700,2026-09-23T07:06:54.610+02:00, 0.273E-02, 1686.6979, 0.63724E+06
  564800,2026-09-23T07:07:04.836+02:00, 0.260E-02, 1686.9769, 0.63736E+06
  564900,2026-09-23T07:07:15.097+02:00, 0.278E-02, 1687.2533, 0.63748E+06
  565000,2026-09-23T07:07:25.727+02:00, 0.272E-02, 1687.5282, 0.63761E+06
  565100,2026-09-23T07:07:36.417+02:00, 0.261E-02, 1687.8138, 0.63774E+06
  565200,2026-09-23T07:07:46.844+02:00, 0.307E-02, 1688.0849, 0.63786E+06
  565300,2026-09-23T07:07:57.402+02:00, 0.288E-02, 1688.3743, 0.63799E+06
  565400,2026-09-23T07:08:07.818+02:00, 0.288E-02, 1688.6628, 0.63811E+06
  565500,2026-09-23T07:08:18.380+02:00, 0.228E-02, 1688.9415, 0.63824E+06
  565600,2026-09-23T07:08:28.818+02:00, 0.276E-02, 1689.2156, 0.63836E+06
  565700,2026-09-23T07:08:39.071+02:00, 0.276E-02, 1689.4914, 0.63849E+06
  565800,2026-09-23T07:08:49.317+02:00, 0.293E-02, 1689.7764, 0.63861E+06
  565900,2026-09-23T07:08:59.633+02:00, 0.275E-02, 1690.0571, 0.63873E+06
  566000,2026-09-23T07:09:10.237+02:00, 0.266E-02, 1690.3323, 0.63886E+06
  566100,2026-09-23T07:09:20.598+02:00, 0.288E-02, 1690.6087, 0.63898E+06
  566200,2026-09-23T07:09:30.853+02:00, 0.309E-02, 1690.9035, 0.63911E+06
  566300,2026-09-23T07:09:41.429+02:00, 0.269E-02, 1691.1803, 0.63923E+06
  566400,2026-09-23T07:09:52.022+02:00, 0.255E-02, 1691.4753, 0.63936E+06
  566500,2026-09-23T07:10:02.806+02:00, 0.287E-02, 1691.7549, 0.63949E+06
  566600,2026-09-23T07:10:13.788+02:00, 0.298E-02, 1692.0400, 0.63962E+06
  566700,2026-09-23T07:10:24.233+02:00, 0.289E-02, 1692.3316, 0.63974E+06
  566800,2026-09-23T07:10:35.001+02:00, 0.248E-02, 1692.6114, 0.63987E+06
  566900,2026-09-23T07:10:45.734+02:00, 0.284E-02, 1692.8713, 0.64000E+06
  567000,2026-09-23T07:10:56.183+02:00, 0.284E-02, 1693.1554, 0.64012E+06
  567100,2026-09-23T07:11:06.722+02:00, 0.288E-02, 1693.4400, 0.64025E+06
  567200,2026-09-23T07:11:17.712+02:00, 0.284E-02, 1693.7196, 0.64038E+06
  567300,2026-09-23T07:11:28.660+02:00, 0.293E-02, 1694.0012, 0.64051E+06
  567400,2026-09-23T07:11:39.116+02:00, 0.277E-02, 1694.2798, 0.64064E+06
  567500,2026-09-23T07:11:49.664+02:00, 0.304E-02, 1694.5694, 0.64076E+06
  567600,2026-09-23T07:12:00.239+02:00, 0.290E-02, 1694.8581, 0.64089E+06
  567700,2026-09-23T07:12:11.010+02:00, 0.283E-02, 1695.1367, 0.64102E+06
  567800,2026-09-23T07:12:22.090+02:00, 0.262E-02, 1695.4199, 0.64115E+06
  567900,2026-09-23T07:12:32.678+02:00, 0.282E-02, 1695.7074, 0.64128E+06
  568000,2026-09-23T07:12:43.560+02:00, 0.299E-02, 1695.9929, 0.64141E+06
  568100,2026-09-23T07:12:53.951+02:00, 0.287E-02, 1696.2680, 0.64153E+06
  568200,2026-09-23T07:13:04.555+02:00, 0.274E-02, 1696.5422, 0.64166E+06
  568300,2026-09-23T07:13:15.314+02:00, 0.295E-02, 1696.8237, 0.64179E+06
  568400,2026-09-23T07:13:25.940+02:00, 0.271E-02, 1697.1096, 0.64191E+06
  568500,2026-09-23T07:13:36.659+02:00, 0.298E-02, 1697.4075, 0.64204E+06
  568600,2026-09-23T07:13:46.992+02:00, 0.283E-02, 1697.6865, 0.64216E+06
  568700,2026-09-23T07:13:57.420+02:00, 0.291E-02, 1697.9727, 0.64229E+06
  568800,2026-09-23T07:14:08.516+02:00, 0.272E-02, 1698.2430, 0.64242E+06
  568900,2026-09-23T07:14:19.262+02:00, 0.306E-02, 1698.5276, 0.64255E+06
  569000,2026-09-23T07:14:29.857+02:00, 0.285E-02, 1698.8173, 0.64268E+06
  569100,2026-09-23T07:14:40.164+02:00, 0.314E-02, 1699.1113, 0.64280E+06
  569200,2026-09-23T07:14:50.551+02:00, 0.290E-02, 1699.3988, 0.64292E+06
  569300,2026-09-23T07:15:01.768+02:00, 0.305E-02, 1699.6807, 0.64305E+06
  569400,2026-09-23T07:15:12.673+02:00, 0.293E-02, 1699.9404, 0.64318E+06
  569500,2026-09-23T07:15:23.111+02:00, 0.292E-02, 1700.2223, 0.64331E+06
  569600,2026-09-23T07:15:33.570+02:00, 0.304E-02, 1700.5125, 0.64343E+06
  569700,2026-09-23T07:15:44.015+02:00, 0.291E-02, 1700.7940, 0.64356E+06
  569800,2026-09-23T07:15:54.922+02:00, 0.288E-02, 1701.0801, 0.64369E+06
  569900,2026-09-23T07:16:05.662+02:00, 0.292E-02, 1701.3542, 0.64382E+06
  570000,2026-09-23T07:16:16.258+02:00, 0.278E-02, 1701.6349, 0.64394E+06
  570100,2026-09-23T07:16:26.703+02:00, 0.288E-02, 1701.9161, 0.64407E+06
  570200,2026-09-23T07:16:37.317+02:00, 0.259E-02, 1702.2037, 0.64419E+06
  570300,2026-09-23T07:16:47.674+02:00, 0.288E-02, 1702.4838, 0.64432E+06
  570400,2026-09-23T07:16:58.465+02:00, 0.300E-02, 1702.7735, 0.64445E+06
  570500,2026-09-23T07:17:08.845+02:00, 0.288E-02, 1703.0593, 0.64457E+06
  570600,2026-09-23T07:17:19.194+02:00, 0.259E-02, 1703.3463, 0.64469E+06
  570700,2026-09-23T07:17:29.640+02:00, 0.237E-02, 1703.6204, 0.64482E+06
  570800,2026-09-23T07:17:40.535+02:00, 0.273E-02, 1703.8935, 0.64495E+06
  570900,2026-09-23T07:17:51.564+02:00, 0.275E-02, 1704.1651, 0.64508E+06
  571000,2026-09-23T07:18:02.284+02:00, 0.287E-02, 1704.4420, 0.64521E+06
  571100,2026-09-23T07:18:12.892+02:00, 0.276E-02, 1704.7203, 0.64533E+06
  571200,2026-09-23T07:18:23.321+02:00, 0.282E-02, 1704.9940, 0.64546E+06
  571300,2026-09-23T07:18:33.825+02:00, 0.292E-02, 1705.2810, 0.64558E+06
  571400,2026-09-23T07:18:44.812+02:00, 0.281E-02, 1705.5608, 0.64572E+06
  571500,2026-09-23T07:18:55.633+02:00, 0.278E-02, 1705.8308, 0.64584E+06
  571600,2026-09-23T07:19:06.198+02:00, 0.274E-02, 1706.1003, 0.64597E+06
  571700,2026-09-23T07:19:17.043+02:00, 0.251E-02, 1706.3629, 0.64610E+06
  571800,2026-09-23T07:19:27.781+02:00, 0.298E-02, 1706.6481, 0.64623E+06
  571900,2026-09-23T07:19:38.118+02:00, 0.282E-02, 1706.9302, 0.64635E+06
  572000,2026-09-23T07:19:48.649+02:00, 0.272E-02, 1707.2036, 0.64648E+06
  572100,2026-09-23T07:19:59.489+02:00, 0.266E-02, 1707.4899, 0.64661E+06
  572200,2026-09-23T07:20:10.546+02:00, 0.282E-02, 1707.7630, 0.64674E+06
  572300,2026-09-23T07:20:20.968+02:00, 0.278E-02, 1708.0403, 0.64686E+06
  572400,2026-09-23T07:20:31.738+02:00, 0.298E-02, 1708.3227, 0.64699E+06
  572500,2026-09-23T07:20:42.620+02:00, 0.290E-02, 1708.6095, 0.64712E+06
  572600,2026-09-23T07:20:53.287+02:00, 0.290E-02, 1708.8999, 0.64725E+06
  572700,2026-09-23T07:21:04.225+02:00, 0.259E-02, 1709.1769, 0.64738E+06
  572800,2026-09-23T07:21:15.113+02:00, 0.307E-02, 1709.4630, 0.64751E+06
  572900,2026-09-23T07:21:26.292+02:00, 0.246E-02, 1709.7495, 0.64764E+06
  573000,2026-09-23T07:21:37.685+02:00, 0.280E-02, 1710.0314, 0.64778E+06
  573100,2026-09-23T07:21:48.738+02:00, 0.276E-02, 1710.3029, 0.64791E+06
  573200,2026-09-23T07:21:59.778+02:00, 0.276E-02, 1710.5742, 0.64804E+06
  573300,2026-09-23T07:22:10.685+02:00, 0.292E-02, 1710.8627, 0.64817E+06
  573400,2026-09-23T07:22:22.223+02:00, 0.276E-02, 1711.1255, 0.64831E+06
  573500,2026-09-23T07:22:33.074+02:00, 0.280E-02, 1711.4037, 0.64844E+06
  573600,2026-09-23T07:22:44.795+02:00, 0.280E-02, 1711.6832, 0.64858E+06
  573700,2026-09-23T07:22:56.879+02:00, 0.286E-02, 1711.9603, 0.64872E+06
  573800,2026-09-23T07:23:09.314+02:00, 0.283E-02, 1712.2367, 0.64886E+06
  573900,2026-09-23T07:23:21.048+02:00, 0.295E-02, 1712.5186, 0.64900E+06
  574000,2026-09-23T07:23:32.728+02:00, 0.287E-02, 1712.8034, 0.64913E+06
  574100,2026-09-23T07:23:44.663+02:00, 0.280E-02, 1713.0857, 0.64927E+06
  574200,2026-09-23T07:23:56.906+02:00, 0.289E-02, 1713.3740, 0.64941E+06
  574300,2026-09-23T07:24:08.989+02:00, 0.283E-02, 1713.6557, 0.64956E+06
  574400,2026-09-23T07:24:20.827+02:00, 0.308E-02, 1713.9399, 0.64969E+06
  574500,2026-09-23T07:24:33.339+02:00, 0.294E-02, 1714.2287, 0.64984E+06
  574600,2026-09-23T07:24:45.093+02:00, 0.299E-02, 1714.5095, 0.64998E+06
  574700,2026-09-23T07:24:57.517+02:00, 0.286E-02, 1714.7969, 0.65011E+06
  574800,2026-09-23T07:25:09.312+02:00, 0.280E-02, 1715.0806, 0.65025E+06
  574900,2026-09-23T07:25:21.368+02:00, 0.290E-02, 1715.3590, 0.65039E+06
  575000,2026-09-23T07:25:32.978+02:00, 0.285E-02, 1715.6442, 0.65053E+06
  575100,2026-09-23T07:25:44.921+02:00, 0.275E-02, 1715.9203, 0.65067E+06
  575200,2026-09-23T07:25:56.219+02:00, 0.275E-02, 1716.1957, 0.65080E+06
  575300,2026-09-23T07:26:08.020+02:00, 0.294E-02, 1716.4809, 0.65094E+06
  575400,2026-09-23T07:26:19.413+02:00, 0.280E-02, 1716.7611, 0.65107E+06
  575500,2026-09-23T07:26:31.062+02:00, 0.297E-02, 1717.0458, 0.65121E+06
  575600,2026-09-23T07:26:42.225+02:00, 0.299E-02, 1717.3338, 0.65134E+06
  575700,2026-09-23T07:26:53.533+02:00, 0.288E-02, 1717.6145, 0.65147E+06
  575800,2026-09-23T07:27:05.082+02:00, 0.285E-02, 1717.8997, 0.65161E+06
  575900,2026-09-23T07:27:16.757+02:00, 0.294E-02, 1718.1799, 0.65174E+06
  576000,2026-09-23T07:27:28.511+02:00, 0.294E-02, 1718.4738, 0.65188E+06
  576100,2026-09-23T07:27:40.689+02:00, 0.293E-02, 1718.7587, 0.65202E+06
  576200,2026-09-23T07:27:53.144+02:00, 0.285E-02, 1719.0356, 0.65217E+06
  576300,2026-09-23T07:28:04.965+02:00, 0.304E-02, 1719.3340, 0.65231E+06
  576400,2026-09-23T07:28:16.819+02:00, 0.264E-02, 1719.6233, 0.65244E+06
  576500,2026-09-23T07:28:28.833+02:00, 0.255E-02, 1719.9040, 0.65258E+06
  576600,2026-09-23T07:28:40.558+02:00, 0.280E-02, 1720.1902, 0.65272E+06
  576700,2026-09-23T07:28:52.577+02:00, 0.277E-02, 1720.4593, 0.65286E+06
  576800,2026-09-23T07:29:04.261+02:00, 0.299E-02, 1720.7492, 0.65300E+06
  576900,2026-09-23T07:29:16.071+02:00, 0.249E-02, 1721.0311, 0.65313E+06
  577000,2026-09-23T07:29:27.845+02:00, 0.295E-02, 1721.3146, 0.65327E+06
  577100,2026-09-23T07:29:39.539+02:00, 0.304E-02, 1721.5969, 0.65341E+06
  577200,2026-09-23T07:29:51.302+02:00, 0.308E-02, 1721.8864, 0.65354E+06
  577300,2026-09-23T07:30:02.925+02:00, 0.264E-02, 1722.1792, 0.65368E+06
  577400,2026-09-23T07:30:14.306+02:00, 0.277E-02, 1722.4569, 0.65381E+06
  577500,2026-09-23T07:30:25.883+02:00, 0.308E-02, 1722.7352, 0.65395E+06
  577600,2026-09-23T07:30:37.472+02:00, 0.254E-02, 1723.0157, 0.65408E+06
  577700,2026-09-23T07:30:48.913+02:00, 0.272E-02, 1723.2997, 0.65421E+06
  577800,2026-09-23T07:31:00.543+02:00, 0.305E-02, 1723.5658, 0.65435E+06
  577900,2026-09-23T07:31:12.321+02:00, 0.277E-02, 1723.8473, 0.65449E+06
  578000,2026-09-23T07:31:23.905+02:00, 0.283E-02, 1724.1276, 0.65462E+06
  578100,2026-09-23T07:31:35.301+02:00, 0.283E-02, 1724.4111, 0.65475E+06
  578200,2026-09-23T07:31:47.029+02:00, 0.306E-02, 1724.6987, 0.65489E+06
  578300,2026-09-23T07:31:58.437+02:00, 0.286E-02, 1724.9810, 0.65502E+06
  578400,2026-09-23T07:32:10.399+02:00, 0.309E-02, 1725.2650, 0.65516E+06
  578500,2026-09-23T07:32:21.881+02:00, 0.302E-02, 1725.5677, 0.65529E+06
  578600,2026-09-23T07:32:33.500+02:00, 0.266E-02, 1725.8681, 0.65543E+06
  578700,2026-09-23T07:32:45.326+02:00, 0.279E-02, 1726.1607, 0.65557E+06
  578800,2026-09-23T07:32:57.420+02:00, 0.267E-02, 1726.4378, 0.65571E+06
  578900,2026-09-23T07:33:08.946+02:00, 0.289E-02, 1726.7424, 0.65584E+06
  579000,2026-09-23T07:33:21.034+02:00, 0.269E-02, 1727.0163, 0.65598E+06
  579100,2026-09-23T07:33:33.307+02:00, 0.288E-02, 1727.3013, 0.65613E+06
  579200,2026-09-23T07:33:44.432+02:00, 0.285E-02, 1727.5833, 0.65626E+06
  579300,2026-09-23T07:33:56.051+02:00, 0.269E-02, 1727.8717, 0.65639E+06
  579400,2026-09-23T07:34:07.703+02:00, 0.307E-02, 1728.1525, 0.65653E+06
  579500,2026-09-23T07:34:19.098+02:00, 0.288E-02, 1728.4369, 0.65666E+06
  579600,2026-09-23T07:34:30.911+02:00, 0.298E-02, 1728.7130, 0.65680E+06
  579700,2026-09-23T07:34:42.499+02:00, 0.264E-02, 1728.9958, 0.65694E+06
  579800,2026-09-23T07:34:55.287+02:00, 0.286E-02, 1729.2738, 0.65708E+06
  579900,2026-09-23T07:35:07.754+02:00, 0.313E-02, 1729.5496, 0.65722E+06
  580000,2026-09-23T07:35:19.530+02:00, 0.296E-02, 1729.8426, 0.65736E+06
  580100,2026-09-23T07:35:31.242+02:00, 0.298E-02, 1730.1303, 0.65750E+06
  580200,2026-09-23T07:35:42.911+02:00, 0.276E-02, 1730.4087, 0.65763E+06
  580300,2026-09-23T07:35:54.862+02:00, 0.295E-02, 1730.7016, 0.65777E+06
  580400,2026-09-23T07:36:06.508+02:00, 0.271E-02, 1730.9810, 0.65791E+06
  580500,2026-09-23T07:36:17.960+02:00, 0.285E-02, 1731.2446, 0.65804E+06
  580600,2026-09-23T07:36:29.904+02:00, 0.252E-02, 1731.5174, 0.65818E+06
  580700,2026-09-23T07:36:41.484+02:00, 0.276E-02, 1731.7906, 0.65832E+06
  580800,2026-09-23T07:36:53.348+02:00, 0.303E-02, 1732.0692, 0.65846E+06
  580900,2026-09-23T07:37:04.795+02:00, 0.258E-02, 1732.3455, 0.65859E+06
  581000,2026-09-23T07:37:16.732+02:00, 0.275E-02, 1732.6144, 0.65873E+06
  581100,2026-09-23T07:37:28.527+02:00, 0.255E-02, 1732.8881, 0.65887E+06
  581200,2026-09-23T07:37:40.740+02:00, 0.257E-02, 1733.1615, 0.65901E+06
  581300,2026-09-23T07:37:52.444+02:00, 0.234E-02, 1733.4522, 0.65915E+06
  581400,2026-09-23T07:38:03.661+02:00, 0.292E-02, 1733.7215, 0.65928E+06
  581500,2026-09-23T07:38:15.387+02:00, 0.270E-02, 1733.9945, 0.65942E+06
  581600,2026-09-23T07:38:26.708+02:00, 0.280E-02, 1734.2737, 0.65955E+06
  581700,2026-09-23T07:38:38.076+02:00, 0.289E-02, 1734.5562, 0.65968E+06
  581800,2026-09-23T07:38:49.272+02:00, 0.295E-02, 1734.8434, 0.65981E+06
  581900,2026-09-23T07:39:00.583+02:00, 0.257E-02, 1735.1318, 0.65995E+06
  582000,2026-09-23T07:39:12.277+02:00, 0.294E-02, 1735.4200, 0.66008E+06
  582100,2026-09-23T07:39:24.444+02:00, 0.265E-02, 1735.6885, 0.66022E+06
  582200,2026-09-23T07:39:36.226+02:00, 0.269E-02, 1735.9628, 0.66036E+06
  582300,2026-09-23T07:39:47.843+02:00, 0.266E-02, 1736.2343, 0.66050E+06
  582400,2026-09-23T07:39:59.128+02:00, 0.284E-02, 1736.5013, 0.66063E+06
  582500,2026-09-23T07:40:10.610+02:00, 0.295E-02, 1736.7777, 0.66076E+06
  582600,2026-09-23T07:40:22.686+02:00, 0.302E-02, 1737.0616, 0.66090E+06
  582700,2026-09-23T07:40:34.326+02:00, 0.265E-02, 1737.3419, 0.66104E+06
  582800,2026-09-23T07:40:46.026+02:00, 0.273E-02, 1737.6090, 0.66118E+06
  582900,2026-09-23T07:40:57.197+02:00, 0.257E-02, 1737.8949, 0.66131E+06
  583000,2026-09-23T07:41:08.317+02:00, 0.302E-02, 1738.1770, 0.66144E+06
  583100,2026-09-23T07:41:20.156+02:00, 0.287E-02, 1738.4693, 0.66158E+06
  583200,2026-09-23T07:41:32.230+02:00, 0.267E-02, 1738.7450, 0.66172E+06
  583300,2026-09-23T07:41:43.957+02:00, 0.281E-02, 1739.0234, 0.66186E+06
  583400,2026-09-23T07:41:56.165+02:00, 0.306E-02, 1739.3041, 0.66200E+06
  583500,2026-09-23T07:42:07.916+02:00, 0.257E-02, 1739.5958, 0.66214E+06
  583600,2026-09-23T07:42:18.808+02:00, 0.306E-02, 1739.8883, 0.66226E+06
  583700,2026-09-23T07:42:30.305+02:00, 0.282E-02, 1740.1728, 0.66240E+06
  583800,2026-09-23T07:42:42.047+02:00, 0.286E-02, 1740.4523, 0.66254E+06
  583900,2026-09-23T07:42:53.878+02:00, 0.298E-02, 1740.7312, 0.66267E+06
  584000,2026-09-23T07:43:05.776+02:00, 0.274E-02, 1741.0022, 0.66281E+06
  584100,2026-09-23T07:43:17.663+02:00, 0.276E-02, 1741.2809, 0.66295E+06
  584200,2026-09-23T07:43:29.383+02:00, 0.291E-02, 1741.5656, 0.66309E+06
  584300,2026-09-23T07:43:40.318+02:00, 0.242E-02, 1741.8400, 0.66322E+06
  584400,2026-09-23T07:43:51.442+02:00, 0.278E-02, 1742.1109, 0.66335E+06
  584500,2026-09-23T07:44:02.982+02:00, 0.296E-02, 1742.3843, 0.66348E+06
  584600,2026-09-23T07:44:14.163+02:00, 0.290E-02, 1742.6717, 0.66362E+06
  584700,2026-09-23T07:44:25.819+02:00, 0.286E-02, 1742.9563, 0.66375E+06
  584800,2026-09-23T07:44:37.723+02:00, 0.303E-02, 1743.2485, 0.66389E+06
  584900,2026-09-23T07:44:48.996+02:00, 0.303E-02, 1743.5517, 0.66402E+06
  585000,2026-09-23T07:45:00.886+02:00, 0.286E-02, 1743.8419, 0.66416E+06
  585100,2026-09-23T07:45:12.458+02:00, 0.261E-02, 1744.1313, 0.66429E+06
  585200,2026-09-23T07:45:24.001+02:00, 0.276E-02, 1744.4076, 0.66443E+06
  585300,2026-09-23T07:45:35.525+02:00, 0.292E-02, 1744.6924, 0.66456E+06
  585400,2026-09-23T07:45:46.642+02:00, 0.286E-02, 1744.9742, 0.66469E+06
  585500,2026-09-23T07:45:57.814+02:00, 0.286E-02, 1745.2598, 0.66482E+06
  585600,2026-09-23T07:46:08.518+02:00, 0.311E-02, 1745.5455, 0.66495E+06
  585700,2026-09-23T07:46:19.601+02:00, 0.294E-02, 1745.8291, 0.66508E+06
  585800,2026-09-23T07:46:30.972+02:00, 0.287E-02, 1746.1172, 0.66521E+06
  585900,2026-09-23T07:46:42.474+02:00, 0.287E-02, 1746.4042, 0.66535E+06
  586000,2026-09-23T07:46:53.623+02:00, 0.266E-02, 1746.6801, 0.66548E+06
  586100,2026-09-23T07:47:04.718+02:00, 0.303E-02, 1746.9567, 0.66561E+06
  586200,2026-09-23T07:47:15.820+02:00, 0.283E-02, 1747.2445, 0.66574E+06
  586300,2026-09-23T07:47:26.671+02:00, 0.283E-02, 1747.5279, 0.66587E+06
  586400,2026-09-23T07:47:38.032+02:00, 0.269E-02, 1747.8112, 0.66600E+06
  586500,2026-09-23T07:47:49.416+02:00, 0.302E-02, 1748.0918, 0.66613E+06
  586600,2026-09-23T07:48:01.244+02:00, 0.255E-02, 1748.3861, 0.66627E+06
  586700,2026-09-23T07:48:12.839+02:00, 0.263E-02, 1748.6600, 0.66641E+06
  586800,2026-09-23T07:48:24.592+02:00, 0.285E-02, 1748.9340, 0.66655E+06
  586900,2026-09-23T07:48:36.409+02:00, 0.285E-02, 1749.2189, 0.66668E+06
  587000,2026-09-23T07:48:48.002+02:00, 0.293E-02, 1749.5066, 0.66682E+06
  587100,2026-09-23T07:48:59.901+02:00, 0.285E-02, 1749.7736, 0.66696E+06
  587200,2026-09-23T07:49:11.930+02:00, 0.262E-02, 1750.0517, 0.66710E+06
  587300,2026-09-23T07:49:24.125+02:00, 0.286E-02, 1750.3291, 0.66724E+06
  587400,2026-09-23T07:49:35.903+02:00, 0.274E-02, 1750.6051, 0.66738E+06
  587500,2026-09-23T07:49:47.511+02:00, 0.295E-02, 1750.9017, 0.66752E+06
  587600,2026-09-23T07:49:59.320+02:00, 0.272E-02, 1751.1872, 0.66766E+06
  587700,2026-09-23T07:50:10.770+02:00, 0.263E-02, 1751.4774, 0.66779E+06
  587800,2026-09-23T07:50:21.900+02:00, 0.284E-02, 1751.7571, 0.66793E+06
  587900,2026-09-23T07:50:33.567+02:00, 0.277E-02, 1752.0261, 0.66806E+06
  588000,2026-09-23T07:50:45.002+02:00, 0.290E-02, 1752.3018, 0.66820E+06
  588100,2026-09-23T07:50:56.843+02:00, 0.229E-02, 1752.5717, 0.66834E+06
  588200,2026-09-23T07:51:09.230+02:00, 0.282E-02, 1752.8473, 0.66848E+06
  588300,2026-09-23T07:51:20.550+02:00, 0.282E-02, 1753.1294, 0.66861E+06
  588400,2026-09-23T07:51:31.963+02:00, 0.264E-02, 1753.3985, 0.66875E+06
  588500,2026-09-23T07:51:43.961+02:00, 0.275E-02, 1753.6735, 0.66889E+06
  588600,2026-09-23T07:51:56.049+02:00, 0.266E-02, 1753.9439, 0.66903E+06
  588700,2026-09-23T07:52:07.780+02:00, 0.281E-02, 1754.2183, 0.66917E+06
  588800,2026-09-23T07:52:19.411+02:00, 0.268E-02, 1754.4872, 0.66930E+06
  588900,2026-09-23T07:52:31.043+02:00, 0.288E-02, 1754.7669, 0.66944E+06
  589000,2026-09-23T07:52:43.027+02:00, 0.275E-02, 1755.0447, 0.66958E+06
  589100,2026-09-23T07:52:54.786+02:00, 0.298E-02, 1755.3239, 0.66972E+06
  589200,2026-09-23T07:53:06.986+02:00, 0.276E-02, 1755.6050, 0.66986E+06
  589300,2026-09-23T07:53:19.031+02:00, 0.239E-02, 1755.8800, 0.67000E+06
  589400,2026-09-23T07:53:30.699+02:00, 0.275E-02, 1756.1453, 0.67014E+06
  589500,2026-09-23T07:53:42.646+02:00, 0.269E-02, 1756.4145, 0.67028E+06
  589600,2026-09-23T07:53:55.018+02:00, 0.290E-02, 1756.6926, 0.67042E+06
  589700,2026-09-23T07:54:07.215+02:00, 0.288E-02, 1756.9754, 0.67056E+06
  589800,2026-09-23T07:54:18.661+02:00, 0.281E-02, 1757.2569, 0.67070E+06
  589900,2026-09-23T07:54:30.131+02:00, 0.284E-02, 1757.5383, 0.67083E+06
  590000,2026-09-23T07:54:42.154+02:00, 0.306E-02, 1757.8164, 0.67097E+06
  590100,2026-09-23T07:54:54.412+02:00, 0.304E-02, 1758.1064, 0.67111E+06
  590200,2026-09-23T07:55:05.460+02:00, 0.289E-02, 1758.3929, 0.67124E+06
  590300,2026-09-23T07:55:16.621+02:00, 0.280E-02, 1758.6776, 0.67138E+06
  590400,2026-09-23T07:55:27.695+02:00, 0.269E-02, 1758.9503, 0.67151E+06
  590500,2026-09-23T07:55:39.527+02:00, 0.299E-02, 1759.2210, 0.67164E+06
  590600,2026-09-23T07:55:50.825+02:00, 0.268E-02, 1759.5046, 0.67178E+06
  590700,2026-09-23T07:56:01.467+02:00, 0.289E-02, 1759.7859, 0.67190E+06
  590800,2026-09-23T07:56:12.326+02:00, 0.319E-02, 1760.0753, 0.67203E+06
  590900,2026-09-23T07:56:23.594+02:00, 0.304E-02, 1760.3782, 0.67216E+06
  591000,2026-09-23T07:56:34.842+02:00, 0.291E-02, 1760.6681, 0.67230E+06
  591100,2026-09-23T07:56:46.933+02:00, 0.275E-02, 1760.9460, 0.67244E+06
  591200,2026-09-23T07:56:58.366+02:00, 0.280E-02, 1761.2162, 0.67257E+06
  591300,2026-09-23T07:57:09.956+02:00, 0.276E-02, 1761.4905, 0.67271E+06
  591400,2026-09-23T07:57:21.380+02:00, 0.288E-02, 1761.7569, 0.67284E+06
  591500,2026-09-23T07:57:32.672+02:00, 0.283E-02, 1762.0354, 0.67297E+06
  591600,2026-09-23T07:57:44.041+02:00, 0.302E-02, 1762.3177, 0.67310E+06
  591700,2026-09-23T07:57:55.174+02:00, 0.270E-02, 1762.6065, 0.67324E+06
  591800,2026-09-23T07:58:06.443+02:00, 0.266E-02, 1762.8969, 0.67337E+06
  591900,2026-09-23T07:58:17.897+02:00, 0.287E-02, 1763.1829, 0.67350E+06
  592000,2026-09-23T07:58:29.445+02:00, 0.312E-02, 1763.4683, 0.67364E+06
  592100,2026-09-23T07:58:41.208+02:00, 0.293E-02, 1763.7593, 0.67377E+06
  592200,2026-09-23T07:58:52.955+02:00, 0.295E-02, 1764.0332, 0.67391E+06
  592300,2026-09-23T07:59:04.779+02:00, 0.308E-02, 1764.3305, 0.67405E+06
  592400,2026-09-23T07:59:16.262+02:00, 0.294E-02, 1764.5998, 0.67418E+06
  592500,2026-09-23T07:59:27.577+02:00, 0.273E-02, 1764.8876, 0.67431E+06
  592600,2026-09-23T07:59:39.064+02:00, 0.273E-02, 1765.1606, 0.67445E+06
  592700,2026-09-23T07:59:50.243+02:00, 0.288E-02, 1765.4431, 0.67458E+06
  592800,2026-09-23T08:00:01.753+02:00, 0.285E-02, 1765.7222, 0.67471E+06
  592900,2026-09-23T08:00:13.229+02:00, 0.267E-02, 1766.0085, 0.67485E+06
  593000,2026-09-23T08:00:25.011+02:00, 0.291E-02, 1766.2904, 0.67499E+06
  593100,2026-09-23T08:00:36.684+02:00, 0.245E-02, 1766.5640, 0.67512E+06
  593200,2026-09-23T08:00:48.512+02:00, 0.300E-02, 1766.8348, 0.67526E+06
  593300,2026-09-23T08:01:00.076+02:00, 0.285E-02, 1767.1231, 0.67540E+06
  593400,2026-09-23T08:01:11.892+02:00, 0.267E-02, 1767.3993, 0.67554E+06
  593500,2026-09-23T08:01:23.497+02:00, 0.293E-02, 1767.6902, 0.67567E+06
  593600,2026-09-23T08:01:34.447+02:00, 0.286E-02, 1767.9662, 0.67580E+06
  593700,2026-09-23T08:01:46.163+02:00, 0.252E-02, 1768.2429, 0.67594E+06
  593800,2026-09-23T08:01:57.503+02:00, 0.279E-02, 1768.5238, 0.67607E+06
  593900,2026-09-23T08:02:08.667+02:00, 0.297E-02, 1768.8104, 0.67620E+06
  594000,2026-09-23T08:02:19.412+02:00, 0.297E-02, 1769.1077, 0.67633E+06
  594100,2026-09-23T08:02:30.691+02:00, 0.306E-02, 1769.3894, 0.67646E+06
  594200,2026-09-23T08:02:42.285+02:00, 0.297E-02, 1769.6732, 0.67660E+06
  594300,2026-09-23T08:02:53.585+02:00, 0.256E-02, 1769.9520, 0.67673E+06
  594400,2026-09-23T08:03:04.789+02:00, 0.304E-02, 1770.2493, 0.67686E+06
  594500,2026-09-23T08:03:16.018+02:00, 0.275E-02, 1770.5413, 0.67699E+06
  594600,2026-09-23T08:03:27.558+02:00, 0.275E-02, 1770.8153, 0.67713E+06
  594700,2026-09-23T08:03:38.357+02:00, 0.271E-02, 1771.0937, 0.67726E+06
  594800,2026-09-23T08:03:49.944+02:00, 0.287E-02, 1771.3736, 0.67739E+06
  594900,2026-09-23T08:04:01.394+02:00, 0.297E-02, 1771.6658, 0.67752E+06
  595000,2026-09-23T08:04:12.487+02:00, 0.271E-02, 1771.9431, 0.67766E+06
  595100,2026-09-23T08:04:23.960+02:00, 0.288E-02, 1772.2234, 0.67779E+06
  595200,2026-09-23T08:04:36.002+02:00, 0.267E-02, 1772.4994, 0.67793E+06
  595300,2026-09-23T08:04:47.769+02:00, 0.289E-02, 1772.7780, 0.67807E+06
  595400,2026-09-23T08:04:59.728+02:00, 0.285E-02, 1773.0677, 0.67820E+06
  595500,2026-09-23T08:05:11.367+02:00, 0.291E-02, 1773.3496, 0.67834E+06
  595600,2026-09-23T08:05:23.118+02:00, 0.261E-02, 1773.6401, 0.67848E+06
  595700,2026-09-23T08:05:34.830+02:00, 0.281E-02, 1773.9191, 0.67861E+06
  595800,2026-09-23T08:05:46.123+02:00, 0.296E-02, 1774.2066, 0.67874E+06
  595900,2026-09-23T08:05:57.430+02:00, 0.286E-02, 1774.4900, 0.67888E+06
  596000,2026-09-23T08:06:09.262+02:00, 0.288E-02, 1774.7748, 0.67901E+06
  596100,2026-09-23T08:06:20.964+02:00, 0.272E-02, 1775.0466, 0.67915E+06
  596200,2026-09-23T08:06:32.897+02:00, 0.278E-02, 1775.3197, 0.67929E+06
  596300,2026-09-23T08:06:44.374+02:00, 0.281E-02, 1775.5921, 0.67943E+06
  596400,2026-09-23T08:06:56.413+02:00, 0.300E-02, 1775.8735, 0.67957E+06
  596500,2026-09-23T08:07:07.490+02:00, 0.268E-02, 1776.1647, 0.67970E+06
  596600,2026-09-23T08:07:18.784+02:00, 0.268E-02, 1776.4368, 0.67983E+06
  596700,2026-09-23T08:07:30.796+02:00, 0.308E-02, 1776.7148, 0.67997E+06
  596800,2026-09-23T08:07:41.820+02:00, 0.295E-02, 1777.0069, 0.68010E+06
  596900,2026-09-23T08:07:53.048+02:00, 0.281E-02, 1777.2941, 0.68023E+06
  597000,2026-09-23T08:08:04.386+02:00, 0.245E-02, 1777.5745, 0.68036E+06
  597100,2026-09-23T08:08:15.585+02:00, 0.297E-02, 1777.8461, 0.68049E+06
  597200,2026-09-23T08:08:26.633+02:00, 0.281E-02, 1778.1377, 0.68062E+06
  597300,2026-09-23T08:08:37.861+02:00, 0.316E-02, 1778.4315, 0.68076E+06
  597400,2026-09-23T08:08:49.517+02:00, 0.264E-02, 1778.7105, 0.68089E+06
  597500,2026-09-23T08:09:01.093+02:00, 0.284E-02, 1778.9839, 0.68103E+06
  597600,2026-09-23T08:09:12.410+02:00, 0.287E-02, 1779.2651, 0.68116E+06
  597700,2026-09-23T08:09:23.706+02:00, 0.274E-02, 1779.5373, 0.68129E+06
  597800,2026-09-23T08:09:35.637+02:00, 0.243E-02, 1779.8038, 0.68143E+06
  597900,2026-09-23T08:09:47.316+02:00, 0.297E-02, 1780.0841, 0.68157E+06
  598000,2026-09-23T08:09:58.787+02:00, 0.292E-02, 1780.3649, 0.68170E+06
  598100,2026-09-23T08:10:10.245+02:00, 0.292E-02, 1780.6570, 0.68184E+06
  598200,2026-09-23T08:10:21.658+02:00, 0.295E-02, 1780.9358, 0.68197E+06
  598300,2026-09-23T08:10:32.822+02:00, 0.286E-02, 1781.2151, 0.68210E+06
  598400,2026-09-23T08:10:44.467+02:00, 0.279E-02, 1781.4901, 0.68224E+06
  598500,2026-09-23T08:10:56.428+02:00, 0.279E-02, 1781.7688, 0.68238E+06
  598600,2026-09-23T08:11:07.459+02:00, 0.289E-02, 1782.0586, 0.68251E+06
  598700,2026-09-23T08:11:18.796+02:00, 0.284E-02, 1782.3402, 0.68264E+06
  598800,2026-09-23T08:11:30.836+02:00, 0.284E-02, 1782.6273, 0.68278E+06
  598900,2026-09-23T08:11:42.908+02:00, 0.288E-02, 1782.9072, 0.68292E+06
  599000,2026-09-23T08:11:54.872+02:00, 0.302E-02, 1783.1859, 0.68306E+06
  599100,2026-09-23T08:12:06.387+02:00, 0.282E-02, 1783.4679, 0.68320E+06
  599200,2026-09-23T08:12:17.930+02:00, 0.282E-02, 1783.7502, 0.68333E+06
  599300,2026-09-23T08:12:28.869+02:00, 0.255E-02, 1784.0284, 0.68346E+06
  599400,2026-09-23T08:12:40.140+02:00, 0.309E-02, 1784.3128, 0.68359E+06
  599500,2026-09-23T08:12:51.298+02:00, 0.300E-02, 1784.5895, 0.68372E+06
  599600,2026-09-23T08:13:02.220+02:00, 0.285E-02, 1784.8728, 0.68385E+06
  599700,2026-09-23T08:13:13.800+02:00, 0.273E-02, 1785.1535, 0.68399E+06
  599800,2026-09-23T08:13:24.725+02:00, 0.268E-02, 1785.4253, 0.68412E+06
  599900,2026-09-23T08:13:36.059+02:00, 0.291E-02, 1785.6957, 0.68425E+06
  600000,2026-09-23T08:13:47.308+02:00, 0.268E-02, 1785.9746, 0.68438E+06
  600100,2026-09-23T08:13:58.402+02:00, 0.275E-02, 1786.2501, 0.68451E+06
  600200,2026-09-23T08:14:10.057+02:00, 0.262E-02, 1786.5273, 0.68465E+06
  600300,2026-09-23T08:14:21.635+02:00, 0.287E-02, 1786.8039, 0.68479E+06
  600400,2026-09-23T08:14:32.598+02:00, 0.287E-02, 1787.0911, 0.68491E+06
  600500,2026-09-23T08:14:43.958+02:00, 0.308E-02, 1787.3738, 0.68505E+06
  600600,2026-09-23T08:14:55.867+02:00, 0.256E-02, 1787.6656, 0.68519E+06
  600700,2026-09-23T08:15:07.300+02:00, 0.268E-02, 1787.9469, 0.68532E+06
  600800,2026-09-23T08:15:18.877+02:00, 0.285E-02, 1788.2270, 0.68545E+06
  600900,2026-09-23T08:15:29.650+02:00, 0.276E-02, 1788.5017, 0.68558E+06
  601000,2026-09-23T08:15:41.122+02:00, 0.257E-02, 1788.7800, 0.68571E+06
  601100,2026-09-23T08:15:52.501+02:00, 0.278E-02, 1789.0567, 0.68585E+06
  601200,2026-09-23T08:16:03.956+02:00, 0.274E-02, 1789.3433, 0.68598E+06
  601300,2026-09-23T08:16:14.977+02:00, 0.290E-02, 1789.6286, 0.68611E+06
  601400,2026-09-23T08:16:26.164+02:00, 0.275E-02, 1789.9194, 0.68624E+06
  601500,2026-09-23T08:16:37.807+02:00, 0.282E-02, 1790.2017, 0.68638E+06
  601600,2026-09-23T08:16:48.846+02:00, 0.306E-02, 1790.4825, 0.68651E+06
  601700,2026-09-23T08:17:00.121+02:00, 0.291E-02, 1790.7696, 0.68664E+06
  601800,2026-09-23T08:17:11.542+02:00, 0.291E-02, 1791.0605, 0.68677E+06
  601900,2026-09-23T08:17:22.796+02:00, 0.279E-02, 1791.3370, 0.68691E+06
  602000,2026-09-23T08:17:34.391+02:00, 0.294E-02, 1791.6146, 0.68704E+06
  602100,2026-09-23T08:17:46.782+02:00, 0.288E-02, 1791.8869, 0.68719E+06
  602200,2026-09-23T08:17:58.651+02:00, 0.279E-02, 1792.1599, 0.68733E+06
  602300,2026-09-23T08:18:10.354+02:00, 0.291E-02, 1792.4348, 0.68746E+06
  602400,2026-09-23T08:18:22.245+02:00, 0.280E-02, 1792.7192, 0.68760E+06
  602500,2026-09-23T08:18:34.036+02:00, 0.267E-02, 1793.0003, 0.68774E+06
  602600,2026-09-23T08:18:45.112+02:00, 0.283E-02, 1793.2817, 0.68787E+06
  602700,2026-09-23T08:18:56.803+02:00, 0.283E-02, 1793.5647, 0.68801E+06
  602800,2026-09-23T08:19:08.351+02:00, 0.296E-02, 1793.8528, 0.68814E+06
  602900,2026-09-23T08:19:19.710+02:00, 0.296E-02, 1794.1485, 0.68828E+06
  603000,2026-09-23T08:19:31.315+02:00, 0.313E-02, 1794.4413, 0.68841E+06
  603100,2026-09-23T08:19:42.841+02:00, 0.280E-02, 1794.7282, 0.68855E+06
  603200,2026-09-23T08:19:54.633+02:00, 0.252E-02, 1795.0089, 0.68868E+06
  603300,2026-09-23T08:20:06.499+02:00, 0.286E-02, 1795.3026, 0.68882E+06
  603400,2026-09-23T08:20:17.776+02:00, 0.314E-02, 1795.5928, 0.68895E+06
  603500,2026-09-23T08:20:28.967+02:00, 0.291E-02, 1795.8815, 0.68909E+06
  603600,2026-09-23T08:20:40.308+02:00, 0.257E-02, 1796.1711, 0.68922E+06
  603700,2026-09-23T08:20:51.405+02:00, 0.304E-02, 1796.4502, 0.68935E+06
  603800,2026-09-23T08:21:02.605+02:00, 0.279E-02, 1796.7389, 0.68948E+06
  603900,2026-09-23T08:21:13.919+02:00, 0.274E-02, 1797.0280, 0.68962E+06
  604000,2026-09-23T08:21:25.178+02:00, 0.278E-02, 1797.3092, 0.68975E+06
  604100,2026-09-23T08:21:36.275+02:00, 0.291E-02, 1797.5890, 0.68988E+06
  604200,2026-09-23T08:21:47.628+02:00, 0.291E-02, 1797.8814, 0.69001E+06
  604300,2026-09-23T08:21:58.993+02:00, 0.286E-02, 1798.1673, 0.69014E+06
  604400,2026-09-23T08:22:10.459+02:00, 0.286E-02, 1798.4531, 0.69028E+06
  604500,2026-09-23T08:22:21.879+02:00, 0.289E-02, 1798.7429, 0.69041E+06
  604600,2026-09-23T08:22:33.650+02:00, 0.275E-02, 1799.0382, 0.69055E+06
  604700,2026-09-23T08:22:44.658+02:00, 0.285E-02, 1799.3241, 0.69068E+06
  604800,2026-09-23T08:22:55.749+02:00, 0.282E-02, 1799.6060, 0.69081E+06
  604900,2026-09-23T08:23:06.959+02:00, 0.302E-02, 1799.8918, 0.69094E+06
  605000,2026-09-23T08:23:19.085+02:00, 0.296E-02, 1800.1810, 0.69108E+06
  605100,2026-09-23T08:23:30.399+02:00, 0.306E-02, 1800.4640, 0.69121E+06
  605200,2026-09-23T08:23:41.756+02:00, 0.300E-02, 1800.7631, 0.69135E+06
  605300,2026-09-23T08:23:53.219+02:00, 0.279E-02, 1801.0492, 0.69148E+06
  605400,2026-09-23T08:24:04.080+02:00, 0.302E-02, 1801.3413, 0.69161E+06
  605500,2026-09-23T08:24:14.989+02:00, 0.298E-02, 1801.6346, 0.69174E+06
  605600,2026-09-23T08:24:26.845+02:00, 0.298E-02, 1801.9329, 0.69188E+06
  605700,2026-09-23T08:24:38.158+02:00, 0.287E-02, 1802.2188, 0.69201E+06
  605800,2026-09-23T08:24:49.434+02:00, 0.272E-02, 1802.5119, 0.69214E+06
  605900,2026-09-23T08:25:01.346+02:00, 0.295E-02, 1802.8059, 0.69228E+06
  606000,2026-09-23T08:25:12.515+02:00, 0.310E-02, 1803.0982, 0.69241E+06
  606100,2026-09-23T08:25:24.311+02:00, 0.304E-02, 1803.3774, 0.69254E+06
  606200,2026-09-23T08:25:35.780+02:00, 0.263E-02, 1803.6685, 0.69268E+06
  606300,2026-09-23T08:25:47.811+02:00, 0.285E-02, 1803.9483, 0.69282E+06
  606400,2026-09-23T08:25:59.733+02:00, 0.271E-02, 1804.2226, 0.69296E+06
  606500,2026-09-23T08:26:11.836+02:00, 0.302E-02, 1804.5128, 0.69310E+06
  606600,2026-09-23T08:26:23.336+02:00, 0.264E-02, 1804.8095, 0.69323E+06
  606700,2026-09-23T08:26:35.037+02:00, 0.284E-02, 1805.0802, 0.69337E+06
  606800,2026-09-23T08:26:46.899+02:00, 0.264E-02, 1805.3489, 0.69351E+06
  606900,2026-09-23T08:26:58.696+02:00, 0.298E-02, 1805.6348, 0.69365E+06
  607000,2026-09-23T08:27:10.579+02:00, 0.283E-02, 1805.9153, 0.69379E+06
  607100,2026-09-23T08:27:22.009+02:00, 0.318E-02, 1806.2044, 0.69392E+06
  607200,2026-09-23T08:27:33.480+02:00, 0.300E-02, 1806.4996, 0.69405E+06
  607300,2026-09-23T08:27:44.937+02:00, 0.285E-02, 1806.7857, 0.69419E+06
  607400,2026-09-23T08:27:56.354+02:00, 0.273E-02, 1807.0695, 0.69432E+06
  607500,2026-09-23T08:28:07.944+02:00, 0.265E-02, 1807.3568, 0.69446E+06
  607600,2026-09-23T08:28:19.210+02:00, 0.302E-02, 1807.6431, 0.69459E+06
  607700,2026-09-23T08:28:30.990+02:00, 0.289E-02, 1807.9328, 0.69473E+06
  607800,2026-09-23T08:28:42.807+02:00, 0.303E-02, 1808.2115, 0.69486E+06
  607900,2026-09-23T08:28:54.124+02:00, 0.258E-02, 1808.4924, 0.69500E+06
  608000,2026-09-23T08:29:05.922+02:00, 0.277E-02, 1808.7692, 0.69513E+06
  608100,2026-09-23T08:29:18.188+02:00, 0.283E-02, 1809.0461, 0.69528E+06
  608200,2026-09-23T08:29:30.181+02:00, 0.274E-02, 1809.3180, 0.69542E+06
  608300,2026-09-23T08:29:42.087+02:00, 0.277E-02, 1809.6061, 0.69556E+06
  608400,2026-09-23T08:29:54.339+02:00, 0.287E-02, 1809.8880, 0.69570E+06
  608500,2026-09-23T08:30:05.727+02:00, 0.281E-02, 1810.1686, 0.69583E+06
  608600,2026-09-23T08:30:17.437+02:00, 0.275E-02, 1810.4448, 0.69597E+06
  608700,2026-09-23T08:30:29.368+02:00, 0.306E-02, 1810.7168, 0.69611E+06
  608800,2026-09-23T08:30:41.322+02:00, 0.283E-02, 1811.0028, 0.69625E+06
  608900,2026-09-23T08:30:52.718+02:00, 0.281E-02, 1811.2793, 0.69638E+06
  609000,2026-09-23T08:31:04.532+02:00, 0.289E-02, 1811.5674, 0.69652E+06
  609100,2026-09-23T08:31:16.531+02:00, 0.250E-02, 1811.8503, 0.69666E+06
  609200,2026-09-23T08:31:28.116+02:00, 0.292E-02, 1812.1325, 0.69680E+06
  609300,2026-09-23T08:31:39.779+02:00, 0.274E-02, 1812.4090, 0.69693E+06
  609400,2026-09-23T08:31:51.282+02:00, 0.273E-02, 1812.6841, 0.69707E+06
  609500,2026-09-23T08:32:03.043+02:00, 0.236E-02, 1812.9543, 0.69720E+06
  609600,2026-09-23T08:32:14.969+02:00, 0.298E-02, 1813.2138, 0.69734E+06
  609700,2026-09-23T08:32:27.185+02:00, 0.290E-02, 1813.5002, 0.69748E+06
  609800,2026-09-23T08:32:39.264+02:00, 0.264E-02, 1813.7790, 0.69763E+06
  609900,2026-09-23T08:32:51.133+02:00, 0.302E-02, 1814.0523, 0.69776E+06
  610000,2026-09-23T08:33:03.031+02:00, 0.283E-02, 1814.3351, 0.69790E+06
  610100,2026-09-23T08:33:14.795+02:00, 0.293E-02, 1814.6187, 0.69804E+06
  610200,2026-09-23T08:33:26.295+02:00, 0.271E-02, 1814.8947, 0.69817E+06
  610300,2026-09-23T08:33:37.876+02:00, 0.298E-02, 1815.1875, 0.69831E+06
  610400,2026-09-23T08:33:49.388+02:00, 0.288E-02, 1815.4699, 0.69844E+06
  610500,2026-09-23T08:34:01.094+02:00, 0.279E-02, 1815.7465, 0.69858E+06
  610600,2026-09-23T08:34:12.889+02:00, 0.248E-02, 1816.0157, 0.69871E+06
  610700,2026-09-23T08:34:24.642+02:00, 0.293E-02, 1816.3068, 0.69885E+06
  610800,2026-09-23T08:34:36.367+02:00, 0.274E-02, 1816.5898, 0.69899E+06
  610900,2026-09-23T08:34:47.811+02:00, 0.292E-02, 1816.8736, 0.69912E+06
  611000,2026-09-23T08:34:59.938+02:00, 0.255E-02, 1817.1582, 0.69926E+06
  611100,2026-09-23T08:35:11.631+02:00, 0.280E-02, 1817.4351, 0.69939E+06
  611200,2026-09-23T08:35:22.901+02:00, 0.280E-02, 1817.7156, 0.69952E+06
  611300,2026-09-23T08:35:34.216+02:00, 0.245E-02, 1817.9850, 0.69966E+06
  611400,2026-09-23T08:35:46.247+02:00, 0.290E-02, 1818.2702, 0.69980E+06
  611500,2026-09-23T08:35:57.330+02:00, 0.286E-02, 1818.5543, 0.69993E+06
  611600,2026-09-23T08:36:08.689+02:00, 0.283E-02, 1818.8349, 0.70006E+06
  611700,2026-09-23T08:36:20.848+02:00, 0.261E-02, 1819.1158, 0.70020E+06
  611800,2026-09-23T08:36:32.327+02:00, 0.282E-02, 1819.3971, 0.70033E+06
  611900,2026-09-23T08:36:43.740+02:00, 0.269E-02, 1819.6692, 0.70047E+06
  612000,2026-09-23T08:36:55.636+02:00, 0.279E-02, 1819.9551, 0.70061E+06
  612100,2026-09-23T08:37:07.156+02:00, 0.304E-02, 1820.2421, 0.70074E+06
  612200,2026-09-23T08:37:18.135+02:00, 0.281E-02, 1820.5165, 0.70087E+06
  612300,2026-09-23T08:37:30.200+02:00, 0.284E-02, 1820.7960, 0.70101E+06
  612400,2026-09-23T08:37:42.017+02:00, 0.282E-02, 1821.0705, 0.70115E+06
  612500,2026-09-23T08:37:54.254+02:00, 0.264E-02, 1821.3362, 0.70129E+06
  612600,2026-09-23T08:38:05.742+02:00, 0.272E-02, 1821.6053, 0.70143E+06
  612700,2026-09-23T08:38:17.983+02:00, 0.251E-02, 1821.8792, 0.70157E+06
  612800,2026-09-23T08:38:29.509+02:00, 0.281E-02, 1822.1436, 0.70170E+06
  612900,2026-09-23T08:38:41.589+02:00, 0.222E-02, 1822.4210, 0.70184E+06
  613000,2026-09-23T08:38:53.538+02:00, 0.290E-02, 1822.6961, 0.70198E+06
  613100,2026-09-23T08:39:05.357+02:00, 0.279E-02, 1822.9752, 0.70212E+06
  613200,2026-09-23T08:39:17.292+02:00, 0.287E-02, 1823.2599, 0.70226E+06
  613300,2026-09-23T08:39:29.102+02:00, 0.284E-02, 1823.5408, 0.70240E+06
  613400,2026-09-23T08:39:40.782+02:00, 0.303E-02, 1823.8340, 0.70253E+06
  613500,2026-09-23T08:39:52.359+02:00, 0.290E-02, 1824.1231, 0.70267E+06
  613600,2026-09-23T08:40:03.735+02:00, 0.284E-02, 1824.4028, 0.70280E+06
  613700,2026-09-23T08:40:15.286+02:00, 0.294E-02, 1824.6760, 0.70294E+06
  613800,2026-09-23T08:40:26.937+02:00, 0.281E-02, 1824.9540, 0.70307E+06
  613900,2026-09-23T08:40:38.226+02:00, 0.290E-02, 1825.2430, 0.70320E+06
  614000,2026-09-23T08:40:48.943+02:00, 0.308E-02, 1825.5360, 0.70333E+06
  614100,2026-09-23T08:41:00.584+02:00, 0.265E-02, 1825.8285, 0.70347E+06
  614200,2026-09-23T08:41:12.154+02:00, 0.255E-02, 1826.1097, 0.70360E+06
  614300,2026-09-23T08:41:23.717+02:00, 0.263E-02, 1826.3907, 0.70374E+06
  614400,2026-09-23T08:41:35.182+02:00, 0.281E-02, 1826.6756, 0.70387E+06
  614500,2026-09-23T08:41:46.700+02:00, 0.292E-02, 1826.9641, 0.70401E+06
  614600,2026-09-23T08:41:58.294+02:00, 0.307E-02, 1827.2429, 0.70414E+06
  614700,2026-09-23T08:42:10.263+02:00, 0.277E-02, 1827.5372, 0.70428E+06
  614800,2026-09-23T08:42:21.617+02:00, 0.305E-02, 1827.8160, 0.70441E+06
  614900,2026-09-23T08:42:33.156+02:00, 0.283E-02, 1828.0975, 0.70455E+06
  615000,2026-09-23T08:42:44.828+02:00, 0.283E-02, 1828.3808, 0.70468E+06
  615100,2026-09-23T08:42:55.975+02:00, 0.299E-02, 1828.6615, 0.70482E+06
  615200,2026-09-23T08:43:07.786+02:00, 0.305E-02, 1828.9568, 0.70495E+06
  615300,2026-09-23T08:43:19.521+02:00, 0.275E-02, 1829.2307, 0.70509E+06
  615400,2026-09-23T08:43:31.161+02:00, 0.285E-02, 1829.5101, 0.70523E+06
  615500,2026-09-23T08:43:42.805+02:00, 0.275E-02, 1829.7871, 0.70536E+06
  615600,2026-09-23T08:43:54.256+02:00, 0.303E-02, 1830.0640, 0.70550E+06
  615700,2026-09-23T08:44:05.725+02:00, 0.274E-02, 1830.3567, 0.70563E+06
  615800,2026-09-23T08:44:17.499+02:00, 0.312E-02, 1830.6482, 0.70577E+06
  615900,2026-09-23T08:44:29.259+02:00, 0.279E-02, 1830.9280, 0.70591E+06
  616000,2026-09-23T08:44:41.286+02:00, 0.279E-02, 1831.2064, 0.70605E+06
  616100,2026-09-23T08:44:54.403+02:00, 0.298E-02, 1831.4901, 0.70619E+06
  616200,2026-09-23T08:45:06.095+02:00, 0.303E-02, 1831.7640, 0.70633E+06
  616300,2026-09-23T08:45:17.855+02:00, 0.269E-02, 1832.0618, 0.70647E+06
  616400,2026-09-23T08:45:29.119+02:00, 0.284E-02, 1832.3396, 0.70660E+06
  616500,2026-09-23T08:45:40.806+02:00, 0.312E-02, 1832.6247, 0.70673E+06
  616600,2026-09-23T08:45:52.195+02:00, 0.258E-02, 1832.9160, 0.70687E+06
  616700,2026-09-23T08:46:03.132+02:00, 0.289E-02, 1833.1983, 0.70700E+06
  616800,2026-09-23T08:46:14.239+02:00, 0.282E-02, 1833.4790, 0.70713E+06
  616900,2026-09-23T08:46:25.874+02:00, 0.289E-02, 1833.7606, 0.70726E+06
  617000,2026-09-23T08:46:37.181+02:00, 0.289E-02, 1834.0501, 0.70740E+06
  617100,2026-09-23T08:46:48.156+02:00, 0.289E-02, 1834.3396, 0.70752E+06
  617200,2026-09-23T08:47:00.023+02:00, 0.305E-02, 1834.6207, 0.70766E+06
  617300,2026-09-23T08:47:11.381+02:00, 0.234E-02, 1834.9093, 0.70779E+06
  617400,2026-09-23T08:47:23.211+02:00, 0.251E-02, 1835.1851, 0.70793E+06
  617500,2026-09-23T08:47:35.403+02:00, 0.291E-02, 1835.4684, 0.70807E+06
  617600,2026-09-23T08:47:47.532+02:00, 0.290E-02, 1835.7458, 0.70822E+06
  617700,2026-09-23T08:47:59.508+02:00, 0.280E-02, 1836.0237, 0.70836E+06
  617800,2026-09-23T08:48:10.872+02:00, 0.308E-02, 1836.3280, 0.70849E+06
  617900,2026-09-23T08:48:22.515+02:00, 0.267E-02, 1836.6177, 0.70863E+06
  618000,2026-09-23T08:48:33.812+02:00, 0.294E-02, 1836.9097, 0.70876E+06
  618100,2026-09-23T08:48:44.856+02:00, 0.279E-02, 1837.1910, 0.70889E+06
  618200,2026-09-23T08:48:55.748+02:00, 0.286E-02, 1837.4675, 0.70902E+06
  618300,2026-09-23T08:49:07.104+02:00, 0.299E-02, 1837.7612, 0.70915E+06
  618400,2026-09-23T08:49:18.755+02:00, 0.285E-02, 1838.0470, 0.70929E+06
  618500,2026-09-23T08:49:29.643+02:00, 0.285E-02, 1838.3319, 0.70941E+06
  618600,2026-09-23T08:49:40.511+02:00, 0.285E-02, 1838.6168, 0.70954E+06
  618700,2026-09-23T08:49:51.772+02:00, 0.306E-02, 1838.9113, 0.70967E+06
  618800,2026-09-23T08:50:03.002+02:00, 0.256E-02, 1839.1974, 0.70981E+06
  618900,2026-09-23T08:50:14.536+02:00, 0.310E-02, 1839.4825, 0.70994E+06
  619000,2026-09-23T08:50:26.187+02:00, 0.285E-02, 1839.7719, 0.71007E+06
  619100,2026-09-23T08:50:37.688+02:00, 0.280E-02, 1840.0530, 0.71021E+06
  619200,2026-09-23T08:50:49.091+02:00, 0.280E-02, 1840.3333, 0.71034E+06
  619300,2026-09-23T08:51:00.668+02:00, 0.235E-02, 1840.6007, 0.71048E+06
  619400,2026-09-23T08:51:12.114+02:00, 0.279E-02, 1840.8911, 0.71061E+06
  619500,2026-09-23T08:51:23.401+02:00, 0.275E-02, 1841.1866, 0.71074E+06
  619600,2026-09-23T08:51:34.437+02:00, 0.279E-02, 1841.4648, 0.71087E+06
  619700,2026-09-23T08:51:46.020+02:00, 0.302E-02, 1841.7512, 0.71101E+06
  619800,2026-09-23T08:51:58.382+02:00, 0.306E-02, 1842.0416, 0.71115E+06
  619900,2026-09-23T08:52:09.435+02:00, 0.270E-02, 1842.3210, 0.71128E+06
  620000,2026-09-23T08:52:20.820+02:00, 0.297E-02, 1842.6180, 0.71141E+06
  620100,2026-09-23T08:52:32.654+02:00, 0.283E-02, 1842.8881, 0.71155E+06
  620200,2026-09-23T08:52:44.478+02:00, 0.272E-02, 1843.1707, 0.71169E+06
  620300,2026-09-23T08:52:55.825+02:00, 0.286E-02, 1843.4569, 0.71182E+06
  620400,2026-09-23T08:53:06.772+02:00, 0.276E-02, 1843.7455, 0.71195E+06
  620500,2026-09-23T08:53:17.647+02:00, 0.291E-02, 1844.0349, 0.71208E+06
  620600,2026-09-23T08:53:29.355+02:00, 0.291E-02, 1844.3258, 0.71222E+06
  620700,2026-09-23T08:53:40.750+02:00, 0.281E-02, 1844.6135, 0.71235E+06
  620800,2026-09-23T08:53:51.954+02:00, 0.295E-02, 1844.9018, 0.71248E+06
  620900,2026-09-23T08:54:03.061+02:00, 0.318E-02, 1845.1934, 0.71261E+06
  621000,2026-09-23T08:54:14.506+02:00, 0.314E-02, 1845.4979, 0.71274E+06
  621100,2026-09-23T08:54:26.050+02:00, 0.247E-02, 1845.7744, 0.71288E+06
  621200,2026-09-23T08:54:37.662+02:00, 0.272E-02, 1846.0455, 0.71301E+06
  621300,2026-09-23T08:54:49.094+02:00, 0.305E-02, 1846.3342, 0.71315E+06
  621400,2026-09-23T08:55:00.833+02:00, 0.292E-02, 1846.6256, 0.71328E+06
  621500,2026-09-23T08:55:12.107+02:00, 0.314E-02, 1846.9130, 0.71341E+06
  621600,2026-09-23T08:55:23.406+02:00, 0.268E-02, 1847.1977, 0.71355E+06
  621700,2026-09-23T08:55:34.861+02:00, 0.268E-02, 1847.4807, 0.71368E+06
  621800,2026-09-23T08:55:45.773+02:00, 0.302E-02, 1847.7583, 0.71381E+06
  621900,2026-09-23T08:55:57.213+02:00, 0.259E-02, 1848.0267, 0.71394E+06
  622000,2026-09-23T08:56:08.811+02:00, 0.279E-02, 1848.3065, 0.71408E+06
  622100,2026-09-23T08:56:20.970+02:00, 0.278E-02, 1848.5869, 0.71422E+06
  622200,2026-09-23T08:56:32.899+02:00, 0.225E-02, 1848.8583, 0.71436E+06
  622300,2026-09-23T08:56:44.300+02:00, 0.288E-02, 1849.1351, 0.71449E+06
  622400,2026-09-23T08:56:55.077+02:00, 0.283E-02, 1849.4202, 0.71462E+06
  622500,2026-09-23T08:57:06.598+02:00, 0.293E-02, 1849.6965, 0.71475E+06
  622600,2026-09-23T08:57:18.176+02:00, 0.252E-02, 1849.9844, 0.71489E+06
  622700,2026-09-23T08:57:29.832+02:00, 0.277E-02, 1850.2605, 0.71503E+06
  622800,2026-09-23T08:57:41.201+02:00, 0.250E-02, 1850.5424, 0.71516E+06
  622900,2026-09-23T08:57:52.685+02:00, 0.266E-02, 1850.8220, 0.71529E+06
  623000,2026-09-23T08:58:04.477+02:00, 0.309E-02, 1851.1063, 0.71543E+06
  623100,2026-09-23T08:58:16.737+02:00, 0.245E-02, 1851.3790, 0.71557E+06
  623200,2026-09-23T08:58:28.555+02:00, 0.271E-02, 1851.6545, 0.71571E+06
  623300,2026-09-23T08:58:40.247+02:00, 0.276E-02, 1851.9282, 0.71585E+06
  623400,2026-09-23T08:58:51.839+02:00, 0.289E-02, 1852.2119, 0.71598E+06
  623500,2026-09-23T08:59:03.054+02:00, 0.277E-02, 1852.4900, 0.71612E+06
  623600,2026-09-23T08:59:14.036+02:00, 0.305E-02, 1852.7837, 0.71625E+06
  623700,2026-09-23T08:59:25.349+02:00, 0.291E-02, 1853.0713, 0.71638E+06
  623800,2026-09-23T08:59:36.722+02:00, 0.284E-02, 1853.3517, 0.71651E+06
  623900,2026-09-23T08:59:48.423+02:00, 0.280E-02, 1853.6380, 0.71665E+06
  624000,2026-09-23T08:59:59.456+02:00, 0.276E-02, 1853.9130, 0.71678E+06
  624100,2026-09-23T09:00:10.254+02:00, 0.289E-02, 1854.1958, 0.71690E+06
  624200,2026-09-23T09:00:21.526+02:00, 0.289E-02, 1854.4852, 0.71704E+06
  624300,2026-09-23T09:00:32.694+02:00, 0.306E-02, 1854.7772, 0.71717E+06
  624400,2026-09-23T09:00:44.320+02:00, 0.260E-02, 1855.0642, 0.71730E+06
  624500,2026-09-23T09:00:56.491+02:00, 0.272E-02, 1855.3451, 0.71744E+06
  624600,2026-09-23T09:01:07.974+02:00, 0.288E-02, 1855.6325, 0.71758E+06
  624700,2026-09-23T09:01:19.515+02:00, 0.275E-02, 1855.9119, 0.71771E+06
  624800,2026-09-23T09:01:31.675+02:00, 0.286E-02, 1856.1890, 0.71785E+06
  624900,2026-09-23T09:01:42.976+02:00, 0.302E-02, 1856.4894, 0.71798E+06
  625000,2026-09-23T09:01:54.472+02:00, 0.284E-02, 1856.7741, 0.71812E+06
  625100,2026-09-23T09:02:05.915+02:00, 0.266E-02, 1857.0630, 0.71825E+06
  625200,2026-09-23T09:02:17.552+02:00, 0.292E-02, 1857.3519, 0.71838E+06
  625300,2026-09-23T09:02:28.721+02:00, 0.261E-02, 1857.6368, 0.71852E+06
  625400,2026-09-23T09:02:39.741+02:00, 0.287E-02, 1857.9237, 0.71865E+06
  625500,2026-09-23T09:02:51.289+02:00, 0.287E-02, 1858.2107, 0.71878E+06
  625600,2026-09-23T09:03:02.594+02:00, 0.275E-02, 1858.4873, 0.71891E+06
  625700,2026-09-23T09:03:13.745+02:00, 0.264E-02, 1858.7634, 0.71904E+06
  625800,2026-09-23T09:03:25.402+02:00, 0.283E-02, 1859.0516, 0.71918E+06
  625900,2026-09-23T09:03:37.137+02:00, 0.300E-02, 1859.3338, 0.71932E+06
  626000,2026-09-23T09:03:48.934+02:00, 0.280E-02, 1859.6000, 0.71946E+06
  626100,2026-09-23T09:04:01.394+02:00, 0.258E-02, 1859.8725, 0.71960E+06
  626200,2026-09-23T09:04:13.590+02:00, 0.297E-02, 1860.1552, 0.71974E+06
  626300,2026-09-23T09:04:25.528+02:00, 0.265E-02, 1860.4260, 0.71988E+06
  626400,2026-09-23T09:04:37.763+02:00, 0.265E-02, 1860.6960, 0.72003E+06
  626500,2026-09-23T09:04:49.600+02:00, 0.235E-02, 1860.9600, 0.72016E+06
  626600,2026-09-23T09:05:01.961+02:00, 0.285E-02, 1861.2409, 0.72031E+06
  626700,2026-09-23T09:05:13.590+02:00, 0.284E-02, 1861.5280, 0.72044E+06
  626800,2026-09-23T09:05:25.803+02:00, 0.296E-02, 1861.8082, 0.72058E+06
  626900,2026-09-23T09:05:38.090+02:00, 0.293E-02, 1862.0998, 0.72073E+06
  627000,2026-09-23T09:05:50.201+02:00, 0.247E-02, 1862.3789, 0.72087E+06
  627100,2026-09-23T09:06:02.260+02:00, 0.293E-02, 1862.6527, 0.72101E+06
  627200,2026-09-23T09:06:13.211+02:00, 0.255E-02, 1862.9430, 0.72114E+06
  627300,2026-09-23T09:06:24.698+02:00, 0.281E-02, 1863.2215, 0.72127E+06
  627400,2026-09-23T09:06:36.538+02:00, 0.265E-02, 1863.4952, 0.72141E+06
  627500,2026-09-23T09:06:48.011+02:00, 0.264E-02, 1863.7806, 0.72154E+06
  627600,2026-09-23T09:06:59.800+02:00, 0.258E-02, 1864.0374, 0.72168E+06
  627700,2026-09-23T09:07:12.193+02:00, 0.275E-02, 1864.3073, 0.72183E+06
  627800,2026-09-23T09:07:24.037+02:00, 0.273E-02, 1864.5820, 0.72196E+06
  627900,2026-09-23T09:07:35.969+02:00, 0.248E-02, 1864.8550, 0.72210E+06
  628000,2026-09-23T09:07:47.960+02:00, 0.259E-02, 1865.1269, 0.72225E+06
  628100,2026-09-23T09:07:59.869+02:00, 0.266E-02, 1865.4106, 0.72239E+06
  628200,2026-09-23T09:08:12.161+02:00, 0.279E-02, 1865.6849, 0.72253E+06
  628300,2026-09-23T09:08:24.443+02:00, 0.282E-02, 1865.9623, 0.72267E+06
  628400,2026-09-23T09:08:36.445+02:00, 0.265E-02, 1866.2320, 0.72281E+06
  628500,2026-09-23T09:08:48.505+02:00, 0.258E-02, 1866.5076, 0.72295E+06
  628600,2026-09-23T09:09:00.891+02:00, 0.271E-02, 1866.7848, 0.72310E+06
  628700,2026-09-23T09:09:12.806+02:00, 0.287E-02, 1867.0609, 0.72324E+06
  628800,2026-09-23T09:09:24.902+02:00, 0.298E-02, 1867.3336, 0.72338E+06
  628900,2026-09-23T09:09:36.251+02:00, 0.277E-02, 1867.6067, 0.72351E+06
  629000,2026-09-23T09:09:48.538+02:00, 0.254E-02, 1867.8645, 0.72366E+06
  629100,2026-09-23T09:09:59.810+02:00, 0.243E-02, 1868.1335, 0.72379E+06
  629200,2026-09-23T09:10:10.784+02:00, 0.274E-02, 1868.4010, 0.72392E+06
  629300,2026-09-23T09:10:22.699+02:00, 0.281E-02, 1868.6840, 0.72405E+06
  629400,2026-09-23T09:10:34.413+02:00, 0.281E-02, 1868.9651, 0.72419E+06
  629500,2026-09-23T09:10:46.280+02:00, 0.304E-02, 1869.2448, 0.72433E+06
  629600,2026-09-23T09:10:57.375+02:00, 0.279E-02, 1869.5289, 0.72446E+06
  629700,2026-09-23T09:11:08.594+02:00, 0.276E-02, 1869.8223, 0.72459E+06
  629800,2026-09-23T09:11:20.179+02:00, 0.258E-02, 1870.1039, 0.72472E+06
  629900,2026-09-23T09:11:30.944+02:00, 0.300E-02, 1870.3838, 0.72485E+06
  630000,2026-09-23T09:11:42.721+02:00, 0.289E-02, 1870.6705, 0.72499E+06
  630100,2026-09-23T09:11:54.412+02:00, 0.281E-02, 1870.9526, 0.72512E+06
  630200,2026-09-23T09:12:05.581+02:00, 0.275E-02, 1871.2282, 0.72525E+06
  630300,2026-09-23T09:12:17.136+02:00, 0.295E-02, 1871.4975, 0.72539E+06
  630400,2026-09-23T09:12:28.088+02:00, 0.295E-02, 1871.7930, 0.72552E+06
  630500,2026-09-23T09:12:39.468+02:00, 0.286E-02, 1872.0712, 0.72565E+06
  630600,2026-09-23T09:12:50.885+02:00, 0.286E-02, 1872.3575, 0.72578E+06
  630700,2026-09-23T09:13:02.344+02:00, 0.278E-02, 1872.6383, 0.72592E+06
  630800,2026-09-23T09:13:14.147+02:00, 0.296E-02, 1872.9292, 0.72605E+06
  630900,2026-09-23T09:13:26.035+02:00, 0.284E-02, 1873.2060, 0.72619E+06
  631000,2026-09-23T09:13:37.965+02:00, 0.253E-02, 1873.4887, 0.72633E+06
  631100,2026-09-23T09:13:49.837+02:00, 0.301E-02, 1873.7768, 0.72647E+06
  631200,2026-09-23T09:14:01.370+02:00, 0.302E-02, 1874.0540, 0.72660E+06
  631300,2026-09-23T09:14:12.399+02:00, 0.291E-02, 1874.3428, 0.72673E+06
  631400,2026-09-23T09:14:23.793+02:00, 0.273E-02, 1874.6268, 0.72687E+06
  631500,2026-09-23T09:14:35.213+02:00, 0.291E-02, 1874.9142, 0.72700E+06
  631600,2026-09-23T09:14:46.734+02:00, 0.291E-02, 1875.2054, 0.72714E+06
  631700,2026-09-23T09:14:58.907+02:00, 0.283E-02, 1875.4929, 0.72727E+06
  631800,2026-09-23T09:15:10.729+02:00, 0.311E-02, 1875.7799, 0.72741E+06
  631900,2026-09-23T09:15:22.235+02:00, 0.294E-02, 1876.0719, 0.72755E+06
  632000,2026-09-23T09:15:34.354+02:00, 0.299E-02, 1876.3536, 0.72769E+06
  632100,2026-09-23T09:15:46.209+02:00, 0.299E-02, 1876.6426, 0.72783E+06
  632200,2026-09-23T09:15:58.137+02:00, 0.288E-02, 1876.9302, 0.72796E+06
  632300,2026-09-23T09:16:10.035+02:00, 0.280E-02, 1877.2041, 0.72810E+06
  632400,2026-09-23T09:16:21.628+02:00, 0.280E-02, 1877.4840, 0.72824E+06
  632500,2026-09-23T09:16:32.984+02:00, 0.288E-02, 1877.7669, 0.72837E+06
  632600,2026-09-23T09:16:44.129+02:00, 0.313E-02, 1878.0562, 0.72850E+06
  632700,2026-09-23T09:16:55.092+02:00, 0.302E-02, 1878.3543, 0.72863E+06
  632800,2026-09-23T09:17:06.007+02:00, 0.289E-02, 1878.6425, 0.72876E+06
  632900,2026-09-23T09:17:17.380+02:00, 0.280E-02, 1878.9225, 0.72889E+06
  633000,2026-09-23T09:17:28.453+02:00, 0.308E-02, 1879.2128, 0.72902E+06
  633100,2026-09-23T09:17:40.024+02:00, 0.298E-02, 1879.4935, 0.72916E+06
  633200,2026-09-23T09:17:52.170+02:00, 0.257E-02, 1879.7782, 0.72930E+06
  633300,2026-09-23T09:18:04.307+02:00, 0.278E-02, 1880.0560, 0.72944E+06
  633400,2026-09-23T09:18:15.900+02:00, 0.273E-02, 1880.3307, 0.72958E+06
  633500,2026-09-23T09:18:27.087+02:00, 0.286E-02, 1880.6146, 0.72971E+06
  633600,2026-09-23T09:18:38.255+02:00, 0.302E-02, 1880.9009, 0.72984E+06
  633700,2026-09-23T09:18:50.028+02:00, 0.293E-02, 1881.1910, 0.72998E+06
  633800,2026-09-23T09:19:01.260+02:00, 0.265E-02, 1881.4591, 0.73011E+06
  633900,2026-09-23T09:19:12.651+02:00, 0.256E-02, 1881.7319, 0.73024E+06
  634000,2026-09-23T09:19:23.974+02:00, 0.267E-02, 1882.0031, 0.73037E+06
  634100,2026-09-23T09:19:35.536+02:00, 0.279E-02, 1882.2701, 0.73051E+06
  634200,2026-09-23T09:19:46.947+02:00, 0.271E-02, 1882.5491, 0.73064E+06
  634300,2026-09-23T09:19:58.240+02:00, 0.282E-02, 1882.8316, 0.73077E+06
  634400,2026-09-23T09:20:09.534+02:00, 0.297E-02, 1883.1201, 0.73091E+06
  634500,2026-09-23T09:20:20.850+02:00, 0.297E-02, 1883.4168, 0.73104E+06
  634600,2026-09-23T09:20:32.093+02:00, 0.307E-02, 1883.7029, 0.73117E+06
  634700,2026-09-23T09:20:43.246+02:00, 0.295E-02, 1883.9929, 0.73130E+06
  634800,2026-09-23T09:20:54.408+02:00, 0.296E-02, 1884.2700, 0.73143E+06
  634900,2026-09-23T09:21:05.733+02:00, 0.290E-02, 1884.5601, 0.73156E+06
  635000,2026-09-23T09:21:17.059+02:00, 0.256E-02, 1884.8485, 0.73170E+06
  635100,2026-09-23T09:21:28.628+02:00, 0.260E-02, 1885.1262, 0.73183E+06
  635200,2026-09-23T09:21:40.587+02:00, 0.256E-02, 1885.4029, 0.73197E+06
  635300,2026-09-23T09:21:51.716+02:00, 0.281E-02, 1885.6807, 0.73210E+06
  635400,2026-09-23T09:22:03.043+02:00, 0.273E-02, 1885.9645, 0.73224E+06
  635500,2026-09-23T09:22:14.011+02:00, 0.308E-02, 1886.2583, 0.73236E+06
  635600,2026-09-23T09:22:25.357+02:00, 0.294E-02, 1886.5447, 0.73250E+06
  635700,2026-09-23T09:22:36.930+02:00, 0.294E-02, 1886.8384, 0.73263E+06
  635800,2026-09-23T09:22:48.685+02:00, 0.261E-02, 1887.1312, 0.73277E+06
  635900,2026-09-23T09:23:00.434+02:00, 0.302E-02, 1887.4126, 0.73291E+06
  636000,2026-09-23T09:23:12.289+02:00, 0.297E-02, 1887.7084, 0.73304E+06
  636100,2026-09-23T09:23:23.440+02:00, 0.289E-02, 1887.9978, 0.73318E+06
  636200,2026-09-23T09:23:34.488+02:00, 0.295E-02, 1888.2861, 0.73330E+06
  636300,2026-09-23T09:23:46.025+02:00, 0.287E-02, 1888.5685, 0.73344E+06
  636400,2026-09-23T09:23:57.276+02:00, 0.268E-02, 1888.8472, 0.73357E+06
  636500,2026-09-23T09:24:08.198+02:00, 0.275E-02, 1889.1369, 0.73370E+06
  636600,2026-09-23T09:24:18.735+02:00, 0.289E-02, 1889.4264, 0.73383E+06
  636700,2026-09-23T09:24:29.958+02:00, 0.280E-02, 1889.7081, 0.73396E+06
  636800,2026-09-23T09:24:41.338+02:00, 0.293E-02, 1889.9956, 0.73409E+06
  636900,2026-09-23T09:24:52.870+02:00, 0.249E-02, 1890.2752, 0.73422E+06
  637000,2026-09-23T09:25:04.182+02:00, 0.274E-02, 1890.5473, 0.73435E+06
  637100,2026-09-23T09:25:15.257+02:00, 0.274E-02, 1890.8167, 0.73449E+06
  637200,2026-09-23T09:25:26.754+02:00, 0.302E-02, 1891.1151, 0.73462E+06
  637300,2026-09-23T09:25:37.977+02:00, 0.301E-02, 1891.3929, 0.73475E+06
  637400,2026-09-23T09:25:49.226+02:00, 0.271E-02, 1891.6718, 0.73489E+06
  637500,2026-09-23T09:26:00.981+02:00, 0.287E-02, 1891.9485, 0.73502E+06
  637600,2026-09-23T09:26:13.148+02:00, 0.272E-02, 1892.2169, 0.73516E+06
  637700,2026-09-23T09:26:24.511+02:00, 0.278E-02, 1892.4952, 0.73530E+06
  637800,2026-09-23T09:26:36.369+02:00, 0.302E-02, 1892.7843, 0.73544E+06
  637900,2026-09-23T09:26:48.169+02:00, 0.301E-02, 1893.0740, 0.73558E+06
  638000,2026-09-23T09:27:00.022+02:00, 0.270E-02, 1893.3596, 0.73571E+06
  638100,2026-09-23T09:27:12.195+02:00, 0.275E-02, 1893.6301, 0.73586E+06
  638200,2026-09-23T09:27:23.376+02:00, 0.280E-02, 1893.9110, 0.73599E+06
  638300,2026-09-23T09:27:35.327+02:00, 0.263E-02, 1894.1958, 0.73613E+06
  638400,2026-09-23T09:27:47.232+02:00, 0.281E-02, 1894.4755, 0.73627E+06
  638500,2026-09-23T09:27:59.170+02:00, 0.280E-02, 1894.7470, 0.73641E+06
  638600,2026-09-23T09:28:10.302+02:00, 0.262E-02, 1895.0151, 0.73654E+06
  638700,2026-09-23T09:28:21.817+02:00, 0.281E-02, 1895.2970, 0.73668E+06
  638800,2026-09-23T09:28:33.185+02:00, 0.290E-02, 1895.5749, 0.73681E+06
  638900,2026-09-23T09:28:45.255+02:00, 0.261E-02, 1895.8535, 0.73695E+06
  639000,2026-09-23T09:28:57.398+02:00, 0.250E-02, 1896.1278, 0.73709E+06
  639100,2026-09-23T09:29:08.856+02:00, 0.265E-02, 1896.3941, 0.73722E+06
  639200,2026-09-23T09:29:20.961+02:00, 0.267E-02, 1896.6719, 0.73737E+06
  639300,2026-09-23T09:29:32.865+02:00, 0.294E-02, 1896.9610, 0.73751E+06
  639400,2026-09-23T09:29:44.677+02:00, 0.305E-02, 1897.2459, 0.73764E+06
  639500,2026-09-23T09:29:56.447+02:00, 0.293E-02, 1897.5371, 0.73778E+06
  639600,2026-09-23T09:30:08.021+02:00, 0.273E-02, 1897.8150, 0.73792E+06
  639700,2026-09-23T09:30:20.158+02:00, 0.298E-02, 1898.0901, 0.73806E+06
  639800,2026-09-23T09:30:32.386+02:00, 0.266E-02, 1898.3627, 0.73820E+06
  639900,2026-09-23T09:30:44.729+02:00, 0.241E-02, 1898.6400, 0.73835E+06
  640000,2026-09-23T09:30:56.470+02:00, 0.269E-02, 1898.9195, 0.73848E+06
  640100,2026-09-23T09:31:08.138+02:00, 0.285E-02, 1899.1964, 0.73862E+06
  640200,2026-09-23T09:31:19.831+02:00, 0.280E-02, 1899.4722, 0.73876E+06
  640300,2026-09-23T09:31:31.456+02:00, 0.250E-02, 1899.7514, 0.73889E+06
  640400,2026-09-23T09:31:43.668+02:00, 0.277E-02, 1900.0248, 0.73903E+06
  640500,2026-09-23T09:31:55.708+02:00, 0.292E-02, 1900.3055, 0.73917E+06
  640600,2026-09-23T09:32:07.239+02:00, 0.256E-02, 1900.5860, 0.73931E+06
  640700,2026-09-23T09:32:19.032+02:00, 0.295E-02, 1900.8675, 0.73945E+06
  640800,2026-09-23T09:32:29.900+02:00, 0.306E-02, 1901.1516, 0.73957E+06
  640900,2026-09-23T09:32:41.570+02:00, 0.298E-02, 1901.4472, 0.73971E+06
  641000,2026-09-23T09:32:53.057+02:00, 0.270E-02, 1901.7229, 0.73985E+06
  641100,2026-09-23T09:33:04.852+02:00, 0.291E-02, 1902.0156, 0.73998E+06
  641200,2026-09-23T09:33:16.531+02:00, 0.309E-02, 1902.3077, 0.74012E+06
  641300,2026-09-23T09:33:28.240+02:00, 0.290E-02, 1902.5993, 0.74025E+06
  641400,2026-09-23T09:33:40.327+02:00, 0.287E-02, 1902.8812, 0.74040E+06
  641500,2026-09-23T09:33:52.062+02:00, 0.287E-02, 1903.1678, 0.74053E+06
  641600,2026-09-23T09:34:03.757+02:00, 0.276E-02, 1903.4497, 0.74067E+06
  641700,2026-09-23T09:34:15.630+02:00, 0.295E-02, 1903.7224, 0.74081E+06
  641800,2026-09-23T09:34:27.082+02:00, 0.282E-02, 1904.0069, 0.74094E+06
  641900,2026-09-23T09:34:38.807+02:00, 0.303E-02, 1904.3030, 0.74108E+06
  642000,2026-09-23T09:34:50.198+02:00, 0.289E-02, 1904.5796, 0.74122E+06
  642100,2026-09-23T09:35:02.695+02:00, 0.282E-02, 1904.8534, 0.74136E+06
  642200,2026-09-23T09:35:14.113+02:00, 0.296E-02, 1905.1568, 0.74149E+06
  642300,2026-09-23T09:35:25.339+02:00, 0.290E-02, 1905.4473, 0.74162E+06
  642400,2026-09-23T09:35:36.884+02:00, 0.274E-02, 1905.7281, 0.74176E+06
  642500,2026-09-23T09:35:48.703+02:00, 0.298E-02, 1906.0056, 0.74190E+06
  642600,2026-09-23T09:35:59.798+02:00, 0.284E-02, 1906.2942, 0.74203E+06
  642700,2026-09-23T09:36:10.981+02:00, 0.270E-02, 1906.5727, 0.74216E+06
  642800,2026-09-23T09:36:22.215+02:00, 0.287E-02, 1906.8573, 0.74229E+06
  642900,2026-09-23T09:36:33.905+02:00, 0.276E-02, 1907.1385, 0.74243E+06
  643000,2026-09-23T09:36:45.508+02:00, 0.297E-02, 1907.4096, 0.74256E+06
  643100,2026-09-23T09:36:56.418+02:00, 0.288E-02, 1907.6917, 0.74269E+06
  643200,2026-09-23T09:37:07.568+02:00, 0.276E-02, 1907.9678, 0.74283E+06
  643300,2026-09-23T09:37:19.206+02:00, 0.270E-02, 1908.2376, 0.74296E+06
  643400,2026-09-23T09:37:31.206+02:00, 0.270E-02, 1908.5000, 0.74310E+06
  643500,2026-09-23T09:37:42.508+02:00, 0.297E-02, 1908.7837, 0.74323E+06
  643600,2026-09-23T09:37:53.815+02:00, 0.247E-02, 1909.0585, 0.74337E+06
  643700,2026-09-23T09:38:05.558+02:00, 0.289E-02, 1909.3335, 0.74350E+06
  643800,2026-09-23T09:38:17.432+02:00, 0.262E-02, 1909.5989, 0.74364E+06
  643900,2026-09-23T09:38:29.585+02:00, 0.243E-02, 1909.8648, 0.74379E+06
  644000,2026-09-23T09:38:40.962+02:00, 0.259E-02, 1910.1385, 0.74392E+06
  644100,2026-09-23T09:38:52.473+02:00, 0.273E-02, 1910.4181, 0.74406E+06
  644200,2026-09-23T09:39:03.887+02:00, 0.282E-02, 1910.7026, 0.74419E+06
  644300,2026-09-23T09:39:15.536+02:00, 0.282E-02, 1910.9812, 0.74433E+06
  644400,2026-09-23T09:39:26.725+02:00, 0.291E-02, 1911.2543, 0.74446E+06
  644500,2026-09-23T09:39:38.447+02:00, 0.286E-02, 1911.5402, 0.74459E+06
  644600,2026-09-23T09:39:50.082+02:00, 0.254E-02, 1911.8248, 0.74473E+06
  644700,2026-09-23T09:40:01.595+02:00, 0.245E-02, 1912.1124, 0.74486E+06
  644800,2026-09-23T09:40:12.911+02:00, 0.289E-02, 1912.3961, 0.74500E+06
  644900,2026-09-23T09:40:24.148+02:00, 0.285E-02, 1912.6738, 0.74513E+06
  645000,2026-09-23T09:40:35.625+02:00, 0.291E-02, 1912.9551, 0.74526E+06
  645100,2026-09-23T09:40:46.915+02:00, 0.307E-02, 1913.2411, 0.74539E+06
  645200,2026-09-23T09:40:57.741+02:00, 0.296E-02, 1913.5228, 0.74552E+06
  645300,2026-09-23T09:41:09.501+02:00, 0.275E-02, 1913.7988, 0.74566E+06
  645400,2026-09-23T09:41:21.752+02:00, 0.263E-02, 1914.0837, 0.74580E+06
  645500,2026-09-23T09:41:33.638+02:00, 0.275E-02, 1914.3648, 0.74594E+06
  645600,2026-09-23T09:41:45.038+02:00, 0.280E-02, 1914.6434, 0.74608E+06
  645700,2026-09-23T09:41:56.270+02:00, 0.284E-02, 1914.9233, 0.74621E+06
  645800,2026-09-23T09:42:07.061+02:00, 0.268E-02, 1915.2070, 0.74633E+06
  645900,2026-09-23T09:42:18.470+02:00, 0.287E-02, 1915.4836, 0.74647E+06
  646000,2026-09-23T09:42:29.639+02:00, 0.296E-02, 1915.7527, 0.74660E+06
  646100,2026-09-23T09:42:40.558+02:00, 0.285E-02, 1916.0315, 0.74673E+06
  646200,2026-09-23T09:42:52.479+02:00, 0.281E-02, 1916.3202, 0.74687E+06
  646300,2026-09-23T09:43:04.009+02:00, 0.269E-02, 1916.6055, 0.74700E+06
  646400,2026-09-23T09:43:15.708+02:00, 0.263E-02, 1916.8794, 0.74714E+06
  646500,2026-09-23T09:43:27.148+02:00, 0.251E-02, 1917.1466, 0.74728E+06
  646600,2026-09-23T09:43:39.502+02:00, 0.302E-02, 1917.4172, 0.74742E+06
  646700,2026-09-23T09:43:51.253+02:00, 0.280E-02, 1917.6967, 0.74755E+06
  646800,2026-09-23T09:44:02.857+02:00, 0.302E-02, 1917.9695, 0.74769E+06
  646900,2026-09-23T09:44:13.377+02:00, 0.268E-02, 1918.2604, 0.74782E+06
  647000,2026-09-23T09:44:24.898+02:00, 0.255E-02, 1918.5471, 0.74795E+06
  647100,2026-09-23T09:44:35.786+02:00, 0.293E-02, 1918.8275, 0.74808E+06
  647200,2026-09-23T09:44:47.086+02:00, 0.276E-02, 1919.1038, 0.74821E+06
  647300,2026-09-23T09:44:58.647+02:00, 0.300E-02, 1919.4019, 0.74834E+06
  647400,2026-09-23T09:45:10.146+02:00, 0.268E-02, 1919.6764, 0.74848E+06
  647500,2026-09-23T09:45:22.034+02:00, 0.277E-02, 1919.9477, 0.74862E+06
  647600,2026-09-23T09:45:34.347+02:00, 0.251E-02, 1920.2276, 0.74876E+06
  647700,2026-09-23T09:45:46.109+02:00, 0.297E-02, 1920.5056, 0.74890E+06
  647800,2026-09-23T09:45:56.994+02:00, 0.275E-02, 1920.7841, 0.74903E+06
  647900,2026-09-23T09:46:08.142+02:00, 0.297E-02, 1921.0682, 0.74916E+06
  648000,2026-09-23T09:46:19.618+02:00, 0.282E-02, 1921.3570, 0.74929E+06
  648100,2026-09-23T09:46:30.918+02:00, 0.277E-02, 1921.6337, 0.74942E+06
  648200,2026-09-23T09:46:41.995+02:00, 0.280E-02, 1921.9067, 0.74956E+06
  648300,2026-09-23T09:46:53.824+02:00, 0.284E-02, 1922.1830, 0.74969E+06
  648400,2026-09-23T09:47:04.969+02:00, 0.280E-02, 1922.4628, 0.74983E+06
  648500,2026-09-23T09:47:16.337+02:00, 0.277E-02, 1922.7364, 0.74996E+06
  648600,2026-09-23T09:47:27.368+02:00, 0.254E-02, 1923.0188, 0.75009E+06
  648700,2026-09-23T09:47:38.850+02:00, 0.298E-02, 1923.2908, 0.75022E+06
  648800,2026-09-23T09:47:49.435+02:00, 0.267E-02, 1923.5722, 0.75035E+06
  648900,2026-09-23T09:48:01.005+02:00, 0.295E-02, 1923.8435, 0.75048E+06
  649000,2026-09-23T09:48:12.139+02:00, 0.266E-02, 1924.1231, 0.75061E+06
  649100,2026-09-23T09:48:23.893+02:00, 0.293E-02, 1924.4009, 0.75075E+06
  649200,2026-09-23T09:48:36.028+02:00, 0.247E-02, 1924.6652, 0.75089E+06
  649300,2026-09-23T09:48:47.947+02:00, 0.281E-02, 1924.9428, 0.75103E+06
  649400,2026-09-23T09:48:59.619+02:00, 0.282E-02, 1925.2198, 0.75117E+06
  649500,2026-09-23T09:49:11.074+02:00, 0.274E-02, 1925.5052, 0.75130E+06
  649600,2026-09-23T09:49:23.060+02:00, 0.282E-02, 1925.7913, 0.75144E+06
  649700,2026-09-23T09:49:34.805+02:00, 0.294E-02, 1926.0621, 0.75158E+06
  649800,2026-09-23T09:49:46.290+02:00, 0.285E-02, 1926.3415, 0.75172E+06
  649900,2026-09-23T09:49:58.150+02:00, 0.245E-02, 1926.6161, 0.75186E+06
  650000,2026-09-23T09:50:09.627+02:00, 0.291E-02, 1926.8872, 0.75199E+06
  650100,2026-09-23T09:50:21.585+02:00, 0.281E-02, 1927.1588, 0.75213E+06
  650200,2026-09-23T09:50:33.472+02:00, 0.277E-02, 1927.4354, 0.75227E+06
  650300,2026-09-23T09:50:45.230+02:00, 0.283E-02, 1927.7150, 0.75241E+06
  650400,2026-09-23T09:50:56.199+02:00, 0.283E-02, 1927.9975, 0.75254E+06
  650500,2026-09-23T09:51:08.177+02:00, 0.295E-02, 1928.2842, 0.75268E+06
  650600,2026-09-23T09:51:20.004+02:00, 0.276E-02, 1928.5705, 0.75282E+06
  650700,2026-09-23T09:51:31.369+02:00, 0.287E-02, 1928.8599, 0.75295E+06
  650800,2026-09-23T09:51:42.830+02:00, 0.287E-02, 1929.1466, 0.75308E+06
  650900,2026-09-23T09:51:54.279+02:00, 0.301E-02, 1929.4196, 0.75322E+06
  651000,2026-09-23T09:52:06.372+02:00, 0.279E-02, 1929.7027, 0.75336E+06
  651100,2026-09-23T09:52:17.640+02:00, 0.269E-02, 1929.9781, 0.75349E+06
  651200,2026-09-23T09:52:28.817+02:00, 0.292E-02, 1930.2620, 0.75362E+06
  651300,2026-09-23T09:52:40.203+02:00, 0.286E-02, 1930.5497, 0.75376E+06
  651400,2026-09-23T09:52:51.156+02:00, 0.249E-02, 1930.8270, 0.75389E+06
  651500,2026-09-23T09:53:02.716+02:00, 0.301E-02, 1931.1034, 0.75402E+06
  651600,2026-09-23T09:53:14.612+02:00, 0.278E-02, 1931.3860, 0.75416E+06
  651700,2026-09-23T09:53:26.489+02:00, 0.294E-02, 1931.6802, 0.75430E+06
  651800,2026-09-23T09:53:37.704+02:00, 0.291E-02, 1931.9722, 0.75443E+06
  651900,2026-09-23T09:53:49.257+02:00, 0.254E-02, 1932.2541, 0.75457E+06
  652000,2026-09-23T09:54:00.379+02:00, 0.268E-02, 1932.5333, 0.75470E+06
  652100,2026-09-23T09:54:12.003+02:00, 0.285E-02, 1932.8189, 0.75483E+06
  652200,2026-09-23T09:54:24.078+02:00, 0.280E-02, 1933.0936, 0.75497E+06
  652300,2026-09-23T09:54:35.700+02:00, 0.287E-02, 1933.3771, 0.75511E+06
  652400,2026-09-23T09:54:47.032+02:00, 0.283E-02, 1933.6610, 0.75524E+06
  652500,2026-09-23T09:54:58.691+02:00, 0.266E-02, 1933.9439, 0.75538E+06
  652600,2026-09-23T09:55:10.491+02:00, 0.283E-02, 1934.2268, 0.75551E+06
  652700,2026-09-23T09:55:22.388+02:00, 0.288E-02, 1934.5063, 0.75565E+06
  652800,2026-09-23T09:55:34.102+02:00, 0.276E-02, 1934.7940, 0.75579E+06
  652900,2026-09-23T09:55:44.843+02:00, 0.304E-02, 1935.0962, 0.75592E+06
  653000,2026-09-23T09:55:56.979+02:00, 0.313E-02, 1935.3804, 0.75606E+06
  653100,2026-09-23T09:56:08.514+02:00, 0.285E-02, 1935.6640, 0.75619E+06
  653200,2026-09-23T09:56:20.186+02:00, 0.288E-02, 1935.9430, 0.75633E+06
  653300,2026-09-23T09:56:31.567+02:00, 0.264E-02, 1936.2317, 0.75647E+06
  653400,2026-09-23T09:56:43.076+02:00, 0.251E-02, 1936.5021, 0.75660E+06
  653500,2026-09-23T09:56:54.737+02:00, 0.308E-02, 1936.7806, 0.75674E+06
  653600,2026-09-23T09:57:06.167+02:00, 0.278E-02, 1937.0661, 0.75687E+06
  653700,2026-09-23T09:57:17.715+02:00, 0.317E-02, 1937.3649, 0.75701E+06
  653800,2026-09-23T09:57:29.429+02:00, 0.283E-02, 1937.6567, 0.75714E+06
  653900,2026-09-23T09:57:40.183+02:00, 0.259E-02, 1937.9181, 0.75727E+06
  654000,2026-09-23T09:57:51.373+02:00, 0.295E-02, 1938.2118, 0.75740E+06
  654100,2026-09-23T09:58:01.633+02:00, 0.277E-02, 1938.4850, 0.75753E+06
  654200,2026-09-23T09:58:13.162+02:00, 0.270E-02, 1938.7720, 0.75766E+06
  654300,2026-09-23T09:58:23.741+02:00, 0.297E-02, 1939.0659, 0.75778E+06
  654400,2026-09-23T09:58:35.013+02:00, 0.292E-02, 1939.3513, 0.75792E+06
  654500,2026-09-23T09:58:46.937+02:00, 0.289E-02, 1939.6300, 0.75806E+06
  654600,2026-09-23T09:58:58.729+02:00, 0.277E-02, 1939.9044, 0.75819E+06
  654700,2026-09-23T09:59:10.239+02:00, 0.284E-02, 1940.1768, 0.75833E+06
  654800,2026-09-23T09:59:21.424+02:00, 0.257E-02, 1940.4541, 0.75846E+06
  654900,2026-09-23T09:59:33.084+02:00, 0.274E-02, 1940.7391, 0.75860E+06
  655000,2026-09-23T09:59:45.203+02:00, 0.271E-02, 1941.0212, 0.75874E+06
  655100,2026-09-23T09:59:56.380+02:00, 0.282E-02, 1941.3027, 0.75887E+06
  655200,2026-09-23T10:00:07.359+02:00, 0.257E-02, 1941.5797, 0.75900E+06
  655300,2026-09-23T10:00:18.382+02:00, 0.303E-02, 1941.8520, 0.75913E+06
  655400,2026-09-23T10:00:30.136+02:00, 0.282E-02, 1942.1369, 0.75927E+06
  655500,2026-09-23T10:00:41.309+02:00, 0.282E-02, 1942.4187, 0.75940E+06
  655600,2026-09-23T10:00:52.437+02:00, 0.287E-02, 1942.7073, 0.75953E+06
  655700,2026-09-23T10:01:04.023+02:00, 0.303E-02, 1943.0056, 0.75966E+06
  655800,2026-09-23T10:01:15.454+02:00, 0.280E-02, 1943.2922, 0.75980E+06
  655900,2026-09-23T10:01:26.621+02:00, 0.301E-02, 1943.5874, 0.75993E+06
  656000,2026-09-23T10:01:38.098+02:00, 0.301E-02, 1943.8712, 0.76006E+06
  656100,2026-09-23T10:01:49.809+02:00, 0.284E-02, 1944.1519, 0.76020E+06
  656200,2026-09-23T10:02:01.205+02:00, 0.287E-02, 1944.4309, 0.76034E+06
  656300,2026-09-23T10:02:13.511+02:00, 0.266E-02, 1944.7039, 0.76048E+06
  656400,2026-09-23T10:02:25.339+02:00, 0.271E-02, 1944.9978, 0.76062E+06
  656500,2026-09-23T10:02:37.112+02:00, 0.272E-02, 1945.2645, 0.76075E+06
  656600,2026-09-23T10:02:48.527+02:00, 0.265E-02, 1945.5339, 0.76089E+06
  656700,2026-09-23T10:03:00.294+02:00, 0.304E-02, 1945.8096, 0.76103E+06
  656800,2026-09-23T10:03:12.268+02:00, 0.302E-02, 1946.0922, 0.76117E+06
  656900,2026-09-23T10:03:24.089+02:00, 0.260E-02, 1946.3867, 0.76131E+06
  657000,2026-09-23T10:03:35.404+02:00, 0.299E-02, 1946.6632, 0.76144E+06
  657100,2026-09-23T10:03:46.852+02:00, 0.289E-02, 1946.9531, 0.76157E+06
  657200,2026-09-23T10:03:58.049+02:00, 0.269E-02, 1947.2367, 0.76171E+06
  657300,2026-09-23T10:04:09.639+02:00, 0.241E-02, 1947.5091, 0.76184E+06
  657400,2026-09-23T10:04:21.235+02:00, 0.280E-02, 1947.7847, 0.76198E+06
  657500,2026-09-23T10:04:32.192+02:00, 0.271E-02, 1948.0606, 0.76211E+06
  657600,2026-09-23T10:04:43.391+02:00, 0.291E-02, 1948.3452, 0.76224E+06
  657700,2026-09-23T10:04:55.157+02:00, 0.305E-02, 1948.6246, 0.76237E+06
  657800,2026-09-23T10:05:06.260+02:00, 0.290E-02, 1948.8995, 0.76250E+06
  657900,2026-09-23T10:05:16.960+02:00, 0.280E-02, 1949.1942, 0.76263E+06
  658000,2026-09-23T10:05:27.953+02:00, 0.298E-02, 1949.4737, 0.76276E+06
  658100,2026-09-23T10:05:38.946+02:00, 0.304E-02, 1949.7639, 0.76288E+06
  658200,2026-09-23T10:05:50.644+02:00, 0.292E-02, 1950.0526, 0.76302E+06
  658300,2026-09-23T10:06:01.502+02:00, 0.285E-02, 1950.3354, 0.76315E+06
  658400,2026-09-23T10:06:13.413+02:00, 0.273E-02, 1950.6066, 0.76329E+06
  658500,2026-09-23T10:06:24.248+02:00, 0.262E-02, 1950.8907, 0.76342E+06
  658600,2026-09-23T10:06:35.415+02:00, 0.284E-02, 1951.1704, 0.76355E+06
  658700,2026-09-23T10:06:46.589+02:00, 0.307E-02, 1951.4550, 0.76368E+06
  658800,2026-09-23T10:06:57.954+02:00, 0.287E-02, 1951.7470, 0.76381E+06
  658900,2026-09-23T10:07:08.847+02:00, 0.316E-02, 1952.0368, 0.76394E+06
  659000,2026-09-23T10:07:20.522+02:00, 0.297E-02, 1952.3334, 0.76408E+06
  659100,2026-09-23T10:07:32.044+02:00, 0.270E-02, 1952.6118, 0.76421E+06
  659200,2026-09-23T10:07:43.387+02:00, 0.288E-02, 1952.8922, 0.76435E+06
  659300,2026-09-23T10:07:54.131+02:00, 0.288E-02, 1953.1802, 0.76447E+06
  659400,2026-09-23T10:08:05.612+02:00, 0.255E-02, 1953.4698, 0.76461E+06
  659500,2026-09-23T10:08:16.665+02:00, 0.301E-02, 1953.7662, 0.76474E+06
  659600,2026-09-23T10:08:27.684+02:00, 0.287E-02, 1954.0528, 0.76487E+06
  659700,2026-09-23T10:08:39.143+02:00, 0.274E-02, 1954.3396, 0.76500E+06
  659800,2026-09-23T10:08:50.506+02:00, 0.289E-02, 1954.6271, 0.76513E+06
  659900,2026-09-23T10:09:02.244+02:00, 0.281E-02, 1954.9075, 0.76527E+06
  660000,2026-09-23T10:09:13.726+02:00, 0.281E-02, 1955.1889, 0.76540E+06
  660100,2026-09-23T10:09:25.486+02:00, 0.268E-02, 1955.4767, 0.76554E+06
  660200,2026-09-23T10:09:36.583+02:00, 0.284E-02, 1955.7598, 0.76567E+06
  660300,2026-09-23T10:09:48.305+02:00, 0.271E-02, 1956.0314, 0.76581E+06
  660400,2026-09-23T10:09:59.535+02:00, 0.283E-02, 1956.3071, 0.76594E+06
  660500,2026-09-23T10:10:10.135+02:00, 0.293E-02, 1956.5804, 0.76607E+06
  660600,2026-09-23T10:10:21.949+02:00, 0.304E-02, 1956.8632, 0.76621E+06
  660700,2026-09-23T10:10:33.173+02:00, 0.288E-02, 1957.1430, 0.76634E+06
  660800,2026-09-23T10:10:44.423+02:00, 0.308E-02, 1957.4281, 0.76647E+06
  660900,2026-09-23T10:10:55.492+02:00, 0.311E-02, 1957.7099, 0.76660E+06
  661000,2026-09-23T10:11:07.162+02:00, 0.299E-02, 1958.0085, 0.76674E+06
  661100,2026-09-23T10:11:18.555+02:00, 0.287E-02, 1958.2959, 0.76687E+06
  661200,2026-09-23T10:11:30.420+02:00, 0.274E-02, 1958.5744, 0.76701E+06
  661300,2026-09-23T10:11:41.164+02:00, 0.292E-02, 1958.8529, 0.76714E+06
  661400,2026-09-23T10:11:52.614+02:00, 0.292E-02, 1959.1446, 0.76727E+06
  661500,2026-09-23T10:12:03.474+02:00, 0.287E-02, 1959.4328, 0.76740E+06
  661600,2026-09-23T10:12:14.786+02:00, 0.274E-02, 1959.7254, 0.76753E+06
  661700,2026-09-23T10:12:26.043+02:00, 0.253E-02, 1960.0064, 0.76766E+06
  661800,2026-09-23T10:12:37.548+02:00, 0.294E-02, 1960.2932, 0.76780E+06
  661900,2026-09-23T10:12:48.493+02:00, 0.286E-02, 1960.5779, 0.76793E+06
  662000,2026-09-23T10:12:59.601+02:00, 0.304E-02, 1960.8677, 0.76806E+06
  662100,2026-09-23T10:13:10.833+02:00, 0.296E-02, 1961.1600, 0.76819E+06
  662200,2026-09-23T10:13:21.880+02:00, 0.282E-02, 1961.4414, 0.76832E+06
  662300,2026-09-23T10:13:32.877+02:00, 0.282E-02, 1961.7232, 0.76845E+06
  662400,2026-09-23T10:13:43.981+02:00, 0.257E-02, 1961.9961, 0.76858E+06
  662500,2026-09-23T10:13:55.045+02:00, 0.277E-02, 1962.2775, 0.76871E+06
  662600,2026-09-23T10:14:06.065+02:00, 0.275E-02, 1962.5592, 0.76884E+06
  662700,2026-09-23T10:14:17.442+02:00, 0.289E-02, 1962.8473, 0.76898E+06
  662800,2026-09-23T10:14:28.383+02:00, 0.283E-02, 1963.1330, 0.76910E+06
  662900,2026-09-23T10:14:39.596+02:00, 0.304E-02, 1963.4345, 0.76924E+06
  663000,2026-09-23T10:14:50.216+02:00, 0.293E-02, 1963.7202, 0.76936E+06
  663100,2026-09-23T10:15:01.840+02:00, 0.281E-02, 1964.0045, 0.76949E+06
  663200,2026-09-23T10:15:13.086+02:00, 0.303E-02, 1964.2899, 0.76963E+06
  663300,2026-09-23T10:15:24.838+02:00, 0.290E-02, 1964.5791, 0.76976E+06
  663400,2026-09-23T10:15:36.218+02:00, 0.287E-02, 1964.8593, 0.76990E+06
  663500,2026-09-23T10:15:47.331+02:00, 0.287E-02, 1965.1466, 0.77003E+06
  663600,2026-09-23T10:15:58.942+02:00, 0.280E-02, 1965.4276, 0.77016E+06
  663700,2026-09-23T10:16:10.383+02:00, 0.280E-02, 1965.7074, 0.77030E+06
  663800,2026-09-23T10:16:21.641+02:00, 0.254E-02, 1965.9809, 0.77043E+06
  663900,2026-09-23T10:16:33.225+02:00, 0.280E-02, 1966.2595, 0.77056E+06
  664000,2026-09-23T10:16:44.725+02:00, 0.268E-02, 1966.5390, 0.77070E+06
  664100,2026-09-23T10:16:55.836+02:00, 0.280E-02, 1966.8207, 0.77083E+06
  664200,2026-09-23T10:17:07.009+02:00, 0.243E-02, 1967.1207, 0.77096E+06
  664300,2026-09-23T10:17:18.370+02:00, 0.314E-02, 1967.4077, 0.77109E+06
  664400,2026-09-23T10:17:29.892+02:00, 0.264E-02, 1967.6873, 0.77123E+06
  664500,2026-09-23T10:17:41.201+02:00, 0.270E-02, 1967.9574, 0.77136E+06
  664600,2026-09-23T10:17:52.738+02:00, 0.283E-02, 1968.2348, 0.77150E+06
  664700,2026-09-23T10:18:04.213+02:00, 0.278E-02, 1968.5142, 0.77163E+06
  664800,2026-09-23T10:18:15.053+02:00, 0.279E-02, 1968.8032, 0.77176E+06
  664900,2026-09-23T10:18:26.818+02:00, 0.259E-02, 1969.0760, 0.77190E+06
  665000,2026-09-23T10:18:38.466+02:00, 0.254E-02, 1969.3500, 0.77203E+06
  665100,2026-09-23T10:18:50.152+02:00, 0.278E-02, 1969.6225, 0.77217E+06
  665200,2026-09-23T10:19:02.273+02:00, 0.240E-02, 1969.8869, 0.77231E+06
  665300,2026-09-23T10:19:14.053+02:00, 0.301E-02, 1970.1677, 0.77245E+06
  665400,2026-09-23T10:19:25.631+02:00, 0.277E-02, 1970.4545, 0.77259E+06
  665500,2026-09-23T10:19:36.777+02:00, 0.305E-02, 1970.7536, 0.77272E+06
  665600,2026-09-23T10:19:48.904+02:00, 0.288E-02, 1971.0418, 0.77286E+06
  665700,2026-09-23T10:20:01.162+02:00, 0.277E-02, 1971.3179, 0.77300E+06
  665800,2026-09-23T10:20:12.307+02:00, 0.234E-02, 1971.5920, 0.77314E+06
  665900,2026-09-23T10:20:23.587+02:00, 0.276E-02, 1971.8750, 0.77327E+06
  666000,2026-09-23T10:20:35.338+02:00, 0.282E-02, 1972.1552, 0.77341E+06
  666100,2026-09-23T10:20:46.309+02:00, 0.299E-02, 1972.4379, 0.77354E+06
  666200,2026-09-23T10:20:58.150+02:00, 0.273E-02, 1972.7182, 0.77368E+06
  666300,2026-09-23T10:21:10.570+02:00, 0.278E-02, 1972.9930, 0.77382E+06
  666400,2026-09-23T10:21:21.699+02:00, 0.278E-02, 1973.2706, 0.77395E+06
  666500,2026-09-23T10:21:33.399+02:00, 0.272E-02, 1973.5494, 0.77409E+06
  666600,2026-09-23T10:21:45.372+02:00, 0.287E-02, 1973.8194, 0.77423E+06
  666700,2026-09-23T10:21:57.050+02:00, 0.290E-02, 1974.1064, 0.77437E+06
  666800,2026-09-23T10:22:08.998+02:00, 0.237E-02, 1974.3873, 0.77451E+06
  666900,2026-09-23T10:22:20.784+02:00, 0.287E-02, 1974.6559, 0.77464E+06
  667000,2026-09-23T10:22:32.636+02:00, 0.291E-02, 1974.9222, 0.77478E+06
  667100,2026-09-23T10:22:43.601+02:00, 0.287E-02, 1975.2083, 0.77491E+06
  667200,2026-09-23T10:22:54.702+02:00, 0.292E-02, 1975.4966, 0.77504E+06
  667300,2026-09-23T10:23:05.916+02:00, 0.285E-02, 1975.7806, 0.77518E+06
  667400,2026-09-23T10:23:17.416+02:00, 0.301E-02, 1976.0795, 0.77531E+06
  667500,2026-09-23T10:23:28.968+02:00, 0.263E-02, 1976.3659, 0.77544E+06
  667600,2026-09-23T10:23:40.088+02:00, 0.289E-02, 1976.6528, 0.77558E+06
  667700,2026-09-23T10:23:50.946+02:00, 0.268E-02, 1976.9340, 0.77571E+06
  667800,2026-09-23T10:24:02.243+02:00, 0.282E-02, 1977.2199, 0.77584E+06
  667900,2026-09-23T10:24:13.578+02:00, 0.282E-02, 1977.5021, 0.77597E+06
  668000,2026-09-23T10:24:24.041+02:00, 0.282E-02, 1977.7843, 0.77610E+06
  668100,2026-09-23T10:24:34.846+02:00, 0.291E-02, 1978.0635, 0.77622E+06
  668200,2026-09-23T10:24:45.972+02:00, 0.283E-02, 1978.3539, 0.77635E+06
  668300,2026-09-23T10:24:57.085+02:00, 0.283E-02, 1978.6367, 0.77648E+06
  668400,2026-09-23T10:25:08.917+02:00, 0.302E-02, 1978.9206, 0.77662E+06
  668500,2026-09-23T10:25:20.886+02:00, 0.255E-02, 1979.2071, 0.77676E+06
  668600,2026-09-23T10:25:32.152+02:00, 0.280E-02, 1979.4783, 0.77689E+06
  668700,2026-09-23T10:25:43.996+02:00, 0.275E-02, 1979.7571, 0.77703E+06
  668800,2026-09-23T10:25:56.647+02:00, 0.276E-02, 1980.0306, 0.77718E+06
  668900,2026-09-23T10:26:07.863+02:00, 0.276E-02, 1980.3115, 0.77731E+06
  669000,2026-09-23T10:26:19.307+02:00, 0.284E-02, 1980.5814, 0.77745E+06
  669100,2026-09-23T10:26:30.663+02:00, 0.266E-02, 1980.8498, 0.77758E+06
  669200,2026-09-23T10:26:42.749+02:00, 0.280E-02, 1981.1187, 0.77772E+06
  669300,2026-09-23T10:26:55.570+02:00, 0.308E-02, 1981.3923, 0.77787E+06
  669400,2026-09-23T10:27:07.715+02:00, 0.283E-02, 1981.6751, 0.77801E+06
  669500,2026-09-23T10:27:19.322+02:00, 0.286E-02, 1981.9541, 0.77815E+06
  669600,2026-09-23T10:27:30.451+02:00, 0.286E-02, 1982.2405, 0.77828E+06
  669700,2026-09-23T10:27:42.953+02:00, 0.280E-02, 1982.5100, 0.77843E+06
  669800,2026-09-23T10:27:54.117+02:00, 0.289E-02, 1982.7976, 0.77856E+06
  669900,2026-09-23T10:28:05.357+02:00, 0.260E-02, 1983.0773, 0.77869E+06
  670000,2026-09-23T10:28:16.700+02:00, 0.293E-02, 1983.3598, 0.77882E+06
  670100,2026-09-23T10:28:28.180+02:00, 0.273E-02, 1983.6365, 0.77896E+06
  670200,2026-09-23T10:28:39.616+02:00, 0.297E-02, 1983.9297, 0.77909E+06
  670300,2026-09-23T10:28:52.281+02:00, 0.291E-02, 1984.2209, 0.77923E+06
  670400,2026-09-23T10:29:05.089+02:00, 0.287E-02, 1984.4919, 0.77937E+06
  670500,2026-09-23T10:29:17.272+02:00, 0.310E-02, 1984.7782, 0.77951E+06
  670600,2026-09-23T10:29:28.832+02:00, 0.260E-02, 1985.0595, 0.77965E+06
  670700,2026-09-23T10:29:40.592+02:00, 0.290E-02, 1985.3436, 0.77979E+06
  670800,2026-09-23T10:29:51.669+02:00, 0.283E-02, 1985.6291, 0.77992E+06
  670900,2026-09-23T10:30:02.812+02:00, 0.280E-02, 1985.9084, 0.78005E+06
  671000,2026-09-23T10:30:14.044+02:00, 0.269E-02, 1986.1997, 0.78018E+06
  671100,2026-09-23T10:30:25.406+02:00, 0.283E-02, 1986.4851, 0.78031E+06
  671200,2026-09-23T10:30:36.949+02:00, 0.299E-02, 1986.7829, 0.78045E+06
  671300,2026-09-23T10:30:48.403+02:00, 0.263E-02, 1987.0661, 0.78058E+06
  671400,2026-09-23T10:30:59.650+02:00, 0.241E-02, 1987.3347, 0.78071E+06
  671500,2026-09-23T10:31:10.627+02:00, 0.281E-02, 1987.6091, 0.78084E+06
  671600,2026-09-23T10:31:22.060+02:00, 0.287E-02, 1987.8861, 0.78098E+06
  671700,2026-09-23T10:31:33.212+02:00, 0.271E-02, 1988.1568, 0.78111E+06
  671800,2026-09-23T10:31:44.281+02:00, 0.281E-02, 1988.4287, 0.78124E+06
  671900,2026-09-23T10:31:56.458+02:00, 0.303E-02, 1988.7054, 0.78138E+06
  672000,2026-09-23T10:32:07.911+02:00, 0.282E-02, 1988.9860, 0.78152E+06
  672100,2026-09-23T10:32:19.573+02:00, 0.254E-02, 1989.2575, 0.78165E+06
  672200,2026-09-23T10:32:30.810+02:00, 0.290E-02, 1989.5510, 0.78178E+06
  672300,2026-09-23T10:32:42.203+02:00, 0.305E-02, 1989.8435, 0.78192E+06
  672400,2026-09-23T10:32:53.410+02:00, 0.285E-02, 1990.1218, 0.78205E+06
  672500,2026-09-23T10:33:04.861+02:00, 0.251E-02, 1990.4000, 0.78218E+06
  672600,2026-09-23T10:33:16.001+02:00, 0.276E-02, 1990.6751, 0.78231E+06
  672700,2026-09-23T10:33:27.057+02:00, 0.272E-02, 1990.9444, 0.78244E+06
  672800,2026-09-23T10:33:38.397+02:00, 0.289E-02, 1991.2248, 0.78258E+06
  672900,2026-09-23T10:33:49.328+02:00, 0.270E-02, 1991.4933, 0.78271E+06
  673000,2026-09-23T10:34:00.440+02:00, 0.281E-02, 1991.7755, 0.78284E+06
  673100,2026-09-23T10:34:11.776+02:00, 0.242E-02, 1992.0568, 0.78297E+06
  673200,2026-09-23T10:34:23.260+02:00, 0.287E-02, 1992.3392, 0.78311E+06
  673300,2026-09-23T10:34:34.521+02:00, 0.287E-02, 1992.6265, 0.78324E+06
  673400,2026-09-23T10:34:45.843+02:00, 0.294E-02, 1992.8960, 0.78337E+06
  673500,2026-09-23T10:34:57.802+02:00, 0.294E-02, 1993.1895, 0.78351E+06
  673600,2026-09-23T10:35:09.128+02:00, 0.279E-02, 1993.4671, 0.78364E+06
  673700,2026-09-23T10:35:20.721+02:00, 0.277E-02, 1993.7371, 0.78378E+06
  673800,2026-09-23T10:35:32.424+02:00, 0.262E-02, 1994.0038, 0.78391E+06
  673900,2026-09-23T10:35:43.623+02:00, 0.272E-02, 1994.2751, 0.78404E+06
  674000,2026-09-23T10:35:54.927+02:00, 0.268E-02, 1994.5432, 0.78418E+06
  674100,2026-09-23T10:36:06.182+02:00, 0.280E-02, 1994.8263, 0.78431E+06
  674200,2026-09-23T10:36:18.105+02:00, 0.259E-02, 1995.0945, 0.78445E+06
  674300,2026-09-23T10:36:30.024+02:00, 0.294E-02, 1995.3686, 0.78459E+06
  674400,2026-09-23T10:36:42.060+02:00, 0.261E-02, 1995.6387, 0.78473E+06
  674500,2026-09-23T10:36:53.763+02:00, 0.285E-02, 1995.9168, 0.78487E+06
  674600,2026-09-23T10:37:05.192+02:00, 0.228E-02, 1996.1934, 0.78500E+06
  674700,2026-09-23T10:37:17.470+02:00, 0.211E-02, 1996.4613, 0.78514E+06
  674800,2026-09-23T10:37:29.137+02:00, 0.289E-02, 1996.7347, 0.78528E+06
  674900,2026-09-23T10:37:40.597+02:00, 0.283E-02, 1997.0165, 0.78542E+06
  675000,2026-09-23T10:37:52.046+02:00, 0.268E-02, 1997.2859, 0.78555E+06
  675100,2026-09-23T10:38:03.725+02:00, 0.308E-02, 1997.5767, 0.78569E+06
  675200,2026-09-23T10:38:14.568+02:00, 0.274E-02, 1997.8613, 0.78582E+06
  675300,2026-09-23T10:38:25.621+02:00, 0.284E-02, 1998.1354, 0.78594E+06
  675400,2026-09-23T10:38:37.159+02:00, 0.294E-02, 1998.4053, 0.78608E+06
  675500,2026-09-23T10:38:48.613+02:00, 0.281E-02, 1998.6872, 0.78622E+06
  675600,2026-09-23T10:39:00.110+02:00, 0.291E-02, 1998.9699, 0.78635E+06
  675700,2026-09-23T10:39:12.001+02:00, 0.291E-02, 1999.2613, 0.78649E+06
  675800,2026-09-23T10:39:23.415+02:00, 0.279E-02, 1999.5473, 0.78662E+06
  675900,2026-09-23T10:39:34.597+02:00, 0.279E-02, 1999.8263, 0.78676E+06
  676000,2026-09-23T10:39:46.232+02:00, 0.284E-02, 2000.1049, 0.78689E+06
  676100,2026-09-23T10:39:58.034+02:00, 0.288E-02, 2000.3789, 0.78703E+06
  676200,2026-09-23T10:40:09.538+02:00, 0.292E-02, 2000.6522, 0.78716E+06
  676300,2026-09-23T10:40:21.027+02:00, 0.250E-02, 2000.9311, 0.78730E+06
  676400,2026-09-23T10:40:32.058+02:00, 0.277E-02, 2001.1964, 0.78743E+06
  676500,2026-09-23T10:40:43.164+02:00, 0.282E-02, 2001.4737, 0.78756E+06
  676600,2026-09-23T10:40:54.590+02:00, 0.303E-02, 2001.7515, 0.78769E+06
  676700,2026-09-23T10:41:06.192+02:00, 0.268E-02, 2002.0425, 0.78783E+06
  676800,2026-09-23T10:41:17.959+02:00, 0.276E-02, 2002.3073, 0.78797E+06
  676900,2026-09-23T10:41:28.890+02:00, 0.287E-02, 2002.5867, 0.78810E+06
  677000,2026-09-23T10:41:40.816+02:00, 0.267E-02, 2002.8599, 0.78824E+06
  677100,2026-09-23T10:41:52.317+02:00, 0.291E-02, 2003.1311, 0.78837E+06
  677200,2026-09-23T10:42:04.570+02:00, 0.275E-02, 2003.4092, 0.78851E+06
  677300,2026-09-23T10:42:16.691+02:00, 0.281E-02, 2003.6793, 0.78866E+06
  677400,2026-09-23T10:42:28.730+02:00, 0.280E-02, 2003.9511, 0.78880E+06
  677500,2026-09-23T10:42:40.859+02:00, 0.244E-02, 2004.2228, 0.78894E+06
  677600,2026-09-23T10:42:52.695+02:00, 0.279E-02, 2004.4983, 0.78908E+06
  677700,2026-09-23T10:43:04.193+02:00, 0.248E-02, 2004.7653, 0.78921E+06
  677800,2026-09-23T10:43:15.659+02:00, 0.287E-02, 2005.0401, 0.78935E+06
  677900,2026-09-23T10:43:27.720+02:00, 0.296E-02, 2005.3199, 0.78949E+06
  678000,2026-09-23T10:43:39.220+02:00, 0.253E-02, 2005.5963, 0.78962E+06
  678100,2026-09-23T10:43:50.257+02:00, 0.278E-02, 2005.8719, 0.78975E+06
  678200,2026-09-23T10:44:01.416+02:00, 0.324E-02, 2006.1601, 0.78989E+06
  678300,2026-09-23T10:44:12.090+02:00, 0.270E-02, 2006.4460, 0.79001E+06
  678400,2026-09-23T10:44:23.320+02:00, 0.297E-02, 2006.7303, 0.79015E+06
  678500,2026-09-23T10:44:34.606+02:00, 0.297E-02, 2007.0067, 0.79028E+06
  678600,2026-09-23T10:44:45.922+02:00, 0.287E-02, 2007.2841, 0.79041E+06
  678700,2026-09-23T10:44:58.331+02:00, 0.283E-02, 2007.5674, 0.79055E+06
  678800,2026-09-23T10:45:10.010+02:00, 0.269E-02, 2007.8426, 0.79069E+06
  678900,2026-09-23T10:45:21.775+02:00, 0.276E-02, 2008.1238, 0.79083E+06
  679000,2026-09-23T10:45:32.847+02:00, 0.283E-02, 2008.4066, 0.79096E+06
  679100,2026-09-23T10:45:45.090+02:00, 0.284E-02, 2008.6814, 0.79110E+06
  679200,2026-09-23T10:45:56.881+02:00, 0.263E-02, 2008.9602, 0.79124E+06
  679300,2026-09-23T10:46:09.012+02:00, 0.273E-02, 2009.2286, 0.79138E+06
  679400,2026-09-23T10:46:20.407+02:00, 0.260E-02, 2009.5086, 0.79152E+06
  679500,2026-09-23T10:46:31.976+02:00, 0.278E-02, 2009.7896, 0.79165E+06
  679600,2026-09-23T10:46:43.758+02:00, 0.269E-02, 2010.0669, 0.79179E+06
  679700,2026-09-23T10:46:55.354+02:00, 0.257E-02, 2010.3308, 0.79192E+06
  679800,2026-09-23T10:47:07.042+02:00, 0.243E-02, 2010.5990, 0.79206E+06
  679900,2026-09-23T10:47:18.306+02:00, 0.274E-02, 2010.8684, 0.79219E+06
  680000,2026-09-23T10:47:29.457+02:00, 0.291E-02, 2011.1353, 0.79232E+06
  680100,2026-09-23T10:47:41.432+02:00, 0.291E-02, 2011.4263, 0.79246E+06
  680200,2026-09-23T10:47:52.743+02:00, 0.280E-02, 2011.7057, 0.79260E+06
  680300,2026-09-23T10:48:04.248+02:00, 0.272E-02, 2011.9750, 0.79273E+06
  680400,2026-09-23T10:48:15.630+02:00, 0.272E-02, 2012.2466, 0.79286E+06
  680500,2026-09-23T10:48:26.649+02:00, 0.274E-02, 2012.5286, 0.79299E+06
  680600,2026-09-23T10:48:37.673+02:00, 0.276E-02, 2012.8151, 0.79312E+06
  680700,2026-09-23T10:48:48.772+02:00, 0.290E-02, 2013.0885, 0.79325E+06
  680800,2026-09-23T10:49:00.568+02:00, 0.283E-02, 2013.3660, 0.79339E+06
  680900,2026-09-23T10:49:12.440+02:00, 0.280E-02, 2013.6390, 0.79353E+06
  681000,2026-09-23T10:49:24.475+02:00, 0.294E-02, 2013.9071, 0.79367E+06
  681100,2026-09-23T10:49:36.056+02:00, 0.270E-02, 2014.1738, 0.79381E+06
  681200,2026-09-23T10:49:46.821+02:00, 0.284E-02, 2014.4489, 0.79394E+06
  681300,2026-09-23T10:49:57.939+02:00, 0.278E-02, 2014.7222, 0.79407E+06
  681400,2026-09-23T10:50:09.528+02:00, 0.292E-02, 2015.0043, 0.79420E+06
  681500,2026-09-23T10:50:21.149+02:00, 0.265E-02, 2015.2756, 0.79434E+06
  681600,2026-09-23T10:50:32.960+02:00, 0.278E-02, 2015.5560, 0.79448E+06
  681700,2026-09-23T10:50:44.234+02:00, 0.270E-02, 2015.8458, 0.79461E+06
  681800,2026-09-23T10:50:56.262+02:00, 0.305E-02, 2016.1257, 0.79475E+06
  681900,2026-09-23T10:51:08.240+02:00, 0.266E-02, 2016.4094, 0.79489E+06
  682000,2026-09-23T10:51:19.801+02:00, 0.317E-02, 2016.6909, 0.79503E+06
  682100,2026-09-23T10:51:31.662+02:00, 0.287E-02, 2016.9772, 0.79517E+06
  682200,2026-09-23T10:51:43.501+02:00, 0.277E-02, 2017.2501, 0.79531E+06
  682300,2026-09-23T10:51:54.843+02:00, 0.299E-02, 2017.5284, 0.79544E+06
  682400,2026-09-23T10:52:06.475+02:00, 0.280E-02, 2017.8166, 0.79557E+06
  682500,2026-09-23T10:52:18.029+02:00, 0.273E-02, 2018.0884, 0.79571E+06
  682600,2026-09-23T10:52:29.591+02:00, 0.289E-02, 2018.3567, 0.79585E+06
  682700,2026-09-23T10:52:41.143+02:00, 0.289E-02, 2018.6457, 0.79598E+06
  682800,2026-09-23T10:52:52.392+02:00, 0.276E-02, 2018.9232, 0.79611E+06
  682900,2026-09-23T10:53:04.066+02:00, 0.281E-02, 2019.1997, 0.79625E+06
  683000,2026-09-23T10:53:16.250+02:00, 0.290E-02, 2019.4680, 0.79639E+06
  683100,2026-09-23T10:53:27.925+02:00, 0.234E-02, 2019.7396, 0.79653E+06
  683200,2026-09-23T10:53:39.503+02:00, 0.282E-02, 2020.0092, 0.79667E+06
  683300,2026-09-23T10:53:51.394+02:00, 0.269E-02, 2020.2909, 0.79681E+06
  683400,2026-09-23T10:54:03.559+02:00, 0.289E-02, 2020.5663, 0.79695E+06
  683500,2026-09-23T10:54:14.893+02:00, 0.286E-02, 2020.8482, 0.79708E+06
  683600,2026-09-23T10:54:26.124+02:00, 0.270E-02, 2021.1250, 0.79721E+06
  683700,2026-09-23T10:54:38.385+02:00, 0.238E-02, 2021.4028, 0.79736E+06
  683800,2026-09-23T10:54:50.121+02:00, 0.251E-02, 2021.6737, 0.79749E+06
  683900,2026-09-23T10:55:02.444+02:00, 0.282E-02, 2021.9423, 0.79763E+06
  684000,2026-09-23T10:55:13.952+02:00, 0.276E-02, 2022.2217, 0.79777E+06
  684100,2026-09-23T10:55:24.936+02:00, 0.299E-02, 2022.5024, 0.79790E+06
  684200,2026-09-23T10:55:36.570+02:00, 0.244E-02, 2022.7820, 0.79803E+06
  684300,2026-09-23T10:55:48.172+02:00, 0.272E-02, 2023.0558, 0.79817E+06
  684400,2026-09-23T10:55:59.244+02:00, 0.270E-02, 2023.3350, 0.79830E+06
  684500,2026-09-23T10:56:10.364+02:00, 0.282E-02, 2023.6163, 0.79843E+06
  684600,2026-09-23T10:56:21.879+02:00, 0.277E-02, 2023.8925, 0.79857E+06
  684700,2026-09-23T10:56:34.108+02:00, 0.294E-02, 2024.1663, 0.79871E+06
  684800,2026-09-23T10:56:45.263+02:00, 0.285E-02, 2024.4532, 0.79884E+06
  684900,2026-09-23T10:56:56.582+02:00, 0.283E-02, 2024.7317, 0.79897E+06
  685000,2026-09-23T10:57:08.750+02:00, 0.283E-02, 2025.0113, 0.79912E+06
  685100,2026-09-23T10:57:20.122+02:00, 0.271E-02, 2025.2860, 0.79925E+06
  685200,2026-09-23T10:57:31.772+02:00, 0.301E-02, 2025.5656, 0.79938E+06
  685300,2026-09-23T10:57:42.864+02:00, 0.298E-02, 2025.8508, 0.79951E+06
  685400,2026-09-23T10:57:53.626+02:00, 0.285E-02, 2026.1399, 0.79964E+06
  685500,2026-09-23T10:58:05.274+02:00, 0.283E-02, 2026.4156, 0.79978E+06
  685600,2026-09-23T10:58:17.174+02:00, 0.284E-02, 2026.6923, 0.79992E+06
  685700,2026-09-23T10:58:29.195+02:00, 0.278E-02, 2026.9647, 0.80006E+06
  685800,2026-09-23T10:58:40.845+02:00, 0.289E-02, 2027.2405, 0.80020E+06
  685900,2026-09-23T10:58:52.900+02:00, 0.246E-02, 2027.5153, 0.80034E+06
  686000,2026-09-23T10:59:04.371+02:00, 0.279E-02, 2027.7897, 0.80047E+06
  686100,2026-09-23T10:59:15.781+02:00, 0.241E-02, 2028.0590, 0.80061E+06
  686200,2026-09-23T10:59:27.229+02:00, 0.309E-02, 2028.3477, 0.80074E+06
  686300,2026-09-23T10:59:38.989+02:00, 0.280E-02, 2028.6293, 0.80088E+06
  686400,2026-09-23T10:59:50.093+02:00, 0.283E-02, 2028.9048, 0.80101E+06
  686500,2026-09-23T11:00:01.261+02:00, 0.263E-02, 2029.1690, 0.80114E+06
  686600,2026-09-23T11:00:12.340+02:00, 0.276E-02, 2029.4396, 0.80127E+06
  686700,2026-09-23T11:00:23.654+02:00, 0.285E-02, 2029.7232, 0.80140E+06
  686800,2026-09-23T11:00:34.364+02:00, 0.287E-02, 2030.0042, 0.80153E+06
  686900,2026-09-23T11:00:46.119+02:00, 0.250E-02, 2030.2788, 0.80167E+06
  687000,2026-09-23T11:00:58.161+02:00, 0.244E-02, 2030.5641, 0.80181E+06
  687100,2026-09-23T11:01:09.904+02:00, 0.301E-02, 2030.8367, 0.80195E+06
  687200,2026-09-23T11:01:21.114+02:00, 0.284E-02, 2031.1253, 0.80208E+06
  687300,2026-09-23T11:01:32.879+02:00, 0.274E-02, 2031.4024, 0.80222E+06
  687400,2026-09-23T11:01:44.302+02:00, 0.260E-02, 2031.6760, 0.80235E+06
  687500,2026-09-23T11:01:55.718+02:00, 0.283E-02, 2031.9557, 0.80249E+06
  687600,2026-09-23T11:02:07.246+02:00, 0.292E-02, 2032.2450, 0.80262E+06
  687700,2026-09-23T11:02:18.194+02:00, 0.251E-02, 2032.5190, 0.80275E+06
  687800,2026-09-23T11:02:28.757+02:00, 0.265E-02, 2032.7997, 0.80288E+06
  687900,2026-09-23T11:02:40.607+02:00, 0.269E-02, 2033.0596, 0.80302E+06
  688000,2026-09-23T11:02:51.965+02:00, 0.271E-02, 2033.3293, 0.80315E+06
  688100,2026-09-23T11:03:03.263+02:00, 0.278E-02, 2033.5979, 0.80328E+06
  688200,2026-09-23T11:03:14.576+02:00, 0.283E-02, 2033.8874, 0.80342E+06
  688300,2026-09-23T11:03:25.690+02:00, 0.303E-02, 2034.1659, 0.80355E+06
  688400,2026-09-23T11:03:36.541+02:00, 0.280E-02, 2034.4379, 0.80368E+06
  688500,2026-09-23T11:03:47.592+02:00, 0.276E-02, 2034.7129, 0.80381E+06
  688600,2026-09-23T11:03:59.065+02:00, 0.286E-02, 2034.9909, 0.80394E+06
  688700,2026-09-23T11:04:10.239+02:00, 0.283E-02, 2035.2673, 0.80408E+06
  688800,2026-09-23T11:04:21.628+02:00, 0.284E-02, 2035.5532, 0.80421E+06
  688900,2026-09-23T11:04:32.884+02:00, 0.284E-02, 2035.8374, 0.80434E+06
  689000,2026-09-23T11:04:44.079+02:00, 0.284E-02, 2036.1215, 0.80447E+06
  689100,2026-09-23T11:04:56.048+02:00, 0.306E-02, 2036.4074, 0.80461E+06
  689200,2026-09-23T11:05:07.374+02:00, 0.285E-02, 2036.6938, 0.80474E+06
  689300,2026-09-23T11:05:18.638+02:00, 0.307E-02, 2036.9832, 0.80487E+06
  689400,2026-09-23T11:05:30.082+02:00, 0.308E-02, 2037.2812, 0.80501E+06
  689500,2026-09-23T11:05:41.144+02:00, 0.294E-02, 2037.5736, 0.80514E+06
  689600,2026-09-23T11:05:52.114+02:00, 0.254E-02, 2037.8564, 0.80527E+06
  689700,2026-09-23T11:06:03.436+02:00, 0.304E-02, 2038.1371, 0.80540E+06
  689800,2026-09-23T11:06:14.344+02:00, 0.286E-02, 2038.4263, 0.80553E+06
  689900,2026-09-23T11:06:25.499+02:00, 0.301E-02, 2038.7078, 0.80566E+06
  690000,2026-09-23T11:06:36.711+02:00, 0.288E-02, 2038.9939, 0.80579E+06
  690100,2026-09-23T11:06:47.520+02:00, 0.271E-02, 2039.2755, 0.80592E+06
  690200,2026-09-23T11:06:59.243+02:00, 0.298E-02, 2039.5614, 0.80605E+06
  690300,2026-09-23T11:07:10.129+02:00, 0.285E-02, 2039.8567, 0.80618E+06
  690400,2026-09-23T11:07:22.009+02:00, 0.217E-02, 2040.1312, 0.80632E+06
  690500,2026-09-23T11:07:33.024+02:00, 0.281E-02, 2040.4037, 0.80645E+06
  690600,2026-09-23T11:07:44.436+02:00, 0.282E-02, 2040.6802, 0.80659E+06
  690700,2026-09-23T11:07:56.156+02:00, 0.270E-02, 2040.9593, 0.80673E+06
  690800,2026-09-23T11:08:08.207+02:00, 0.266E-02, 2041.2290, 0.80687E+06
  690900,2026-09-23T11:08:19.981+02:00, 0.303E-02, 2041.4994, 0.80700E+06
  691000,2026-09-23T11:08:31.182+02:00, 0.289E-02, 2041.7878, 0.80714E+06
  691100,2026-09-23T11:08:42.066+02:00, 0.256E-02, 2042.0754, 0.80726E+06
  691200,2026-09-23T11:08:52.798+02:00, 0.279E-02, 2042.3522, 0.80739E+06
  691300,2026-09-23T11:09:03.533+02:00, 0.272E-02, 2042.6256, 0.80752E+06
  691400,2026-09-23T11:09:14.223+02:00, 0.284E-02, 2042.9112, 0.80765E+06
  691500,2026-09-23T11:09:27.005+02:00, 0.292E-02, 2043.1943, 0.80780E+06
  691600,2026-09-23T11:09:38.466+02:00, 0.276E-02, 2043.4796, 0.80793E+06
  691700,2026-09-23T11:09:49.281+02:00, 0.268E-02, 2043.7711, 0.80806E+06
  691800,2026-09-23T11:10:00.401+02:00, 0.284E-02, 2044.0473, 0.80819E+06
  691900,2026-09-23T11:10:12.139+02:00, 0.266E-02, 2044.3263, 0.80833E+06
  692000,2026-09-23T11:10:22.995+02:00, 0.259E-02, 2044.6065, 0.80846E+06
  692100,2026-09-23T11:10:34.339+02:00, 0.243E-02, 2044.8889, 0.80859E+06
  692200,2026-09-23T11:10:45.534+02:00, 0.271E-02, 2045.1489, 0.80872E+06
  692300,2026-09-23T11:10:56.638+02:00, 0.287E-02, 2045.4305, 0.80885E+06
  692400,2026-09-23T11:11:08.415+02:00, 0.278E-02, 2045.7165, 0.80899E+06
  692500,2026-09-23T11:11:19.672+02:00, 0.294E-02, 2045.9939, 0.80912E+06
  692600,2026-09-23T11:11:30.986+02:00, 0.302E-02, 2046.2707, 0.80926E+06
  692700,2026-09-23T11:11:42.549+02:00, 0.280E-02, 2046.5507, 0.80939E+06
  692800,2026-09-23T11:11:53.478+02:00, 0.283E-02, 2046.8316, 0.80952E+06
  692900,2026-09-23T11:12:04.564+02:00, 0.283E-02, 2047.1145, 0.80965E+06
  693000,2026-09-23T11:12:16.699+02:00, 0.301E-02, 2047.3953, 0.80979E+06
  693100,2026-09-23T11:12:28.118+02:00, 0.287E-02, 2047.6749, 0.80993E+06
  693200,2026-09-23T11:12:39.232+02:00, 0.287E-02, 2047.9623, 0.81006E+06
  693300,2026-09-23T11:12:50.336+02:00, 0.279E-02, 2048.2387, 0.81019E+06
  693400,2026-09-23T11:13:01.741+02:00, 0.269E-02, 2048.5171, 0.81032E+06
  693500,2026-09-23T11:13:13.359+02:00, 0.289E-02, 2048.8047, 0.81046E+06
  693600,2026-09-23T11:13:24.513+02:00, 0.274E-02, 2049.0886, 0.81059E+06
  693700,2026-09-23T11:13:35.175+02:00, 0.284E-02, 2049.3829, 0.81072E+06
  693800,2026-09-23T11:13:45.878+02:00, 0.249E-02, 2049.6692, 0.81085E+06
  693900,2026-09-23T11:13:57.042+02:00, 0.279E-02, 2049.9489, 0.81098E+06
  694000,2026-09-23T11:14:08.839+02:00, 0.265E-02, 2050.2292, 0.81111E+06
  694100,2026-09-23T11:14:20.406+02:00, 0.292E-02, 2050.5178, 0.81125E+06
  694200,2026-09-23T11:14:31.105+02:00, 0.276E-02, 2050.7948, 0.81137E+06
  694300,2026-09-23T11:14:42.545+02:00, 0.262E-02, 2051.0797, 0.81151E+06
  694400,2026-09-23T11:14:53.358+02:00, 0.288E-02, 2051.3676, 0.81163E+06
  694500,2026-09-23T11:15:04.528+02:00, 0.284E-02, 2051.6530, 0.81176E+06
  694600,2026-09-23T11:15:15.436+02:00, 0.300E-02, 2051.9375, 0.81189E+06
  694700,2026-09-23T11:15:26.016+02:00, 0.288E-02, 2052.2318, 0.81202E+06
  694800,2026-09-23T11:15:37.284+02:00, 0.280E-02, 2052.5113, 0.81215E+06
  694900,2026-09-23T11:15:48.116+02:00, 0.301E-02, 2052.7917, 0.81228E+06
  695000,2026-09-23T11:15:58.996+02:00, 0.263E-02, 2053.0790, 0.81241E+06
  695100,2026-09-23T11:16:10.667+02:00, 0.284E-02, 2053.3586, 0.81254E+06
  695200,2026-09-23T11:16:22.039+02:00, 0.288E-02, 2053.6408, 0.81268E+06
  695300,2026-09-23T11:16:32.647+02:00, 0.274E-02, 2053.9310, 0.81280E+06
  695400,2026-09-23T11:16:44.049+02:00, 0.287E-02, 2054.2068, 0.81294E+06
  695500,2026-09-23T11:16:54.500+02:00, 0.305E-02, 2054.4918, 0.81306E+06
  695600,2026-09-23T11:17:05.515+02:00, 0.287E-02, 2054.7778, 0.81319E+06
  695700,2026-09-23T11:17:16.722+02:00, 0.287E-02, 2055.0645, 0.81332E+06
  695800,2026-09-23T11:17:28.104+02:00, 0.295E-02, 2055.3468, 0.81346E+06
  695900,2026-09-23T11:17:39.397+02:00, 0.288E-02, 2055.6314, 0.81359E+06
  696000,2026-09-23T11:17:50.694+02:00, 0.301E-02, 2055.9084, 0.81372E+06
  696100,2026-09-23T11:18:02.033+02:00, 0.276E-02, 2056.1880, 0.81385E+06
  696200,2026-09-23T11:18:13.233+02:00, 0.259E-02, 2056.4555, 0.81399E+06
  696300,2026-09-23T11:18:24.857+02:00, 0.288E-02, 2056.7291, 0.81412E+06
  696400,2026-09-23T11:18:36.761+02:00, 0.288E-02, 2057.0167, 0.81426E+06
  696500,2026-09-23T11:18:48.100+02:00, 0.295E-02, 2057.2907, 0.81440E+06
  696600,2026-09-23T11:18:58.937+02:00, 0.255E-02, 2057.5710, 0.81453E+06
  696700,2026-09-23T11:19:10.458+02:00, 0.284E-02, 2057.8418, 0.81466E+06
  696800,2026-09-23T11:19:21.826+02:00, 0.308E-02, 2058.1205, 0.81480E+06
  696900,2026-09-23T11:19:33.139+02:00, 0.284E-02, 2058.4021, 0.81493E+06
  697000,2026-09-23T11:19:44.167+02:00, 0.304E-02, 2058.6770, 0.81506E+06
  697100,2026-09-23T11:19:54.984+02:00, 0.284E-02, 2058.9647, 0.81519E+06
  697200,2026-09-23T11:20:06.469+02:00, 0.288E-02, 2059.2345, 0.81532E+06
  697300,2026-09-23T11:20:17.722+02:00, 0.271E-02, 2059.5075, 0.81546E+06
  697400,2026-09-23T11:20:29.664+02:00, 0.304E-02, 2059.7794, 0.81560E+06
  697500,2026-09-23T11:20:41.430+02:00, 0.276E-02, 2060.0532, 0.81574E+06
  697600,2026-09-23T11:20:52.753+02:00, 0.290E-02, 2060.3370, 0.81587E+06
  697700,2026-09-23T11:21:04.343+02:00, 0.287E-02, 2060.6232, 0.81600E+06
  697800,2026-09-23T11:21:16.059+02:00, 0.271E-02, 2060.9082, 0.81614E+06
  697900,2026-09-23T11:21:27.901+02:00, 0.305E-02, 2061.1830, 0.81628E+06
  698000,2026-09-23T11:21:39.341+02:00, 0.289E-02, 2061.4600, 0.81642E+06
  698100,2026-09-23T11:21:50.882+02:00, 0.285E-02, 2061.7422, 0.81655E+06
  698200,2026-09-23T11:22:02.370+02:00, 0.293E-02, 2062.0216, 0.81669E+06
  698300,2026-09-23T11:22:13.736+02:00, 0.285E-02, 2062.2979, 0.81682E+06
  698400,2026-09-23T11:22:24.494+02:00, 0.280E-02, 2062.5767, 0.81695E+06
  698500,2026-09-23T11:22:35.583+02:00, 0.280E-02, 2062.8572, 0.81708E+06
  698600,2026-09-23T11:22:46.457+02:00, 0.280E-02, 2063.1376, 0.81721E+06
  698700,2026-09-23T11:22:57.794+02:00, 0.274E-02, 2063.4161, 0.81734E+06
  698800,2026-09-23T11:23:09.084+02:00, 0.283E-02, 2063.6930, 0.81748E+06
  698900,2026-09-23T11:23:20.752+02:00, 0.244E-02, 2063.9625, 0.81762E+06
  699000,2026-09-23T11:23:32.417+02:00, 0.289E-02, 2064.2410, 0.81775E+06
  699100,2026-09-23T11:23:43.567+02:00, 0.266E-02, 2064.5112, 0.81789E+06
  699200,2026-09-23T11:23:54.772+02:00, 0.289E-02, 2064.7956, 0.81802E+06
  699300,2026-09-23T11:24:05.464+02:00, 0.289E-02, 2065.0844, 0.81814E+06
  699400,2026-09-23T11:24:16.321+02:00, 0.289E-02, 2065.3733, 0.81827E+06
  699500,2026-09-23T11:24:26.710+02:00, 0.281E-02, 2065.6483, 0.81839E+06
  699600,2026-09-23T11:24:37.627+02:00, 0.293E-02, 2065.9280, 0.81852E+06
  699700,2026-09-23T11:24:48.769+02:00, 0.288E-02, 2066.2145, 0.81866E+06
  699800,2026-09-23T11:25:00.105+02:00, 0.288E-02, 2066.5029, 0.81879E+06
  699900,2026-09-23T11:25:11.909+02:00, 0.228E-02, 2066.7908, 0.81892E+06
  700000,2026-09-23T11:25:23.095+02:00, 0.303E-02, 2067.0784, 0.81906E+06
  700100,2026-09-23T11:25:34.674+02:00, 0.283E-02, 2067.3535, 0.81919E+06
  700200,2026-09-23T11:25:46.265+02:00, 0.252E-02, 2067.6316, 0.81933E+06
  700300,2026-09-23T11:25:57.475+02:00, 0.272E-02, 2067.9086, 0.81946E+06
  700400,2026-09-23T11:26:08.207+02:00, 0.293E-02, 2068.1970, 0.81959E+06
  700500,2026-09-23T11:26:19.190+02:00, 0.282E-02, 2068.4781, 0.81972E+06
  700600,2026-09-23T11:26:30.729+02:00, 0.265E-02, 2068.7558, 0.81985E+06
  700700,2026-09-23T11:26:42.064+02:00, 0.296E-02, 2069.0283, 0.81999E+06
  700800,2026-09-23T11:26:53.275+02:00, 0.274E-02, 2069.3080, 0.82012E+06
  700900,2026-09-23T11:27:04.527+02:00, 0.270E-02, 2069.5877, 0.82025E+06
  701000,2026-09-23T11:27:15.854+02:00, 0.299E-02, 2069.8720, 0.82039E+06
  701100,2026-09-23T11:27:27.475+02:00, 0.280E-02, 2070.1583, 0.82052E+06
  701200,2026-09-23T11:27:38.626+02:00, 0.280E-02, 2070.4387, 0.82066E+06
  701300,2026-09-23T11:27:49.285+02:00, 0.283E-02, 2070.7112, 0.82078E+06
  701400,2026-09-23T11:28:00.012+02:00, 0.289E-02, 2070.9895, 0.82091E+06
  701500,2026-09-23T11:28:10.686+02:00, 0.282E-02, 2071.2662, 0.82104E+06
  701600,2026-09-23T11:28:21.871+02:00, 0.278E-02, 2071.5344, 0.82117E+06
  701700,2026-09-23T11:28:32.932+02:00, 0.254E-02, 2071.8159, 0.82130E+06
  701800,2026-09-23T11:28:44.128+02:00, 0.285E-02, 2072.0804, 0.82143E+06
  701900,2026-09-23T11:28:55.190+02:00, 0.255E-02, 2072.3645, 0.82156E+06
  702000,2026-09-23T11:29:06.718+02:00, 0.283E-02, 2072.6369, 0.82170E+06
  702100,2026-09-23T11:29:17.987+02:00, 0.290E-02, 2072.9168, 0.82183E+06
  702200,2026-09-23T11:29:28.821+02:00, 0.279E-02, 2073.1860, 0.82196E+06
  702300,2026-09-23T11:29:39.810+02:00, 0.279E-02, 2073.4652, 0.82209E+06
  702400,2026-09-23T11:29:50.263+02:00, 0.272E-02, 2073.7476, 0.82221E+06
  702500,2026-09-23T11:30:01.519+02:00, 0.293E-02, 2074.0281, 0.82235E+06
  702600,2026-09-23T11:30:12.292+02:00, 0.289E-02, 2074.3147, 0.82247E+06
  702700,2026-09-23T11:30:23.309+02:00, 0.289E-02, 2074.6038, 0.82260E+06
  702800,2026-09-23T11:30:33.714+02:00, 0.267E-02, 2074.8804, 0.82273E+06
  702900,2026-09-23T11:30:44.455+02:00, 0.294E-02, 2075.1723, 0.82286E+06
  703000,2026-09-23T11:30:55.352+02:00, 0.306E-02, 2075.4590, 0.82298E+06
  703100,2026-09-23T11:31:06.763+02:00, 0.248E-02, 2075.7373, 0.82312E+06
  703200,2026-09-23T11:31:17.292+02:00, 0.273E-02, 2076.0090, 0.82325E+06
  703300,2026-09-23T11:31:28.774+02:00, 0.297E-02, 2076.2931, 0.82338E+06
  703400,2026-09-23T11:31:39.395+02:00, 0.297E-02, 2076.5898, 0.82351E+06
  703500,2026-09-23T11:31:50.239+02:00, 0.285E-02, 2076.8748, 0.82364E+06
  703600,2026-09-23T11:32:01.722+02:00, 0.305E-02, 2077.1562, 0.82377E+06
  703700,2026-09-23T11:32:13.425+02:00, 0.282E-02, 2077.4219, 0.82391E+06
  703800,2026-09-23T11:32:24.936+02:00, 0.287E-02, 2077.7037, 0.82404E+06
  703900,2026-09-23T11:32:36.225+02:00, 0.274E-02, 2077.9724, 0.82417E+06
  704000,2026-09-23T11:32:47.511+02:00, 0.230E-02, 2078.2302, 0.82431E+06
  704100,2026-09-23T11:32:59.000+02:00, 0.279E-02, 2078.5027, 0.82444E+06
  704200,2026-09-23T11:33:09.683+02:00, 0.286E-02, 2078.7735, 0.82457E+06
  704300,2026-09-23T11:33:20.965+02:00, 0.284E-02, 2079.0366, 0.82470E+06
  704400,2026-09-23T11:33:32.614+02:00, 0.261E-02, 2079.3126, 0.82484E+06
  704500,2026-09-23T11:33:43.711+02:00, 0.239E-02, 2079.5918, 0.82497E+06
  704600,2026-09-23T11:33:55.157+02:00, 0.256E-02, 2079.8755, 0.82511E+06
  704700,2026-09-23T11:34:06.725+02:00, 0.273E-02, 2080.1464, 0.82524E+06
  704800,2026-09-23T11:34:18.274+02:00, 0.250E-02, 2080.4189, 0.82538E+06
  704900,2026-09-23T11:34:29.571+02:00, 0.275E-02, 2080.6933, 0.82551E+06
  705000,2026-09-23T11:34:40.500+02:00, 0.271E-02, 2080.9628, 0.82564E+06
  705100,2026-09-23T11:34:51.385+02:00, 0.292E-02, 2081.2389, 0.82577E+06
  705200,2026-09-23T11:35:03.152+02:00, 0.278E-02, 2081.5181, 0.82591E+06
  705300,2026-09-23T11:35:13.820+02:00, 0.284E-02, 2081.7907, 0.82603E+06
  705400,2026-09-23T11:35:24.714+02:00, 0.279E-02, 2082.0578, 0.82616E+06
  705500,2026-09-23T11:35:35.587+02:00, 0.284E-02, 2082.3305, 0.82629E+06
  705600,2026-09-23T11:35:47.048+02:00, 0.250E-02, 2082.6130, 0.82642E+06
  705700,2026-09-23T11:35:58.052+02:00, 0.285E-02, 2082.8886, 0.82656E+06
  705800,2026-09-23T11:36:09.532+02:00, 0.290E-02, 2083.1582, 0.82669E+06
  705900,2026-09-23T11:36:21.220+02:00, 0.273E-02, 2083.4429, 0.82683E+06
  706000,2026-09-23T11:36:32.145+02:00, 0.269E-02, 2083.7232, 0.82696E+06
  706100,2026-09-23T11:36:42.836+02:00, 0.290E-02, 2083.9980, 0.82709E+06
  706200,2026-09-23T11:36:53.606+02:00, 0.281E-02, 2084.2800, 0.82721E+06
  706300,2026-09-23T11:37:05.923+02:00, 0.273E-02, 2084.5421, 0.82736E+06
  706400,2026-09-23T11:37:17.377+02:00, 0.243E-02, 2084.8145, 0.82749E+06
  706500,2026-09-23T11:37:28.674+02:00, 0.279E-02, 2085.0839, 0.82763E+06
  706600,2026-09-23T11:37:39.915+02:00, 0.275E-02, 2085.3590, 0.82776E+06
  706700,2026-09-23T11:37:50.952+02:00, 0.260E-02, 2085.6284, 0.82789E+06
  706800,2026-09-23T11:38:02.428+02:00, 0.271E-02, 2085.8974, 0.82803E+06
  706900,2026-09-23T11:38:14.228+02:00, 0.286E-02, 2086.1725, 0.82817E+06
  707000,2026-09-23T11:38:25.507+02:00, 0.276E-02, 2086.4458, 0.82830E+06
  707100,2026-09-23T11:38:36.543+02:00, 0.299E-02, 2086.7204, 0.82843E+06
  707200,2026-09-23T11:38:47.877+02:00, 0.285E-02, 2087.0054, 0.82856E+06
  707300,2026-09-23T11:38:58.696+02:00, 0.305E-02, 2087.2981, 0.82869E+06
  707400,2026-09-23T11:39:09.853+02:00, 0.288E-02, 2087.5777, 0.82882E+06
  707500,2026-09-23T11:39:21.211+02:00, 0.264E-02, 2087.8554, 0.82896E+06
  707600,2026-09-23T11:39:31.858+02:00, 0.285E-02, 2088.1352, 0.82908E+06
  707700,2026-09-23T11:39:42.888+02:00, 0.277E-02, 2088.4145, 0.82921E+06
  707800,2026-09-23T11:39:54.176+02:00, 0.265E-02, 2088.6854, 0.82935E+06
  707900,2026-09-23T11:40:05.119+02:00, 0.287E-02, 2088.9588, 0.82948E+06
  708000,2026-09-23T11:40:16.286+02:00, 0.299E-02, 2089.2337, 0.82961E+06
  708100,2026-09-23T11:40:27.329+02:00, 0.293E-02, 2089.5249, 0.82974E+06
  708200,2026-09-23T11:40:38.114+02:00, 0.279E-02, 2089.8050, 0.82987E+06
  708300,2026-09-23T11:40:49.730+02:00, 0.286E-02, 2090.0923, 0.83000E+06
  708400,2026-09-23T11:41:01.652+02:00, 0.262E-02, 2090.3596, 0.83014E+06
  708500,2026-09-23T11:41:13.200+02:00, 0.300E-02, 2090.6362, 0.83028E+06
  708600,2026-09-23T11:41:24.613+02:00, 0.271E-02, 2090.9097, 0.83042E+06
  708700,2026-09-23T11:41:36.001+02:00, 0.298E-02, 2091.1771, 0.83055E+06
  708800,2026-09-23T11:41:47.337+02:00, 0.277E-02, 2091.4469, 0.83068E+06
  708900,2026-09-23T11:41:59.103+02:00, 0.277E-02, 2091.7167, 0.83082E+06
  709000,2026-09-23T11:42:10.489+02:00, 0.276E-02, 2091.9836, 0.83096E+06
  709100,2026-09-23T11:42:21.239+02:00, 0.294E-02, 2092.2664, 0.83109E+06
  709200,2026-09-23T11:42:33.015+02:00, 0.276E-02, 2092.5494, 0.83123E+06
  709300,2026-09-23T11:42:44.696+02:00, 0.249E-02, 2092.8111, 0.83136E+06
  709400,2026-09-23T11:42:56.477+02:00, 0.283E-02, 2093.0790, 0.83150E+06
  709500,2026-09-23T11:43:08.021+02:00, 0.291E-02, 2093.3596, 0.83164E+06
  709600,2026-09-23T11:43:19.563+02:00, 0.257E-02, 2093.6251, 0.83177E+06
  709700,2026-09-23T11:43:31.220+02:00, 0.257E-02, 2093.8968, 0.83191E+06
  709800,2026-09-23T11:43:43.333+02:00, 0.244E-02, 2094.1685, 0.83205E+06
  709900,2026-09-23T11:43:54.566+02:00, 0.229E-02, 2094.4411, 0.83219E+06
  710000,2026-09-23T11:44:05.522+02:00, 0.276E-02, 2094.7080, 0.83232E+06
  710100,2026-09-23T11:44:16.755+02:00, 0.288E-02, 2094.9934, 0.83245E+06
  710200,2026-09-23T11:44:28.069+02:00, 0.288E-02, 2095.2819, 0.83258E+06
  710300,2026-09-23T11:44:38.805+02:00, 0.305E-02, 2095.5640, 0.83271E+06
  710400,2026-09-23T11:44:50.745+02:00, 0.255E-02, 2095.8476, 0.83285E+06
  710500,2026-09-23T11:45:01.967+02:00, 0.296E-02, 2096.1374, 0.83298E+06
  710600,2026-09-23T11:45:12.776+02:00, 0.281E-02, 2096.4154, 0.83311E+06
  710700,2026-09-23T11:45:23.707+02:00, 0.266E-02, 2096.6965, 0.83324E+06
  710800,2026-09-23T11:45:34.583+02:00, 0.285E-02, 2096.9825, 0.83337E+06
  710900,2026-09-23T11:45:45.872+02:00, 0.291E-02, 2097.2771, 0.83350E+06
  711000,2026-09-23T11:45:57.574+02:00, 0.274E-02, 2097.5481, 0.83363E+06
  711100,2026-09-23T11:46:09.289+02:00, 0.292E-02, 2097.8220, 0.83377E+06
  711200,2026-09-23T11:46:20.347+02:00, 0.295E-02, 2098.1100, 0.83390E+06
  711300,2026-09-23T11:46:32.425+02:00, 0.288E-02, 2098.4015, 0.83404E+06
  711400,2026-09-23T11:46:43.955+02:00, 0.272E-02, 2098.6806, 0.83418E+06
  711500,2026-09-23T11:46:55.821+02:00, 0.272E-02, 2098.9527, 0.83432E+06
  711600,2026-09-23T11:47:07.556+02:00, 0.276E-02, 2099.2211, 0.83446E+06
  711700,2026-09-23T11:47:19.259+02:00, 0.287E-02, 2099.5011, 0.83460E+06
  711800,2026-09-23T11:47:30.755+02:00, 0.283E-02, 2099.7827, 0.83473E+06
  711900,2026-09-23T11:47:42.487+02:00, 0.279E-02, 2100.0638, 0.83487E+06
  712000,2026-09-23T11:47:53.731+02:00, 0.268E-02, 2100.3326, 0.83500E+06
  712100,2026-09-23T11:48:04.820+02:00, 0.270E-02, 2100.6096, 0.83513E+06
  712200,2026-09-23T11:48:16.142+02:00, 0.283E-02, 2100.8919, 0.83527E+06
  712300,2026-09-23T11:48:27.532+02:00, 0.298E-02, 2101.1745, 0.83540E+06
  712400,2026-09-23T11:48:39.189+02:00, 0.292E-02, 2101.4431, 0.83554E+06
  712500,2026-09-23T11:48:50.851+02:00, 0.261E-02, 2101.7095, 0.83568E+06
  712600,2026-09-23T11:49:02.456+02:00, 0.277E-02, 2101.9759, 0.83581E+06
  712700,2026-09-23T11:49:14.036+02:00, 0.279E-02, 2102.2647, 0.83595E+06
  712800,2026-09-23T11:49:25.489+02:00, 0.297E-02, 2102.5480, 0.83608E+06
  712900,2026-09-23T11:49:37.233+02:00, 0.286E-02, 2102.8322, 0.83622E+06
  713000,2026-09-23T11:49:48.768+02:00, 0.260E-02, 2103.1063, 0.83636E+06
  713100,2026-09-23T11:50:00.309+02:00, 0.271E-02, 2103.3785, 0.83649E+06
  713200,2026-09-23T11:50:12.119+02:00, 0.260E-02, 2103.6580, 0.83663E+06
  713300,2026-09-23T11:50:23.012+02:00, 0.281E-02, 2103.9378, 0.83676E+06
  713400,2026-09-23T11:50:33.972+02:00, 0.268E-02, 2104.2054, 0.83689E+06
  713500,2026-09-23T11:50:45.007+02:00, 0.282E-02, 2104.4847, 0.83702E+06
  713600,2026-09-23T11:50:56.782+02:00, 0.284E-02, 2104.7580, 0.83716E+06
  713700,2026-09-23T11:51:08.391+02:00, 0.288E-02, 2105.0425, 0.83730E+06
  713800,2026-09-23T11:51:19.651+02:00, 0.299E-02, 2105.3319, 0.83743E+06
  713900,2026-09-23T11:51:30.925+02:00, 0.289E-02, 2105.6208, 0.83756E+06
  714000,2026-09-23T11:51:41.921+02:00, 0.285E-02, 2105.9043, 0.83769E+06
  714100,2026-09-23T11:51:53.178+02:00, 0.280E-02, 2106.1840, 0.83782E+06
  714200,2026-09-23T11:52:04.183+02:00, 0.306E-02, 2106.4694, 0.83795E+06
  714300,2026-09-23T11:52:15.431+02:00, 0.290E-02, 2106.7619, 0.83809E+06
  714400,2026-09-23T11:52:26.027+02:00, 0.283E-02, 2107.0401, 0.83821E+06
  714500,2026-09-23T11:52:37.324+02:00, 0.257E-02, 2107.3180, 0.83834E+06
  714600,2026-09-23T11:52:47.702+02:00, 0.278E-02, 2107.5916, 0.83847E+06
  714700,2026-09-23T11:52:58.533+02:00, 0.286E-02, 2107.8650, 0.83860E+06
  714800,2026-09-23T11:53:09.659+02:00, 0.281E-02, 2108.1472, 0.83873E+06
  714900,2026-09-23T11:53:21.115+02:00, 0.297E-02, 2108.4425, 0.83886E+06
  715000,2026-09-23T11:53:32.280+02:00, 0.253E-02, 2108.7174, 0.83899E+06
  715100,2026-09-23T11:53:44.229+02:00, 0.298E-02, 2108.9873, 0.83913E+06
  715200,2026-09-23T11:53:55.847+02:00, 0.276E-02, 2109.2646, 0.83927E+06
  715300,2026-09-23T11:54:07.368+02:00, 0.260E-02, 2109.5389, 0.83940E+06
  715400,2026-09-23T11:54:18.711+02:00, 0.271E-02, 2109.8184, 0.83953E+06
  715500,2026-09-23T11:54:30.209+02:00, 0.301E-02, 2110.0933, 0.83967E+06
  715600,2026-09-23T11:54:42.039+02:00, 0.288E-02, 2110.3722, 0.83981E+06
  715700,2026-09-23T11:54:53.580+02:00, 0.282E-02, 2110.6497, 0.83994E+06
  715800,2026-09-23T11:55:05.472+02:00, 0.298E-02, 2110.9289, 0.84008E+06
  715900,2026-09-23T11:55:16.420+02:00, 0.254E-02, 2111.2127, 0.84021E+06
  716000,2026-09-23T11:55:27.514+02:00, 0.262E-02, 2111.4951, 0.84034E+06
  716100,2026-09-23T11:55:38.964+02:00, 0.284E-02, 2111.7741, 0.84048E+06
  716200,2026-09-23T11:55:50.806+02:00, 0.294E-02, 2112.0547, 0.84061E+06
  716300,2026-09-23T11:56:03.322+02:00, 0.304E-02, 2112.3344, 0.84076E+06
  716400,2026-09-23T11:56:14.628+02:00, 0.276E-02, 2112.6103, 0.84089E+06
  716500,2026-09-23T11:56:26.344+02:00, 0.289E-02, 2112.8872, 0.84103E+06
  716600,2026-09-23T11:56:37.946+02:00, 0.305E-02, 2113.1678, 0.84117E+06
  716700,2026-09-23T11:56:49.415+02:00, 0.291E-02, 2113.4423, 0.84130E+06
  716800,2026-09-23T11:57:01.115+02:00, 0.282E-02, 2113.7251, 0.84144E+06
  716900,2026-09-23T11:57:12.785+02:00, 0.287E-02, 2114.0046, 0.84158E+06
  717000,2026-09-23T11:57:23.892+02:00, 0.273E-02, 2114.2808, 0.84171E+06
  717100,2026-09-23T11:57:35.162+02:00, 0.301E-02, 2114.5799, 0.84184E+06
  717200,2026-09-23T11:57:47.231+02:00, 0.281E-02, 2114.8621, 0.84198E+06
  717300,2026-09-23T11:57:59.240+02:00, 0.284E-02, 2115.1414, 0.84212E+06
  717400,2026-09-23T11:58:10.445+02:00, 0.307E-02, 2115.4232, 0.84225E+06
  717500,2026-09-23T11:58:21.435+02:00, 0.276E-02, 2115.6964, 0.84238E+06
  717600,2026-09-23T11:58:33.267+02:00, 0.261E-02, 2115.9821, 0.84252E+06
  717700,2026-09-23T11:58:44.637+02:00, 0.287E-02, 2116.2669, 0.84266E+06
  717800,2026-09-23T11:58:56.029+02:00, 0.278E-02, 2116.5423, 0.84279E+06
  717900,2026-09-23T11:59:06.698+02:00, 0.299E-02, 2116.8267, 0.84292E+06
  718000,2026-09-23T11:59:17.116+02:00, 0.311E-02, 2117.1047, 0.84304E+06
  718100,2026-09-23T11:59:28.399+02:00, 0.280E-02, 2117.3904, 0.84317E+06
  718200,2026-09-23T11:59:39.698+02:00, 0.308E-02, 2117.6965, 0.84331E+06
  718300,2026-09-23T11:59:50.684+02:00, 0.277E-02, 2117.9803, 0.84344E+06
  718400,2026-09-23T12:00:01.378+02:00, 0.288E-02, 2118.2497, 0.84356E+06
  718500,2026-09-23T12:00:12.038+02:00, 0.256E-02, 2118.5155, 0.84369E+06
  718600,2026-09-23T12:00:22.387+02:00, 0.278E-02, 2118.7898, 0.84381E+06
  718700,2026-09-23T12:00:33.608+02:00, 0.278E-02, 2119.0676, 0.84394E+06
  718800,2026-09-23T12:00:44.262+02:00, 0.303E-02, 2119.3435, 0.84407E+06
  718900,2026-09-23T12:00:55.401+02:00, 0.286E-02, 2119.6292, 0.84420E+06
  719000,2026-09-23T12:01:06.423+02:00, 0.283E-02, 2119.9096, 0.84433E+06
  719100,2026-09-23T12:01:17.727+02:00, 0.293E-02, 2120.1977, 0.84447E+06
  719200,2026-09-23T12:01:28.772+02:00, 0.309E-02, 2120.4719, 0.84459E+06
  719300,2026-09-23T12:01:40.024+02:00, 0.292E-02, 2120.7515, 0.84473E+06
  719400,2026-09-23T12:01:51.070+02:00, 0.304E-02, 2121.0488, 0.84486E+06
  719500,2026-09-23T12:02:02.151+02:00, 0.288E-02, 2121.3382, 0.84499E+06
  719600,2026-09-23T12:02:13.033+02:00, 0.284E-02, 2121.6266, 0.84512E+06
  719700,2026-09-23T12:02:23.942+02:00, 0.244E-02, 2121.9102, 0.84525E+06
  719800,2026-09-23T12:02:34.372+02:00, 0.298E-02, 2122.1848, 0.84537E+06
  719900,2026-09-23T12:02:45.287+02:00, 0.275E-02, 2122.4569, 0.84550E+06
  720000,2026-09-23T12:02:56.103+02:00, 0.290E-02, 2122.7388, 0.84563E+06
  720100,2026-09-23T12:03:07.386+02:00, 0.282E-02, 2123.0158, 0.84576E+06
  720200,2026-09-23T12:03:18.563+02:00, 0.310E-02, 2123.3015, 0.84589E+06
  720300,2026-09-23T12:03:29.334+02:00, 0.285E-02, 2123.5836, 0.84602E+06
  720400,2026-09-23T12:03:40.137+02:00, 0.278E-02, 2123.8627, 0.84615E+06
  720500,2026-09-23T12:03:51.550+02:00, 0.240E-02, 2124.1474, 0.84628E+06
  720600,2026-09-23T12:04:02.275+02:00, 0.290E-02, 2124.4339, 0.84641E+06
  720700,2026-09-23T12:04:13.985+02:00, 0.284E-02, 2124.7157, 0.84654E+06
  720800,2026-09-23T12:04:24.720+02:00, 0.307E-02, 2125.0026, 0.84667E+06
  720900,2026-09-23T12:04:35.596+02:00, 0.285E-02, 2125.2903, 0.84680E+06
  721000,2026-09-23T12:04:46.788+02:00, 0.302E-02, 2125.5713, 0.84693E+06
  721100,2026-09-23T12:04:58.435+02:00, 0.279E-02, 2125.8571, 0.84707E+06
  721200,2026-09-23T12:05:09.824+02:00, 0.281E-02, 2126.1357, 0.84720E+06
  721300,2026-09-23T12:05:20.970+02:00, 0.266E-02, 2126.4205, 0.84733E+06
  721400,2026-09-23T12:05:32.741+02:00, 0.289E-02, 2126.7021, 0.84747E+06
  721500,2026-09-23T12:05:43.994+02:00, 0.290E-02, 2126.9753, 0.84760E+06
  721600,2026-09-23T12:05:55.439+02:00, 0.277E-02, 2127.2440, 0.84773E+06
  721700,2026-09-23T12:06:06.184+02:00, 0.244E-02, 2127.5382, 0.84786E+06
  721800,2026-09-23T12:06:17.432+02:00, 0.280E-02, 2127.8155, 0.84799E+06
  721900,2026-09-23T12:06:28.946+02:00, 0.268E-02, 2128.1063, 0.84813E+06
  722000,2026-09-23T12:06:39.658+02:00, 0.258E-02, 2128.3902, 0.84826E+06
  722100,2026-09-23T12:06:50.633+02:00, 0.295E-02, 2128.6742, 0.84839E+06
  722200,2026-09-23T12:07:01.946+02:00, 0.295E-02, 2128.9690, 0.84852E+06
  722300,2026-09-23T12:07:13.053+02:00, 0.288E-02, 2129.2548, 0.84865E+06
  722400,2026-09-23T12:07:24.873+02:00, 0.303E-02, 2129.5316, 0.84879E+06
  722500,2026-09-23T12:07:35.990+02:00, 0.290E-02, 2129.8169, 0.84892E+06
  722600,2026-09-23T12:07:47.039+02:00, 0.272E-02, 2130.0829, 0.84906E+06
  722700,2026-09-23T12:07:58.230+02:00, 0.281E-02, 2130.3648, 0.84919E+06
  722800,2026-09-23T12:08:09.210+02:00, 0.292E-02, 2130.6509, 0.84932E+06
  722900,2026-09-23T12:08:20.252+02:00, 0.281E-02, 2130.9368, 0.84945E+06
  723000,2026-09-23T12:08:31.830+02:00, 0.281E-02, 2131.2182, 0.84958E+06
  723100,2026-09-23T12:08:42.849+02:00, 0.281E-02, 2131.4996, 0.84971E+06
  723200,2026-09-23T12:08:53.704+02:00, 0.303E-02, 2131.7822, 0.84984E+06
  723300,2026-09-23T12:09:04.704+02:00, 0.290E-02, 2132.0722, 0.84997E+06
  723400,2026-09-23T12:09:15.532+02:00, 0.308E-02, 2132.3552, 0.85010E+06
  723500,2026-09-23T12:09:26.760+02:00, 0.272E-02, 2132.6485, 0.85023E+06
  723600,2026-09-23T12:09:37.679+02:00, 0.292E-02, 2132.9276, 0.85036E+06
  723700,2026-09-23T12:09:48.816+02:00, 0.286E-02, 2133.2081, 0.85049E+06
  723800,2026-09-23T12:09:59.915+02:00, 0.286E-02, 2133.4937, 0.85062E+06
  723900,2026-09-23T12:10:11.841+02:00, 0.273E-02, 2133.7741, 0.85076E+06
  724000,2026-09-23T12:10:23.246+02:00, 0.283E-02, 2134.0527, 0.85090E+06
  724100,2026-09-23T12:10:34.448+02:00, 0.278E-02, 2134.3282, 0.85103E+06
  724200,2026-09-23T12:10:45.841+02:00, 0.300E-02, 2134.6007, 0.85117E+06
  724300,2026-09-23T12:10:57.096+02:00, 0.270E-02, 2134.8771, 0.85130E+06
  724400,2026-09-23T12:11:08.073+02:00, 0.286E-02, 2135.1604, 0.85143E+06
  724500,2026-09-23T12:11:19.725+02:00, 0.286E-02, 2135.4461, 0.85157E+06
  724600,2026-09-23T12:11:30.800+02:00, 0.282E-02, 2135.7274, 0.85170E+06
  724700,2026-09-23T12:11:41.515+02:00, 0.281E-02, 2135.9976, 0.85182E+06
  724800,2026-09-23T12:11:52.522+02:00, 0.258E-02, 2136.2722, 0.85195E+06
  724900,2026-09-23T12:12:03.702+02:00, 0.295E-02, 2136.5500, 0.85208E+06
  725000,2026-09-23T12:12:14.281+02:00, 0.276E-02, 2136.8215, 0.85221E+06
  725100,2026-09-23T12:12:24.879+02:00, 0.297E-02, 2137.1015, 0.85234E+06
  725200,2026-09-23T12:12:35.452+02:00, 0.289E-02, 2137.3896, 0.85246E+06
  725300,2026-09-23T12:12:46.560+02:00, 0.297E-02, 2137.6756, 0.85259E+06
  725400,2026-09-23T12:12:57.125+02:00, 0.249E-02, 2137.9606, 0.85272E+06
  725500,2026-09-23T12:13:08.223+02:00, 0.251E-02, 2138.2373, 0.85285E+06
  725600,2026-09-23T12:13:19.490+02:00, 0.270E-02, 2138.5061, 0.85298E+06
  725700,2026-09-23T12:13:30.765+02:00, 0.260E-02, 2138.7786, 0.85312E+06
  725800,2026-09-23T12:13:42.463+02:00, 0.268E-02, 2139.0496, 0.85325E+06
  725900,2026-09-23T12:13:54.055+02:00, 0.289E-02, 2139.3185, 0.85339E+06
  726000,2026-09-23T12:14:05.343+02:00, 0.281E-02, 2139.5959, 0.85353E+06
  726100,2026-09-23T12:14:16.865+02:00, 0.293E-02, 2139.8764, 0.85366E+06
  726200,2026-09-23T12:14:28.943+02:00, 0.283E-02, 2140.1454, 0.85380E+06
  726300,2026-09-23T12:14:40.255+02:00, 0.264E-02, 2140.4249, 0.85393E+06
  726400,2026-09-23T12:14:52.104+02:00, 0.263E-02, 2140.6945, 0.85407E+06
  726500,2026-09-23T12:15:04.929+02:00, 0.283E-02, 2140.9677, 0.85422E+06
  726600,2026-09-23T12:15:16.276+02:00, 0.283E-02, 2141.2510, 0.85435E+06
  726700,2026-09-23T12:15:27.305+02:00, 0.291E-02, 2141.5326, 0.85448E+06
  726800,2026-09-23T12:15:39.251+02:00, 0.298E-02, 2141.8071, 0.85462E+06
  726900,2026-09-23T12:15:51.859+02:00, 0.294E-02, 2142.0966, 0.85476E+06
  727000,2026-09-23T12:16:03.321+02:00, 0.283E-02, 2142.3812, 0.85490E+06
  727100,2026-09-23T12:16:13.847+02:00, 0.283E-02, 2142.6645, 0.85502E+06
  727200,2026-09-23T12:16:24.568+02:00, 0.274E-02, 2142.9449, 0.85515E+06
  727300,2026-09-23T12:16:35.245+02:00, 0.294E-02, 2143.2313, 0.85528E+06
  727400,2026-09-23T12:16:46.207+02:00, 0.304E-02, 2143.5094, 0.85541E+06
  727500,2026-09-23T12:16:57.608+02:00, 0.266E-02, 2143.7899, 0.85554E+06
  727600,2026-09-23T12:17:08.374+02:00, 0.283E-02, 2144.0657, 0.85567E+06
  727700,2026-09-23T12:17:20.241+02:00, 0.275E-02, 2144.3467, 0.85581E+06
  727800,2026-09-23T12:17:31.922+02:00, 0.281E-02, 2144.6269, 0.85595E+06
  727900,2026-09-23T12:17:43.328+02:00, 0.300E-02, 2144.8964, 0.85608E+06
  728000,2026-09-23T12:17:54.326+02:00, 0.300E-02, 2145.1965, 0.85621E+06
  728100,2026-09-23T12:18:06.483+02:00, 0.287E-02, 2145.4807, 0.85636E+06
  728200,2026-09-23T12:18:17.815+02:00, 0.309E-02, 2145.7729, 0.85649E+06
  728300,2026-09-23T12:18:29.093+02:00, 0.291E-02, 2146.0677, 0.85662E+06
  728400,2026-09-23T12:18:40.022+02:00, 0.292E-02, 2146.3525, 0.85675E+06
  728500,2026-09-23T12:18:51.435+02:00, 0.297E-02, 2146.6325, 0.85688E+06
  728600,2026-09-23T12:19:02.439+02:00, 0.262E-02, 2146.9257, 0.85701E+06
  728700,2026-09-23T12:19:12.784+02:00, 0.283E-02, 2147.2092, 0.85714E+06
  728800,2026-09-23T12:19:23.494+02:00, 0.283E-02, 2147.4927, 0.85726E+06
  728900,2026-09-23T12:19:35.251+02:00, 0.280E-02, 2147.7692, 0.85740E+06
  729000,2026-09-23T12:19:46.685+02:00, 0.301E-02, 2148.0544, 0.85754E+06
  729100,2026-09-23T12:19:57.852+02:00, 0.288E-02, 2148.3409, 0.85767E+06
  729200,2026-09-23T12:20:09.087+02:00, 0.257E-02, 2148.6274, 0.85780E+06
  729300,2026-09-23T12:20:20.679+02:00, 0.272E-02, 2148.8979, 0.85793E+06
  729400,2026-09-23T12:20:32.732+02:00, 0.247E-02, 2149.1546, 0.85808E+06
  729500,2026-09-23T12:20:44.141+02:00, 0.253E-02, 2149.4366, 0.85821E+06
  729600,2026-09-23T12:20:55.430+02:00, 0.299E-02, 2149.7096, 0.85834E+06
  729700,2026-09-23T12:21:07.020+02:00, 0.292E-02, 2149.9896, 0.85848E+06
  729800,2026-09-23T12:21:18.433+02:00, 0.279E-02, 2150.2688, 0.85861E+06
  729900,2026-09-23T12:21:29.520+02:00, 0.275E-02, 2150.5436, 0.85874E+06
  730000,2026-09-23T12:21:40.974+02:00, 0.271E-02, 2150.8232, 0.85888E+06
  730100,2026-09-23T12:21:52.327+02:00, 0.263E-02, 2151.0902, 0.85901E+06
  730200,2026-09-23T12:22:04.435+02:00, 0.278E-02, 2151.3600, 0.85915E+06
  730300,2026-09-23T12:22:15.189+02:00, 0.278E-02, 2151.6376, 0.85928E+06
  730400,2026-09-23T12:22:26.536+02:00, 0.302E-02, 2151.9228, 0.85942E+06
  730500,2026-09-23T12:22:37.975+02:00, 0.290E-02, 2152.2154, 0.85955E+06
  730600,2026-09-23T12:22:49.114+02:00, 0.300E-02, 2152.5060, 0.85968E+06
  730700,2026-09-23T12:23:00.095+02:00, 0.302E-02, 2152.7862, 0.85981E+06
  730800,2026-09-23T12:23:11.406+02:00, 0.278E-02, 2153.0646, 0.85995E+06
  730900,2026-09-23T12:23:22.880+02:00, 0.268E-02, 2153.3266, 0.86008E+06
  731000,2026-09-23T12:23:34.068+02:00, 0.284E-02, 2153.6071, 0.86021E+06
  731100,2026-09-23T12:23:45.133+02:00, 0.284E-02, 2153.8916, 0.86035E+06
  731200,2026-09-23T12:23:56.416+02:00, 0.253E-02, 2154.1670, 0.86048E+06
  731300,2026-09-23T12:24:07.751+02:00, 0.296E-02, 2154.4298, 0.86061E+06
  731400,2026-09-23T12:24:19.388+02:00, 0.245E-02, 2154.7046, 0.86075E+06
  731500,2026-09-23T12:24:30.586+02:00, 0.283E-02, 2154.9744, 0.86088E+06
  731600,2026-09-23T12:24:41.788+02:00, 0.292E-02, 2155.2466, 0.86102E+06
  731700,2026-09-23T12:24:54.572+02:00, 0.282E-02, 2155.5286, 0.86116E+06
  731800,2026-09-23T12:25:05.891+02:00, 0.294E-02, 2155.8245, 0.86129E+06
  731900,2026-09-23T12:25:16.919+02:00, 0.262E-02, 2156.1161, 0.86142E+06
  732000,2026-09-23T12:25:27.798+02:00, 0.285E-02, 2156.3858, 0.86155E+06
  732100,2026-09-23T12:25:39.164+02:00, 0.285E-02, 2156.6711, 0.86169E+06
  732200,2026-09-23T12:25:50.307+02:00, 0.245E-02, 2156.9415, 0.86182E+06
  732300,2026-09-23T12:26:01.423+02:00, 0.312E-02, 2157.2262, 0.86195E+06
  732400,2026-09-23T12:26:12.716+02:00, 0.295E-02, 2157.5204, 0.86208E+06
  732500,2026-09-23T12:26:23.438+02:00, 0.278E-02, 2157.7964, 0.86221E+06
  732600,2026-09-23T12:26:35.104+02:00, 0.273E-02, 2158.0634, 0.86234E+06
  732700,2026-09-23T12:26:45.564+02:00, 0.261E-02, 2158.3426, 0.86247E+06
  732800,2026-09-23T12:26:56.699+02:00, 0.283E-02, 2158.6225, 0.86260E+06
  732900,2026-09-23T12:27:07.171+02:00, 0.264E-02, 2158.8948, 0.86272E+06
  733000,2026-09-23T12:27:18.678+02:00, 0.281E-02, 2159.1709, 0.86286E+06
  733100,2026-09-23T12:27:29.983+02:00, 0.273E-02, 2159.4466, 0.86299E+06
  733200,2026-09-23T12:27:41.868+02:00, 0.255E-02, 2159.7152, 0.86313E+06
  733300,2026-09-23T12:27:53.664+02:00, 0.295E-02, 2159.9856, 0.86327E+06
  733400,2026-09-23T12:28:05.739+02:00, 0.263E-02, 2160.2751, 0.86341E+06
  733500,2026-09-23T12:28:16.545+02:00, 0.257E-02, 2160.5479, 0.86354E+06
  733600,2026-09-23T12:28:27.720+02:00, 0.275E-02, 2160.8265, 0.86367E+06
  733700,2026-09-23T12:28:38.993+02:00, 0.252E-02, 2161.1091, 0.86380E+06
  733800,2026-09-23T12:28:50.640+02:00, 0.274E-02, 2161.3924, 0.86394E+06
  733900,2026-09-23T12:29:01.515+02:00, 0.295E-02, 2161.6760, 0.86407E+06
  734000,2026-09-23T12:29:12.589+02:00, 0.290E-02, 2161.9625, 0.86420E+06
  734100,2026-09-23T12:29:24.083+02:00, 0.277E-02, 2162.2362, 0.86433E+06
  734200,2026-09-23T12:29:35.627+02:00, 0.294E-02, 2162.5233, 0.86447E+06
  734300,2026-09-23T12:29:46.795+02:00, 0.281E-02, 2162.8010, 0.86460E+06
  734400,2026-09-23T12:29:57.248+02:00, 0.287E-02, 2163.0717, 0.86472E+06
  734500,2026-09-23T12:30:09.206+02:00, 0.306E-02, 2163.3526, 0.86486E+06
  734600,2026-09-23T12:30:19.921+02:00, 0.264E-02, 2163.6420, 0.86499E+06
  734700,2026-09-23T12:30:31.255+02:00, 0.255E-02, 2163.9155, 0.86512E+06
  734800,2026-09-23T12:30:43.427+02:00, 0.271E-02, 2164.1896, 0.86526E+06
  734900,2026-09-23T12:30:54.992+02:00, 0.300E-02, 2164.4689, 0.86540E+06
  735000,2026-09-23T12:31:06.288+02:00, 0.244E-02, 2164.7453, 0.86553E+06
  735100,2026-09-23T12:31:17.310+02:00, 0.294E-02, 2165.0131, 0.86566E+06
  735200,2026-09-23T12:31:28.646+02:00, 0.294E-02, 2165.3073, 0.86580E+06
  735300,2026-09-23T12:31:39.742+02:00, 0.294E-02, 2165.6015, 0.86593E+06
  735400,2026-09-23T12:31:50.779+02:00, 0.300E-02, 2165.8834, 0.86606E+06
  735500,2026-09-23T12:32:02.103+02:00, 0.233E-02, 2166.1625, 0.86619E+06
  735600,2026-09-23T12:32:14.133+02:00, 0.291E-02, 2166.4473, 0.86633E+06
  735700,2026-09-23T12:32:25.581+02:00, 0.304E-02, 2166.7256, 0.86647E+06
  735800,2026-09-23T12:32:36.753+02:00, 0.269E-02, 2167.0023, 0.86660E+06
  735900,2026-09-23T12:32:47.885+02:00, 0.280E-02, 2167.2793, 0.86673E+06
  736000,2026-09-23T12:32:59.329+02:00, 0.278E-02, 2167.5488, 0.86687E+06
  736100,2026-09-23T12:33:09.970+02:00, 0.270E-02, 2167.8307, 0.86699E+06
  736200,2026-09-23T12:33:21.329+02:00, 0.293E-02, 2168.1237, 0.86712E+06
  736300,2026-09-23T12:33:32.777+02:00, 0.293E-02, 2168.4168, 0.86726E+06
  736400,2026-09-23T12:33:44.454+02:00, 0.289E-02, 2168.7007, 0.86739E+06
  736500,2026-09-23T12:33:55.581+02:00, 0.273E-02, 2168.9780, 0.86753E+06
  736600,2026-09-23T12:34:06.073+02:00, 0.300E-02, 2169.2752, 0.86765E+06
  736700,2026-09-23T12:34:16.938+02:00, 0.308E-02, 2169.5561, 0.86778E+06
  736800,2026-09-23T12:34:28.411+02:00, 0.291E-02, 2169.8453, 0.86791E+06
  736900,2026-09-23T12:34:39.898+02:00, 0.264E-02, 2170.1162, 0.86805E+06
  737000,2026-09-23T12:34:51.318+02:00, 0.310E-02, 2170.4074, 0.86818E+06
  737100,2026-09-23T12:35:03.257+02:00, 0.281E-02, 2170.6887, 0.86832E+06
  737200,2026-09-23T12:35:14.045+02:00, 0.281E-02, 2170.9700, 0.86845E+06
  737300,2026-09-23T12:35:24.961+02:00, 0.281E-02, 2171.2513, 0.86858E+06
  737400,2026-09-23T12:35:36.211+02:00, 0.276E-02, 2171.5244, 0.86871E+06
  737500,2026-09-23T12:35:48.391+02:00, 0.279E-02, 2171.7956, 0.86885E+06
  737600,2026-09-23T12:35:59.401+02:00, 0.276E-02, 2172.0791, 0.86898E+06
  737700,2026-09-23T12:36:10.456+02:00, 0.293E-02, 2172.3700, 0.86911E+06
  737800,2026-09-23T12:36:21.927+02:00, 0.282E-02, 2172.6553, 0.86924E+06
  737900,2026-09-23T12:36:32.983+02:00, 0.282E-02, 2172.9377, 0.86937E+06
  738000,2026-09-23T12:36:44.380+02:00, 0.298E-02, 2173.2241, 0.86951E+06
  738100,2026-09-23T12:36:55.251+02:00, 0.278E-02, 2173.5014, 0.86964E+06
  738200,2026-09-23T12:37:06.079+02:00, 0.278E-02, 2173.7791, 0.86976E+06
  738300,2026-09-23T12:37:16.991+02:00, 0.278E-02, 2174.0567, 0.86989E+06
  738400,2026-09-23T12:37:28.082+02:00, 0.295E-02, 2174.3462, 0.87002E+06
  738500,2026-09-23T12:37:39.080+02:00, 0.284E-02, 2174.6346, 0.87016E+06
  738600,2026-09-23T12:37:50.479+02:00, 0.292E-02, 2174.9286, 0.87029E+06
  738700,2026-09-23T12:38:01.504+02:00, 0.292E-02, 2175.2209, 0.87042E+06
  738800,2026-09-23T12:38:12.953+02:00, 0.287E-02, 2175.5076, 0.87056E+06
  738900,2026-09-23T12:38:24.035+02:00, 0.276E-02, 2175.7842, 0.87069E+06
  739000,2026-09-23T12:38:34.655+02:00, 0.299E-02, 2176.0579, 0.87081E+06
  739100,2026-09-23T12:38:46.040+02:00, 0.280E-02, 2176.3382, 0.87095E+06
  739200,2026-09-23T12:38:57.171+02:00, 0.277E-02, 2176.6131, 0.87108E+06
  739300,2026-09-23T12:39:08.091+02:00, 0.266E-02, 2176.8828, 0.87121E+06
  739400,2026-09-23T12:39:18.888+02:00, 0.282E-02, 2177.1571, 0.87133E+06
  739500,2026-09-23T12:39:29.463+02:00, 0.279E-02, 2177.4364, 0.87146E+06
  739600,2026-09-23T12:39:40.524+02:00, 0.276E-02, 2177.7113, 0.87159E+06
  739700,2026-09-23T12:39:51.903+02:00, 0.281E-02, 2177.9831, 0.87173E+06
  739800,2026-09-23T12:40:03.626+02:00, 0.277E-02, 2178.2630, 0.87186E+06
  739900,2026-09-23T12:40:14.831+02:00, 0.305E-02, 2178.5435, 0.87200E+06
  740000,2026-09-23T12:40:25.914+02:00, 0.283E-02, 2178.8122, 0.87213E+06
  740100,2026-09-23T12:40:36.652+02:00, 0.272E-02, 2179.0868, 0.87225E+06
  740200,2026-09-23T12:40:47.605+02:00, 0.287E-02, 2179.3739, 0.87238E+06
  740300,2026-09-23T12:40:58.348+02:00, 0.301E-02, 2179.6722, 0.87251E+06
  740400,2026-09-23T12:41:09.269+02:00, 0.299E-02, 2179.9562, 0.87264E+06
  740500,2026-09-23T12:41:20.582+02:00, 0.275E-02, 2180.2388, 0.87277E+06
  740600,2026-09-23T12:41:32.503+02:00, 0.287E-02, 2180.5265, 0.87291E+06
  740700,2026-09-23T12:41:43.415+02:00, 0.263E-02, 2180.8080, 0.87304E+06
  740800,2026-09-23T12:41:53.920+02:00, 0.280E-02, 2181.0911, 0.87317E+06
  740900,2026-09-23T12:42:04.933+02:00, 0.293E-02, 2181.3827, 0.87330E+06
  741000,2026-09-23T12:42:15.341+02:00, 0.293E-02, 2181.6760, 0.87342E+06
  741100,2026-09-23T12:42:26.154+02:00, 0.293E-02, 2181.9692, 0.87355E+06
  741200,2026-09-23T12:42:37.942+02:00, 0.298E-02, 2182.2415, 0.87369E+06
  741300,2026-09-23T12:42:48.725+02:00, 0.276E-02, 2182.5186, 0.87381E+06
  741400,2026-09-23T12:42:59.492+02:00, 0.300E-02, 2182.7916, 0.87394E+06
  741500,2026-09-23T12:43:10.113+02:00, 0.287E-02, 2183.0773, 0.87407E+06
  741600,2026-09-23T12:43:21.473+02:00, 0.287E-02, 2183.3644, 0.87420E+06
  741700,2026-09-23T12:43:32.114+02:00, 0.287E-02, 2183.6515, 0.87433E+06
  741800,2026-09-23T12:43:42.967+02:00, 0.287E-02, 2183.9386, 0.87446E+06
  741900,2026-09-23T12:43:54.354+02:00, 0.281E-02, 2184.2151, 0.87459E+06
  742000,2026-09-23T12:44:05.685+02:00, 0.277E-02, 2184.4966, 0.87472E+06
  742100,2026-09-23T12:44:16.694+02:00, 0.298E-02, 2184.7853, 0.87485E+06
  742200,2026-09-23T12:44:27.494+02:00, 0.281E-02, 2185.0670, 0.87498E+06
  742300,2026-09-23T12:44:38.548+02:00, 0.302E-02, 2185.3478, 0.87511E+06
  742400,2026-09-23T12:44:49.687+02:00, 0.265E-02, 2185.6181, 0.87524E+06
  742500,2026-09-23T12:45:01.631+02:00, 0.257E-02, 2185.9023, 0.87538E+06
  742600,2026-09-23T12:45:12.958+02:00, 0.288E-02, 2186.1719, 0.87551E+06
  742700,2026-09-23T12:45:23.989+02:00, 0.305E-02, 2186.4631, 0.87564E+06
  742800,2026-09-23T12:45:35.763+02:00, 0.258E-02, 2186.7381, 0.87578E+06
  742900,2026-09-23T12:45:47.011+02:00, 0.278E-02, 2187.0118, 0.87591E+06
  743000,2026-09-23T12:45:58.426+02:00, 0.279E-02, 2187.2794, 0.87605E+06
  743100,2026-09-23T12:46:09.325+02:00, 0.280E-02, 2187.5515, 0.87618E+06
  743200,2026-09-23T12:46:20.237+02:00, 0.277E-02, 2187.8272, 0.87631E+06
  743300,2026-09-23T12:46:31.108+02:00, 0.304E-02, 2188.1082, 0.87643E+06
  743400,2026-09-23T12:46:42.383+02:00, 0.310E-02, 2188.4019, 0.87657E+06
  743500,2026-09-23T12:46:53.600+02:00, 0.290E-02, 2188.6822, 0.87670E+06
  743600,2026-09-23T12:47:04.426+02:00, 0.298E-02, 2188.9586, 0.87683E+06
  743700,2026-09-23T12:47:15.335+02:00, 0.285E-02, 2189.2381, 0.87695E+06
  743800,2026-09-23T12:47:27.110+02:00, 0.299E-02, 2189.5294, 0.87709E+06
  743900,2026-09-23T12:47:37.923+02:00, 0.287E-02, 2189.8134, 0.87722E+06
  744000,2026-09-23T12:47:48.954+02:00, 0.283E-02, 2190.0945, 0.87735E+06
  744100,2026-09-23T12:48:00.904+02:00, 0.240E-02, 2190.3653, 0.87749E+06
  744200,2026-09-23T12:48:12.205+02:00, 0.268E-02, 2190.6272, 0.87762E+06
  744300,2026-09-23T12:48:23.633+02:00, 0.264E-02, 2190.8945, 0.87776E+06
  744400,2026-09-23T12:48:35.423+02:00, 0.263E-02, 2191.1607, 0.87790E+06
  744500,2026-09-23T12:48:47.060+02:00, 0.270E-02, 2191.4309, 0.87803E+06
  744600,2026-09-23T12:48:59.084+02:00, 0.277E-02, 2191.6977, 0.87817E+06
  744700,2026-09-23T12:49:10.271+02:00, 0.304E-02, 2191.9766, 0.87831E+06
  744800,2026-09-23T12:49:21.080+02:00, 0.272E-02, 2192.2610, 0.87844E+06
  744900,2026-09-23T12:49:32.998+02:00, 0.278E-02, 2192.5379, 0.87857E+06
  745000,2026-09-23T12:49:44.656+02:00, 0.246E-02, 2192.8059, 0.87871E+06
  745100,2026-09-23T12:49:56.195+02:00, 0.284E-02, 2193.0895, 0.87885E+06
  745200,2026-09-23T12:50:07.259+02:00, 0.284E-02, 2193.3732, 0.87898E+06
  745300,2026-09-23T12:50:17.826+02:00, 0.291E-02, 2193.6542, 0.87910E+06
  745400,2026-09-23T12:50:29.420+02:00, 0.273E-02, 2193.9359, 0.87924E+06
  745500,2026-09-23T12:50:40.956+02:00, 0.265E-02, 2194.2078, 0.87938E+06
  745600,2026-09-23T12:50:52.877+02:00, 0.246E-02, 2194.4782, 0.87952E+06
  745700,2026-09-23T12:51:04.336+02:00, 0.284E-02, 2194.7525, 0.87965E+06
  745800,2026-09-23T12:51:15.767+02:00, 0.253E-02, 2195.0192, 0.87979E+06
  745900,2026-09-23T12:51:27.239+02:00, 0.272E-02, 2195.2872, 0.87992E+06
  746000,2026-09-23T12:51:38.490+02:00, 0.284E-02, 2195.5576, 0.88005E+06
  746100,2026-09-23T12:51:49.699+02:00, 0.261E-02, 2195.8305, 0.88019E+06
  746200,2026-09-23T12:52:01.104+02:00, 0.268E-02, 2196.0999, 0.88032E+06
  746300,2026-09-23T12:52:12.900+02:00, 0.262E-02, 2196.3789, 0.88046E+06
  746400,2026-09-23T12:52:24.135+02:00, 0.248E-02, 2196.6571, 0.88059E+06
  746500,2026-09-23T12:52:35.402+02:00, 0.294E-02, 2196.9448, 0.88073E+06
  746600,2026-09-23T12:52:45.862+02:00, 0.290E-02, 2197.2325, 0.88085E+06
  746700,2026-09-23T12:52:56.556+02:00, 0.287E-02, 2197.5147, 0.88098E+06
  746800,2026-09-23T12:53:07.707+02:00, 0.282E-02, 2197.7967, 0.88111E+06
  746900,2026-09-23T12:53:19.655+02:00, 0.265E-02, 2198.0671, 0.88125E+06
  747000,2026-09-23T12:53:31.164+02:00, 0.255E-02, 2198.3494, 0.88139E+06
  747100,2026-09-23T12:53:42.586+02:00, 0.284E-02, 2198.6219, 0.88152E+06
  747200,2026-09-23T12:53:54.526+02:00, 0.289E-02, 2198.8989, 0.88166E+06
  747300,2026-09-23T12:54:06.752+02:00, 0.284E-02, 2199.1788, 0.88180E+06
  747400,2026-09-23T12:54:18.722+02:00, 0.287E-02, 2199.4491, 0.88194E+06
  747500,2026-09-23T12:54:29.825+02:00, 0.287E-02, 2199.7357, 0.88207E+06
  747600,2026-09-23T12:54:40.876+02:00, 0.279E-02, 2200.0275, 0.88220E+06
  747700,2026-09-23T12:54:51.840+02:00, 0.292E-02, 2200.3090, 0.88233E+06
  747800,2026-09-23T12:55:04.119+02:00, 0.244E-02, 2200.5877, 0.88248E+06
  747900,2026-09-23T12:55:16.417+02:00, 0.265E-02, 2200.8540, 0.88262E+06
  748000,2026-09-23T12:55:27.600+02:00, 0.242E-02, 2201.1325, 0.88275E+06
  748100,2026-09-23T12:55:38.714+02:00, 0.285E-02, 2201.4098, 0.88289E+06
  748200,2026-09-23T12:55:50.284+02:00, 0.272E-02, 2201.6808, 0.88302E+06
  748300,2026-09-23T12:56:02.323+02:00, 0.271E-02, 2201.9543, 0.88316E+06
  748400,2026-09-23T12:56:14.260+02:00, 0.255E-02, 2202.2339, 0.88330E+06
  748500,2026-09-23T12:56:26.219+02:00, 0.294E-02, 2202.5129, 0.88344E+06
  748600,2026-09-23T12:56:38.140+02:00, 0.278E-02, 2202.7918, 0.88358E+06
  748700,2026-09-23T12:56:50.044+02:00, 0.276E-02, 2203.0693, 0.88372E+06
  748800,2026-09-23T12:57:02.219+02:00, 0.279E-02, 2203.3432, 0.88387E+06
  748900,2026-09-23T12:57:13.635+02:00, 0.276E-02, 2203.6192, 0.88400E+06
  749000,2026-09-23T12:57:25.509+02:00, 0.264E-02, 2203.8951, 0.88414E+06
  749100,2026-09-23T12:57:37.246+02:00, 0.273E-02, 2204.1669, 0.88428E+06
  749200,2026-09-23T12:57:49.439+02:00, 0.276E-02, 2204.4319, 0.88442E+06
  749300,2026-09-23T12:58:00.069+02:00, 0.274E-02, 2204.7020, 0.88455E+06
  749400,2026-09-23T12:58:12.021+02:00, 0.236E-02, 2204.9716, 0.88469E+06
  749500,2026-09-23T12:58:22.970+02:00, 0.259E-02, 2205.2389, 0.88482E+06
  749600,2026-09-23T12:58:34.805+02:00, 0.248E-02, 2205.5031, 0.88496E+06
  749700,2026-09-23T12:58:46.695+02:00, 0.259E-02, 2205.7688, 0.88510E+06
  749800,2026-09-23T12:58:58.421+02:00, 0.232E-02, 2206.0349, 0.88523E+06
  749900,2026-09-23T12:59:09.152+02:00, 0.304E-02, 2206.3079, 0.88536E+06
  750000,2026-09-23T12:59:20.652+02:00, 0.274E-02, 2206.5829, 0.88550E+06
  750100,2026-09-23T12:59:31.959+02:00, 0.272E-02, 2206.8605, 0.88563E+06
  750200,2026-09-23T12:59:43.783+02:00, 0.257E-02, 2207.1414, 0.88577E+06
  750300,2026-09-23T12:59:55.451+02:00, 0.279E-02, 2207.4158, 0.88590E+06
  750400,2026-09-23T13:00:06.569+02:00, 0.275E-02, 2207.6874, 0.88604E+06
  750500,2026-09-23T13:00:18.091+02:00, 0.299E-02, 2207.9731, 0.88617E+06
  750600,2026-09-23T13:00:29.355+02:00, 0.288E-02, 2208.2607, 0.88630E+06
  750700,2026-09-23T13:00:40.534+02:00, 0.254E-02, 2208.5454, 0.88643E+06
  750800,2026-09-23T13:00:51.733+02:00, 0.279E-02, 2208.8239, 0.88657E+06
  750900,2026-09-23T13:01:03.275+02:00, 0.276E-02, 2209.0972, 0.88670E+06
  751000,2026-09-23T13:01:14.928+02:00, 0.298E-02, 2209.3725, 0.88684E+06
  751100,2026-09-23T13:01:26.210+02:00, 0.264E-02, 2209.6457, 0.88697E+06
  751200,2026-09-23T13:01:37.743+02:00, 0.282E-02, 2209.9258, 0.88711E+06
  751300,2026-09-23T13:01:48.657+02:00, 0.310E-02, 2210.2226, 0.88724E+06
  751400,2026-09-23T13:01:59.776+02:00, 0.295E-02, 2210.5090, 0.88737E+06
  751500,2026-09-23T13:02:10.611+02:00, 0.270E-02, 2210.7777, 0.88750E+06
  751600,2026-09-23T13:02:21.196+02:00, 0.262E-02, 2211.0601, 0.88762E+06
  751700,2026-09-23T13:02:31.944+02:00, 0.288E-02, 2211.3485, 0.88775E+06
  751800,2026-09-23T13:02:43.211+02:00, 0.288E-02, 2211.6370, 0.88788E+06
  751900,2026-09-23T13:02:54.099+02:00, 0.279E-02, 2211.9183, 0.88801E+06
  752000,2026-09-23T13:03:05.594+02:00, 0.264E-02, 2212.1935, 0.88815E+06
  752100,2026-09-23T13:03:17.574+02:00, 0.276E-02, 2212.4622, 0.88829E+06
  752200,2026-09-23T13:03:29.054+02:00, 0.290E-02, 2212.7486, 0.88842E+06
  752300,2026-09-23T13:03:40.137+02:00, 0.290E-02, 2213.0385, 0.88855E+06
  752400,2026-09-23T13:03:51.622+02:00, 0.286E-02, 2213.3244, 0.88869E+06
  752500,2026-09-23T13:04:03.232+02:00, 0.286E-02, 2213.6102, 0.88882E+06
  752600,2026-09-23T13:04:13.968+02:00, 0.306E-02, 2213.8938, 0.88895E+06
  752700,2026-09-23T13:04:25.100+02:00, 0.291E-02, 2214.1808, 0.88908E+06
  752800,2026-09-23T13:04:36.932+02:00, 0.276E-02, 2214.4638, 0.88922E+06
  752900,2026-09-23T13:04:47.783+02:00, 0.293E-02, 2214.7489, 0.88935E+06
  753000,2026-09-23T13:04:59.510+02:00, 0.281E-02, 2215.0370, 0.88948E+06
  753100,2026-09-23T13:05:10.669+02:00, 0.288E-02, 2215.3217, 0.88961E+06
  753200,2026-09-23T13:05:21.883+02:00, 0.282E-02, 2215.6011, 0.88974E+06
  753300,2026-09-23T13:05:33.136+02:00, 0.296E-02, 2215.8856, 0.88988E+06
  753400,2026-09-23T13:05:44.386+02:00, 0.283E-02, 2216.1670, 0.89001E+06
  753500,2026-09-23T13:05:55.591+02:00, 0.283E-02, 2216.4499, 0.89014E+06
  753600,2026-09-23T13:06:06.746+02:00, 0.303E-02, 2216.7246, 0.89027E+06
  753700,2026-09-23T13:06:17.244+02:00, 0.298E-02, 2216.9995, 0.89040E+06
  753800,2026-09-23T13:06:27.812+02:00, 0.271E-02, 2217.2702, 0.89052E+06
  753900,2026-09-23T13:06:39.052+02:00, 0.284E-02, 2217.5464, 0.89065E+06
  754000,2026-09-23T13:06:49.928+02:00, 0.297E-02, 2217.8234, 0.89078E+06
  754100,2026-09-23T13:07:01.537+02:00, 0.261E-02, 2218.1136, 0.89092E+06
  754200,2026-09-23T13:07:12.834+02:00, 0.273E-02, 2218.3931, 0.89105E+06
  754300,2026-09-23T13:07:25.101+02:00, 0.259E-02, 2218.6699, 0.89119E+06
  754400,2026-09-23T13:07:36.588+02:00, 0.271E-02, 2218.9399, 0.89132E+06
  754500,2026-09-23T13:07:48.505+02:00, 0.285E-02, 2219.2190, 0.89146E+06
  754600,2026-09-23T13:08:00.265+02:00, 0.308E-02, 2219.5018, 0.89160E+06
  754700,2026-09-23T13:08:11.238+02:00, 0.291E-02, 2219.7914, 0.89173E+06
  754800,2026-09-23T13:08:23.575+02:00, 0.297E-02, 2220.0789, 0.89187E+06
  754900,2026-09-23T13:08:34.758+02:00, 0.279E-02, 2220.3581, 0.89201E+06
  755000,2026-09-23T13:08:46.026+02:00, 0.295E-02, 2220.6351, 0.89214E+06
  755100,2026-09-23T13:08:57.140+02:00, 0.301E-02, 2220.9196, 0.89227E+06
  755200,2026-09-23T13:09:09.135+02:00, 0.250E-02, 2221.2088, 0.89241E+06
  755300,2026-09-23T13:09:20.405+02:00, 0.274E-02, 2221.4877, 0.89254E+06
  755400,2026-09-23T13:09:31.613+02:00, 0.285E-02, 2221.7619, 0.89268E+06
  755500,2026-09-23T13:09:42.571+02:00, 0.272E-02, 2222.0380, 0.89281E+06
  755600,2026-09-23T13:09:53.884+02:00, 0.280E-02, 2222.3183, 0.89294E+06
  755700,2026-09-23T13:10:04.745+02:00, 0.296E-02, 2222.6019, 0.89307E+06
  755800,2026-09-23T13:10:16.601+02:00, 0.286E-02, 2222.8873, 0.89321E+06
  755900,2026-09-23T13:10:28.576+02:00, 0.282E-02, 2223.1592, 0.89335E+06
  756000,2026-09-23T13:10:40.450+02:00, 0.250E-02, 2223.4377, 0.89349E+06
  756100,2026-09-23T13:10:51.691+02:00, 0.289E-02, 2223.7117, 0.89362E+06
  756200,2026-09-23T13:11:02.970+02:00, 0.280E-02, 2223.9935, 0.89375E+06
  756300,2026-09-23T13:11:13.803+02:00, 0.280E-02, 2224.2737, 0.89388E+06
  756400,2026-09-23T13:11:24.765+02:00, 0.288E-02, 2224.5457, 0.89401E+06
  756500,2026-09-23T13:11:36.045+02:00, 0.281E-02, 2224.8267, 0.89415E+06
  756600,2026-09-23T13:11:46.901+02:00, 0.295E-02, 2225.1064, 0.89427E+06
  756700,2026-09-23T13:11:57.623+02:00, 0.287E-02, 2225.3912, 0.89440E+06
  756800,2026-09-23T13:12:08.763+02:00, 0.287E-02, 2225.6783, 0.89453E+06
  756900,2026-09-23T13:12:19.614+02:00, 0.278E-02, 2225.9618, 0.89466E+06
  757000,2026-09-23T13:12:30.791+02:00, 0.268E-02, 2226.2301, 0.89479E+06
  757100,2026-09-23T13:12:42.005+02:00, 0.283E-02, 2226.5046, 0.89493E+06
  757200,2026-09-23T13:12:53.573+02:00, 0.283E-02, 2226.7874, 0.89506E+06
  757300,2026-09-23T13:13:05.072+02:00, 0.282E-02, 2227.0673, 0.89519E+06
  757400,2026-09-23T13:13:17.170+02:00, 0.252E-02, 2227.3402, 0.89534E+06
  757500,2026-09-23T13:13:28.801+02:00, 0.288E-02, 2227.6196, 0.89547E+06
  757600,2026-09-23T13:13:40.220+02:00, 0.303E-02, 2227.8948, 0.89561E+06
  757700,2026-09-23T13:13:51.510+02:00, 0.287E-02, 2228.1810, 0.89574E+06
  757800,2026-09-23T13:14:02.267+02:00, 0.287E-02, 2228.4682, 0.89587E+06
  757900,2026-09-23T13:14:13.253+02:00, 0.274E-02, 2228.7452, 0.89600E+06
  758000,2026-09-23T13:14:24.814+02:00, 0.274E-02, 2229.0192, 0.89613E+06
  758100,2026-09-23T13:14:35.363+02:00, 0.280E-02, 2229.2882, 0.89626E+06
  758200,2026-09-23T13:14:46.834+02:00, 0.292E-02, 2229.5551, 0.89639E+06
  758300,2026-09-23T13:14:58.659+02:00, 0.282E-02, 2229.8110, 0.89652E+06
  758400,2026-09-23T13:15:09.623+02:00, 0.276E-02, 2230.0892, 0.89665E+06
  758500,2026-09-23T13:15:20.891+02:00, 0.273E-02, 2230.3605, 0.89679E+06
  758600,2026-09-23T13:15:31.804+02:00, 0.251E-02, 2230.6444, 0.89692E+06
  758700,2026-09-23T13:15:43.385+02:00, 0.286E-02, 2230.9227, 0.89705E+06
  758800,2026-09-23T13:15:54.975+02:00, 0.272E-02, 2231.1903, 0.89719E+06
  758900,2026-09-23T13:16:07.086+02:00, 0.286E-02, 2231.4702, 0.89733E+06
  759000,2026-09-23T13:16:18.626+02:00, 0.285E-02, 2231.7484, 0.89746E+06
  759100,2026-09-23T13:16:30.075+02:00, 0.265E-02, 2232.0384, 0.89760E+06
  759200,2026-09-23T13:16:41.409+02:00, 0.291E-02, 2232.3285, 0.89773E+06
  759300,2026-09-23T13:16:52.016+02:00, 0.308E-02, 2232.6192, 0.89786E+06
  759400,2026-09-23T13:17:03.271+02:00, 0.293E-02, 2232.9118, 0.89799E+06
  759500,2026-09-23T13:17:14.189+02:00, 0.284E-02, 2233.1911, 0.89812E+06
  759600,2026-09-23T13:17:25.945+02:00, 0.298E-02, 2233.4731, 0.89825E+06
  759700,2026-09-23T13:17:37.128+02:00, 0.287E-02, 2233.7538, 0.89839E+06
  759800,2026-09-23T13:17:48.922+02:00, 0.287E-02, 2234.0405, 0.89852E+06
  759900,2026-09-23T13:18:00.540+02:00, 0.294E-02, 2234.3294, 0.89866E+06
  760000,2026-09-23T13:18:11.457+02:00, 0.274E-02, 2234.6157, 0.89879E+06
  760100,2026-09-23T13:18:21.985+02:00, 0.302E-02, 2234.8969, 0.89891E+06
  760200,2026-09-23T13:18:33.862+02:00, 0.316E-02, 2235.1800, 0.89905E+06
  760300,2026-09-23T13:18:44.612+02:00, 0.282E-02, 2235.4630, 0.89918E+06
  760400,2026-09-23T13:18:56.047+02:00, 0.273E-02, 2235.7397, 0.89931E+06
  760500,2026-09-23T13:19:06.747+02:00, 0.283E-02, 2236.0195, 0.89944E+06
  760600,2026-09-23T13:19:17.744+02:00, 0.294E-02, 2236.2977, 0.89957E+06
  760700,2026-09-23T13:19:28.812+02:00, 0.260E-02, 2236.5708, 0.89970E+06
  760800,2026-09-23T13:19:40.558+02:00, 0.263E-02, 2236.8541, 0.89983E+06
  760900,2026-09-23T13:19:51.945+02:00, 0.310E-02, 2237.1385, 0.89997E+06
  761000,2026-09-23T13:20:03.104+02:00, 0.280E-02, 2237.4177, 0.90010E+06
  761100,2026-09-23T13:20:14.203+02:00, 0.263E-02, 2237.6941, 0.90023E+06
  761200,2026-09-23T13:20:25.523+02:00, 0.304E-02, 2237.9766, 0.90036E+06
  761300,2026-09-23T13:20:36.626+02:00, 0.269E-02, 2238.2598, 0.90049E+06
  761400,2026-09-23T13:20:48.376+02:00, 0.282E-02, 2238.5397, 0.90063E+06
  761500,2026-09-23T13:20:59.159+02:00, 0.279E-02, 2238.8176, 0.90076E+06
  761600,2026-09-23T13:21:10.341+02:00, 0.280E-02, 2239.0886, 0.90089E+06
  761700,2026-09-23T13:21:21.492+02:00, 0.290E-02, 2239.3763, 0.90102E+06
  761800,2026-09-23T13:21:33.153+02:00, 0.261E-02, 2239.6603, 0.90116E+06
  761900,2026-09-23T13:21:45.091+02:00, 0.250E-02, 2239.9421, 0.90130E+06
  762000,2026-09-23T13:21:56.718+02:00, 0.288E-02, 2240.2265, 0.90144E+06
  762100,2026-09-23T13:22:07.621+02:00, 0.284E-02, 2240.5101, 0.90156E+06
  762200,2026-09-23T13:22:17.999+02:00, 0.274E-02, 2240.7841, 0.90169E+06
  762300,2026-09-23T13:22:29.358+02:00, 0.292E-02, 2241.0661, 0.90182E+06
  762400,2026-09-23T13:22:41.041+02:00, 0.287E-02, 2241.3517, 0.90196E+06
  762500,2026-09-23T13:22:52.132+02:00, 0.297E-02, 2241.6286, 0.90209E+06
  762600,2026-09-23T13:23:03.126+02:00, 0.278E-02, 2241.8870, 0.90222E+06
  762700,2026-09-23T13:23:14.497+02:00, 0.273E-02, 2242.1646, 0.90236E+06
  762800,2026-09-23T13:23:25.507+02:00, 0.280E-02, 2242.4382, 0.90249E+06
  762900,2026-09-23T13:23:36.993+02:00, 0.282E-02, 2242.7100, 0.90262E+06
  763000,2026-09-23T13:23:48.513+02:00, 0.260E-02, 2242.9784, 0.90276E+06
  763100,2026-09-23T13:23:59.893+02:00, 0.274E-02, 2243.2529, 0.90289E+06
  763200,2026-09-23T13:24:11.791+02:00, 0.253E-02, 2243.5237, 0.90303E+06
  763300,2026-09-23T13:24:22.916+02:00, 0.248E-02, 2243.8042, 0.90317E+06
  763400,2026-09-23T13:24:34.774+02:00, 0.278E-02, 2244.0802, 0.90331E+06
  763500,2026-09-23T13:24:46.890+02:00, 0.278E-02, 2244.3585, 0.90345E+06
  763600,2026-09-23T13:24:58.258+02:00, 0.293E-02, 2244.6318, 0.90358E+06
  763700,2026-09-23T13:25:09.943+02:00, 0.259E-02, 2244.9186, 0.90372E+06
  763800,2026-09-23T13:25:21.078+02:00, 0.285E-02, 2245.2031, 0.90385E+06
  763900,2026-09-23T13:25:32.189+02:00, 0.313E-02, 2245.4959, 0.90398E+06
  764000,2026-09-23T13:25:42.656+02:00, 0.301E-02, 2245.7889, 0.90410E+06
  764100,2026-09-23T13:25:53.592+02:00, 0.279E-02, 2246.0701, 0.90423E+06
  764200,2026-09-23T13:26:05.067+02:00, 0.252E-02, 2246.3492, 0.90437E+06
  764300,2026-09-23T13:26:16.665+02:00, 0.291E-02, 2246.6378, 0.90450E+06
  764400,2026-09-23T13:26:27.279+02:00, 0.287E-02, 2246.9210, 0.90463E+06
  764500,2026-09-23T13:26:37.820+02:00, 0.273E-02, 2247.1926, 0.90475E+06
  764600,2026-09-23T13:26:49.054+02:00, 0.297E-02, 2247.4775, 0.90489E+06
  764700,2026-09-23T13:27:00.074+02:00, 0.293E-02, 2247.7660, 0.90502E+06
  764800,2026-09-23T13:27:11.565+02:00, 0.313E-02, 2248.0524, 0.90515E+06
  764900,2026-09-23T13:27:23.749+02:00, 0.280E-02, 2248.3359, 0.90529E+06
  765000,2026-09-23T13:27:36.356+02:00, 0.293E-02, 2248.6021, 0.90543E+06
  765100,2026-09-23T13:27:48.349+02:00, 0.272E-02, 2248.8809, 0.90557E+06
  765200,2026-09-23T13:28:00.036+02:00, 0.292E-02, 2249.1710, 0.90571E+06
  765300,2026-09-23T13:28:12.114+02:00, 0.256E-02, 2249.4513, 0.90585E+06
  765400,2026-09-23T13:28:23.210+02:00, 0.277E-02, 2249.7316, 0.90598E+06
  765500,2026-09-23T13:28:34.694+02:00, 0.305E-02, 2250.0181, 0.90611E+06
  765600,2026-09-23T13:28:45.734+02:00, 0.285E-02, 2250.3002, 0.90625E+06
  765700,2026-09-23T13:28:57.763+02:00, 0.288E-02, 2250.5738, 0.90639E+06
  765800,2026-09-23T13:29:09.423+02:00, 0.275E-02, 2250.8468, 0.90652E+06
  765900,2026-09-23T13:29:20.803+02:00, 0.288E-02, 2251.1405, 0.90665E+06
  766000,2026-09-23T13:29:31.799+02:00, 0.277E-02, 2251.4135, 0.90678E+06
  766100,2026-09-23T13:29:43.126+02:00, 0.250E-02, 2251.6781, 0.90692E+06
  766200,2026-09-23T13:29:55.110+02:00, 0.244E-02, 2251.9479, 0.90706E+06
  766300,2026-09-23T13:30:06.613+02:00, 0.284E-02, 2252.2229, 0.90719E+06
  766400,2026-09-23T13:30:17.658+02:00, 0.292E-02, 2252.4870, 0.90732E+06
  766500,2026-09-23T13:30:28.604+02:00, 0.275E-02, 2252.7607, 0.90745E+06
  766600,2026-09-23T13:30:39.671+02:00, 0.283E-02, 2253.0431, 0.90758E+06
  766700,2026-09-23T13:30:51.294+02:00, 0.278E-02, 2253.3217, 0.90772E+06
  766800,2026-09-23T13:31:02.292+02:00, 0.278E-02, 2253.5995, 0.90785E+06
  766900,2026-09-23T13:31:13.343+02:00, 0.262E-02, 2253.8769, 0.90798E+06
  767000,2026-09-23T13:31:24.871+02:00, 0.270E-02, 2254.1532, 0.90812E+06
  767100,2026-09-23T13:31:35.964+02:00, 0.282E-02, 2254.4346, 0.90825E+06
  767200,2026-09-23T13:31:46.861+02:00, 0.278E-02, 2254.7115, 0.90838E+06
  767300,2026-09-23T13:31:58.120+02:00, 0.272E-02, 2254.9836, 0.90851E+06
  767400,2026-09-23T13:32:09.641+02:00, 0.233E-02, 2255.2491, 0.90864E+06
  767500,2026-09-23T13:32:21.543+02:00, 0.266E-02, 2255.5006, 0.90878E+06
  767600,2026-09-23T13:32:33.172+02:00, 0.273E-02, 2255.7655, 0.90892E+06
  767700,2026-09-23T13:32:45.202+02:00, 0.284E-02, 2256.0344, 0.90906E+06
  767800,2026-09-23T13:32:57.008+02:00, 0.278E-02, 2256.3113, 0.90920E+06
  767900,2026-09-23T13:33:08.325+02:00, 0.241E-02, 2256.5904, 0.90933E+06
  768000,2026-09-23T13:33:19.175+02:00, 0.279E-02, 2256.8645, 0.90946E+06
  768100,2026-09-23T13:33:30.199+02:00, 0.265E-02, 2257.1383, 0.90959E+06
  768200,2026-09-23T13:33:41.902+02:00, 0.255E-02, 2257.4232, 0.90973E+06
  768300,2026-09-23T13:33:53.131+02:00, 0.290E-02, 2257.7077, 0.90986E+06
  768400,2026-09-23T13:34:04.001+02:00, 0.266E-02, 2257.9833, 0.90999E+06
  768500,2026-09-23T13:34:15.242+02:00, 0.275E-02, 2258.2535, 0.91012E+06
  768600,2026-09-23T13:34:26.680+02:00, 0.273E-02, 2258.5197, 0.91026E+06
  768700,2026-09-23T13:34:38.808+02:00, 0.290E-02, 2258.8038, 0.91040E+06
  768800,2026-09-23T13:34:50.578+02:00, 0.269E-02, 2259.0790, 0.91054E+06
  768900,2026-09-23T13:35:03.281+02:00, 0.284E-02, 2259.3533, 0.91068E+06
  769000,2026-09-23T13:35:14.497+02:00, 0.301E-02, 2259.6274, 0.91081E+06
  769100,2026-09-23T13:35:25.768+02:00, 0.268E-02, 2259.9063, 0.91095E+06
  769200,2026-09-23T13:35:37.056+02:00, 0.295E-02, 2260.1963, 0.91108E+06
  769300,2026-09-23T13:35:47.749+02:00, 0.295E-02, 2260.4915, 0.91121E+06
  769400,2026-09-23T13:35:59.444+02:00, 0.272E-02, 2260.7655, 0.91135E+06
  769500,2026-09-23T13:36:11.577+02:00, 0.276E-02, 2261.0411, 0.91149E+06
  769600,2026-09-23T13:36:23.444+02:00, 0.295E-02, 2261.3260, 0.91162E+06
  769700,2026-09-23T13:36:34.735+02:00, 0.261E-02, 2261.6208, 0.91176E+06
  769800,2026-09-23T13:36:46.931+02:00, 0.277E-02, 2261.8943, 0.91190E+06
  769900,2026-09-23T13:36:57.632+02:00, 0.270E-02, 2262.1682, 0.91203E+06
  770000,2026-09-23T13:37:09.724+02:00, 0.292E-02, 2262.4453, 0.91217E+06
  770100,2026-09-23T13:37:21.362+02:00, 0.268E-02, 2262.7093, 0.91230E+06
  770200,2026-09-23T13:37:32.154+02:00, 0.243E-02, 2262.9846, 0.91243E+06
  770300,2026-09-23T13:37:42.883+02:00, 0.289E-02, 2263.2586, 0.91256E+06
  770400,2026-09-23T13:37:54.109+02:00, 0.257E-02, 2263.5460, 0.91269E+06
  770500,2026-09-23T13:38:06.001+02:00, 0.292E-02, 2263.8278, 0.91283E+06
  770600,2026-09-23T13:38:17.253+02:00, 0.280E-02, 2264.1127, 0.91296E+06
  770700,2026-09-23T13:38:28.360+02:00, 0.280E-02, 2264.3925, 0.91309E+06
  770800,2026-09-23T13:38:40.260+02:00, 0.284E-02, 2264.6710, 0.91323E+06
  770900,2026-09-23T13:38:51.462+02:00, 0.286E-02, 2264.9425, 0.91336E+06
  771000,2026-09-23T13:39:02.695+02:00, 0.297E-02, 2265.2294, 0.91350E+06
  771100,2026-09-23T13:39:13.908+02:00, 0.280E-02, 2265.5123, 0.91363E+06
  771200,2026-09-23T13:39:24.751+02:00, 0.275E-02, 2265.7907, 0.91376E+06
  771300,2026-09-23T13:39:36.016+02:00, 0.287E-02, 2266.0706, 0.91389E+06
  771400,2026-09-23T13:39:46.740+02:00, 0.283E-02, 2266.3526, 0.91402E+06
  771500,2026-09-23T13:39:57.791+02:00, 0.239E-02, 2266.6287, 0.91415E+06
  771600,2026-09-23T13:40:09.081+02:00, 0.289E-02, 2266.8964, 0.91428E+06
  771700,2026-09-23T13:40:19.824+02:00, 0.284E-02, 2267.1777, 0.91441E+06
  771800,2026-09-23T13:40:30.218+02:00, 0.267E-02, 2267.4479, 0.91453E+06
  771900,2026-09-23T13:40:41.962+02:00, 0.243E-02, 2267.7163, 0.91467E+06
  772000,2026-09-23T13:40:54.050+02:00, 0.279E-02, 2267.9849, 0.91481E+06
  772100,2026-09-23T13:41:05.300+02:00, 0.276E-02, 2268.2583, 0.91494E+06
  772200,2026-09-23T13:41:17.513+02:00, 0.300E-02, 2268.5372, 0.91509E+06
  772300,2026-09-23T13:41:28.910+02:00, 0.276E-02, 2268.8144, 0.91522E+06
  772400,2026-09-23T13:41:40.291+02:00, 0.291E-02, 2269.1066, 0.91535E+06
  772500,2026-09-23T13:41:51.583+02:00, 0.266E-02, 2269.4003, 0.91549E+06
  772600,2026-09-23T13:42:02.776+02:00, 0.292E-02, 2269.6796, 0.91562E+06
  772700,2026-09-23T13:42:13.996+02:00, 0.276E-02, 2269.9590, 0.91575E+06
  772800,2026-09-23T13:42:25.646+02:00, 0.282E-02, 2270.2337, 0.91588E+06
  772900,2026-09-23T13:42:37.097+02:00, 0.255E-02, 2270.5080, 0.91602E+06
  773000,2026-09-23T13:42:48.892+02:00, 0.278E-02, 2270.7847, 0.91616E+06
  773100,2026-09-23T13:43:00.327+02:00, 0.229E-02, 2271.0640, 0.91629E+06
  773200,2026-09-23T13:43:11.912+02:00, 0.293E-02, 2271.3509, 0.91643E+06
  773300,2026-09-23T13:43:23.409+02:00, 0.287E-02, 2271.6379, 0.91656E+06
  773400,2026-09-23T13:43:35.178+02:00, 0.302E-02, 2271.9197, 0.91670E+06
  773500,2026-09-23T13:43:46.732+02:00, 0.286E-02, 2272.1971, 0.91684E+06
  773600,2026-09-23T13:43:58.076+02:00, 0.290E-02, 2272.4753, 0.91697E+06
  773700,2026-09-23T13:44:09.555+02:00, 0.283E-02, 2272.7585, 0.91711E+06
  773800,2026-09-23T13:44:20.541+02:00, 0.272E-02, 2273.0334, 0.91724E+06
  773900,2026-09-23T13:44:31.421+02:00, 0.290E-02, 2273.3097, 0.91737E+06
  774000,2026-09-23T13:44:42.108+02:00, 0.303E-02, 2273.5908, 0.91749E+06
  774100,2026-09-23T13:44:53.939+02:00, 0.237E-02, 2273.8859, 0.91763E+06
  774200,2026-09-23T13:45:04.824+02:00, 0.278E-02, 2274.1658, 0.91776E+06
  774300,2026-09-23T13:45:16.523+02:00, 0.237E-02, 2274.4433, 0.91789E+06
  774400,2026-09-23T13:45:27.834+02:00, 0.264E-02, 2274.7097, 0.91803E+06
  774500,2026-09-23T13:45:39.191+02:00, 0.291E-02, 2274.9943, 0.91816E+06
  774600,2026-09-23T13:45:51.250+02:00, 0.272E-02, 2275.2648, 0.91830E+06
  774700,2026-09-23T13:46:03.349+02:00, 0.290E-02, 2275.5277, 0.91844E+06
  774800,2026-09-23T13:46:14.853+02:00, 0.255E-02, 2275.8027, 0.91858E+06
  774900,2026-09-23T13:46:26.698+02:00, 0.292E-02, 2276.0657, 0.91872E+06
  775000,2026-09-23T13:46:38.376+02:00, 0.268E-02, 2276.3365, 0.91885E+06
  775100,2026-09-23T13:46:50.075+02:00, 0.282E-02, 2276.6102, 0.91899E+06
  775200,2026-09-23T13:47:01.410+02:00, 0.276E-02, 2276.8861, 0.91912E+06
  775300,2026-09-23T13:47:12.170+02:00, 0.301E-02, 2277.1651, 0.91925E+06
  775400,2026-09-23T13:47:22.998+02:00, 0.289E-02, 2277.4501, 0.91938E+06
  775500,2026-09-23T13:47:34.239+02:00, 0.273E-02, 2277.7313, 0.91951E+06
  775600,2026-09-23T13:47:44.503+02:00, 0.273E-02, 2278.0042, 0.91964E+06
  775700,2026-09-23T13:47:55.568+02:00, 0.281E-02, 2278.2840, 0.91977E+06
  775800,2026-09-23T13:48:06.347+02:00, 0.288E-02, 2278.5701, 0.91989E+06
  775900,2026-09-23T13:48:17.274+02:00, 0.282E-02, 2278.8549, 0.92002E+06
  776000,2026-09-23T13:48:28.246+02:00, 0.253E-02, 2279.1346, 0.92015E+06
  776100,2026-09-23T13:48:38.894+02:00, 0.275E-02, 2279.4184, 0.92028E+06
  776200,2026-09-23T13:48:49.562+02:00, 0.290E-02, 2279.7002, 0.92041E+06
  776300,2026-09-23T13:49:01.239+02:00, 0.274E-02, 2279.9871, 0.92054E+06
  776400,2026-09-23T13:49:13.465+02:00, 0.242E-02, 2280.2585, 0.92069E+06
  776500,2026-09-23T13:49:24.512+02:00, 0.268E-02, 2280.5286, 0.92082E+06
  776600,2026-09-23T13:49:35.928+02:00, 0.281E-02, 2280.7954, 0.92095E+06
  776700,2026-09-23T13:49:47.563+02:00, 0.294E-02, 2281.0696, 0.92109E+06
  776800,2026-09-23T13:49:59.005+02:00, 0.285E-02, 2281.3439, 0.92123E+06
  776900,2026-09-23T13:50:10.611+02:00, 0.269E-02, 2281.6161, 0.92136E+06
  777000,2026-09-23T13:50:21.416+02:00, 0.252E-02, 2281.8918, 0.92149E+06
  777100,2026-09-23T13:50:32.792+02:00, 0.274E-02, 2282.1699, 0.92162E+06
  777200,2026-09-23T13:50:43.945+02:00, 0.252E-02, 2282.4472, 0.92176E+06
  777300,2026-09-23T13:50:55.518+02:00, 0.277E-02, 2282.7226, 0.92189E+06
  777400,2026-09-23T13:51:06.903+02:00, 0.285E-02, 2282.9993, 0.92203E+06
  777500,2026-09-23T13:51:18.193+02:00, 0.271E-02, 2283.2772, 0.92216E+06
  777600,2026-09-23T13:51:29.702+02:00, 0.290E-02, 2283.5599, 0.92230E+06
  777700,2026-09-23T13:51:40.311+02:00, 0.261E-02, 2283.8470, 0.92243E+06
  777800,2026-09-23T13:51:51.101+02:00, 0.268E-02, 2284.1216, 0.92255E+06
  777900,2026-09-23T13:52:02.416+02:00, 0.272E-02, 2284.4008, 0.92269E+06
  778000,2026-09-23T13:52:13.658+02:00, 0.258E-02, 2284.6793, 0.92282E+06
  778100,2026-09-23T13:52:24.318+02:00, 0.284E-02, 2284.9525, 0.92295E+06
  778200,2026-09-23T13:52:35.578+02:00, 0.263E-02, 2285.2267, 0.92308E+06
  778300,2026-09-23T13:52:46.763+02:00, 0.293E-02, 2285.4982, 0.92321E+06
  778400,2026-09-23T13:52:57.937+02:00, 0.281E-02, 2285.7777, 0.92334E+06
  778500,2026-09-23T13:53:08.991+02:00, 0.277E-02, 2286.0529, 0.92347E+06
  778600,2026-09-23T13:53:19.352+02:00, 0.231E-02, 2286.3170, 0.92360E+06
  778700,2026-09-23T13:53:30.420+02:00, 0.271E-02, 2286.5913, 0.92373E+06
  778800,2026-09-23T13:53:41.272+02:00, 0.233E-02, 2286.8763, 0.92386E+06
  778900,2026-09-23T13:53:52.324+02:00, 0.304E-02, 2287.1513, 0.92399E+06
  779000,2026-09-23T13:54:03.226+02:00, 0.268E-02, 2287.4281, 0.92412E+06
  779100,2026-09-23T13:54:14.958+02:00, 0.283E-02, 2287.7050, 0.92425E+06
  779200,2026-09-23T13:54:26.392+02:00, 0.302E-02, 2287.9910, 0.92439E+06
  779300,2026-09-23T13:54:37.528+02:00, 0.289E-02, 2288.2791, 0.92452E+06
  779400,2026-09-23T13:54:48.543+02:00, 0.288E-02, 2288.5608, 0.92465E+06
  779500,2026-09-23T13:54:59.839+02:00, 0.273E-02, 2288.8393, 0.92478E+06
  779600,2026-09-23T13:55:10.643+02:00, 0.250E-02, 2289.1189, 0.92491E+06
  779700,2026-09-23T13:55:21.721+02:00, 0.265E-02, 2289.3964, 0.92504E+06
  779800,2026-09-23T13:55:33.136+02:00, 0.292E-02, 2289.6825, 0.92517E+06
  779900,2026-09-23T13:55:43.907+02:00, 0.292E-02, 2289.9742, 0.92530E+06
  780000,2026-09-23T13:55:55.106+02:00, 0.288E-02, 2290.2571, 0.92543E+06
  780100,2026-09-23T13:56:06.248+02:00, 0.285E-02, 2290.5287, 0.92556E+06
  780200,2026-09-23T13:56:17.444+02:00, 0.278E-02, 2290.8036, 0.92570E+06
  780300,2026-09-23T13:56:28.221+02:00, 0.283E-02, 2291.0769, 0.92582E+06
  780400,2026-09-23T13:56:39.121+02:00, 0.283E-02, 2291.3599, 0.92595E+06
  780500,2026-09-23T13:56:49.808+02:00, 0.278E-02, 2291.6342, 0.92608E+06
  780600,2026-09-23T13:57:00.944+02:00, 0.259E-02, 2291.9143, 0.92621E+06
  780700,2026-09-23T13:57:12.024+02:00, 0.303E-02, 2292.1960, 0.92634E+06
  780800,2026-09-23T13:57:23.155+02:00, 0.303E-02, 2292.4987, 0.92648E+06
  780900,2026-09-23T13:57:34.007+02:00, 0.284E-02, 2292.7816, 0.92661E+06
  781000,2026-09-23T13:57:45.311+02:00, 0.301E-02, 2293.0584, 0.92674E+06
  781100,2026-09-23T13:57:56.505+02:00, 0.235E-02, 2293.3496, 0.92687E+06
  781200,2026-09-23T13:58:08.015+02:00, 0.241E-02, 2293.6299, 0.92701E+06
  781300,2026-09-23T13:58:19.204+02:00, 0.266E-02, 2293.8951, 0.92714E+06
  781400,2026-09-23T13:58:30.769+02:00, 0.294E-02, 2294.1656, 0.92728E+06
  781500,2026-09-23T13:58:42.817+02:00, 0.301E-02, 2294.4440, 0.92742E+06
  781600,2026-09-23T13:58:54.710+02:00, 0.298E-02, 2294.7271, 0.92756E+06
  781700,2026-09-23T13:59:06.256+02:00, 0.293E-02, 2295.0057, 0.92769E+06
  781800,2026-09-23T13:59:17.701+02:00, 0.250E-02, 2295.2881, 0.92783E+06
  781900,2026-09-23T13:59:28.777+02:00, 0.296E-02, 2295.5788, 0.92796E+06
  782000,2026-09-23T13:59:40.328+02:00, 0.296E-02, 2295.8744, 0.92809E+06
  782100,2026-09-23T13:59:51.536+02:00, 0.225E-02, 2296.1530, 0.92823E+06
  782200,2026-09-23T14:00:03.023+02:00, 0.300E-02, 2296.4238, 0.92836E+06
  782300,2026-09-23T14:00:14.162+02:00, 0.231E-02, 2296.7061, 0.92849E+06
  782400,2026-09-23T14:00:25.421+02:00, 0.280E-02, 2296.9805, 0.92863E+06
  782500,2026-09-23T14:00:35.982+02:00, 0.282E-02, 2297.2700, 0.92875E+06
  782600,2026-09-23T14:00:47.694+02:00, 0.280E-02, 2297.5507, 0.92889E+06
  782700,2026-09-23T14:00:58.732+02:00, 0.264E-02, 2297.8485, 0.92902E+06
  782800,2026-09-23T14:01:10.362+02:00, 0.266E-02, 2298.1321, 0.92915E+06
  782900,2026-09-23T14:01:21.653+02:00, 0.293E-02, 2298.4239, 0.92929E+06
  783000,2026-09-23T14:01:32.590+02:00, 0.278E-02, 2298.7043, 0.92942E+06
  783100,2026-09-23T14:01:43.536+02:00, 0.289E-02, 2298.9816, 0.92955E+06
  783200,2026-09-23T14:01:54.503+02:00, 0.278E-02, 2299.2538, 0.92968E+06
  783300,2026-09-23T14:02:05.021+02:00, 0.244E-02, 2299.5308, 0.92980E+06
  783400,2026-09-23T14:02:15.680+02:00, 0.282E-02, 2299.8136, 0.92993E+06
  783500,2026-09-23T14:02:26.086+02:00, 0.291E-02, 2300.0949, 0.93005E+06
  783600,2026-09-23T14:02:37.554+02:00, 0.283E-02, 2300.3821, 0.93018E+06
  783700,2026-09-23T14:02:48.097+02:00, 0.244E-02, 2300.6532, 0.93031E+06
  783800,2026-09-23T14:02:58.459+02:00, 0.282E-02, 2300.9285, 0.93043E+06
  783900,2026-09-23T14:03:09.730+02:00, 0.246E-02, 2301.2083, 0.93057E+06
  784000,2026-09-23T14:03:21.206+02:00, 0.278E-02, 2301.4813, 0.93070E+06
  784100,2026-09-23T14:03:31.987+02:00, 0.293E-02, 2301.7631, 0.93083E+06
  784200,2026-09-23T14:03:43.135+02:00, 0.274E-02, 2302.0526, 0.93096E+06
  784300,2026-09-23T14:03:54.032+02:00, 0.291E-02, 2302.3277, 0.93109E+06
  784400,2026-09-23T14:04:04.521+02:00, 0.281E-02, 2302.6070, 0.93121E+06
  784500,2026-09-23T14:04:15.600+02:00, 0.276E-02, 2302.8802, 0.93134E+06
  784600,2026-09-23T14:04:26.384+02:00, 0.244E-02, 2303.1455, 0.93147E+06
  784700,2026-09-23T14:04:37.142+02:00, 0.266E-02, 2303.4088, 0.93160E+06
  784800,2026-09-23T14:04:48.794+02:00, 0.248E-02, 2303.6809, 0.93174E+06
  784900,2026-09-23T14:05:00.513+02:00, 0.263E-02, 2303.9634, 0.93187E+06
  785000,2026-09-23T14:05:12.232+02:00, 0.285E-02, 2304.2390, 0.93201E+06
  785100,2026-09-23T14:05:23.533+02:00, 0.285E-02, 2304.5238, 0.93214E+06
  785200,2026-09-23T14:05:35.430+02:00, 0.284E-02, 2304.8047, 0.93228E+06
  785300,2026-09-23T14:05:47.057+02:00, 0.262E-02, 2305.0944, 0.93242E+06
  785400,2026-09-23T14:05:58.280+02:00, 0.289E-02, 2305.3823, 0.93255E+06
  785500,2026-09-23T14:06:09.140+02:00, 0.306E-02, 2305.6692, 0.93268E+06
  785600,2026-09-23T14:06:19.951+02:00, 0.245E-02, 2305.9418, 0.93280E+06
  785700,2026-09-23T14:06:31.040+02:00, 0.288E-02, 2306.2187, 0.93294E+06
  785800,2026-09-23T14:06:41.654+02:00, 0.273E-02, 2306.4977, 0.93306E+06
  785900,2026-09-23T14:06:52.883+02:00, 0.285E-02, 2306.7664, 0.93319E+06
  786000,2026-09-23T14:07:04.348+02:00, 0.278E-02, 2307.0421, 0.93333E+06
  786100,2026-09-23T14:07:15.671+02:00, 0.270E-02, 2307.3119, 0.93346E+06
  786200,2026-09-23T14:07:26.661+02:00, 0.270E-02, 2307.5819, 0.93359E+06
  786300,2026-09-23T14:07:38.749+02:00, 0.288E-02, 2307.8497, 0.93373E+06
  786400,2026-09-23T14:07:50.325+02:00, 0.277E-02, 2308.1231, 0.93387E+06
  786500,2026-09-23T14:08:01.425+02:00, 0.239E-02, 2308.3976, 0.93400E+06
  786600,2026-09-23T14:08:12.938+02:00, 0.286E-02, 2308.6789, 0.93413E+06
  786700,2026-09-23T14:08:23.619+02:00, 0.301E-02, 2308.9700, 0.93426E+06
  786800,2026-09-23T14:08:33.960+02:00, 0.308E-02, 2309.2525, 0.93438E+06
  786900,2026-09-23T14:08:44.488+02:00, 0.287E-02, 2309.5339, 0.93451E+06
  787000,2026-09-23T14:08:55.791+02:00, 0.279E-02, 2309.8120, 0.93464E+06
  787100,2026-09-23T14:09:07.913+02:00, 0.244E-02, 2310.0854, 0.93478E+06
  787200,2026-09-23T14:09:19.865+02:00, 0.250E-02, 2310.3625, 0.93492E+06
  787300,2026-09-23T14:09:31.865+02:00, 0.287E-02, 2310.6416, 0.93506E+06
  787400,2026-09-23T14:09:43.624+02:00, 0.285E-02, 2310.9173, 0.93520E+06
  787500,2026-09-23T14:09:54.367+02:00, 0.278E-02, 2311.1955, 0.93533E+06
  787600,2026-09-23T14:10:05.390+02:00, 0.285E-02, 2311.4657, 0.93546E+06
  787700,2026-09-23T14:10:16.114+02:00, 0.282E-02, 2311.7526, 0.93559E+06
  787800,2026-09-23T14:10:28.128+02:00, 0.295E-02, 2312.0384, 0.93573E+06
  787900,2026-09-23T14:10:38.708+02:00, 0.286E-02, 2312.3229, 0.93585E+06
  788000,2026-09-23T14:10:50.007+02:00, 0.274E-02, 2312.5959, 0.93599E+06
  788100,2026-09-23T14:11:01.010+02:00, 0.289E-02, 2312.8763, 0.93612E+06
  788200,2026-09-23T14:11:11.436+02:00, 0.284E-02, 2313.1601, 0.93624E+06
  788300,2026-09-23T14:11:22.561+02:00, 0.278E-02, 2313.4373, 0.93637E+06
  788400,2026-09-23T14:11:33.552+02:00, 0.306E-02, 2313.7277, 0.93650E+06
  788500,2026-09-23T14:11:44.668+02:00, 0.282E-02, 2314.0133, 0.93663E+06
  788600,2026-09-23T14:11:55.301+02:00, 0.267E-02, 2314.3061, 0.93676E+06
  788700,2026-09-23T14:12:06.849+02:00, 0.293E-02, 2314.5957, 0.93689E+06
  788800,2026-09-23T14:12:17.813+02:00, 0.284E-02, 2314.8796, 0.93702E+06
  788900,2026-09-23T14:12:28.302+02:00, 0.275E-02, 2315.1551, 0.93715E+06
  789000,2026-09-23T14:12:39.241+02:00, 0.302E-02, 2315.4326, 0.93728E+06
  789100,2026-09-23T14:12:50.409+02:00, 0.259E-02, 2315.7165, 0.93741E+06
  789200,2026-09-23T14:13:01.219+02:00, 0.299E-02, 2315.9934, 0.93754E+06
  789300,2026-09-23T14:13:12.716+02:00, 0.281E-02, 2316.2848, 0.93767E+06
  789400,2026-09-23T14:13:23.842+02:00, 0.291E-02, 2316.5563, 0.93781E+06
  789500,2026-09-23T14:13:34.770+02:00, 0.282E-02, 2316.8391, 0.93793E+06
  789600,2026-09-23T14:13:45.487+02:00, 0.262E-02, 2317.1094, 0.93806E+06
  789700,2026-09-23T14:13:56.305+02:00, 0.273E-02, 2317.3896, 0.93819E+06
  789800,2026-09-23T14:14:07.530+02:00, 0.300E-02, 2317.6647, 0.93832E+06
  789900,2026-09-23T14:14:19.043+02:00, 0.291E-02, 2317.9561, 0.93845E+06
  790000,2026-09-23T14:14:30.081+02:00, 0.274E-02, 2318.2393, 0.93859E+06
  790100,2026-09-23T14:14:40.741+02:00, 0.239E-02, 2318.5154, 0.93871E+06
  790200,2026-09-23T14:14:52.008+02:00, 0.290E-02, 2318.8013, 0.93885E+06
  790300,2026-09-23T14:15:03.082+02:00, 0.287E-02, 2319.0778, 0.93897E+06
  790400,2026-09-23T14:15:14.053+02:00, 0.304E-02, 2319.3587, 0.93910E+06
  790500,2026-09-23T14:15:25.710+02:00, 0.304E-02, 2319.6461, 0.93924E+06
  790600,2026-09-23T14:15:37.162+02:00, 0.246E-02, 2319.9290, 0.93938E+06
  790700,2026-09-23T14:15:48.621+02:00, 0.298E-02, 2320.2229, 0.93951E+06
  790800,2026-09-23T14:15:59.634+02:00, 0.276E-02, 2320.5043, 0.93964E+06
  790900,2026-09-23T14:16:11.208+02:00, 0.279E-02, 2320.7747, 0.93978E+06
  791000,2026-09-23T14:16:22.181+02:00, 0.275E-02, 2321.0494, 0.93991E+06
  791100,2026-09-23T14:16:33.731+02:00, 0.262E-02, 2321.3232, 0.94005E+06
  791200,2026-09-23T14:16:45.451+02:00, 0.273E-02, 2321.6046, 0.94018E+06
  791300,2026-09-23T14:16:56.841+02:00, 0.242E-02, 2321.8769, 0.94032E+06
  791400,2026-09-23T14:17:07.820+02:00, 0.286E-02, 2322.1535, 0.94045E+06
  791500,2026-09-23T14:17:19.137+02:00, 0.270E-02, 2322.4227, 0.94058E+06
  791600,2026-09-23T14:17:29.904+02:00, 0.304E-02, 2322.7015, 0.94071E+06
  791700,2026-09-23T14:17:41.661+02:00, 0.283E-02, 2322.9834, 0.94085E+06
  791800,2026-09-23T14:17:53.774+02:00, 0.275E-02, 2323.2533, 0.94099E+06
  791900,2026-09-23T14:18:05.174+02:00, 0.275E-02, 2323.5281, 0.94112E+06
  792000,2026-09-23T14:18:17.365+02:00, 0.292E-02, 2323.8105, 0.94127E+06
  792100,2026-09-23T14:18:28.292+02:00, 0.274E-02, 2324.0800, 0.94140E+06
  792200,2026-09-23T14:18:39.288+02:00, 0.290E-02, 2324.3473, 0.94153E+06
  792300,2026-09-23T14:18:50.816+02:00, 0.283E-02, 2324.6158, 0.94166E+06
  792400,2026-09-23T14:19:01.694+02:00, 0.266E-02, 2324.8865, 0.94179E+06
  792500,2026-09-23T14:19:12.462+02:00, 0.216E-02, 2325.1478, 0.94192E+06
  792600,2026-09-23T14:19:23.691+02:00, 0.296E-02, 2325.4137, 0.94205E+06
  792700,2026-09-23T14:19:35.012+02:00, 0.280E-02, 2325.6817, 0.94219E+06
  792800,2026-09-23T14:19:46.672+02:00, 0.249E-02, 2325.9574, 0.94232E+06
  792900,2026-09-23T14:19:58.392+02:00, 0.283E-02, 2326.2345, 0.94246E+06
  793000,2026-09-23T14:20:10.018+02:00, 0.284E-02, 2326.5150, 0.94260E+06
  793100,2026-09-23T14:20:21.050+02:00, 0.246E-02, 2326.7901, 0.94273E+06
  793200,2026-09-23T14:20:32.085+02:00, 0.270E-02, 2327.0590, 0.94286E+06
  793300,2026-09-23T14:20:43.062+02:00, 0.276E-02, 2327.3349, 0.94299E+06
  793400,2026-09-23T14:20:54.533+02:00, 0.296E-02, 2327.6172, 0.94312E+06
  793500,2026-09-23T14:21:05.694+02:00, 0.302E-02, 2327.8949, 0.94325E+06
  793600,2026-09-23T14:21:16.424+02:00, 0.280E-02, 2328.1678, 0.94338E+06
  793700,2026-09-23T14:21:27.571+02:00, 0.289E-02, 2328.4589, 0.94351E+06
  793800,2026-09-23T14:21:38.853+02:00, 0.277E-02, 2328.7368, 0.94364E+06
  793900,2026-09-23T14:21:49.714+02:00, 0.272E-02, 2329.0140, 0.94377E+06
  794000,2026-09-23T14:22:00.792+02:00, 0.293E-02, 2329.3063, 0.94390E+06
  794100,2026-09-23T14:22:11.899+02:00, 0.271E-02, 2329.5976, 0.94403E+06
  794200,2026-09-23T14:22:22.902+02:00, 0.287E-02, 2329.8911, 0.94416E+06
  794300,2026-09-23T14:22:33.819+02:00, 0.299E-02, 2330.1752, 0.94429E+06
  794400,2026-09-23T14:22:44.514+02:00, 0.294E-02, 2330.4677, 0.94442E+06
  794500,2026-09-23T14:22:54.844+02:00, 0.249E-02, 2330.7396, 0.94454E+06
  794600,2026-09-23T14:23:05.869+02:00, 0.261E-02, 2331.0225, 0.94467E+06
  794700,2026-09-23T14:23:16.419+02:00, 0.302E-02, 2331.3053, 0.94480E+06
  794800,2026-09-23T14:23:27.475+02:00, 0.268E-02, 2331.5779, 0.94493E+06
  794900,2026-09-23T14:23:38.606+02:00, 0.285E-02, 2331.8518, 0.94505E+06
  795000,2026-09-23T14:23:49.602+02:00, 0.285E-02, 2332.1371, 0.94518E+06
  795100,2026-09-23T14:24:00.411+02:00, 0.274E-02, 2332.4081, 0.94531E+06
  795200,2026-09-23T14:24:12.345+02:00, 0.269E-02, 2332.6876, 0.94545E+06
  795300,2026-09-23T14:24:23.875+02:00, 0.266E-02, 2332.9726, 0.94559E+06
  795400,2026-09-23T14:24:34.731+02:00, 0.303E-02, 2333.2336, 0.94572E+06
  795500,2026-09-23T14:24:46.206+02:00, 0.258E-02, 2333.5139, 0.94585E+06
  795600,2026-09-23T14:24:58.107+02:00, 0.256E-02, 2333.7945, 0.94598E+06
  795700,2026-09-23T14:25:09.180+02:00, 0.274E-02, 2334.0649, 0.94611E+06
  795800,2026-09-23T14:25:20.903+02:00, 0.256E-02, 2334.3563, 0.94625E+06
  795900,2026-09-23T14:25:31.859+02:00, 0.281E-02, 2334.6340, 0.94638E+06
  796000,2026-09-23T14:25:43.152+02:00, 0.278E-02, 2334.9113, 0.94651E+06
  796100,2026-09-23T14:25:54.266+02:00, 0.268E-02, 2335.1793, 0.94665E+06
  796200,2026-09-23T14:26:05.907+02:00, 0.279E-02, 2335.4517, 0.94678E+06
  796300,2026-09-23T14:26:17.628+02:00, 0.269E-02, 2335.7212, 0.94692E+06
  796400,2026-09-23T14:26:29.225+02:00, 0.284E-02, 2335.9993, 0.94706E+06
  796500,2026-09-23T14:26:40.929+02:00, 0.251E-02, 2336.2678, 0.94719E+06
  796600,2026-09-23T14:26:52.225+02:00, 0.270E-02, 2336.5366, 0.94733E+06
  796700,2026-09-23T14:27:03.603+02:00, 0.292E-02, 2336.8052, 0.94746E+06
  796800,2026-09-23T14:27:15.425+02:00, 0.272E-02, 2337.0827, 0.94760E+06
  796900,2026-09-23T14:27:26.170+02:00, 0.269E-02, 2337.3600, 0.94773E+06
  797000,2026-09-23T14:27:37.319+02:00, 0.269E-02, 2337.6289, 0.94786E+06
  797100,2026-09-23T14:27:48.491+02:00, 0.296E-02, 2337.8981, 0.94799E+06
  797200,2026-09-23T14:27:59.785+02:00, 0.277E-02, 2338.1725, 0.94813E+06
  797300,2026-09-23T14:28:11.130+02:00, 0.289E-02, 2338.4581, 0.94826E+06
  797400,2026-09-23T14:28:21.895+02:00, 0.286E-02, 2338.7414, 0.94839E+06
  797500,2026-09-23T14:28:32.584+02:00, 0.274E-02, 2339.0213, 0.94852E+06
  797600,2026-09-23T14:28:44.459+02:00, 0.292E-02, 2339.2928, 0.94865E+06
  797700,2026-09-23T14:28:55.795+02:00, 0.260E-02, 2339.5706, 0.94879E+06
  797800,2026-09-23T14:29:07.083+02:00, 0.314E-02, 2339.8582, 0.94892E+06
  797900,2026-09-23T14:29:18.897+02:00, 0.265E-02, 2340.1514, 0.94906E+06
  798000,2026-09-23T14:29:30.038+02:00, 0.292E-02, 2340.4238, 0.94919E+06
  798100,2026-09-23T14:29:41.774+02:00, 0.266E-02, 2340.6998, 0.94933E+06
  798200,2026-09-23T14:29:52.780+02:00, 0.276E-02, 2340.9706, 0.94946E+06
  798300,2026-09-23T14:30:04.798+02:00, 0.275E-02, 2341.2368, 0.94960E+06
  798400,2026-09-23T14:30:16.229+02:00, 0.286E-02, 2341.5009, 0.94973E+06
  798500,2026-09-23T14:30:27.502+02:00, 0.281E-02, 2341.7795, 0.94987E+06
  798600,2026-09-23T14:30:39.758+02:00, 0.251E-02, 2342.0564, 0.95001E+06
  798700,2026-09-23T14:30:50.954+02:00, 0.292E-02, 2342.3233, 0.95014E+06
  798800,2026-09-23T14:31:01.873+02:00, 0.260E-02, 2342.5863, 0.95027E+06
  798900,2026-09-23T14:31:12.730+02:00, 0.274E-02, 2342.8675, 0.95040E+06
  799000,2026-09-23T14:31:24.483+02:00, 0.241E-02, 2343.1432, 0.95054E+06
  799100,2026-09-23T14:31:36.484+02:00, 0.293E-02, 2343.4156, 0.95068E+06
  799200,2026-09-23T14:31:48.097+02:00, 0.258E-02, 2343.6912, 0.95082E+06
  799300,2026-09-23T14:31:59.897+02:00, 0.299E-02, 2343.9652, 0.95096E+06
  799400,2026-09-23T14:32:11.296+02:00, 0.282E-02, 2344.2300, 0.95109E+06
  799500,2026-09-23T14:32:22.771+02:00, 0.286E-02, 2344.5072, 0.95123E+06
  799600,2026-09-23T14:32:34.796+02:00, 0.270E-02, 2344.7874, 0.95136E+06
  799700,2026-09-23T14:32:45.567+02:00, 0.263E-02, 2345.0556, 0.95149E+06
  799800,2026-09-23T14:32:56.810+02:00, 0.287E-02, 2345.3296, 0.95163E+06
  799900,2026-09-23T14:33:07.993+02:00, 0.265E-02, 2345.5971, 0.95176E+06
  800000,2026-09-23T14:33:20.048+02:00, 0.260E-02, 2345.8741, 0.95190E+06
  800100,2026-09-23T14:33:31.084+02:00, 0.284E-02, 2346.1491, 0.95203E+06
  800200,2026-09-23T14:33:41.956+02:00, 0.292E-02, 2346.4197, 0.95216E+06
  800300,2026-09-23T14:33:52.431+02:00, 0.239E-02, 2346.6891, 0.95229E+06
  800400,2026-09-23T14:34:02.711+02:00, 0.289E-02, 2346.9546, 0.95241E+06
  800500,2026-09-23T14:34:13.185+02:00, 0.280E-02, 2347.2279, 0.95253E+06
  800600,2026-09-23T14:34:24.003+02:00, 0.292E-02, 2347.5247, 0.95266E+06
  800700,2026-09-23T14:34:34.601+02:00, 0.297E-02, 2347.8029, 0.95279E+06
  800800,2026-09-23T14:34:45.736+02:00, 0.288E-02, 2348.0937, 0.95292E+06
  800900,2026-09-23T14:34:57.498+02:00, 0.274E-02, 2348.3694, 0.95305E+06
  801000,2026-09-23T14:35:09.907+02:00, 0.281E-02, 2348.6502, 0.95320E+06
  801100,2026-09-23T14:35:20.954+02:00, 0.281E-02, 2348.9307, 0.95332E+06
  801200,2026-09-23T14:35:31.982+02:00, 0.288E-02, 2349.2124, 0.95345E+06
  801300,2026-09-23T14:35:42.854+02:00, 0.281E-02, 2349.4950, 0.95358E+06
  801400,2026-09-23T14:35:53.804+02:00, 0.271E-02, 2349.7715, 0.95371E+06
  801500,2026-09-23T14:36:04.720+02:00, 0.298E-02, 2350.0487, 0.95384E+06
  801600,2026-09-23T14:36:16.370+02:00, 0.291E-02, 2350.3286, 0.95398E+06
  801700,2026-09-23T14:36:27.932+02:00, 0.278E-02, 2350.6072, 0.95412E+06
  801800,2026-09-23T14:36:39.847+02:00, 0.284E-02, 2350.8847, 0.95425E+06
  801900,2026-09-23T14:36:51.356+02:00, 0.269E-02, 2351.1520, 0.95439E+06
  802000,2026-09-23T14:37:03.560+02:00, 0.279E-02, 2351.4323, 0.95453E+06
  802100,2026-09-23T14:37:14.621+02:00, 0.264E-02, 2351.7091, 0.95467E+06
  802200,2026-09-23T14:37:25.675+02:00, 0.274E-02, 2351.9770, 0.95480E+06
  802300,2026-09-23T14:37:37.079+02:00, 0.287E-02, 2352.2585, 0.95493E+06
  802400,2026-09-23T14:37:48.589+02:00, 0.263E-02, 2352.5257, 0.95507E+06
  802500,2026-09-23T14:38:00.473+02:00, 0.284E-02, 2352.7958, 0.95521E+06
  802600,2026-09-23T14:38:12.781+02:00, 0.282E-02, 2353.0739, 0.95535E+06
  802700,2026-09-23T14:38:24.673+02:00, 0.274E-02, 2353.3458, 0.95549E+06
  802800,2026-09-23T14:38:36.356+02:00, 0.273E-02, 2353.6294, 0.95563E+06
  802900,2026-09-23T14:38:48.498+02:00, 0.270E-02, 2353.8975, 0.95577E+06
  803000,2026-09-23T14:39:00.612+02:00, 0.247E-02, 2354.1696, 0.95591E+06
  803100,2026-09-23T14:39:11.919+02:00, 0.266E-02, 2354.4524, 0.95604E+06
  803200,2026-09-23T14:39:22.834+02:00, 0.287E-02, 2354.7288, 0.95617E+06
  803300,2026-09-23T14:39:33.683+02:00, 0.306E-02, 2355.0133, 0.95630E+06
  803400,2026-09-23T14:39:45.185+02:00, 0.284E-02, 2355.2882, 0.95644E+06
  803500,2026-09-23T14:39:56.798+02:00, 0.295E-02, 2355.5687, 0.95657E+06
  803600,2026-09-23T14:40:08.488+02:00, 0.262E-02, 2355.8602, 0.95671E+06
  803700,2026-09-23T14:40:19.641+02:00, 0.292E-02, 2356.1451, 0.95684E+06
  803800,2026-09-23T14:40:30.485+02:00, 0.259E-02, 2356.4166, 0.95697E+06
  803900,2026-09-23T14:40:41.944+02:00, 0.292E-02, 2356.6896, 0.95711E+06
  804000,2026-09-23T14:40:53.221+02:00, 0.277E-02, 2356.9665, 0.95724E+06
  804100,2026-09-23T14:41:04.508+02:00, 0.298E-02, 2357.2509, 0.95737E+06
  804200,2026-09-23T14:41:15.945+02:00, 0.256E-02, 2357.5406, 0.95751E+06
  804300,2026-09-23T14:41:27.371+02:00, 0.244E-02, 2357.8152, 0.95764E+06
  804400,2026-09-23T14:41:38.805+02:00, 0.281E-02, 2358.0882, 0.95778E+06
  804500,2026-09-23T14:41:50.449+02:00, 0.299E-02, 2358.3592, 0.95792E+06
  804600,2026-09-23T14:42:02.603+02:00, 0.291E-02, 2358.6285, 0.95806E+06
  804700,2026-09-23T14:42:14.260+02:00, 0.257E-02, 2358.9042, 0.95819E+06
  804800,2026-09-23T14:42:25.708+02:00, 0.282E-02, 2359.1859, 0.95833E+06
  804900,2026-09-23T14:42:36.764+02:00, 0.282E-02, 2359.4681, 0.95846E+06
  805000,2026-09-23T14:42:47.329+02:00, 0.282E-02, 2359.7503, 0.95859E+06
  805100,2026-09-23T14:42:58.993+02:00, 0.293E-02, 2360.0296, 0.95872E+06
  805200,2026-09-23T14:43:10.589+02:00, 0.288E-02, 2360.3127, 0.95886E+06
  805300,2026-09-23T14:43:21.413+02:00, 0.286E-02, 2360.5822, 0.95899E+06
  805400,2026-09-23T14:43:32.081+02:00, 0.268E-02, 2360.8656, 0.95911E+06
  805500,2026-09-23T14:43:42.783+02:00, 0.299E-02, 2361.1481, 0.95924E+06
  805600,2026-09-23T14:43:53.772+02:00, 0.262E-02, 2361.4394, 0.95937E+06
  805700,2026-09-23T14:44:05.226+02:00, 0.241E-02, 2361.7176, 0.95951E+06
  805800,2026-09-23T14:44:16.776+02:00, 0.281E-02, 2361.9875, 0.95964E+06
  805900,2026-09-23T14:44:27.286+02:00, 0.295E-02, 2362.2594, 0.95977E+06
  806000,2026-09-23T14:44:38.139+02:00, 0.256E-02, 2362.5412, 0.95990E+06
  806100,2026-09-23T14:44:49.173+02:00, 0.277E-02, 2362.8156, 0.96003E+06
  806200,2026-09-23T14:45:00.511+02:00, 0.269E-02, 2363.0893, 0.96016E+06
  806300,2026-09-23T14:45:12.137+02:00, 0.285E-02, 2363.3576, 0.96029E+06
  806400,2026-09-23T14:45:23.023+02:00, 0.285E-02, 2363.6422, 0.96042E+06
  806500,2026-09-23T14:45:34.556+02:00, 0.296E-02, 2363.9174, 0.96056E+06
  806600,2026-09-23T14:45:45.453+02:00, 0.283E-02, 2364.2033, 0.96069E+06
  806700,2026-09-23T14:45:56.453+02:00, 0.276E-02, 2364.4846, 0.96082E+06
  806800,2026-09-23T14:46:07.344+02:00, 0.291E-02, 2364.7747, 0.96095E+06
  806900,2026-09-23T14:46:18.605+02:00, 0.288E-02, 2365.0504, 0.96108E+06
  807000,2026-09-23T14:46:29.669+02:00, 0.288E-02, 2365.3380, 0.96121E+06
  807100,2026-09-23T14:46:40.500+02:00, 0.262E-02, 2365.6179, 0.96134E+06
  807200,2026-09-23T14:46:51.392+02:00, 0.286E-02, 2365.8938, 0.96147E+06
  807300,2026-09-23T14:47:02.433+02:00, 0.275E-02, 2366.1685, 0.96160E+06
  807400,2026-09-23T14:47:13.222+02:00, 0.292E-02, 2366.4436, 0.96173E+06
  807500,2026-09-23T14:47:23.774+02:00, 0.283E-02, 2366.7261, 0.96185E+06
  807600,2026-09-23T14:47:35.121+02:00, 0.301E-02, 2367.0142, 0.96199E+06
  807700,2026-09-23T14:47:46.284+02:00, 0.290E-02, 2367.3064, 0.96212E+06
  807800,2026-09-23T14:47:56.640+02:00, 0.277E-02, 2367.5829, 0.96224E+06
  807900,2026-09-23T14:48:07.532+02:00, 0.282E-02, 2367.8624, 0.96237E+06
  808000,2026-09-23T14:48:18.647+02:00, 0.275E-02, 2368.1391, 0.96250E+06
  808100,2026-09-23T14:48:30.222+02:00, 0.299E-02, 2368.4142, 0.96264E+06
  808200,2026-09-23T14:48:40.849+02:00, 0.287E-02, 2368.6816, 0.96276E+06
  808300,2026-09-23T14:48:52.134+02:00, 0.269E-02, 2368.9511, 0.96290E+06
  808400,2026-09-23T14:49:03.291+02:00, 0.287E-02, 2369.2331, 0.96303E+06
  808500,2026-09-23T14:49:14.841+02:00, 0.273E-02, 2369.5224, 0.96316E+06
  808600,2026-09-23T14:49:25.934+02:00, 0.288E-02, 2369.8098, 0.96329E+06
  808700,2026-09-23T14:49:37.152+02:00, 0.292E-02, 2370.1005, 0.96343E+06
  808800,2026-09-23T14:49:48.975+02:00, 0.272E-02, 2370.3750, 0.96356E+06
  808900,2026-09-23T14:50:00.085+02:00, 0.299E-02, 2370.6541, 0.96369E+06
  809000,2026-09-23T14:50:10.927+02:00, 0.296E-02, 2370.9409, 0.96382E+06
  809100,2026-09-23T14:50:21.530+02:00, 0.287E-02, 2371.2181, 0.96395E+06
  809200,2026-09-23T14:50:32.259+02:00, 0.279E-02, 2371.4965, 0.96407E+06
  809300,2026-09-23T14:50:42.449+02:00, 0.275E-02, 2371.7717, 0.96420E+06
  809400,2026-09-23T14:50:53.227+02:00, 0.270E-02, 2372.0446, 0.96432E+06
  809500,2026-09-23T14:51:04.385+02:00, 0.297E-02, 2372.3203, 0.96445E+06
  809600,2026-09-23T14:51:15.220+02:00, 0.300E-02, 2372.6089, 0.96458E+06
  809700,2026-09-23T14:51:25.947+02:00, 0.270E-02, 2372.8895, 0.96471E+06
  809800,2026-09-23T14:51:36.991+02:00, 0.272E-02, 2373.1634, 0.96484E+06
  809900,2026-09-23T14:51:47.718+02:00, 0.295E-02, 2373.4422, 0.96497E+06
  810000,2026-09-23T14:51:58.439+02:00, 0.285E-02, 2373.7273, 0.96510E+06
  810100,2026-09-23T14:52:09.218+02:00, 0.281E-02, 2374.0063, 0.96523E+06
  810200,2026-09-23T14:52:20.167+02:00, 0.264E-02, 2374.2863, 0.96535E+06
  810300,2026-09-23T14:52:31.519+02:00, 0.249E-02, 2374.5696, 0.96549E+06
  810400,2026-09-23T14:52:42.618+02:00, 0.274E-02, 2374.8422, 0.96562E+06
  810500,2026-09-23T14:52:53.675+02:00, 0.293E-02, 2375.1258, 0.96575E+06
  810600,2026-09-23T14:53:04.185+02:00, 0.250E-02, 2375.4021, 0.96587E+06
  810700,2026-09-23T14:53:15.158+02:00, 0.296E-02, 2375.6753, 0.96600E+06
  810800,2026-09-23T14:53:26.239+02:00, 0.281E-02, 2375.9571, 0.96613E+06
  810900,2026-09-23T14:53:37.348+02:00, 0.267E-02, 2376.2266, 0.96627E+06
  811000,2026-09-23T14:53:48.991+02:00, 0.297E-02, 2376.5003, 0.96640E+06
  811100,2026-09-23T14:53:59.438+02:00, 0.275E-02, 2376.7769, 0.96653E+06
  811200,2026-09-23T14:54:10.399+02:00, 0.286E-02, 2377.0574, 0.96666E+06
  811300,2026-09-23T14:54:21.547+02:00, 0.286E-02, 2377.3431, 0.96679E+06
  811400,2026-09-23T14:54:33.279+02:00, 0.242E-02, 2377.6283, 0.96693E+06
  811500,2026-09-23T14:54:44.653+02:00, 0.283E-02, 2377.9025, 0.96706E+06
  811600,2026-09-23T14:54:56.727+02:00, 0.273E-02, 2378.1721, 0.96720E+06
  811700,2026-09-23T14:55:08.107+02:00, 0.285E-02, 2378.4463, 0.96734E+06
  811800,2026-09-23T14:55:19.265+02:00, 0.279E-02, 2378.7390, 0.96747E+06
  811900,2026-09-23T14:55:30.251+02:00, 0.307E-02, 2379.0364, 0.96760E+06
  812000,2026-09-23T14:55:40.916+02:00, 0.273E-02, 2379.3148, 0.96772E+06
  812100,2026-09-23T14:55:51.807+02:00, 0.300E-02, 2379.5925, 0.96785E+06
  812200,2026-09-23T14:56:03.751+02:00, 0.281E-02, 2379.8817, 0.96799E+06
  812300,2026-09-23T14:56:15.186+02:00, 0.278E-02, 2380.1579, 0.96813E+06
  812400,2026-09-23T14:56:26.891+02:00, 0.297E-02, 2380.4518, 0.96827E+06
  812500,2026-09-23T14:56:38.922+02:00, 0.270E-02, 2380.7243, 0.96840E+06
  812600,2026-09-23T14:56:50.277+02:00, 0.281E-02, 2380.9962, 0.96854E+06
  812700,2026-09-23T14:57:01.915+02:00, 0.280E-02, 2381.2689, 0.96868E+06
  812800,2026-09-23T14:57:13.277+02:00, 0.302E-02, 2381.5477, 0.96881E+06
  812900,2026-09-23T14:57:24.149+02:00, 0.282E-02, 2381.8186, 0.96894E+06
  813000,2026-09-23T14:57:35.328+02:00, 0.276E-02, 2382.0859, 0.96907E+06
  813100,2026-09-23T14:57:46.264+02:00, 0.282E-02, 2382.3601, 0.96920E+06
  813200,2026-09-23T14:57:57.461+02:00, 0.265E-02, 2382.6416, 0.96933E+06
  813300,2026-09-23T14:58:09.039+02:00, 0.289E-02, 2382.9200, 0.96947E+06
  813400,2026-09-23T14:58:20.641+02:00, 0.262E-02, 2383.2008, 0.96961E+06
  813500,2026-09-23T14:58:31.678+02:00, 0.258E-02, 2383.4798, 0.96974E+06
  813600,2026-09-23T14:58:42.418+02:00, 0.284E-02, 2383.7588, 0.96987E+06
  813700,2026-09-23T14:58:53.526+02:00, 0.294E-02, 2384.0322, 0.97000E+06
  813800,2026-09-23T14:59:04.440+02:00, 0.252E-02, 2384.3137, 0.97013E+06
  813900,2026-09-23T14:59:15.757+02:00, 0.282E-02, 2384.5826, 0.97026E+06
  814000,2026-09-23T14:59:27.140+02:00, 0.276E-02, 2384.8524, 0.97039E+06
  814100,2026-09-23T14:59:37.702+02:00, 0.290E-02, 2385.1302, 0.97052E+06
  814200,2026-09-23T14:59:48.415+02:00, 0.257E-02, 2385.4152, 0.97064E+06
  814300,2026-09-23T14:59:59.946+02:00, 0.271E-02, 2385.6946, 0.97078E+06
  814400,2026-09-23T15:00:11.111+02:00, 0.263E-02, 2385.9868, 0.97091E+06
  814500,2026-09-23T15:00:22.371+02:00, 0.277E-02, 2386.2601, 0.97104E+06
  814600,2026-09-23T15:00:33.695+02:00, 0.283E-02, 2386.5427, 0.97118E+06
  814700,2026-09-23T15:00:45.052+02:00, 0.283E-02, 2386.8254, 0.97131E+06
  814800,2026-09-23T15:00:56.339+02:00, 0.278E-02, 2387.1040, 0.97144E+06
  814900,2026-09-23T15:01:07.177+02:00, 0.270E-02, 2387.4025, 0.97157E+06
  815000,2026-09-23T15:01:18.224+02:00, 0.289E-02, 2387.6920, 0.97170E+06
  815100,2026-09-23T15:01:29.402+02:00, 0.247E-02, 2387.9783, 0.97183E+06
  815200,2026-09-23T15:01:40.715+02:00, 0.289E-02, 2388.2632, 0.97197E+06
  815300,2026-09-23T15:01:51.876+02:00, 0.302E-02, 2388.5413, 0.97210E+06
  815400,2026-09-23T15:02:02.894+02:00, 0.277E-02, 2388.8203, 0.97223E+06
  815500,2026-09-23T15:02:14.481+02:00, 0.295E-02, 2389.0959, 0.97236E+06
  815600,2026-09-23T15:02:25.435+02:00, 0.276E-02, 2389.3732, 0.97249E+06
  815700,2026-09-23T15:02:36.311+02:00, 0.289E-02, 2389.6527, 0.97262E+06
  815800,2026-09-23T15:02:47.746+02:00, 0.291E-02, 2389.9308, 0.97276E+06
  815900,2026-09-23T15:02:58.997+02:00, 0.291E-02, 2390.2222, 0.97289E+06
  816000,2026-09-23T15:03:10.219+02:00, 0.279E-02, 2390.5098, 0.97302E+06
  816100,2026-09-23T15:03:20.941+02:00, 0.279E-02, 2390.7888, 0.97315E+06
  816200,2026-09-23T15:03:32.489+02:00, 0.274E-02, 2391.0621, 0.97328E+06
  816300,2026-09-23T15:03:43.590+02:00, 0.264E-02, 2391.3349, 0.97341E+06
  816400,2026-09-23T15:03:54.492+02:00, 0.288E-02, 2391.6158, 0.97354E+06
  816500,2026-09-23T15:04:05.039+02:00, 0.284E-02, 2391.8983, 0.97367E+06
  816600,2026-09-23T15:04:15.657+02:00, 0.281E-02, 2392.1741, 0.97379E+06
  816700,2026-09-23T15:04:26.491+02:00, 0.281E-02, 2392.4549, 0.97392E+06
  816800,2026-09-23T15:04:37.034+02:00, 0.282E-02, 2392.7317, 0.97405E+06
  816900,2026-09-23T15:04:47.865+02:00, 0.290E-02, 2393.0099, 0.97418E+06
  817000,2026-09-23T15:04:59.152+02:00, 0.290E-02, 2393.2994, 0.97431E+06
  817100,2026-09-23T15:05:10.116+02:00, 0.241E-02, 2393.5814, 0.97444E+06
  817200,2026-09-23T15:05:21.841+02:00, 0.275E-02, 2393.8489, 0.97457E+06
  817300,2026-09-23T15:05:32.775+02:00, 0.275E-02, 2394.1240, 0.97470E+06
  817400,2026-09-23T15:05:43.736+02:00, 0.270E-02, 2394.4144, 0.97483E+06
  817500,2026-09-23T15:05:54.902+02:00, 0.297E-02, 2394.6865, 0.97496E+06
  817600,2026-09-23T15:06:05.752+02:00, 0.290E-02, 2394.9741, 0.97509E+06
  817700,2026-09-23T15:06:17.028+02:00, 0.280E-02, 2395.2583, 0.97522E+06
  817800,2026-09-23T15:06:28.935+02:00, 0.264E-02, 2395.5274, 0.97536E+06
  817900,2026-09-23T15:06:40.227+02:00, 0.288E-02, 2395.8048, 0.97550E+06
  818000,2026-09-23T15:06:51.738+02:00, 0.290E-02, 2396.0943, 0.97563E+06
  818100,2026-09-23T15:07:02.528+02:00, 0.271E-02, 2396.3778, 0.97576E+06
  818200,2026-09-23T15:07:13.609+02:00, 0.278E-02, 2396.6414, 0.97589E+06
  818300,2026-09-23T15:07:25.518+02:00, 0.247E-02, 2396.9088, 0.97603E+06
  818400,2026-09-23T15:07:36.397+02:00, 0.267E-02, 2397.1754, 0.97616E+06
  818500,2026-09-23T15:07:47.571+02:00, 0.256E-02, 2397.4409, 0.97629E+06
  818600,2026-09-23T15:07:59.045+02:00, 0.272E-02, 2397.7165, 0.97643E+06
  818700,2026-09-23T15:08:10.665+02:00, 0.254E-02, 2397.9867, 0.97657E+06
  818800,2026-09-23T15:08:21.978+02:00, 0.273E-02, 2398.2512, 0.97670E+06
  818900,2026-09-23T15:08:33.159+02:00, 0.250E-02, 2398.5074, 0.97683E+06
  819000,2026-09-23T15:08:44.383+02:00, 0.265E-02, 2398.7710, 0.97697E+06
  819100,2026-09-23T15:08:56.133+02:00, 0.264E-02, 2399.0430, 0.97710E+06
  819200,2026-09-23T15:09:07.350+02:00, 0.254E-02, 2399.3093, 0.97724E+06
  819300,2026-09-23T15:09:19.057+02:00, 0.274E-02, 2399.5793, 0.97737E+06
  819400,2026-09-23T15:09:30.458+02:00, 0.265E-02, 2399.8434, 0.97751E+06
  819500,2026-09-23T15:09:41.807+02:00, 0.277E-02, 2400.1180, 0.97764E+06
  819600,2026-09-23T15:09:52.968+02:00, 0.263E-02, 2400.3959, 0.97778E+06
  819700,2026-09-23T15:10:04.617+02:00, 0.286E-02, 2400.6799, 0.97791E+06
  819800,2026-09-23T15:10:15.631+02:00, 0.304E-02, 2400.9577, 0.97804E+06
  819900,2026-09-23T15:10:26.708+02:00, 0.285E-02, 2401.2473, 0.97817E+06
  820000,2026-09-23T15:10:37.570+02:00, 0.277E-02, 2401.5159, 0.97830E+06
  820100,2026-09-23T15:10:48.398+02:00, 0.257E-02, 2401.7955, 0.97843E+06
  820200,2026-09-23T15:10:59.348+02:00, 0.286E-02, 2402.0829, 0.97856E+06
  820300,2026-09-23T15:11:10.731+02:00, 0.287E-02, 2402.3628, 0.97869E+06
  820400,2026-09-23T15:11:21.658+02:00, 0.254E-02, 2402.6484, 0.97882E+06
  820500,2026-09-23T15:11:33.168+02:00, 0.288E-02, 2402.9288, 0.97896E+06
  820600,2026-09-23T15:11:44.396+02:00, 0.279E-02, 2403.2033, 0.97909E+06
  820700,2026-09-23T15:11:55.353+02:00, 0.247E-02, 2403.4770, 0.97922E+06
  820800,2026-09-23T15:12:05.866+02:00, 0.289E-02, 2403.7427, 0.97935E+06
  820900,2026-09-23T15:12:17.126+02:00, 0.277E-02, 2404.0277, 0.97948E+06
  821000,2026-09-23T15:12:28.404+02:00, 0.242E-02, 2404.3031, 0.97961E+06
  821100,2026-09-23T15:12:39.739+02:00, 0.257E-02, 2404.5742, 0.97975E+06
  821200,2026-09-23T15:12:51.183+02:00, 0.280E-02, 2404.8322, 0.97988E+06
  821300,2026-09-23T15:13:02.280+02:00, 0.296E-02, 2405.1124, 0.98001E+06
  821400,2026-09-23T15:13:13.279+02:00, 0.299E-02, 2405.3981, 0.98014E+06
  821500,2026-09-23T15:13:24.530+02:00, 0.282E-02, 2405.6814, 0.98028E+06
  821600,2026-09-23T15:13:35.975+02:00, 0.265E-02, 2405.9540, 0.98041E+06
  821700,2026-09-23T15:13:47.624+02:00, 0.279E-02, 2406.2314, 0.98055E+06
  821800,2026-09-23T15:13:58.790+02:00, 0.298E-02, 2406.5072, 0.98068E+06
  821900,2026-09-23T15:14:09.529+02:00, 0.245E-02, 2406.7852, 0.98081E+06
  822000,2026-09-23T15:14:20.797+02:00, 0.297E-02, 2407.0621, 0.98094E+06
  822100,2026-09-23T15:14:32.130+02:00, 0.265E-02, 2407.3400, 0.98107E+06
  822200,2026-09-23T15:14:43.193+02:00, 0.251E-02, 2407.6191, 0.98120E+06
  822300,2026-09-23T15:14:55.274+02:00, 0.242E-02, 2407.8943, 0.98134E+06
  822400,2026-09-23T15:15:06.556+02:00, 0.272E-02, 2408.1589, 0.98147E+06
  822500,2026-09-23T15:15:17.148+02:00, 0.282E-02, 2408.4264, 0.98160E+06
  822600,2026-09-23T15:15:28.394+02:00, 0.277E-02, 2408.7002, 0.98173E+06
  822700,2026-09-23T15:15:39.450+02:00, 0.277E-02, 2408.9773, 0.98186E+06
  822800,2026-09-23T15:15:50.294+02:00, 0.305E-02, 2409.2681, 0.98199E+06
  822900,2026-09-23T15:16:01.766+02:00, 0.254E-02, 2409.5541, 0.98213E+06
  823000,2026-09-23T15:16:13.267+02:00, 0.279E-02, 2409.8298, 0.98226E+06
  823100,2026-09-23T15:16:24.475+02:00, 0.271E-02, 2410.1033, 0.98239E+06
  823200,2026-09-23T15:16:36.046+02:00, 0.262E-02, 2410.3783, 0.98253E+06
  823300,2026-09-23T15:16:46.920+02:00, 0.271E-02, 2410.6433, 0.98266E+06
  823400,2026-09-23T15:16:57.602+02:00, 0.256E-02, 2410.9151, 0.98279E+06
  823500,2026-09-23T15:17:08.304+02:00, 0.250E-02, 2411.1834, 0.98291E+06
  823600,2026-09-23T15:17:19.135+02:00, 0.240E-02, 2411.4652, 0.98304E+06
  823700,2026-09-23T15:17:29.694+02:00, 0.275E-02, 2411.7371, 0.98317E+06
  823800,2026-09-23T15:17:40.540+02:00, 0.288E-02, 2412.0124, 0.98329E+06
  823900,2026-09-23T15:17:51.883+02:00, 0.277E-02, 2412.2828, 0.98343E+06
  824000,2026-09-23T15:18:03.129+02:00, 0.246E-02, 2412.5568, 0.98356E+06
  824100,2026-09-23T15:18:13.869+02:00, 0.297E-02, 2412.8338, 0.98369E+06
  824200,2026-09-23T15:18:25.052+02:00, 0.281E-02, 2413.1122, 0.98382E+06
  824300,2026-09-23T15:18:35.490+02:00, 0.291E-02, 2413.3937, 0.98394E+06
  824400,2026-09-23T15:18:46.159+02:00, 0.280E-02, 2413.6710, 0.98407E+06
  824500,2026-09-23T15:18:57.203+02:00, 0.270E-02, 2413.9408, 0.98420E+06
  824600,2026-09-23T15:19:08.294+02:00, 0.243E-02, 2414.2126, 0.98433E+06
  824700,2026-09-23T15:19:19.621+02:00, 0.265E-02, 2414.4847, 0.98447E+06
  824800,2026-09-23T15:19:31.336+02:00, 0.269E-02, 2414.7494, 0.98461E+06
  824900,2026-09-23T15:19:42.840+02:00, 0.287E-02, 2415.0314, 0.98474E+06
  825000,2026-09-23T15:19:53.482+02:00, 0.292E-02, 2415.3157, 0.98487E+06
  825100,2026-09-23T15:20:05.508+02:00, 0.282E-02, 2415.5977, 0.98501E+06
  825200,2026-09-23T15:20:16.999+02:00, 0.263E-02, 2415.8642, 0.98514E+06
  825300,2026-09-23T15:20:27.997+02:00, 0.314E-02, 2416.1563, 0.98527E+06
  825400,2026-09-23T15:20:39.334+02:00, 0.299E-02, 2416.4603, 0.98541E+06
  825500,2026-09-23T15:20:50.589+02:00, 0.260E-02, 2416.7517, 0.98554E+06
  825600,2026-09-23T15:21:01.379+02:00, 0.285E-02, 2417.0247, 0.98567E+06
  825700,2026-09-23T15:21:12.829+02:00, 0.267E-02, 2417.3012, 0.98580E+06
  825800,2026-09-23T15:21:23.843+02:00, 0.291E-02, 2417.5858, 0.98593E+06
  825900,2026-09-23T15:21:34.892+02:00, 0.284E-02, 2417.8620, 0.98606E+06
  826000,2026-09-23T15:21:46.323+02:00, 0.272E-02, 2418.1336, 0.98620E+06
  826100,2026-09-23T15:21:57.770+02:00, 0.250E-02, 2418.3991, 0.98633E+06
  826200,2026-09-23T15:22:09.149+02:00, 0.276E-02, 2418.6633, 0.98647E+06
  826300,2026-09-23T15:22:19.959+02:00, 0.267E-02, 2418.9330, 0.98659E+06
  826400,2026-09-23T15:22:31.300+02:00, 0.294E-02, 2419.2174, 0.98673E+06
  826500,2026-09-23T15:22:42.218+02:00, 0.306E-02, 2419.4942, 0.98686E+06
  826600,2026-09-23T15:22:53.161+02:00, 0.278E-02, 2419.7686, 0.98699E+06
  826700,2026-09-23T15:23:04.706+02:00, 0.288E-02, 2420.0459, 0.98712E+06
  826800,2026-09-23T15:23:16.006+02:00, 0.269E-02, 2420.3181, 0.98726E+06
  826900,2026-09-23T15:23:27.543+02:00, 0.298E-02, 2420.5971, 0.98739E+06
  827000,2026-09-23T15:23:39.348+02:00, 0.282E-02, 2420.8748, 0.98753E+06
  827100,2026-09-23T15:23:50.766+02:00, 0.275E-02, 2421.1414, 0.98766E+06
  827200,2026-09-23T15:24:02.450+02:00, 0.232E-02, 2421.4018, 0.98780E+06
  827300,2026-09-23T15:24:14.346+02:00, 0.254E-02, 2421.6653, 0.98794E+06
  827400,2026-09-23T15:24:25.913+02:00, 0.292E-02, 2421.9301, 0.98808E+06
  827500,2026-09-23T15:24:37.405+02:00, 0.299E-02, 2422.2093, 0.98821E+06
  827600,2026-09-23T15:24:48.005+02:00, 0.289E-02, 2422.4950, 0.98834E+06
  827700,2026-09-23T15:24:59.940+02:00, 0.270E-02, 2422.7772, 0.98847E+06
  827800,2026-09-23T15:25:10.693+02:00, 0.282E-02, 2423.0514, 0.98860E+06
  827900,2026-09-23T15:25:21.899+02:00, 0.285E-02, 2423.3246, 0.98873E+06
  828000,2026-09-23T15:25:32.830+02:00, 0.256E-02, 2423.6027, 0.98886E+06
  828100,2026-09-23T15:25:43.166+02:00, 0.281E-02, 2423.8833, 0.98898E+06
  828200,2026-09-23T15:25:53.924+02:00, 0.277E-02, 2424.1604, 0.98911E+06
  828300,2026-09-23T15:26:05.034+02:00, 0.268E-02, 2424.4257, 0.98924E+06
  828400,2026-09-23T15:26:15.925+02:00, 0.294E-02, 2424.7155, 0.98937E+06
  828500,2026-09-23T15:26:26.560+02:00, 0.281E-02, 2424.9967, 0.98950E+06
  828600,2026-09-23T15:26:37.347+02:00, 0.260E-02, 2425.2670, 0.98963E+06
  828700,2026-09-23T15:26:48.503+02:00, 0.298E-02, 2425.5458, 0.98976E+06
  828800,2026-09-23T15:26:59.098+02:00, 0.292E-02, 2425.8302, 0.98988E+06
  828900,2026-09-23T15:27:09.962+02:00, 0.280E-02, 2426.1090, 0.99001E+06
  829000,2026-09-23T15:27:21.180+02:00, 0.268E-02, 2426.3799, 0.99015E+06
  829100,2026-09-23T15:27:31.869+02:00, 0.284E-02, 2426.6596, 0.99027E+06
  829200,2026-09-23T15:27:43.341+02:00, 0.284E-02, 2426.9438, 0.99041E+06
  829300,2026-09-23T15:27:53.994+02:00, 0.284E-02, 2427.2279, 0.99053E+06
  829400,2026-09-23T15:28:05.318+02:00, 0.248E-02, 2427.5074, 0.99067E+06
  829500,2026-09-23T15:28:16.708+02:00, 0.284E-02, 2427.7879, 0.99080E+06
  829600,2026-09-23T15:28:27.691+02:00, 0.252E-02, 2428.0535, 0.99093E+06
  829700,2026-09-23T15:28:39.434+02:00, 0.248E-02, 2428.3320, 0.99107E+06
  829800,2026-09-23T15:28:51.045+02:00, 0.243E-02, 2428.5982, 0.99121E+06
  829900,2026-09-23T15:29:01.345+02:00, 0.263E-02, 2428.8545, 0.99133E+06
  830000,2026-09-23T15:29:12.350+02:00, 0.269E-02, 2429.1290, 0.99146E+06
  830100,2026-09-23T15:29:23.525+02:00, 0.296E-02, 2429.4087, 0.99159E+06
  830200,2026-09-23T15:29:34.593+02:00, 0.264E-02, 2429.6948, 0.99173E+06
  830300,2026-09-23T15:29:45.275+02:00, 0.298E-02, 2429.9612, 0.99185E+06
  830400,2026-09-23T15:29:56.441+02:00, 0.276E-02, 2430.2297, 0.99198E+06
  830500,2026-09-23T15:30:07.140+02:00, 0.284E-02, 2430.5000, 0.99211E+06
  830600,2026-09-23T15:30:18.232+02:00, 0.281E-02, 2430.7777, 0.99224E+06
  830700,2026-09-23T15:30:29.350+02:00, 0.277E-02, 2431.0584, 0.99238E+06
  830800,2026-09-23T15:30:40.157+02:00, 0.249E-02, 2431.3336, 0.99250E+06
  830900,2026-09-23T15:30:50.870+02:00, 0.270E-02, 2431.6084, 0.99263E+06
  831000,2026-09-23T15:31:01.296+02:00, 0.298E-02, 2431.8859, 0.99276E+06
  831100,2026-09-23T15:31:12.118+02:00, 0.263E-02, 2432.1817, 0.99288E+06
  831200,2026-09-23T15:31:22.725+02:00, 0.289E-02, 2432.4701, 0.99301E+06
  831300,2026-09-23T15:31:34.559+02:00, 0.285E-02, 2432.7544, 0.99315E+06
  831400,2026-09-23T15:31:45.631+02:00, 0.300E-02, 2433.0452, 0.99328E+06
  831500,2026-09-23T15:31:58.319+02:00, 0.293E-02, 2433.3271, 0.99342E+06
  831600,2026-09-23T15:32:11.345+02:00, 0.287E-02, 2433.6090, 0.99357E+06
  831700,2026-09-23T15:32:23.228+02:00, 0.300E-02, 2433.8883, 0.99370E+06
  831800,2026-09-23T15:32:35.003+02:00, 0.269E-02, 2434.1735, 0.99384E+06
  831900,2026-09-23T15:32:46.390+02:00, 0.250E-02, 2434.4433, 0.99397E+06
  832000,2026-09-23T15:32:57.260+02:00, 0.260E-02, 2434.7213, 0.99410E+06
  832100,2026-09-23T15:33:09.106+02:00, 0.281E-02, 2435.0025, 0.99424E+06
  832200,2026-09-23T15:33:20.204+02:00, 0.275E-02, 2435.3002, 0.99438E+06
  832300,2026-09-23T15:33:31.509+02:00, 0.252E-02, 2435.5758, 0.99451E+06
  832400,2026-09-23T15:33:43.025+02:00, 0.285E-02, 2435.8478, 0.99465E+06
  832500,2026-09-23T15:33:54.553+02:00, 0.292E-02, 2436.1236, 0.99479E+06
  832600,2026-09-23T15:34:06.162+02:00, 0.277E-02, 2436.4128, 0.99492E+06
  832700,2026-09-23T15:34:16.931+02:00, 0.277E-02, 2436.6900, 0.99505E+06
  832800,2026-09-23T15:34:27.915+02:00, 0.292E-02, 2436.9717, 0.99518E+06
  832900,2026-09-23T15:34:39.133+02:00, 0.293E-02, 2437.2585, 0.99532E+06
  833000,2026-09-23T15:34:50.357+02:00, 0.271E-02, 2437.5313, 0.99545E+06
  833100,2026-09-23T15:35:01.333+02:00, 0.264E-02, 2437.7978, 0.99558E+06
  833200,2026-09-23T15:35:12.922+02:00, 0.274E-02, 2438.0661, 0.99572E+06
  833300,2026-09-23T15:35:23.882+02:00, 0.269E-02, 2438.3344, 0.99585E+06
  833400,2026-09-23T15:35:34.726+02:00, 0.256E-02, 2438.6130, 0.99598E+06
  833500,2026-09-23T15:35:45.816+02:00, 0.296E-02, 2438.8912, 0.99611E+06
  833600,2026-09-23T15:35:57.145+02:00, 0.273E-02, 2439.1637, 0.99624E+06
  833700,2026-09-23T15:36:08.461+02:00, 0.257E-02, 2439.4332, 0.99638E+06
  833800,2026-09-23T15:36:19.608+02:00, 0.298E-02, 2439.7068, 0.99651E+06
  833900,2026-09-23T15:36:30.715+02:00, 0.233E-02, 2439.9975, 0.99664E+06
  834000,2026-09-23T15:36:41.589+02:00, 0.284E-02, 2440.2725, 0.99677E+06
  834100,2026-09-23T15:36:52.991+02:00, 0.268E-02, 2440.5461, 0.99691E+06
  834200,2026-09-23T15:37:03.875+02:00, 0.261E-02, 2440.8085, 0.99704E+06
  834300,2026-09-23T15:37:15.370+02:00, 0.279E-02, 2441.0797, 0.99717E+06
  834400,2026-09-23T15:37:26.695+02:00, 0.282E-02, 2441.3472, 0.99731E+06
  834500,2026-09-23T15:37:37.935+02:00, 0.278E-02, 2441.6244, 0.99744E+06
  834600,2026-09-23T15:37:48.953+02:00, 0.278E-02, 2441.9025, 0.99757E+06
  834700,2026-09-23T15:38:00.407+02:00, 0.231E-02, 2442.1695, 0.99770E+06
  834800,2026-09-23T15:38:12.161+02:00, 0.265E-02, 2442.4411, 0.99784E+06
  834900,2026-09-23T15:38:23.863+02:00, 0.283E-02, 2442.7166, 0.99798E+06
  835000,2026-09-23T15:38:34.930+02:00, 0.274E-02, 2442.9879, 0.99811E+06
  835100,2026-09-23T15:38:46.174+02:00, 0.298E-02, 2443.2717, 0.99825E+06
  835200,2026-09-23T15:38:57.383+02:00, 0.245E-02, 2443.5458, 0.99838E+06
  835300,2026-09-23T15:39:09.019+02:00, 0.298E-02, 2443.8192, 0.99852E+06
  835400,2026-09-23T15:39:19.773+02:00, 0.275E-02, 2444.0890, 0.99865E+06
  835500,2026-09-23T15:39:30.764+02:00, 0.290E-02, 2444.3638, 0.99878E+06
  835600,2026-09-23T15:39:41.787+02:00, 0.244E-02, 2444.6359, 0.99891E+06
  835700,2026-09-23T15:39:53.249+02:00, 0.232E-02, 2444.9121, 0.99905E+06
  835800,2026-09-23T15:40:04.258+02:00, 0.296E-02, 2445.1890, 0.99918E+06
  835900,2026-09-23T15:40:15.074+02:00, 0.274E-02, 2445.4670, 0.99931E+06
  836000,2026-09-23T15:40:25.874+02:00, 0.232E-02, 2445.7398, 0.99944E+06
  836100,2026-09-23T15:40:36.626+02:00, 0.274E-02, 2446.0152, 0.99956E+06
  836200,2026-09-23T15:40:47.416+02:00, 0.292E-02, 2446.2888, 0.99969E+06
  836300,2026-09-23T15:40:58.083+02:00, 0.280E-02, 2446.5736, 0.99982E+06
  836400,2026-09-23T15:41:08.979+02:00, 0.280E-02, 2446.8541, 0.99995E+06
  836500,2026-09-23T15:41:20.319+02:00, 0.266E-02, 2447.1215, 0.10001E+07
  836600,2026-09-23T15:41:32.094+02:00, 0.259E-02, 2447.3826, 0.10002E+07
  836700,2026-09-23T15:41:43.600+02:00, 0.249E-02, 2447.6592, 0.10004E+07
  836800,2026-09-23T15:41:54.816+02:00, 0.282E-02, 2447.9364, 0.10005E+07
  836900,2026-09-23T15:42:06.295+02:00, 0.275E-02, 2448.2082, 0.10006E+07
  837000,2026-09-23T15:42:17.943+02:00, 0.237E-02, 2448.4984, 0.10008E+07
  837100,2026-09-23T15:42:29.184+02:00, 0.281E-02, 2448.7667, 0.10009E+07
  837200,2026-09-23T15:42:40.269+02:00, 0.297E-02, 2449.0536, 0.10010E+07
  837300,2026-09-23T15:42:51.636+02:00, 0.276E-02, 2449.3345, 0.10012E+07
  837400,2026-09-23T15:43:02.896+02:00, 0.248E-02, 2449.6047, 0.10013E+07
  837500,2026-09-23T15:43:13.893+02:00, 0.241E-02, 2449.8767, 0.10014E+07
  837600,2026-09-23T15:43:25.063+02:00, 0.245E-02, 2450.1441, 0.10016E+07
  837700,2026-09-23T15:43:36.049+02:00, 0.283E-02, 2450.4170, 0.10017E+07
  837800,2026-09-23T15:43:47.289+02:00, 0.277E-02, 2450.6958, 0.10018E+07
  837900,2026-09-23T15:43:58.159+02:00, 0.304E-02, 2450.9727, 0.10020E+07
  838000,2026-09-23T15:44:09.456+02:00, 0.253E-02, 2451.2478, 0.10021E+07
  838100,2026-09-23T15:44:20.305+02:00, 0.289E-02, 2451.5132, 0.10022E+07
  838200,2026-09-23T15:44:31.710+02:00, 0.280E-02, 2451.8029, 0.10024E+07
  838300,2026-09-23T15:44:42.959+02:00, 0.278E-02, 2452.0864, 0.10025E+07
  838400,2026-09-23T15:44:54.514+02:00, 0.282E-02, 2452.3572, 0.10026E+07
  838500,2026-09-23T15:45:05.464+02:00, 0.258E-02, 2452.6268, 0.10028E+07
  838600,2026-09-23T15:45:16.322+02:00, 0.273E-02, 2452.8980, 0.10029E+07
  838700,2026-09-23T15:45:27.675+02:00, 0.278E-02, 2453.1695, 0.10030E+07
  838800,2026-09-23T15:45:38.758+02:00, 0.299E-02, 2453.4535, 0.10032E+07
  838900,2026-09-23T15:45:50.145+02:00, 0.276E-02, 2453.7339, 0.10033E+07
  839000,2026-09-23T15:46:01.096+02:00, 0.254E-02, 2454.0110, 0.10034E+07
  839100,2026-09-23T15:46:12.567+02:00, 0.276E-02, 2454.2866, 0.10036E+07
  839200,2026-09-23T15:46:23.422+02:00, 0.300E-02, 2454.5751, 0.10037E+07
  839300,2026-09-23T15:46:34.341+02:00, 0.286E-02, 2454.8690, 0.10038E+07
  839400,2026-09-23T15:46:45.963+02:00, 0.275E-02, 2455.1429, 0.10040E+07
  839500,2026-09-23T15:46:57.520+02:00, 0.277E-02, 2455.4097, 0.10041E+07
  839600,2026-09-23T15:47:09.309+02:00, 0.242E-02, 2455.6792, 0.10042E+07
  839700,2026-09-23T15:47:20.446+02:00, 0.311E-02, 2455.9575, 0.10044E+07
  839800,2026-09-23T15:47:31.464+02:00, 0.267E-02, 2456.2380, 0.10045E+07
  839900,2026-09-23T15:47:42.989+02:00, 0.275E-02, 2456.5005, 0.10046E+07
  840000,2026-09-23T15:47:54.245+02:00, 0.295E-02, 2456.7717, 0.10048E+07
  840100,2026-09-23T15:48:05.927+02:00, 0.280E-02, 2457.0495, 0.10049E+07
  840200,2026-09-23T15:48:16.990+02:00, 0.282E-02, 2457.3151, 0.10050E+07
  840300,2026-09-23T15:48:28.204+02:00, 0.300E-02, 2457.5907, 0.10052E+07
  840400,2026-09-23T15:48:39.440+02:00, 0.290E-02, 2457.8874, 0.10053E+07
  840500,2026-09-23T15:48:50.752+02:00, 0.269E-02, 2458.1664, 0.10054E+07
  840600,2026-09-23T15:49:02.533+02:00, 0.291E-02, 2458.4473, 0.10056E+07
  840700,2026-09-23T15:49:13.927+02:00, 0.286E-02, 2458.7344, 0.10057E+07
  840800,2026-09-23T15:49:25.573+02:00, 0.281E-02, 2459.0165, 0.10058E+07
  840900,2026-09-23T15:49:37.743+02:00, 0.297E-02, 2459.2957, 0.10060E+07
  841000,2026-09-23T15:49:49.378+02:00, 0.295E-02, 2459.5676, 0.10061E+07
  841100,2026-09-23T15:50:00.301+02:00, 0.282E-02, 2459.8491, 0.10062E+07
  841200,2026-09-23T15:50:12.346+02:00, 0.240E-02, 2460.1203, 0.10064E+07
  841300,2026-09-23T15:50:23.381+02:00, 0.291E-02, 2460.3939, 0.10065E+07
  841400,2026-09-23T15:50:34.328+02:00, 0.285E-02, 2460.6705, 0.10066E+07
  841500,2026-09-23T15:50:45.494+02:00, 0.290E-02, 2460.9486, 0.10068E+07
  841600,2026-09-23T15:50:56.468+02:00, 0.290E-02, 2461.2384, 0.10069E+07
  841700,2026-09-23T15:51:07.633+02:00, 0.283E-02, 2461.5209, 0.10070E+07
  841800,2026-09-23T15:51:18.860+02:00, 0.257E-02, 2461.8005, 0.10072E+07
  841900,2026-09-23T15:51:30.243+02:00, 0.272E-02, 2462.0702, 0.10073E+07
  842000,2026-09-23T15:51:41.372+02:00, 0.257E-02, 2462.3464, 0.10074E+07
  842100,2026-09-23T15:51:52.922+02:00, 0.299E-02, 2462.6300, 0.10076E+07
  842200,2026-09-23T15:52:04.977+02:00, 0.272E-02, 2462.9075, 0.10077E+07
  842300,2026-09-23T15:52:16.652+02:00, 0.282E-02, 2463.1793, 0.10079E+07
  842400,2026-09-23T15:52:28.122+02:00, 0.287E-02, 2463.4536, 0.10080E+07
  842500,2026-09-23T15:52:38.975+02:00, 0.287E-02, 2463.7404, 0.10081E+07
  842600,2026-09-23T15:52:50.028+02:00, 0.296E-02, 2464.0248, 0.10083E+07
  842700,2026-09-23T15:53:01.427+02:00, 0.291E-02, 2464.3076, 0.10084E+07
  842800,2026-09-23T15:53:12.725+02:00, 0.272E-02, 2464.5885, 0.10085E+07
  842900,2026-09-23T15:53:23.674+02:00, 0.299E-02, 2464.8798, 0.10087E+07
  843000,2026-09-23T15:53:35.010+02:00, 0.260E-02, 2465.1623, 0.10088E+07
  843100,2026-09-23T15:53:45.949+02:00, 0.286E-02, 2465.4401, 0.10089E+07
  843200,2026-09-23T15:53:56.787+02:00, 0.281E-02, 2465.7209, 0.10090E+07
  843300,2026-09-23T15:54:08.158+02:00, 0.281E-02, 2466.0015, 0.10092E+07
  843400,2026-09-23T15:54:19.743+02:00, 0.276E-02, 2466.2758, 0.10093E+07
  843500,2026-09-23T15:54:31.117+02:00, 0.295E-02, 2466.5624, 0.10095E+07
  843600,2026-09-23T15:54:42.901+02:00, 0.278E-02, 2466.8463, 0.10096E+07
  843700,2026-09-23T15:54:54.698+02:00, 0.272E-02, 2467.1208, 0.10097E+07
  843800,2026-09-23T15:55:06.433+02:00, 0.288E-02, 2467.3937, 0.10099E+07
  843900,2026-09-23T15:55:17.784+02:00, 0.285E-02, 2467.6802, 0.10100E+07
  844000,2026-09-23T15:55:29.259+02:00, 0.279E-02, 2467.9582, 0.10101E+07
  844100,2026-09-23T15:55:41.049+02:00, 0.286E-02, 2468.2387, 0.10103E+07
  844200,2026-09-23T15:55:53.480+02:00, 0.265E-02, 2468.5091, 0.10104E+07
  844300,2026-09-23T15:56:05.478+02:00, 0.278E-02, 2468.7776, 0.10106E+07
  844400,2026-09-23T15:56:17.225+02:00, 0.277E-02, 2469.0457, 0.10107E+07
  844500,2026-09-23T15:56:29.123+02:00, 0.306E-02, 2469.3168, 0.10109E+07
  844600,2026-09-23T15:56:40.574+02:00, 0.281E-02, 2469.5999, 0.10110E+07
  844700,2026-09-23T15:56:52.756+02:00, 0.279E-02, 2469.8678, 0.10111E+07
  844800,2026-09-23T15:57:03.719+02:00, 0.268E-02, 2470.1387, 0.10113E+07
  844900,2026-09-23T15:57:14.486+02:00, 0.275E-02, 2470.4154, 0.10114E+07
  845000,2026-09-23T15:57:25.291+02:00, 0.280E-02, 2470.6963, 0.10115E+07
  845100,2026-09-23T15:57:36.372+02:00, 0.280E-02, 2470.9765, 0.10117E+07
  845200,2026-09-23T15:57:47.210+02:00, 0.280E-02, 2471.2585, 0.10118E+07
  845300,2026-09-23T15:57:58.256+02:00, 0.299E-02, 2471.5377, 0.10119E+07
  845400,2026-09-23T15:58:09.651+02:00, 0.277E-02, 2471.8195, 0.10120E+07
  845500,2026-09-23T15:58:20.600+02:00, 0.295E-02, 2472.0924, 0.10122E+07
  845600,2026-09-23T15:58:31.550+02:00, 0.267E-02, 2472.3620, 0.10123E+07
  845700,2026-09-23T15:58:42.289+02:00, 0.297E-02, 2472.6344, 0.10124E+07
  845800,2026-09-23T15:58:53.439+02:00, 0.278E-02, 2472.9186, 0.10126E+07
  845900,2026-09-23T15:59:05.129+02:00, 0.280E-02, 2473.1928, 0.10127E+07
  846000,2026-09-23T15:59:16.361+02:00, 0.297E-02, 2473.4691, 0.10128E+07
  846100,2026-09-23T15:59:27.860+02:00, 0.281E-02, 2473.7500, 0.10130E+07
  846200,2026-09-23T15:59:39.420+02:00, 0.303E-02, 2474.0393, 0.10131E+07
  846300,2026-09-23T15:59:50.995+02:00, 0.274E-02, 2474.3180, 0.10132E+07
  846400,2026-09-23T16:00:02.439+02:00, 0.270E-02, 2474.5870, 0.10134E+07
  846500,2026-09-23T16:00:13.411+02:00, 0.280E-02, 2474.8542, 0.10135E+07
  846600,2026-09-23T16:00:24.685+02:00, 0.276E-02, 2475.1297, 0.10136E+07
  846700,2026-09-23T16:00:35.742+02:00, 0.276E-02, 2475.4061, 0.10138E+07
  846800,2026-09-23T16:00:46.990+02:00, 0.276E-02, 2475.6771, 0.10139E+07
  846900,2026-09-23T16:00:58.115+02:00, 0.276E-02, 2475.9532, 0.10140E+07
  847000,2026-09-23T16:01:08.968+02:00, 0.293E-02, 2476.2298, 0.10142E+07
  847100,2026-09-23T16:01:19.821+02:00, 0.286E-02, 2476.5165, 0.10143E+07
  847200,2026-09-23T16:01:30.904+02:00, 0.280E-02, 2476.7964, 0.10144E+07
  847300,2026-09-23T16:01:41.774+02:00, 0.280E-02, 2477.0764, 0.10146E+07
  847400,2026-09-23T16:01:52.688+02:00, 0.280E-02, 2477.3565, 0.10147E+07
  847500,2026-09-23T16:02:03.785+02:00, 0.280E-02, 2477.6365, 0.10148E+07
  847600,2026-09-23T16:02:14.452+02:00, 0.280E-02, 2477.9165, 0.10150E+07
  847700,2026-09-23T16:02:25.608+02:00, 0.297E-02, 2478.1840, 0.10151E+07
  847800,2026-09-23T16:02:36.797+02:00, 0.293E-02, 2478.4777, 0.10152E+07
  847900,2026-09-23T16:02:48.617+02:00, 0.280E-02, 2478.7565, 0.10154E+07
  848000,2026-09-23T16:03:00.571+02:00, 0.273E-02, 2479.0247, 0.10155E+07
  848100,2026-09-23T16:03:12.283+02:00, 0.277E-02, 2479.3019, 0.10156E+07
  848200,2026-09-23T16:03:23.463+02:00, 0.270E-02, 2479.5737, 0.10158E+07
  848300,2026-09-23T16:03:34.721+02:00, 0.279E-02, 2479.8453, 0.10159E+07
  848400,2026-09-23T16:03:46.386+02:00, 0.278E-02, 2480.1178, 0.10160E+07
  848500,2026-09-23T16:03:57.688+02:00, 0.290E-02, 2480.4089, 0.10162E+07
  848600,2026-09-23T16:04:08.782+02:00, 0.253E-02, 2480.6962, 0.10163E+07
  848700,2026-09-23T16:04:20.165+02:00, 0.249E-02, 2480.9644, 0.10164E+07
  848800,2026-09-23T16:04:31.054+02:00, 0.269E-02, 2481.2446, 0.10166E+07
  848900,2026-09-23T16:04:42.003+02:00, 0.291E-02, 2481.5177, 0.10167E+07
  849000,2026-09-23T16:04:53.023+02:00, 0.282E-02, 2481.8061, 0.10168E+07
  849100,2026-09-23T16:05:03.921+02:00, 0.311E-02, 2482.0925, 0.10170E+07
  849200,2026-09-23T16:05:15.238+02:00, 0.289E-02, 2482.3881, 0.10171E+07
  849300,2026-09-23T16:05:26.904+02:00, 0.278E-02, 2482.6662, 0.10172E+07
  849400,2026-09-23T16:05:38.510+02:00, 0.279E-02, 2482.9451, 0.10174E+07
  849500,2026-09-23T16:05:50.106+02:00, 0.251E-02, 2483.2294, 0.10175E+07
  849600,2026-09-23T16:06:01.060+02:00, 0.269E-02, 2483.5042, 0.10176E+07
  849700,2026-09-23T16:06:12.396+02:00, 0.259E-02, 2483.7811, 0.10178E+07
  849800,2026-09-23T16:06:24.030+02:00, 0.275E-02, 2484.0570, 0.10179E+07
  849900,2026-09-23T16:06:35.681+02:00, 0.255E-02, 2484.3301, 0.10180E+07
  850000,2026-09-23T16:06:46.985+02:00, 0.277E-02, 2484.6036, 0.10182E+07
  850100,2026-09-23T16:06:58.347+02:00, 0.300E-02, 2484.8722, 0.10183E+07
  850200,2026-09-23T16:07:09.648+02:00, 0.290E-02, 2485.1564, 0.10184E+07
  850300,2026-09-23T16:07:21.268+02:00, 0.274E-02, 2485.4285, 0.10186E+07
  850400,2026-09-23T16:07:32.171+02:00, 0.274E-02, 2485.7027, 0.10187E+07
  850500,2026-09-23T16:07:43.328+02:00, 0.265E-02, 2485.9892, 0.10188E+07
  850600,2026-09-23T16:07:54.515+02:00, 0.254E-02, 2486.2838, 0.10190E+07
  850700,2026-09-23T16:08:06.510+02:00, 0.289E-02, 2486.5706, 0.10191E+07
  850800,2026-09-23T16:08:18.016+02:00, 0.278E-02, 2486.8464, 0.10193E+07
  850900,2026-09-23T16:08:29.476+02:00, 0.268E-02, 2487.1138, 0.10194E+07
  851000,2026-09-23T16:08:40.716+02:00, 0.288E-02, 2487.3919, 0.10195E+07
  851100,2026-09-23T16:08:52.152+02:00, 0.275E-02, 2487.6687, 0.10197E+07
  851200,2026-09-23T16:09:03.414+02:00, 0.283E-02, 2487.9438, 0.10198E+07
  851300,2026-09-23T16:09:14.646+02:00, 0.305E-02, 2488.2245, 0.10199E+07
  851400,2026-09-23T16:09:25.821+02:00, 0.298E-02, 2488.5040, 0.10201E+07
  851500,2026-09-23T16:09:37.502+02:00, 0.282E-02, 2488.7845, 0.10202E+07
  851600,2026-09-23T16:09:48.918+02:00, 0.278E-02, 2489.0622, 0.10203E+07
  851700,2026-09-23T16:10:00.625+02:00, 0.277E-02, 2489.3341, 0.10205E+07
  851800,2026-09-23T16:10:12.170+02:00, 0.278E-02, 2489.6107, 0.10206E+07
  851900,2026-09-23T16:10:23.579+02:00, 0.255E-02, 2489.9070, 0.10207E+07
  852000,2026-09-23T16:10:35.190+02:00, 0.282E-02, 2490.1913, 0.10209E+07
  852100,2026-09-23T16:10:46.690+02:00, 0.288E-02, 2490.4714, 0.10210E+07
  852200,2026-09-23T16:10:58.149+02:00, 0.288E-02, 2490.7594, 0.10212E+07
  852300,2026-09-23T16:11:09.288+02:00, 0.284E-02, 2491.0427, 0.10213E+07
  852400,2026-09-23T16:11:20.282+02:00, 0.283E-02, 2491.3158, 0.10214E+07
  852500,2026-09-23T16:11:31.487+02:00, 0.307E-02, 2491.6002, 0.10215E+07
  852600,2026-09-23T16:11:42.573+02:00, 0.284E-02, 2491.8823, 0.10217E+07
  852700,2026-09-23T16:11:53.285+02:00, 0.246E-02, 2492.1597, 0.10218E+07
  852800,2026-09-23T16:12:04.054+02:00, 0.259E-02, 2492.4447, 0.10219E+07
  852900,2026-09-23T16:12:14.833+02:00, 0.282E-02, 2492.7214, 0.10221E+07
  853000,2026-09-23T16:12:25.958+02:00, 0.273E-02, 2492.9953, 0.10222E+07
  853100,2026-09-23T16:12:37.508+02:00, 0.282E-02, 2493.2699, 0.10223E+07
  853200,2026-09-23T16:12:49.242+02:00, 0.282E-02, 2493.5521, 0.10225E+07
  853300,2026-09-23T16:13:01.050+02:00, 0.286E-02, 2493.8351, 0.10226E+07
  853400,2026-09-23T16:13:12.527+02:00, 0.294E-02, 2494.1144, 0.10228E+07
  853500,2026-09-23T16:13:24.117+02:00, 0.285E-02, 2494.3964, 0.10229E+07
  853600,2026-09-23T16:13:35.677+02:00, 0.278E-02, 2494.6749, 0.10230E+07
  853700,2026-09-23T16:13:46.560+02:00, 0.278E-02, 2494.9529, 0.10231E+07
  853800,2026-09-23T16:13:57.606+02:00, 0.274E-02, 2495.2238, 0.10233E+07
  853900,2026-09-23T16:14:08.975+02:00, 0.283E-02, 2495.5089, 0.10234E+07
  854000,2026-09-23T16:14:20.003+02:00, 0.283E-02, 2495.7920, 0.10235E+07
  854100,2026-09-23T16:14:31.377+02:00, 0.270E-02, 2496.0700, 0.10237E+07
  854200,2026-09-23T16:14:42.638+02:00, 0.265E-02, 2496.3412, 0.10238E+07
  854300,2026-09-23T16:14:54.167+02:00, 0.282E-02, 2496.6149, 0.10240E+07
  854400,2026-09-23T16:15:05.722+02:00, 0.274E-02, 2496.8880, 0.10241E+07
  854500,2026-09-23T16:15:16.803+02:00, 0.291E-02, 2497.1580, 0.10242E+07
  854600,2026-09-23T16:15:28.314+02:00, 0.276E-02, 2497.4218, 0.10244E+07
  854700,2026-09-23T16:15:39.885+02:00, 0.290E-02, 2497.7005, 0.10245E+07
  854800,2026-09-23T16:15:51.158+02:00, 0.295E-02, 2497.9827, 0.10246E+07
  854900,2026-09-23T16:16:02.702+02:00, 0.271E-02, 2498.2665, 0.10248E+07
  855000,2026-09-23T16:16:13.786+02:00, 0.273E-02, 2498.5363, 0.10249E+07
  855100,2026-09-23T16:16:25.567+02:00, 0.289E-02, 2498.8172, 0.10250E+07
  855200,2026-09-23T16:16:37.392+02:00, 0.312E-02, 2499.1111, 0.10252E+07
  855300,2026-09-23T16:16:48.835+02:00, 0.295E-02, 2499.4000, 0.10253E+07
  855400,2026-09-23T16:16:59.487+02:00, 0.289E-02, 2499.6861, 0.10254E+07
  855500,2026-09-23T16:17:10.590+02:00, 0.313E-02, 2499.9700, 0.10256E+07
  855600,2026-09-23T16:17:21.859+02:00, 0.261E-02, 2500.2685, 0.10257E+07
  855700,2026-09-23T16:17:33.016+02:00, 0.298E-02, 2500.5472, 0.10258E+07
  855800,2026-09-23T16:17:44.340+02:00, 0.285E-02, 2500.8280, 0.10260E+07
  855900,2026-09-23T16:17:55.446+02:00, 0.279E-02, 2501.1094, 0.10261E+07
  856000,2026-09-23T16:18:07.293+02:00, 0.267E-02, 2501.3833, 0.10262E+07
  856100,2026-09-23T16:18:18.352+02:00, 0.300E-02, 2501.6716, 0.10264E+07
  856200,2026-09-23T16:18:29.378+02:00, 0.296E-02, 2501.9585, 0.10265E+07
  856300,2026-09-23T16:18:40.534+02:00, 0.290E-02, 2502.2299, 0.10266E+07
  856400,2026-09-23T16:18:51.781+02:00, 0.287E-02, 2502.4969, 0.10268E+07
  856500,2026-09-23T16:19:03.122+02:00, 0.262E-02, 2502.7784, 0.10269E+07
  856600,2026-09-23T16:19:14.200+02:00, 0.280E-02, 2503.0572, 0.10270E+07
  856700,2026-09-23T16:19:25.183+02:00, 0.248E-02, 2503.3366, 0.10272E+07
  856800,2026-09-23T16:19:36.465+02:00, 0.300E-02, 2503.6140, 0.10273E+07
  856900,2026-09-23T16:19:47.428+02:00, 0.305E-02, 2503.8943, 0.10274E+07
  857000,2026-09-23T16:19:58.740+02:00, 0.271E-02, 2504.1751, 0.10276E+07
  857100,2026-09-23T16:20:09.861+02:00, 0.288E-02, 2504.4550, 0.10277E+07
  857200,2026-09-23T16:20:21.183+02:00, 0.276E-02, 2504.7336, 0.10278E+07
  857300,2026-09-23T16:20:32.444+02:00, 0.297E-02, 2505.0096, 0.10280E+07
  857400,2026-09-23T16:20:43.585+02:00, 0.253E-02, 2505.2893, 0.10281E+07
  857500,2026-09-23T16:20:54.431+02:00, 0.293E-02, 2505.5564, 0.10282E+07
  857600,2026-09-23T16:21:05.142+02:00, 0.284E-02, 2505.8380, 0.10284E+07
  857700,2026-09-23T16:21:16.538+02:00, 0.289E-02, 2506.1151, 0.10285E+07
  857800,2026-09-23T16:21:27.888+02:00, 0.273E-02, 2506.3911, 0.10286E+07
  857900,2026-09-23T16:21:38.995+02:00, 0.282E-02, 2506.6587, 0.10288E+07
  858000,2026-09-23T16:21:49.928+02:00, 0.271E-02, 2506.9322, 0.10289E+07
  858100,2026-09-23T16:22:01.102+02:00, 0.294E-02, 2507.2152, 0.10290E+07
  858200,2026-09-23T16:22:12.405+02:00, 0.296E-02, 2507.5007, 0.10292E+07
  858300,2026-09-23T16:22:23.846+02:00, 0.260E-02, 2507.7931, 0.10293E+07
  858400,2026-09-23T16:22:34.907+02:00, 0.279E-02, 2508.0693, 0.10294E+07
  858500,2026-09-23T16:22:46.057+02:00, 0.264E-02, 2508.3514, 0.10296E+07
  858600,2026-09-23T16:22:57.164+02:00, 0.269E-02, 2508.6253, 0.10297E+07
  858700,2026-09-23T16:23:08.475+02:00, 0.272E-02, 2508.8963, 0.10298E+07
  858800,2026-09-23T16:23:20.084+02:00, 0.286E-02, 2509.1701, 0.10300E+07
  858900,2026-09-23T16:23:31.728+02:00, 0.289E-02, 2509.4434, 0.10301E+07
  859000,2026-09-23T16:23:42.872+02:00, 0.277E-02, 2509.7198, 0.10302E+07
  859100,2026-09-23T16:23:53.880+02:00, 0.270E-02, 2509.9891, 0.10304E+07
  859200,2026-09-23T16:24:05.220+02:00, 0.285E-02, 2510.2575, 0.10305E+07
  859300,2026-09-23T16:24:17.199+02:00, 0.273E-02, 2510.5242, 0.10306E+07
  859400,2026-09-23T16:24:28.521+02:00, 0.280E-02, 2510.7896, 0.10308E+07
  859500,2026-09-23T16:24:39.649+02:00, 0.275E-02, 2511.0638, 0.10309E+07
  859600,2026-09-23T16:24:51.123+02:00, 0.275E-02, 2511.3386, 0.10310E+07
  859700,2026-09-23T16:25:02.313+02:00, 0.275E-02, 2511.6134, 0.10312E+07
  859800,2026-09-23T16:25:13.561+02:00, 0.272E-02, 2511.8845, 0.10313E+07
  859900,2026-09-23T16:25:24.299+02:00, 0.284E-02, 2512.1640, 0.10314E+07
  860000,2026-09-23T16:25:35.147+02:00, 0.291E-02, 2512.4451, 0.10316E+07
  860100,2026-09-23T16:25:46.382+02:00, 0.265E-02, 2512.7412, 0.10317E+07
  860200,2026-09-23T16:25:57.156+02:00, 0.279E-02, 2513.0171, 0.10318E+07
  860300,2026-09-23T16:26:07.990+02:00, 0.303E-02, 2513.2914, 0.10320E+07
  860400,2026-09-23T16:26:19.024+02:00, 0.269E-02, 2513.5669, 0.10321E+07
  860500,2026-09-23T16:26:29.825+02:00, 0.283E-02, 2513.8449, 0.10322E+07
  860600,2026-09-23T16:26:40.595+02:00, 0.274E-02, 2514.1176, 0.10323E+07
  860700,2026-09-23T16:26:51.485+02:00, 0.269E-02, 2514.3848, 0.10325E+07
  860800,2026-09-23T16:27:02.280+02:00, 0.245E-02, 2514.6558, 0.10326E+07
  860900,2026-09-23T16:27:13.574+02:00, 0.272E-02, 2514.9258, 0.10327E+07
  861000,2026-09-23T16:27:24.652+02:00, 0.272E-02, 2515.1976, 0.10329E+07
  861100,2026-09-23T16:27:35.709+02:00, 0.268E-02, 2515.4687, 0.10330E+07
  861200,2026-09-23T16:27:46.665+02:00, 0.300E-02, 2515.7439, 0.10331E+07
  861300,2026-09-23T16:27:58.194+02:00, 0.275E-02, 2516.0187, 0.10333E+07
  861400,2026-09-23T16:28:09.907+02:00, 0.294E-02, 2516.2919, 0.10334E+07
  861500,2026-09-23T16:28:21.167+02:00, 0.280E-02, 2516.5712, 0.10335E+07
  861600,2026-09-23T16:28:32.647+02:00, 0.282E-02, 2516.8415, 0.10337E+07
  861700,2026-09-23T16:28:43.982+02:00, 0.289E-02, 2517.1251, 0.10338E+07
  861800,2026-09-23T16:28:55.000+02:00, 0.301E-02, 2517.4081, 0.10339E+07
  861900,2026-09-23T16:29:06.048+02:00, 0.283E-02, 2517.6972, 0.10341E+07
  862000,2026-09-23T16:29:17.259+02:00, 0.283E-02, 2517.9799, 0.10342E+07
  862100,2026-09-23T16:29:28.051+02:00, 0.243E-02, 2518.2527, 0.10343E+07
  862200,2026-09-23T16:29:38.918+02:00, 0.263E-02, 2518.5381, 0.10345E+07
  862300,2026-09-23T16:29:50.300+02:00, 0.294E-02, 2518.8180, 0.10346E+07
  862400,2026-09-23T16:30:01.841+02:00, 0.284E-02, 2519.0972, 0.10347E+07
  862500,2026-09-23T16:30:13.380+02:00, 0.289E-02, 2519.3685, 0.10349E+07
  862600,2026-09-23T16:30:24.889+02:00, 0.264E-02, 2519.6367, 0.10350E+07
  862700,2026-09-23T16:30:36.024+02:00, 0.233E-02, 2519.9216, 0.10351E+07
  862800,2026-09-23T16:30:47.618+02:00, 0.282E-02, 2520.2014, 0.10353E+07
  862900,2026-09-23T16:30:58.521+02:00, 0.259E-02, 2520.4712, 0.10354E+07
  863000,2026-09-23T16:31:10.016+02:00, 0.284E-02, 2520.7311, 0.10355E+07
  863100,2026-09-23T16:31:21.052+02:00, 0.224E-02, 2521.0047, 0.10357E+07
  863200,2026-09-23T16:31:32.581+02:00, 0.281E-02, 2521.2837, 0.10358E+07
  863300,2026-09-23T16:31:44.079+02:00, 0.282E-02, 2521.5607, 0.10359E+07
  863400,2026-09-23T16:31:55.701+02:00, 0.264E-02, 2521.8223, 0.10361E+07
  863500,2026-09-23T16:32:07.166+02:00, 0.274E-02, 2522.0851, 0.10362E+07
  863600,2026-09-23T16:32:17.953+02:00, 0.298E-02, 2522.3684, 0.10364E+07
  863700,2026-09-23T16:32:28.575+02:00, 0.256E-02, 2522.6513, 0.10365E+07
  863800,2026-09-23T16:32:39.432+02:00, 0.300E-02, 2522.9282, 0.10366E+07
  863900,2026-09-23T16:32:50.511+02:00, 0.278E-02, 2523.2047, 0.10367E+07
  864000,2026-09-23T16:33:01.299+02:00, 0.248E-02, 2523.4784, 0.10369E+07
  864100,2026-09-23T16:33:12.364+02:00, 0.254E-02, 2523.7551, 0.10370E+07
  864200,2026-09-23T16:33:23.440+02:00, 0.269E-02, 2524.0348, 0.10371E+07
  864300,2026-09-23T16:33:34.315+02:00, 0.262E-02, 2524.2976, 0.10373E+07
  864400,2026-09-23T16:33:45.500+02:00, 0.283E-02, 2524.5706, 0.10374E+07
  864500,2026-09-23T16:33:56.421+02:00, 0.259E-02, 2524.8508, 0.10375E+07
  864600,2026-09-23T16:34:07.830+02:00, 0.297E-02, 2525.1300, 0.10377E+07
  864700,2026-09-23T16:34:18.613+02:00, 0.287E-02, 2525.4126, 0.10378E+07
  864800,2026-09-23T16:34:29.336+02:00, 0.295E-02, 2525.6981, 0.10379E+07
  864900,2026-09-23T16:34:40.340+02:00, 0.260E-02, 2525.9816, 0.10380E+07
  865000,2026-09-23T16:34:51.540+02:00, 0.298E-02, 2526.2525, 0.10382E+07
  865100,2026-09-23T16:35:02.646+02:00, 0.285E-02, 2526.5386, 0.10383E+07
  865200,2026-09-23T16:35:13.420+02:00, 0.285E-02, 2526.8237, 0.10384E+07
  865300,2026-09-23T16:35:25.630+02:00, 0.281E-02, 2527.1035, 0.10386E+07
  865400,2026-09-23T16:35:37.152+02:00, 0.262E-02, 2527.3743, 0.10387E+07
  865500,2026-09-23T16:35:48.702+02:00, 0.262E-02, 2527.6350, 0.10389E+07
  865600,2026-09-23T16:36:00.558+02:00, 0.287E-02, 2527.9061, 0.10390E+07
  865700,2026-09-23T16:36:11.645+02:00, 0.277E-02, 2528.1806, 0.10391E+07
  865800,2026-09-23T16:36:23.329+02:00, 0.266E-02, 2528.4488, 0.10393E+07
  865900,2026-09-23T16:36:35.031+02:00, 0.229E-02, 2528.7098, 0.10394E+07
  866000,2026-09-23T16:36:46.869+02:00, 0.278E-02, 2528.9752, 0.10396E+07
  866100,2026-09-23T16:36:58.836+02:00, 0.278E-02, 2529.2450, 0.10397E+07
  866200,2026-09-23T16:37:10.593+02:00, 0.276E-02, 2529.5328, 0.10398E+07
  866300,2026-09-23T16:37:22.177+02:00, 0.254E-02, 2529.8158, 0.10400E+07
  866400,2026-09-23T16:37:33.339+02:00, 0.274E-02, 2530.1111, 0.10401E+07
  866500,2026-09-23T16:37:44.339+02:00, 0.301E-02, 2530.4073, 0.10402E+07
  866600,2026-09-23T16:37:55.720+02:00, 0.286E-02, 2530.6968, 0.10404E+07
  866700,2026-09-23T16:38:07.418+02:00, 0.286E-02, 2530.9828, 0.10405E+07
  866800,2026-09-23T16:38:18.973+02:00, 0.265E-02, 2531.2514, 0.10406E+07
  866900,2026-09-23T16:38:29.813+02:00, 0.291E-02, 2531.5216, 0.10408E+07
  867000,2026-09-23T16:38:40.625+02:00, 0.282E-02, 2531.8038, 0.10409E+07
  867100,2026-09-23T16:38:51.368+02:00, 0.282E-02, 2532.0815, 0.10410E+07
  867200,2026-09-23T16:39:02.528+02:00, 0.303E-02, 2532.3643, 0.10412E+07
  867300,2026-09-23T16:39:13.774+02:00, 0.298E-02, 2532.6521, 0.10413E+07
  867400,2026-09-23T16:39:25.007+02:00, 0.288E-02, 2532.9364, 0.10414E+07
  867500,2026-09-23T16:39:35.855+02:00, 0.279E-02, 2533.2121, 0.10416E+07
  867600,2026-09-23T16:39:46.973+02:00, 0.291E-02, 2533.5002, 0.10417E+07
  867700,2026-09-23T16:39:57.848+02:00, 0.291E-02, 2533.7911, 0.10418E+07
  867800,2026-09-23T16:40:08.485+02:00, 0.283E-02, 2534.0742, 0.10419E+07
  867900,2026-09-23T16:40:19.424+02:00, 0.279E-02, 2534.3557, 0.10421E+07
  868000,2026-09-23T16:40:30.353+02:00, 0.279E-02, 2534.6351, 0.10422E+07
  868100,2026-09-23T16:40:41.097+02:00, 0.268E-02, 2534.9022, 0.10423E+07
  868200,2026-09-23T16:40:52.079+02:00, 0.265E-02, 2535.1847, 0.10425E+07
  868300,2026-09-23T16:41:03.320+02:00, 0.273E-02, 2535.4500, 0.10426E+07
  868400,2026-09-23T16:41:15.427+02:00, 0.246E-02, 2535.7231, 0.10427E+07
  868500,2026-09-23T16:41:27.019+02:00, 0.278E-02, 2535.9916, 0.10429E+07
  868600,2026-09-23T16:41:38.307+02:00, 0.301E-02, 2536.2704, 0.10430E+07
  868700,2026-09-23T16:41:49.434+02:00, 0.283E-02, 2536.5487, 0.10431E+07
  868800,2026-09-23T16:42:00.576+02:00, 0.290E-02, 2536.8252, 0.10433E+07
  868900,2026-09-23T16:42:11.968+02:00, 0.299E-02, 2537.1027, 0.10434E+07
  869000,2026-09-23T16:42:22.855+02:00, 0.290E-02, 2537.3886, 0.10435E+07
  869100,2026-09-23T16:42:33.908+02:00, 0.276E-02, 2537.6694, 0.10437E+07
  869200,2026-09-23T16:42:44.645+02:00, 0.256E-02, 2537.9361, 0.10438E+07
  869300,2026-09-23T16:42:55.626+02:00, 0.270E-02, 2538.2104, 0.10439E+07
  869400,2026-09-23T16:43:06.360+02:00, 0.286E-02, 2538.4827, 0.10441E+07
  869500,2026-09-23T16:43:17.270+02:00, 0.255E-02, 2538.7545, 0.10442E+07
  869600,2026-09-23T16:43:28.016+02:00, 0.288E-02, 2539.0236, 0.10443E+07
  869700,2026-09-23T16:43:38.842+02:00, 0.284E-02, 2539.3042, 0.10444E+07
  869800,2026-09-23T16:43:50.318+02:00, 0.228E-02, 2539.5697, 0.10446E+07
  869900,2026-09-23T16:44:01.588+02:00, 0.275E-02, 2539.8355, 0.10447E+07
  870000,2026-09-23T16:44:12.873+02:00, 0.229E-02, 2540.0981, 0.10448E+07
  870100,2026-09-23T16:44:24.361+02:00, 0.272E-02, 2540.3733, 0.10450E+07
  870200,2026-09-23T16:44:35.755+02:00, 0.284E-02, 2540.6514, 0.10451E+07
  870300,2026-09-23T16:44:47.583+02:00, 0.257E-02, 2540.9236, 0.10453E+07
  870400,2026-09-23T16:44:59.493+02:00, 0.287E-02, 2541.1921, 0.10454E+07
  870500,2026-09-23T16:45:11.051+02:00, 0.292E-02, 2541.4577, 0.10455E+07
  870600,2026-09-23T16:45:22.505+02:00, 0.281E-02, 2541.7313, 0.10457E+07
  870700,2026-09-23T16:45:34.269+02:00, 0.270E-02, 2542.0013, 0.10458E+07
  870800,2026-09-23T16:45:45.592+02:00, 0.274E-02, 2542.2759, 0.10459E+07
  870900,2026-09-23T16:45:57.254+02:00, 0.300E-02, 2542.5426, 0.10461E+07
  871000,2026-09-23T16:46:08.849+02:00, 0.271E-02, 2542.8237, 0.10462E+07
  871100,2026-09-23T16:46:20.110+02:00, 0.266E-02, 2543.1006, 0.10464E+07
  871200,2026-09-23T16:46:31.518+02:00, 0.263E-02, 2543.3698, 0.10465E+07
  871300,2026-09-23T16:46:43.195+02:00, 0.271E-02, 2543.6333, 0.10466E+07
  871400,2026-09-23T16:46:54.891+02:00, 0.276E-02, 2543.9118, 0.10468E+07
  871500,2026-09-23T16:47:06.373+02:00, 0.270E-02, 2544.1824, 0.10469E+07
  871600,2026-09-23T16:47:18.011+02:00, 0.297E-02, 2544.4535, 0.10470E+07
  871700,2026-09-23T16:47:29.517+02:00, 0.283E-02, 2544.7377, 0.10472E+07
  871800,2026-09-23T16:47:40.177+02:00, 0.311E-02, 2545.0249, 0.10473E+07
  871900,2026-09-23T16:47:51.180+02:00, 0.306E-02, 2545.3136, 0.10474E+07
  872000,2026-09-23T16:48:02.538+02:00, 0.277E-02, 2545.5969, 0.10476E+07
  872100,2026-09-23T16:48:13.596+02:00, 0.245E-02, 2545.8718, 0.10477E+07
  872200,2026-09-23T16:48:24.687+02:00, 0.295E-02, 2546.1521, 0.10478E+07
  872300,2026-09-23T16:48:35.528+02:00, 0.287E-02, 2546.4378, 0.10480E+07
  872400,2026-09-23T16:48:46.950+02:00, 0.284E-02, 2546.7163, 0.10481E+07
  872500,2026-09-23T16:48:58.326+02:00, 0.269E-02, 2546.9952, 0.10482E+07
  872600,2026-09-23T16:49:09.870+02:00, 0.253E-02, 2547.2699, 0.10484E+07
  872700,2026-09-23T16:49:21.202+02:00, 0.285E-02, 2547.5447, 0.10485E+07
  872800,2026-09-23T16:49:32.570+02:00, 0.278E-02, 2547.8223, 0.10486E+07
  872900,2026-09-23T16:49:43.833+02:00, 0.271E-02, 2548.0968, 0.10488E+07
  873000,2026-09-23T16:49:54.504+02:00, 0.271E-02, 2548.3679, 0.10489E+07
  873100,2026-09-23T16:50:05.476+02:00, 0.298E-02, 2548.6452, 0.10490E+07
  873200,2026-09-23T16:50:16.189+02:00, 0.274E-02, 2548.9173, 0.10492E+07
  873300,2026-09-23T16:50:27.176+02:00, 0.274E-02, 2549.1909, 0.10493E+07
  873400,2026-09-23T16:50:38.199+02:00, 0.296E-02, 2549.4629, 0.10494E+07
  873500,2026-09-23T16:50:48.760+02:00, 0.286E-02, 2549.7469, 0.10496E+07
  873600,2026-09-23T16:50:59.749+02:00, 0.283E-02, 2550.0277, 0.10497E+07
  873700,2026-09-23T16:51:10.733+02:00, 0.273E-02, 2550.2993, 0.10498E+07
  873800,2026-09-23T16:51:21.437+02:00, 0.273E-02, 2550.5724, 0.10499E+07
  873900,2026-09-23T16:51:32.044+02:00, 0.258E-02, 2550.8533, 0.10501E+07
  874000,2026-09-23T16:51:43.048+02:00, 0.249E-02, 2551.1314, 0.10502E+07
  874100,2026-09-23T16:51:54.043+02:00, 0.260E-02, 2551.4170, 0.10503E+07
  874200,2026-09-23T16:52:05.012+02:00, 0.241E-02, 2551.6872, 0.10505E+07
  874300,2026-09-23T16:52:16.631+02:00, 0.288E-02, 2551.9699, 0.10506E+07
  874400,2026-09-23T16:52:27.601+02:00, 0.273E-02, 2552.2446, 0.10507E+07
  874500,2026-09-23T16:52:39.043+02:00, 0.262E-02, 2552.5169, 0.10509E+07
  874600,2026-09-23T16:52:50.174+02:00, 0.278E-02, 2552.7803, 0.10510E+07
  874700,2026-09-23T16:53:01.691+02:00, 0.286E-02, 2553.0630, 0.10511E+07
  874800,2026-09-23T16:53:12.951+02:00, 0.274E-02, 2553.3389, 0.10513E+07
  874900,2026-09-23T16:53:24.505+02:00, 0.281E-02, 2553.6297, 0.10514E+07
  875000,2026-09-23T16:53:35.706+02:00, 0.247E-02, 2553.9032, 0.10515E+07
  875100,2026-09-23T16:53:47.019+02:00, 0.278E-02, 2554.1828, 0.10517E+07
  875200,2026-09-23T16:53:58.310+02:00, 0.261E-02, 2554.4664, 0.10518E+07
  875300,2026-09-23T16:54:09.323+02:00, 0.307E-02, 2554.7416, 0.10519E+07
  875400,2026-09-23T16:54:20.252+02:00, 0.268E-02, 2555.0197, 0.10521E+07
  875500,2026-09-23T16:54:31.759+02:00, 0.295E-02, 2555.3141, 0.10522E+07
  875600,2026-09-23T16:54:42.767+02:00, 0.258E-02, 2555.5841, 0.10523E+07
  875700,2026-09-23T16:54:53.702+02:00, 0.278E-02, 2555.8626, 0.10525E+07
  875800,2026-09-23T16:55:05.040+02:00, 0.281E-02, 2556.1540, 0.10526E+07
  875900,2026-09-23T16:55:16.228+02:00, 0.272E-02, 2556.4318, 0.10527E+07
  876000,2026-09-23T16:55:27.362+02:00, 0.296E-02, 2556.7166, 0.10529E+07
  876100,2026-09-23T16:55:38.611+02:00, 0.285E-02, 2557.0047, 0.10530E+07
  876200,2026-09-23T16:55:49.558+02:00, 0.272E-02, 2557.2803, 0.10531E+07
  876300,2026-09-23T16:56:00.737+02:00, 0.235E-02, 2557.5651, 0.10533E+07
  876400,2026-09-23T16:56:11.981+02:00, 0.252E-02, 2557.8356, 0.10534E+07
  876500,2026-09-23T16:56:23.662+02:00, 0.274E-02, 2558.1088, 0.10535E+07
  876600,2026-09-23T16:56:35.458+02:00, 0.266E-02, 2558.3915, 0.10537E+07
  876700,2026-09-23T16:56:47.040+02:00, 0.269E-02, 2558.6600, 0.10538E+07
  876800,2026-09-23T16:56:58.339+02:00, 0.282E-02, 2558.9311, 0.10539E+07
  876900,2026-09-23T16:57:09.553+02:00, 0.288E-02, 2559.2047, 0.10541E+07
  877000,2026-09-23T16:57:20.660+02:00, 0.284E-02, 2559.4767, 0.10542E+07
  877100,2026-09-23T16:57:31.572+02:00, 0.287E-02, 2559.7574, 0.10543E+07
  877200,2026-09-23T16:57:42.971+02:00, 0.256E-02, 2560.0430, 0.10545E+07
  877300,2026-09-23T16:57:53.904+02:00, 0.282E-02, 2560.3213, 0.10546E+07
  877400,2026-09-23T16:58:05.452+02:00, 0.273E-02, 2560.5927, 0.10547E+07
  877500,2026-09-23T16:58:16.729+02:00, 0.289E-02, 2560.8751, 0.10549E+07
  877600,2026-09-23T16:58:27.968+02:00, 0.293E-02, 2561.1591, 0.10550E+07
  877700,2026-09-23T16:58:39.509+02:00, 0.280E-02, 2561.4404, 0.10551E+07
  877800,2026-09-23T16:58:50.749+02:00, 0.276E-02, 2561.7173, 0.10553E+07
  877900,2026-09-23T16:59:01.755+02:00, 0.276E-02, 2561.9936, 0.10554E+07
  878000,2026-09-23T16:59:12.637+02:00, 0.276E-02, 2562.2698, 0.10555E+07
  878100,2026-09-23T16:59:24.187+02:00, 0.285E-02, 2562.5443, 0.10557E+07
  878200,2026-09-23T16:59:35.089+02:00, 0.291E-02, 2562.8189, 0.10558E+07
  878300,2026-09-23T16:59:46.615+02:00, 0.269E-02, 2563.0878, 0.10559E+07
  878400,2026-09-23T16:59:58.225+02:00, 0.264E-02, 2563.3511, 0.10561E+07
  878500,2026-09-23T17:00:09.744+02:00, 0.264E-02, 2563.6132, 0.10562E+07
  878600,2026-09-23T17:00:21.161+02:00, 0.249E-02, 2563.8830, 0.10563E+07
  878700,2026-09-23T17:00:32.478+02:00, 0.296E-02, 2564.1641, 0.10565E+07
  878800,2026-09-23T17:00:43.920+02:00, 0.254E-02, 2564.4458, 0.10566E+07
  878900,2026-09-23T17:00:55.382+02:00, 0.271E-02, 2564.7193, 0.10567E+07
  879000,2026-09-23T17:01:06.633+02:00, 0.278E-02, 2564.9779, 0.10569E+07
  879100,2026-09-23T17:01:17.531+02:00, 0.271E-02, 2565.2573, 0.10570E+07
  879200,2026-09-23T17:01:28.761+02:00, 0.302E-02, 2565.5406, 0.10571E+07
  879300,2026-09-23T17:01:39.755+02:00, 0.261E-02, 2565.8254, 0.10573E+07
  879400,2026-09-23T17:01:50.268+02:00, 0.294E-02, 2566.1047, 0.10574E+07
  879500,2026-09-23T17:02:01.269+02:00, 0.294E-02, 2566.3992, 0.10575E+07
  879600,2026-09-23T17:02:12.325+02:00, 0.282E-02, 2566.6828, 0.10577E+07
  879700,2026-09-23T17:02:23.046+02:00, 0.282E-02, 2566.9647, 0.10578E+07
  879800,2026-09-23T17:02:34.237+02:00, 0.295E-02, 2567.2372, 0.10579E+07
  879900,2026-09-23T17:02:45.467+02:00, 0.289E-02, 2567.5228, 0.10581E+07
  880000,2026-09-23T17:02:56.752+02:00, 0.258E-02, 2567.8118, 0.10582E+07
  880100,2026-09-23T17:03:07.862+02:00, 0.301E-02, 2568.0920, 0.10583E+07
  880200,2026-09-23T17:03:19.440+02:00, 0.253E-02, 2568.3722, 0.10585E+07
  880300,2026-09-23T17:03:31.106+02:00, 0.278E-02, 2568.6499, 0.10586E+07
  880400,2026-09-23T17:03:42.136+02:00, 0.265E-02, 2568.9185, 0.10587E+07
  880500,2026-09-23T17:03:52.809+02:00, 0.283E-02, 2569.2040, 0.10589E+07
  880600,2026-09-23T17:04:03.515+02:00, 0.275E-02, 2569.4747, 0.10590E+07
  880700,2026-09-23T17:04:14.693+02:00, 0.284E-02, 2569.7449, 0.10591E+07
  880800,2026-09-23T17:04:25.446+02:00, 0.275E-02, 2570.0219, 0.10592E+07
  880900,2026-09-23T17:04:36.536+02:00, 0.261E-02, 2570.3001, 0.10594E+07
  881000,2026-09-23T17:04:47.192+02:00, 0.287E-02, 2570.5652, 0.10595E+07
  881100,2026-09-23T17:04:58.285+02:00, 0.313E-02, 2570.8442, 0.10596E+07
  881200,2026-09-23T17:05:09.237+02:00, 0.309E-02, 2571.1382, 0.10598E+07
  881300,2026-09-23T17:05:20.248+02:00, 0.264E-02, 2571.4327, 0.10599E+07
  881400,2026-09-23T17:05:31.256+02:00, 0.290E-02, 2571.7205, 0.10600E+07
  881500,2026-09-23T17:05:42.200+02:00, 0.267E-02, 2571.9992, 0.10602E+07
  881600,2026-09-23T17:05:53.719+02:00, 0.286E-02, 2572.2827, 0.10603E+07
  881700,2026-09-23T17:06:05.009+02:00, 0.278E-02, 2572.5560, 0.10604E+07
  881800,2026-09-23T17:06:16.101+02:00, 0.301E-02, 2572.8401, 0.10606E+07
  881900,2026-09-23T17:06:27.255+02:00, 0.303E-02, 2573.1251, 0.10607E+07
  882000,2026-09-23T17:06:38.472+02:00, 0.282E-02, 2573.4047, 0.10608E+07
  882100,2026-09-23T17:06:49.673+02:00, 0.279E-02, 2573.6845, 0.10610E+07
  882200,2026-09-23T17:07:00.899+02:00, 0.258E-02, 2573.9741, 0.10611E+07
  882300,2026-09-23T17:07:11.906+02:00, 0.284E-02, 2574.2538, 0.10612E+07
  882400,2026-09-23T17:07:23.072+02:00, 0.285E-02, 2574.5314, 0.10614E+07
  882500,2026-09-23T17:07:34.361+02:00, 0.300E-02, 2574.8088, 0.10615E+07
  882600,2026-09-23T17:07:45.289+02:00, 0.296E-02, 2575.0962, 0.10616E+07
  882700,2026-09-23T17:07:56.347+02:00, 0.279E-02, 2575.3798, 0.10618E+07
  882800,2026-09-23T17:08:07.631+02:00, 0.241E-02, 2575.6621, 0.10619E+07
  882900,2026-09-23T17:08:18.373+02:00, 0.292E-02, 2575.9340, 0.10620E+07
  883000,2026-09-23T17:08:29.256+02:00, 0.277E-02, 2576.2112, 0.10621E+07
  883100,2026-09-23T17:08:40.431+02:00, 0.286E-02, 2576.4893, 0.10623E+07
  883200,2026-09-23T17:08:51.397+02:00, 0.286E-02, 2576.7758, 0.10624E+07
  883300,2026-09-23T17:09:02.091+02:00, 0.289E-02, 2577.0579, 0.10625E+07
  883400,2026-09-23T17:09:13.793+02:00, 0.280E-02, 2577.3265, 0.10627E+07
  883500,2026-09-23T17:09:25.411+02:00, 0.252E-02, 2577.6049, 0.10628E+07
  883600,2026-09-23T17:09:36.474+02:00, 0.288E-02, 2577.8801, 0.10629E+07
  883700,2026-09-23T17:09:47.932+02:00, 0.269E-02, 2578.1645, 0.10631E+07
  883800,2026-09-23T17:09:58.866+02:00, 0.259E-02, 2578.4416, 0.10632E+07
  883900,2026-09-23T17:10:09.674+02:00, 0.285E-02, 2578.7270, 0.10633E+07
  884000,2026-09-23T17:10:20.512+02:00, 0.281E-02, 2579.0055, 0.10635E+07
  884100,2026-09-23T17:10:31.685+02:00, 0.281E-02, 2579.2867, 0.10636E+07
  884200,2026-09-23T17:10:42.998+02:00, 0.274E-02, 2579.5687, 0.10637E+07
  884300,2026-09-23T17:10:53.608+02:00, 0.292E-02, 2579.8572, 0.10639E+07
  884400,2026-09-23T17:11:05.359+02:00, 0.281E-02, 2580.1390, 0.10640E+07
  884500,2026-09-23T17:11:16.510+02:00, 0.272E-02, 2580.4229, 0.10641E+07
  884600,2026-09-23T17:11:27.519+02:00, 0.295E-02, 2580.7094, 0.10643E+07
  884700,2026-09-23T17:11:38.520+02:00, 0.290E-02, 2580.9940, 0.10644E+07
  884800,2026-09-23T17:11:49.940+02:00, 0.254E-02, 2581.2721, 0.10645E+07
  884900,2026-09-23T17:12:01.006+02:00, 0.298E-02, 2581.5489, 0.10647E+07
  885000,2026-09-23T17:12:11.792+02:00, 0.265E-02, 2581.8386, 0.10648E+07
  885100,2026-09-23T17:12:23.029+02:00, 0.300E-02, 2582.1147, 0.10649E+07
  885200,2026-09-23T17:12:34.383+02:00, 0.284E-02, 2582.3989, 0.10651E+07
  885300,2026-09-23T17:12:45.736+02:00, 0.302E-02, 2582.6869, 0.10652E+07
  885400,2026-09-23T17:12:56.722+02:00, 0.280E-02, 2582.9665, 0.10653E+07
  885500,2026-09-23T17:13:07.543+02:00, 0.280E-02, 2583.2467, 0.10654E+07
  885600,2026-09-23T17:13:18.379+02:00, 0.277E-02, 2583.5447, 0.10656E+07
  885700,2026-09-23T17:13:29.473+02:00, 0.260E-02, 2583.8237, 0.10657E+07
  885800,2026-09-23T17:13:40.913+02:00, 0.270E-02, 2584.1094, 0.10658E+07
  885900,2026-09-23T17:13:51.957+02:00, 0.280E-02, 2584.3760, 0.10660E+07
  886000,2026-09-23T17:14:02.953+02:00, 0.273E-02, 2584.6495, 0.10661E+07
  886100,2026-09-23T17:14:14.175+02:00, 0.277E-02, 2584.9268, 0.10662E+07
  886200,2026-09-23T17:14:25.496+02:00, 0.281E-02, 2585.2142, 0.10664E+07
  886300,2026-09-23T17:14:36.671+02:00, 0.278E-02, 2585.4899, 0.10665E+07
  886400,2026-09-23T17:14:48.090+02:00, 0.270E-02, 2585.7582, 0.10666E+07
  886500,2026-09-23T17:14:59.391+02:00, 0.292E-02, 2586.0254, 0.10668E+07
  886600,2026-09-23T17:15:10.439+02:00, 0.299E-02, 2586.3000, 0.10669E+07
  886700,2026-09-23T17:15:21.353+02:00, 0.287E-02, 2586.5721, 0.10670E+07
  886800,2026-09-23T17:15:32.382+02:00, 0.270E-02, 2586.8454, 0.10672E+07
  886900,2026-09-23T17:15:43.442+02:00, 0.288E-02, 2587.1300, 0.10673E+07
  887000,2026-09-23T17:15:54.300+02:00, 0.283E-02, 2587.4138, 0.10674E+07
  887100,2026-09-23T17:16:05.374+02:00, 0.252E-02, 2587.6962, 0.10676E+07
  887200,2026-09-23T17:16:16.117+02:00, 0.296E-02, 2587.9745, 0.10677E+07
  887300,2026-09-23T17:16:27.156+02:00, 0.280E-02, 2588.2514, 0.10678E+07
  887400,2026-09-23T17:16:38.165+02:00, 0.267E-02, 2588.5404, 0.10680E+07
  887500,2026-09-23T17:16:49.023+02:00, 0.281E-02, 2588.8179, 0.10681E+07
  887600,2026-09-23T17:16:59.679+02:00, 0.279E-02, 2589.0925, 0.10682E+07
  887700,2026-09-23T17:17:10.818+02:00, 0.266E-02, 2589.3637, 0.10683E+07
  887800,2026-09-23T17:17:21.614+02:00, 0.293E-02, 2589.6406, 0.10685E+07
  887900,2026-09-23T17:17:32.522+02:00, 0.275E-02, 2589.9081, 0.10686E+07
  888000,2026-09-23T17:17:43.422+02:00, 0.275E-02, 2590.1827, 0.10687E+07
  888100,2026-09-23T17:17:54.669+02:00, 0.260E-02, 2590.4596, 0.10689E+07
  888200,2026-09-23T17:18:06.124+02:00, 0.287E-02, 2590.7369, 0.10690E+07
  888300,2026-09-23T17:18:17.336+02:00, 0.295E-02, 2591.0123, 0.10691E+07
  888400,2026-09-23T17:18:28.318+02:00, 0.270E-02, 2591.2906, 0.10693E+07
  888500,2026-09-23T17:18:40.003+02:00, 0.248E-02, 2591.5588, 0.10694E+07
  888600,2026-09-23T17:18:51.486+02:00, 0.291E-02, 2591.8333, 0.10695E+07
  888700,2026-09-23T17:19:02.280+02:00, 0.280E-02, 2592.1104, 0.10697E+07
  888800,2026-09-23T17:19:12.862+02:00, 0.263E-02, 2592.3818, 0.10698E+07
  888900,2026-09-23T17:19:23.519+02:00, 0.259E-02, 2592.6460, 0.10699E+07
  889000,2026-09-23T17:19:34.872+02:00, 0.287E-02, 2592.9216, 0.10701E+07
  889100,2026-09-23T17:19:45.887+02:00, 0.243E-02, 2593.1946, 0.10702E+07
  889200,2026-09-23T17:19:57.137+02:00, 0.291E-02, 2593.4778, 0.10703E+07
  889300,2026-09-23T17:20:08.258+02:00, 0.260E-02, 2593.7657, 0.10705E+07
  889400,2026-09-23T17:20:19.396+02:00, 0.304E-02, 2594.0494, 0.10706E+07
  889500,2026-09-23T17:20:30.350+02:00, 0.284E-02, 2594.3323, 0.10707E+07
  889600,2026-09-23T17:20:41.591+02:00, 0.278E-02, 2594.6077, 0.10708E+07
  889700,2026-09-23T17:20:52.973+02:00, 0.289E-02, 2594.8875, 0.10710E+07
  889800,2026-09-23T17:21:03.813+02:00, 0.282E-02, 2595.1590, 0.10711E+07
  889900,2026-09-23T17:21:14.956+02:00, 0.283E-02, 2595.4419, 0.10712E+07
  890000,2026-09-23T17:21:25.809+02:00, 0.267E-02, 2595.7152, 0.10714E+07
  890100,2026-09-23T17:21:36.556+02:00, 0.267E-02, 2595.9817, 0.10715E+07
  890200,2026-09-23T17:21:47.869+02:00, 0.260E-02, 2596.2548, 0.10716E+07
  890300,2026-09-23T17:21:58.572+02:00, 0.305E-02, 2596.5322, 0.10718E+07
  890400,2026-09-23T17:22:09.683+02:00, 0.282E-02, 2596.8175, 0.10719E+07
  890500,2026-09-23T17:22:21.188+02:00, 0.271E-02, 2597.0973, 0.10720E+07
  890600,2026-09-23T17:22:32.264+02:00, 0.293E-02, 2597.3838, 0.10722E+07
  890700,2026-09-23T17:22:43.555+02:00, 0.243E-02, 2597.6665, 0.10723E+07
  890800,2026-09-23T17:22:54.320+02:00, 0.274E-02, 2597.9335, 0.10724E+07
  890900,2026-09-23T17:23:05.441+02:00, 0.284E-02, 2598.2108, 0.10726E+07
  891000,2026-09-23T17:23:16.905+02:00, 0.282E-02, 2598.4796, 0.10727E+07
  891100,2026-09-23T17:23:27.850+02:00, 0.277E-02, 2598.7560, 0.10728E+07
  891200,2026-09-23T17:23:39.067+02:00, 0.292E-02, 2599.0332, 0.10730E+07
  891300,2026-09-23T17:23:50.603+02:00, 0.277E-02, 2599.3171, 0.10731E+07
  891400,2026-09-23T17:24:01.588+02:00, 0.275E-02, 2599.5948, 0.10732E+07
  891500,2026-09-23T17:24:12.470+02:00, 0.285E-02, 2599.8688, 0.10734E+07
  891600,2026-09-23T17:24:23.400+02:00, 0.279E-02, 2600.1470, 0.10735E+07
  891700,2026-09-23T17:24:34.649+02:00, 0.266E-02, 2600.4136, 0.10736E+07
  891800,2026-09-23T17:24:45.725+02:00, 0.293E-02, 2600.7030, 0.10737E+07
  891900,2026-09-23T17:24:56.702+02:00, 0.289E-02, 2600.9914, 0.10739E+07
  892000,2026-09-23T17:25:07.834+02:00, 0.272E-02, 2601.2732, 0.10740E+07
  892100,2026-09-23T17:25:18.908+02:00, 0.282E-02, 2601.5492, 0.10741E+07
  892200,2026-09-23T17:25:29.681+02:00, 0.277E-02, 2601.8241, 0.10743E+07
  892300,2026-09-23T17:25:40.856+02:00, 0.288E-02, 2602.0979, 0.10744E+07
  892400,2026-09-23T17:25:52.103+02:00, 0.278E-02, 2602.3785, 0.10745E+07
  892500,2026-09-23T17:26:02.926+02:00, 0.278E-02, 2602.6565, 0.10747E+07
  892600,2026-09-23T17:26:13.698+02:00, 0.248E-02, 2602.9319, 0.10748E+07
  892700,2026-09-23T17:26:24.646+02:00, 0.273E-02, 2603.2022, 0.10749E+07
  892800,2026-09-23T17:26:35.464+02:00, 0.268E-02, 2603.4756, 0.10751E+07
  892900,2026-09-23T17:26:46.719+02:00, 0.295E-02, 2603.7446, 0.10752E+07
  893000,2026-09-23T17:26:57.721+02:00, 0.286E-02, 2604.0333, 0.10753E+07
  893100,2026-09-23T17:27:08.513+02:00, 0.277E-02, 2604.3075, 0.10754E+07
  893200,2026-09-23T17:27:19.563+02:00, 0.271E-02, 2604.5758, 0.10756E+07
  893300,2026-09-23T17:27:31.345+02:00, 0.293E-02, 2604.8509, 0.10757E+07
  893400,2026-09-23T17:27:42.268+02:00, 0.278E-02, 2605.1352, 0.10758E+07
  893500,2026-09-23T17:27:53.416+02:00, 0.272E-02, 2605.4068, 0.10760E+07
  893600,2026-09-23T17:28:05.113+02:00, 0.295E-02, 2605.6937, 0.10761E+07
  893700,2026-09-23T17:28:16.686+02:00, 0.272E-02, 2605.9752, 0.10763E+07
  893800,2026-09-23T17:28:27.629+02:00, 0.299E-02, 2606.2509, 0.10764E+07
  893900,2026-09-23T17:28:38.647+02:00, 0.277E-02, 2606.5331, 0.10765E+07
  894000,2026-09-23T17:28:49.761+02:00, 0.277E-02, 2606.8097, 0.10766E+07
  894100,2026-09-23T17:29:00.706+02:00, 0.260E-02, 2607.0820, 0.10768E+07
  894200,2026-09-23T17:29:11.888+02:00, 0.296E-02, 2607.3581, 0.10769E+07
  894300,2026-09-23T17:29:23.233+02:00, 0.265E-02, 2607.6342, 0.10770E+07
  894400,2026-09-23T17:29:34.864+02:00, 0.274E-02, 2607.9043, 0.10772E+07
  894500,2026-09-23T17:29:46.242+02:00, 0.274E-02, 2608.1779, 0.10773E+07
  894600,2026-09-23T17:29:57.432+02:00, 0.256E-02, 2608.4565, 0.10774E+07
  894700,2026-09-23T17:30:08.739+02:00, 0.271E-02, 2608.7298, 0.10776E+07
  894800,2026-09-23T17:30:20.093+02:00, 0.287E-02, 2609.0146, 0.10777E+07
  894900,2026-09-23T17:30:31.710+02:00, 0.292E-02, 2609.2977, 0.10779E+07
  895000,2026-09-23T17:30:43.065+02:00, 0.273E-02, 2609.5762, 0.10780E+07
  895100,2026-09-23T17:30:54.616+02:00, 0.265E-02, 2609.8411, 0.10781E+07
  895200,2026-09-23T17:31:06.194+02:00, 0.282E-02, 2610.1204, 0.10783E+07
  895300,2026-09-23T17:31:17.607+02:00, 0.282E-02, 2610.4026, 0.10784E+07
  895400,2026-09-23T17:31:29.162+02:00, 0.247E-02, 2610.6774, 0.10785E+07
  895500,2026-09-23T17:31:40.271+02:00, 0.280E-02, 2610.9447, 0.10787E+07
  895600,2026-09-23T17:31:51.675+02:00, 0.264E-02, 2611.2233, 0.10788E+07
  895700,2026-09-23T17:32:02.509+02:00, 0.263E-02, 2611.4956, 0.10789E+07
  895800,2026-09-23T17:32:13.464+02:00, 0.282E-02, 2611.7708, 0.10791E+07
  895900,2026-09-23T17:32:24.291+02:00, 0.282E-02, 2612.0531, 0.10792E+07
  896000,2026-09-23T17:32:35.032+02:00, 0.292E-02, 2612.3333, 0.10793E+07
  896100,2026-09-23T17:32:46.098+02:00, 0.287E-02, 2612.6052, 0.10795E+07
  896200,2026-09-23T17:32:57.271+02:00, 0.266E-02, 2612.8805, 0.10796E+07
  896300,2026-09-23T17:33:08.711+02:00, 0.213E-02, 2613.1563, 0.10797E+07
  896400,2026-09-23T17:33:20.756+02:00, 0.268E-02, 2613.4192, 0.10799E+07
  896500,2026-09-23T17:33:32.412+02:00, 0.275E-02, 2613.6869, 0.10800E+07
  896600,2026-09-23T17:33:43.948+02:00, 0.264E-02, 2613.9579, 0.10801E+07
  896700,2026-09-23T17:33:55.632+02:00, 0.266E-02, 2614.2264, 0.10803E+07
  896800,2026-09-23T17:34:07.380+02:00, 0.216E-02, 2614.4960, 0.10804E+07
  896900,2026-09-23T17:34:18.881+02:00, 0.303E-02, 2614.7738, 0.10806E+07
  897000,2026-09-23T17:34:30.118+02:00, 0.290E-02, 2615.0691, 0.10807E+07
  897100,2026-09-23T17:34:41.029+02:00, 0.294E-02, 2615.3490, 0.10808E+07
  897200,2026-09-23T17:34:51.734+02:00, 0.291E-02, 2615.6409, 0.10809E+07
  897300,2026-09-23T17:35:03.315+02:00, 0.261E-02, 2615.9136, 0.10811E+07
  897400,2026-09-23T17:35:14.948+02:00, 0.280E-02, 2616.1880, 0.10812E+07
  897500,2026-09-23T17:35:26.513+02:00, 0.275E-02, 2616.4653, 0.10814E+07
  897600,2026-09-23T17:35:37.706+02:00, 0.294E-02, 2616.7477, 0.10815E+07
  897700,2026-09-23T17:35:48.738+02:00, 0.282E-02, 2617.0298, 0.10816E+07
  897800,2026-09-23T17:36:00.000+02:00, 0.296E-02, 2617.3315, 0.10818E+07
  897900,2026-09-23T17:36:11.174+02:00, 0.250E-02, 2617.6098, 0.10819E+07
  898000,2026-09-23T17:36:22.240+02:00, 0.293E-02, 2617.8834, 0.10820E+07
  898100,2026-09-23T17:36:33.693+02:00, 0.256E-02, 2618.1666, 0.10822E+07
  898200,2026-09-23T17:36:45.333+02:00, 0.293E-02, 2618.4465, 0.10823E+07
  898300,2026-09-23T17:36:56.250+02:00, 0.308E-02, 2618.7290, 0.10824E+07
  898400,2026-09-23T17:37:07.107+02:00, 0.266E-02, 2619.0209, 0.10826E+07
  898500,2026-09-23T17:37:18.223+02:00, 0.255E-02, 2619.2893, 0.10827E+07
  898600,2026-09-23T17:37:29.474+02:00, 0.275E-02, 2619.5605, 0.10828E+07
  898700,2026-09-23T17:37:40.476+02:00, 0.267E-02, 2619.8361, 0.10829E+07
  898800,2026-09-23T17:37:51.447+02:00, 0.293E-02, 2620.1247, 0.10831E+07
  898900,2026-09-23T17:38:03.025+02:00, 0.273E-02, 2620.4046, 0.10832E+07
  899000,2026-09-23T17:38:14.128+02:00, 0.244E-02, 2620.6736, 0.10833E+07
  899100,2026-09-23T17:38:25.525+02:00, 0.292E-02, 2620.9575, 0.10835E+07
  899200,2026-09-23T17:38:36.535+02:00, 0.281E-02, 2621.2354, 0.10836E+07
  899300,2026-09-23T17:38:47.634+02:00, 0.281E-02, 2621.5166, 0.10837E+07
  899400,2026-09-23T17:38:58.762+02:00, 0.276E-02, 2621.7919, 0.10839E+07
  899500,2026-09-23T17:39:10.410+02:00, 0.270E-02, 2622.0636, 0.10840E+07
  899600,2026-09-23T17:39:21.624+02:00, 0.260E-02, 2622.3446, 0.10841E+07
  899700,2026-09-23T17:39:32.709+02:00, 0.279E-02, 2622.6207, 0.10843E+07
  899800,2026-09-23T17:39:44.599+02:00, 0.283E-02, 2622.9031, 0.10844E+07
  899900,2026-09-23T17:39:56.185+02:00, 0.278E-02, 2623.1734, 0.10846E+07
  900000,2026-09-23T17:40:07.667+02:00, 0.267E-02, 2623.4503, 0.10847E+07
  900100,2026-09-23T17:40:18.752+02:00, 0.277E-02, 2623.7217, 0.10848E+07
  900200,2026-09-23T17:40:29.767+02:00, 0.287E-02, 2623.9886, 0.10849E+07
  900300,2026-09-23T17:40:40.880+02:00, 0.281E-02, 2624.2691, 0.10851E+07
  900400,2026-09-23T17:40:51.963+02:00, 0.268E-02, 2624.5391, 0.10852E+07
  900500,2026-09-23T17:41:03.331+02:00, 0.235E-02, 2624.8182, 0.10853E+07
  900600,2026-09-23T17:41:14.358+02:00, 0.284E-02, 2625.1003, 0.10855E+07
  900700,2026-09-23T17:41:25.319+02:00, 0.284E-02, 2625.3842, 0.10856E+07
  900800,2026-09-23T17:41:36.245+02:00, 0.292E-02, 2625.6668, 0.10857E+07
  900900,2026-09-23T17:41:47.388+02:00, 0.239E-02, 2625.9518, 0.10859E+07
  901000,2026-09-23T17:41:58.755+02:00, 0.283E-02, 2626.2290, 0.10860E+07
  901100,2026-09-23T17:42:10.126+02:00, 0.270E-02, 2626.4989, 0.10861E+07
  901200,2026-09-23T17:42:21.204+02:00, 0.282E-02, 2626.7750, 0.10863E+07
  901300,2026-09-23T17:42:32.180+02:00, 0.279E-02, 2627.0497, 0.10864E+07
  901400,2026-09-23T17:42:42.967+02:00, 0.274E-02, 2627.3263, 0.10865E+07
  901500,2026-09-23T17:42:53.983+02:00, 0.264E-02, 2627.5929, 0.10867E+07
  901600,2026-09-23T17:43:05.156+02:00, 0.282E-02, 2627.8587, 0.10868E+07
  901700,2026-09-23T17:43:16.310+02:00, 0.251E-02, 2628.1339, 0.10869E+07
  901800,2026-09-23T17:43:26.722+02:00, 0.245E-02, 2628.4066, 0.10871E+07
  901900,2026-09-23T17:43:37.580+02:00, 0.283E-02, 2628.6783, 0.10872E+07
  902000,2026-09-23T17:43:49.191+02:00, 0.249E-02, 2628.9608, 0.10873E+07
  902100,2026-09-23T17:44:00.846+02:00, 0.278E-02, 2629.2377, 0.10875E+07
  902200,2026-09-23T17:44:11.706+02:00, 0.275E-02, 2629.5123, 0.10876E+07
  902300,2026-09-23T17:44:22.772+02:00, 0.292E-02, 2629.7980, 0.10877E+07
  902400,2026-09-23T17:44:33.753+02:00, 0.270E-02, 2630.0760, 0.10878E+07
  902500,2026-09-23T17:44:44.928+02:00, 0.266E-02, 2630.3417, 0.10880E+07
  902600,2026-09-23T17:44:55.843+02:00, 0.284E-02, 2630.6281, 0.10881E+07
  902700,2026-09-23T17:45:06.681+02:00, 0.294E-02, 2630.9045, 0.10882E+07
  902800,2026-09-23T17:45:17.661+02:00, 0.294E-02, 2631.1990, 0.10884E+07
  902900,2026-09-23T17:45:28.919+02:00, 0.283E-02, 2631.4839, 0.10885E+07
  903000,2026-09-23T17:45:40.176+02:00, 0.304E-02, 2631.7626, 0.10886E+07
  903100,2026-09-23T17:45:51.842+02:00, 0.301E-02, 2632.0505, 0.10888E+07
  903200,2026-09-23T17:46:03.170+02:00, 0.258E-02, 2632.3361, 0.10889E+07
  903300,2026-09-23T17:46:14.137+02:00, 0.269E-02, 2632.6097, 0.10890E+07
  903400,2026-09-23T17:46:24.820+02:00, 0.291E-02, 2632.8769, 0.10892E+07
  903500,2026-09-23T17:46:36.111+02:00, 0.272E-02, 2633.1576, 0.10893E+07
  903600,2026-09-23T17:46:46.834+02:00, 0.272E-02, 2633.4297, 0.10894E+07
  903700,2026-09-23T17:46:58.074+02:00, 0.265E-02, 2633.6977, 0.10896E+07
  903800,2026-09-23T17:47:09.808+02:00, 0.272E-02, 2633.9623, 0.10897E+07
  903900,2026-09-23T17:47:21.280+02:00, 0.270E-02, 2634.2302, 0.10898E+07
  904000,2026-09-23T17:47:32.633+02:00, 0.237E-02, 2634.4991, 0.10900E+07
  904100,2026-09-23T17:47:44.155+02:00, 0.280E-02, 2634.7766, 0.10901E+07
  904200,2026-09-23T17:47:55.437+02:00, 0.280E-02, 2635.0563, 0.10902E+07
  904300,2026-09-23T17:48:07.419+02:00, 0.277E-02, 2635.3220, 0.10904E+07
  904400,2026-09-23T17:48:18.678+02:00, 0.246E-02, 2635.5980, 0.10905E+07
  904500,2026-09-23T17:48:29.665+02:00, 0.298E-02, 2635.8860, 0.10906E+07
  904600,2026-09-23T17:48:40.451+02:00, 0.280E-02, 2636.1682, 0.10908E+07
  904700,2026-09-23T17:48:51.880+02:00, 0.280E-02, 2636.4485, 0.10909E+07
  904800,2026-09-23T17:49:03.264+02:00, 0.305E-02, 2636.7318, 0.10910E+07
  904900,2026-09-23T17:49:14.205+02:00, 0.295E-02, 2637.0176, 0.10912E+07
  905000,2026-09-23T17:49:25.733+02:00, 0.287E-02, 2637.3042, 0.10913E+07
  905100,2026-09-23T17:49:36.945+02:00, 0.279E-02, 2637.5875, 0.10914E+07
  905200,2026-09-23T17:49:47.983+02:00, 0.271E-02, 2637.8602, 0.10916E+07
  905300,2026-09-23T17:49:59.236+02:00, 0.260E-02, 2638.1387, 0.10917E+07
  905400,2026-09-23T17:50:10.782+02:00, 0.250E-02, 2638.4171, 0.10918E+07
  905500,2026-09-23T17:50:22.238+02:00, 0.272E-02, 2638.6859, 0.10920E+07
  905600,2026-09-23T17:50:33.414+02:00, 0.256E-02, 2638.9575, 0.10921E+07
  905700,2026-09-23T17:50:45.106+02:00, 0.273E-02, 2639.2276, 0.10922E+07
  905800,2026-09-23T17:50:56.860+02:00, 0.269E-02, 2639.4932, 0.10924E+07
  905900,2026-09-23T17:51:08.378+02:00, 0.260E-02, 2639.7815, 0.10925E+07
  906000,2026-09-23T17:51:20.341+02:00, 0.273E-02, 2640.0681, 0.10927E+07
  906100,2026-09-23T17:51:31.992+02:00, 0.252E-02, 2640.3544, 0.10928E+07
  906200,2026-09-23T17:51:42.938+02:00, 0.283E-02, 2640.6233, 0.10929E+07
  906300,2026-09-23T17:51:54.280+02:00, 0.283E-02, 2640.9059, 0.10931E+07
  906400,2026-09-23T17:52:05.377+02:00, 0.271E-02, 2641.1859, 0.10932E+07
  906500,2026-09-23T17:52:16.954+02:00, 0.267E-02, 2641.4531, 0.10933E+07
  906600,2026-09-23T17:52:28.704+02:00, 0.253E-02, 2641.7211, 0.10935E+07
  906700,2026-09-23T17:52:40.269+02:00, 0.299E-02, 2641.9926, 0.10936E+07
  906800,2026-09-23T17:52:52.147+02:00, 0.276E-02, 2642.2603, 0.10938E+07
  906900,2026-09-23T17:53:03.943+02:00, 0.281E-02, 2642.5421, 0.10939E+07
  907000,2026-09-23T17:53:15.080+02:00, 0.265E-02, 2642.8200, 0.10940E+07
  907100,2026-09-23T17:53:25.986+02:00, 0.273E-02, 2643.0968, 0.10942E+07
  907200,2026-09-23T17:53:37.887+02:00, 0.308E-02, 2643.3795, 0.10943E+07
  907300,2026-09-23T17:53:49.015+02:00, 0.288E-02, 2643.6619, 0.10944E+07
  907400,2026-09-23T17:54:00.302+02:00, 0.276E-02, 2643.9356, 0.10946E+07
  907500,2026-09-23T17:54:11.478+02:00, 0.276E-02, 2644.2112, 0.10947E+07
  907600,2026-09-23T17:54:22.705+02:00, 0.277E-02, 2644.4859, 0.10948E+07
  907700,2026-09-23T17:54:34.013+02:00, 0.277E-02, 2644.7629, 0.10950E+07
  907800,2026-09-23T17:54:45.349+02:00, 0.270E-02, 2645.0401, 0.10951E+07
  907900,2026-09-23T17:54:56.344+02:00, 0.263E-02, 2645.3268, 0.10952E+07
  908000,2026-09-23T17:55:07.550+02:00, 0.281E-02, 2645.6014, 0.10954E+07
  908100,2026-09-23T17:55:18.934+02:00, 0.305E-02, 2645.8745, 0.10955E+07
  908200,2026-09-23T17:55:30.279+02:00, 0.257E-02, 2646.1645, 0.10956E+07
  908300,2026-09-23T17:55:41.288+02:00, 0.273E-02, 2646.4372, 0.10958E+07
  908400,2026-09-23T17:55:52.792+02:00, 0.279E-02, 2646.7144, 0.10959E+07
  908500,2026-09-23T17:56:04.772+02:00, 0.298E-02, 2646.9892, 0.10960E+07
  908600,2026-09-23T17:56:16.544+02:00, 0.285E-02, 2647.2733, 0.10962E+07
  908700,2026-09-23T17:56:27.811+02:00, 0.293E-02, 2647.5537, 0.10963E+07
  908800,2026-09-23T17:56:38.438+02:00, 0.255E-02, 2647.8365, 0.10964E+07
  908900,2026-09-23T17:56:49.715+02:00, 0.272E-02, 2648.1166, 0.10966E+07
  909000,2026-09-23T17:57:00.779+02:00, 0.282E-02, 2648.3958, 0.10967E+07
  909100,2026-09-23T17:57:12.083+02:00, 0.276E-02, 2648.6829, 0.10968E+07
  909200,2026-09-23T17:57:23.466+02:00, 0.298E-02, 2648.9546, 0.10970E+07
  909300,2026-09-23T17:57:34.794+02:00, 0.288E-02, 2649.2412, 0.10971E+07
  909400,2026-09-23T17:57:45.892+02:00, 0.279E-02, 2649.5219, 0.10972E+07
  909500,2026-09-23T17:57:57.283+02:00, 0.289E-02, 2649.7941, 0.10974E+07
  909600,2026-09-23T17:58:08.460+02:00, 0.266E-02, 2650.0664, 0.10975E+07
  909700,2026-09-23T17:58:19.506+02:00, 0.277E-02, 2650.3345, 0.10976E+07
  909800,2026-09-23T17:58:30.138+02:00, 0.273E-02, 2650.6070, 0.10978E+07
  909900,2026-09-23T17:58:41.370+02:00, 0.268E-02, 2650.8905, 0.10979E+07
  910000,2026-09-23T17:58:52.418+02:00, 0.264E-02, 2651.1635, 0.10980E+07
  910100,2026-09-23T17:59:03.267+02:00, 0.273E-02, 2651.4382, 0.10981E+07
  910200,2026-09-23T17:59:14.819+02:00, 0.260E-02, 2651.7083, 0.10983E+07
  910300,2026-09-23T17:59:26.008+02:00, 0.299E-02, 2651.9679, 0.10984E+07
  910400,2026-09-23T17:59:37.326+02:00, 0.295E-02, 2652.2439, 0.10985E+07
  910500,2026-09-23T17:59:48.480+02:00, 0.290E-02, 2652.5317, 0.10987E+07
  910600,2026-09-23T17:59:59.319+02:00, 0.268E-02, 2652.8035, 0.10988E+07
  910700,2026-09-23T18:00:10.443+02:00, 0.282E-02, 2653.0824, 0.10989E+07
  910800,2026-09-23T18:00:21.438+02:00, 0.253E-02, 2653.3639, 0.10991E+07
  910900,2026-09-23T18:00:32.114+02:00, 0.278E-02, 2653.6407, 0.10992E+07
  911000,2026-09-23T18:00:43.005+02:00, 0.278E-02, 2653.9188, 0.10993E+07
  911100,2026-09-23T18:00:53.983+02:00, 0.272E-02, 2654.1913, 0.10995E+07
  911200,2026-09-23T18:01:04.669+02:00, 0.303E-02, 2654.4612, 0.10996E+07
  911300,2026-09-23T18:01:15.925+02:00, 0.279E-02, 2654.7351, 0.10997E+07
  911400,2026-09-23T18:01:26.699+02:00, 0.288E-02, 2655.0019, 0.10999E+07
  911500,2026-09-23T18:01:38.059+02:00, 0.307E-02, 2655.2863, 0.11000E+07
  911600,2026-09-23T18:01:49.379+02:00, 0.304E-02, 2655.5619, 0.11001E+07
  911700,2026-09-23T18:02:00.505+02:00, 0.298E-02, 2655.8417, 0.11003E+07
  911800,2026-09-23T18:02:11.692+02:00, 0.288E-02, 2656.1364, 0.11004E+07
  911900,2026-09-23T18:02:23.021+02:00, 0.279E-02, 2656.4113, 0.11005E+07
  912000,2026-09-23T18:02:34.318+02:00, 0.264E-02, 2656.6773, 0.11007E+07
  912100,2026-09-23T18:02:45.029+02:00, 0.278E-02, 2656.9507, 0.11008E+07
  912200,2026-09-23T18:02:56.201+02:00, 0.269E-02, 2657.2177, 0.11009E+07
  912300,2026-09-23T18:03:07.543+02:00, 0.304E-02, 2657.4925, 0.11010E+07
  912400,2026-09-23T18:03:18.512+02:00, 0.285E-02, 2657.7692, 0.11012E+07
  912500,2026-09-23T18:03:29.769+02:00, 0.280E-02, 2658.0499, 0.11013E+07
  912600,2026-09-23T18:03:41.350+02:00, 0.280E-02, 2658.3300, 0.11015E+07
  912700,2026-09-23T18:03:53.004+02:00, 0.295E-02, 2658.6189, 0.11016E+07
  912800,2026-09-23T18:04:04.360+02:00, 0.280E-02, 2658.9064, 0.11017E+07
  912900,2026-09-23T18:04:15.444+02:00, 0.284E-02, 2659.1775, 0.11019E+07
  913000,2026-09-23T18:04:26.839+02:00, 0.259E-02, 2659.4529, 0.11020E+07
  913100,2026-09-23T18:04:38.419+02:00, 0.287E-02, 2659.7274, 0.11021E+07
  913200,2026-09-23T18:04:49.571+02:00, 0.243E-02, 2660.0068, 0.11023E+07
  913300,2026-09-23T18:05:00.521+02:00, 0.264E-02, 2660.2958, 0.11024E+07
  913400,2026-09-23T18:05:11.572+02:00, 0.254E-02, 2660.5707, 0.11025E+07
  913500,2026-09-23T18:05:22.303+02:00, 0.265E-02, 2660.8368, 0.11026E+07
  913600,2026-09-23T18:05:33.471+02:00, 0.286E-02, 2661.1137, 0.11028E+07
  913700,2026-09-23T18:05:44.659+02:00, 0.286E-02, 2661.3999, 0.11029E+07
  913800,2026-09-23T18:05:55.707+02:00, 0.249E-02, 2661.6715, 0.11030E+07
  913900,2026-09-23T18:06:06.630+02:00, 0.274E-02, 2661.9452, 0.11032E+07
  914000,2026-09-23T18:06:17.661+02:00, 0.288E-02, 2662.2136, 0.11033E+07
  914100,2026-09-23T18:06:28.777+02:00, 0.276E-02, 2662.4832, 0.11034E+07
  914200,2026-09-23T18:06:39.278+02:00, 0.294E-02, 2662.7597, 0.11036E+07
  914300,2026-09-23T18:06:50.941+02:00, 0.286E-02, 2663.0272, 0.11037E+07
  914400,2026-09-23T18:07:02.575+02:00, 0.275E-02, 2663.3076, 0.11038E+07
  914500,2026-09-23T18:07:14.196+02:00, 0.287E-02, 2663.5893, 0.11040E+07
  914600,2026-09-23T18:07:26.006+02:00, 0.269E-02, 2663.8625, 0.11041E+07
  914700,2026-09-23T18:07:37.514+02:00, 0.287E-02, 2664.1329, 0.11043E+07
  914800,2026-09-23T18:07:49.181+02:00, 0.269E-02, 2664.4026, 0.11044E+07
  914900,2026-09-23T18:08:01.545+02:00, 0.271E-02, 2664.6631, 0.11045E+07
  915000,2026-09-23T18:08:13.346+02:00, 0.281E-02, 2664.9365, 0.11047E+07
  915100,2026-09-23T18:08:25.118+02:00, 0.282E-02, 2665.2204, 0.11048E+07
  915200,2026-09-23T18:08:36.657+02:00, 0.251E-02, 2665.4886, 0.11050E+07
  915300,2026-09-23T18:08:48.460+02:00, 0.281E-02, 2665.7633, 0.11051E+07
  915400,2026-09-23T18:08:59.973+02:00, 0.276E-02, 2666.0312, 0.11052E+07
  915500,2026-09-23T18:09:11.252+02:00, 0.285E-02, 2666.3045, 0.11054E+07
  915600,2026-09-23T18:09:22.830+02:00, 0.264E-02, 2666.5671, 0.11055E+07
  915700,2026-09-23T18:09:34.470+02:00, 0.284E-02, 2666.8327, 0.11056E+07
  915800,2026-09-23T18:09:45.811+02:00, 0.279E-02, 2667.1107, 0.11058E+07
  915900,2026-09-23T18:09:56.481+02:00, 0.269E-02, 2667.3803, 0.11059E+07
  916000,2026-09-23T18:10:07.706+02:00, 0.286E-02, 2667.6643, 0.11060E+07
  916100,2026-09-23T18:10:19.201+02:00, 0.283E-02, 2667.9471, 0.11062E+07
  916200,2026-09-23T18:10:30.239+02:00, 0.283E-02, 2668.2305, 0.11063E+07
  916300,2026-09-23T18:10:41.414+02:00, 0.283E-02, 2668.5139, 0.11064E+07
  916400,2026-09-23T18:10:53.551+02:00, 0.273E-02, 2668.7847, 0.11066E+07
  916500,2026-09-23T18:11:05.246+02:00, 0.274E-02, 2669.0505, 0.11067E+07
  916600,2026-09-23T18:11:16.976+02:00, 0.290E-02, 2669.3306, 0.11069E+07
  916700,2026-09-23T18:11:28.187+02:00, 0.285E-02, 2669.6169, 0.11070E+07
  916800,2026-09-23T18:11:39.398+02:00, 0.285E-02, 2669.9022, 0.11071E+07
  916900,2026-09-23T18:11:50.779+02:00, 0.274E-02, 2670.1721, 0.11073E+07
  917000,2026-09-23T18:12:02.126+02:00, 0.261E-02, 2670.4423, 0.11074E+07
  917100,2026-09-23T18:12:13.551+02:00, 0.278E-02, 2670.7175, 0.11075E+07
  917200,2026-09-23T18:12:25.387+02:00, 0.280E-02, 2670.9870, 0.11077E+07
  917300,2026-09-23T18:12:37.668+02:00, 0.277E-02, 2671.2645, 0.11078E+07
  917400,2026-09-23T18:12:49.294+02:00, 0.305E-02, 2671.5583, 0.11079E+07
  917500,2026-09-23T18:13:00.131+02:00, 0.296E-02, 2671.8404, 0.11081E+07
  917600,2026-09-23T18:13:11.039+02:00, 0.273E-02, 2672.1173, 0.11082E+07
  917700,2026-09-23T18:13:22.802+02:00, 0.244E-02, 2672.3901, 0.11083E+07
  917800,2026-09-23T18:13:34.264+02:00, 0.270E-02, 2672.6579, 0.11085E+07
  917900,2026-09-23T18:13:46.013+02:00, 0.241E-02, 2672.9250, 0.11086E+07
  918000,2026-09-23T18:13:56.892+02:00, 0.253E-02, 2673.1997, 0.11087E+07
  918100,2026-09-23T18:14:07.606+02:00, 0.292E-02, 2673.4731, 0.11089E+07
  918200,2026-09-23T18:14:19.298+02:00, 0.289E-02, 2673.7609, 0.11090E+07
  918300,2026-09-23T18:14:30.253+02:00, 0.280E-02, 2674.0379, 0.11091E+07
  918400,2026-09-23T18:14:41.057+02:00, 0.265E-02, 2674.3025, 0.11093E+07
  918500,2026-09-23T18:14:52.485+02:00, 0.283E-02, 2674.5720, 0.11094E+07
  918600,2026-09-23T18:15:04.305+02:00, 0.262E-02, 2674.8374, 0.11095E+07
  918700,2026-09-23T18:15:15.983+02:00, 0.301E-02, 2675.1037, 0.11097E+07
  918800,2026-09-23T18:15:27.001+02:00, 0.269E-02, 2675.3805, 0.11098E+07
  918900,2026-09-23T18:15:38.087+02:00, 0.296E-02, 2675.6590, 0.11099E+07
  919000,2026-09-23T18:15:49.444+02:00, 0.292E-02, 2675.9435, 0.11101E+07
  919100,2026-09-23T18:16:00.604+02:00, 0.285E-02, 2676.2312, 0.11102E+07
  919200,2026-09-23T18:16:12.272+02:00, 0.274E-02, 2676.4948, 0.11104E+07
  919300,2026-09-23T18:16:23.292+02:00, 0.294E-02, 2676.7730, 0.11105E+07
  919400,2026-09-23T18:16:34.799+02:00, 0.265E-02, 2677.0471, 0.11106E+07
  919500,2026-09-23T18:16:46.515+02:00, 0.283E-02, 2677.3155, 0.11108E+07
  919600,2026-09-23T18:16:57.628+02:00, 0.282E-02, 2677.5920, 0.11109E+07
  919700,2026-09-23T18:17:08.995+02:00, 0.280E-02, 2677.8672, 0.11110E+07
  919800,2026-09-23T18:17:20.963+02:00, 0.287E-02, 2678.1501, 0.11112E+07
  919900,2026-09-23T18:17:32.470+02:00, 0.274E-02, 2678.4268, 0.11113E+07
  920000,2026-09-23T18:17:43.849+02:00, 0.268E-02, 2678.7064, 0.11114E+07
  920100,2026-09-23T18:17:55.352+02:00, 0.254E-02, 2678.9763, 0.11116E+07
  920200,2026-09-23T18:18:07.267+02:00, 0.290E-02, 2679.2448, 0.11117E+07
  920300,2026-09-23T18:18:18.634+02:00, 0.270E-02, 2679.5198, 0.11118E+07
  920400,2026-09-23T18:18:30.403+02:00, 0.251E-02, 2679.7946, 0.11120E+07
  920500,2026-09-23T18:18:42.046+02:00, 0.289E-02, 2680.0564, 0.11121E+07
  920600,2026-09-23T18:18:53.854+02:00, 0.293E-02, 2680.3277, 0.11123E+07
  920700,2026-09-23T18:19:05.450+02:00, 0.265E-02, 2680.5998, 0.11124E+07
  920800,2026-09-23T18:19:17.136+02:00, 0.262E-02, 2680.8609, 0.11125E+07
  920900,2026-09-23T18:19:29.278+02:00, 0.298E-02, 2681.1288, 0.11127E+07
  921000,2026-09-23T18:19:40.994+02:00, 0.289E-02, 2681.3968, 0.11128E+07
  921100,2026-09-23T18:19:52.409+02:00, 0.275E-02, 2681.6771, 0.11130E+07
  921200,2026-09-23T18:20:03.546+02:00, 0.275E-02, 2681.9521, 0.11131E+07
  921300,2026-09-23T18:20:15.148+02:00, 0.254E-02, 2682.2195, 0.11132E+07
  921400,2026-09-23T18:20:26.641+02:00, 0.270E-02, 2682.4842, 0.11134E+07
  921500,2026-09-23T18:20:38.552+02:00, 0.268E-02, 2682.7573, 0.11135E+07
  921600,2026-09-23T18:20:50.148+02:00, 0.265E-02, 2683.0324, 0.11136E+07
  921700,2026-09-23T18:21:01.957+02:00, 0.246E-02, 2683.3041, 0.11138E+07
  921800,2026-09-23T18:21:13.287+02:00, 0.275E-02, 2683.5743, 0.11139E+07
  921900,2026-09-23T18:21:24.715+02:00, 0.254E-02, 2683.8558, 0.11141E+07
  922000,2026-09-23T18:21:35.665+02:00, 0.279E-02, 2684.1351, 0.11142E+07
  922100,2026-09-23T18:21:46.386+02:00, 0.283E-02, 2684.4117, 0.11143E+07
  922200,2026-09-23T18:21:58.137+02:00, 0.275E-02, 2684.6904, 0.11145E+07
  922300,2026-09-23T18:22:09.656+02:00, 0.289E-02, 2684.9640, 0.11146E+07
  922400,2026-09-23T18:22:21.194+02:00, 0.298E-02, 2685.2364, 0.11147E+07
  922500,2026-09-23T18:22:32.606+02:00, 0.278E-02, 2685.5135, 0.11149E+07
  922600,2026-09-23T18:22:43.933+02:00, 0.284E-02, 2685.8005, 0.11150E+07
  922700,2026-09-23T18:22:54.824+02:00, 0.270E-02, 2686.0733, 0.11151E+07
  922800,2026-09-23T18:23:05.787+02:00, 0.270E-02, 2686.3433, 0.11153E+07
  922900,2026-09-23T18:23:16.976+02:00, 0.283E-02, 2686.6228, 0.11154E+07
  923000,2026-09-23T18:23:28.423+02:00, 0.257E-02, 2686.8957, 0.11155E+07
  923100,2026-09-23T18:23:39.884+02:00, 0.292E-02, 2687.1678, 0.11157E+07
  923200,2026-09-23T18:23:51.134+02:00, 0.296E-02, 2687.4354, 0.11158E+07
  923300,2026-09-23T18:24:02.802+02:00, 0.220E-02, 2687.7132, 0.11159E+07
  923400,2026-09-23T18:24:14.553+02:00, 0.258E-02, 2687.9897, 0.11161E+07
  923500,2026-09-23T18:24:25.652+02:00, 0.283E-02, 2688.2617, 0.11162E+07
  923600,2026-09-23T18:24:37.289+02:00, 0.299E-02, 2688.5329, 0.11163E+07
  923700,2026-09-23T18:24:49.320+02:00, 0.284E-02, 2688.8129, 0.11165E+07
  923800,2026-09-23T18:25:00.638+02:00, 0.269E-02, 2689.0802, 0.11166E+07
  923900,2026-09-23T18:25:12.218+02:00, 0.287E-02, 2689.3415, 0.11167E+07
  924000,2026-09-23T18:25:23.482+02:00, 0.293E-02, 2689.6098, 0.11169E+07
  924100,2026-09-23T18:25:34.571+02:00, 0.286E-02, 2689.8962, 0.11170E+07
  924200,2026-09-23T18:25:45.697+02:00, 0.251E-02, 2690.1617, 0.11171E+07
  924300,2026-09-23T18:25:57.421+02:00, 0.257E-02, 2690.4259, 0.11173E+07
  924400,2026-09-23T18:26:09.028+02:00, 0.250E-02, 2690.6829, 0.11174E+07
  924500,2026-09-23T18:26:20.327+02:00, 0.246E-02, 2690.9417, 0.11176E+07
  924600,2026-09-23T18:26:31.556+02:00, 0.280E-02, 2691.2056, 0.11177E+07
  924700,2026-09-23T18:26:43.256+02:00, 0.289E-02, 2691.4711, 0.11178E+07
  924800,2026-09-23T18:26:54.167+02:00, 0.279E-02, 2691.7533, 0.11180E+07
  924900,2026-09-23T18:27:05.220+02:00, 0.275E-02, 2692.0230, 0.11181E+07
  925000,2026-09-23T18:27:16.494+02:00, 0.280E-02, 2692.2985, 0.11182E+07
  925100,2026-09-23T18:27:27.846+02:00, 0.308E-02, 2692.5850, 0.11184E+07
  925200,2026-09-23T18:27:39.739+02:00, 0.281E-02, 2692.8643, 0.11185E+07
  925300,2026-09-23T18:27:51.873+02:00, 0.269E-02, 2693.1293, 0.11186E+07
  925400,2026-09-23T18:28:03.706+02:00, 0.241E-02, 2693.3914, 0.11188E+07
  925500,2026-09-23T18:28:15.102+02:00, 0.278E-02, 2693.6602, 0.11189E+07
  925600,2026-09-23T18:28:26.048+02:00, 0.278E-02, 2693.9381, 0.11190E+07
  925700,2026-09-23T18:28:36.951+02:00, 0.278E-02, 2694.2161, 0.11192E+07
  925800,2026-09-23T18:28:48.412+02:00, 0.232E-02, 2694.4919, 0.11193E+07
  925900,2026-09-23T18:28:59.632+02:00, 0.271E-02, 2694.7634, 0.11194E+07
  926000,2026-09-23T18:29:10.657+02:00, 0.244E-02, 2695.0379, 0.11196E+07
  926100,2026-09-23T18:29:21.981+02:00, 0.270E-02, 2695.3129, 0.11197E+07
  926200,2026-09-23T18:29:33.526+02:00, 0.272E-02, 2695.5827, 0.11198E+07
  926300,2026-09-23T18:29:44.758+02:00, 0.295E-02, 2695.8714, 0.11200E+07
  926400,2026-09-23T18:29:55.909+02:00, 0.289E-02, 2696.1581, 0.11201E+07
  926500,2026-09-23T18:30:07.020+02:00, 0.277E-02, 2696.4355, 0.11202E+07
  926600,2026-09-23T18:30:18.683+02:00, 0.268E-02, 2696.7150, 0.11204E+07
  926700,2026-09-23T18:30:30.326+02:00, 0.289E-02, 2696.9834, 0.11205E+07
  926800,2026-09-23T18:30:41.506+02:00, 0.275E-02, 2697.2688, 0.11207E+07
  926900,2026-09-23T18:30:52.591+02:00, 0.276E-02, 2697.5457, 0.11208E+07
  927000,2026-09-23T18:31:04.283+02:00, 0.278E-02, 2697.8173, 0.11209E+07
  927100,2026-09-23T18:31:15.679+02:00, 0.278E-02, 2698.0951, 0.11211E+07
  927200,2026-09-23T18:31:27.210+02:00, 0.248E-02, 2698.3726, 0.11212E+07
  927300,2026-09-23T18:31:38.334+02:00, 0.269E-02, 2698.6416, 0.11213E+07
  927400,2026-09-23T18:31:49.195+02:00, 0.269E-02, 2698.9105, 0.11215E+07
  927500,2026-09-23T18:32:00.163+02:00, 0.287E-02, 2699.1927, 0.11216E+07
  927600,2026-09-23T18:32:11.277+02:00, 0.302E-02, 2699.4853, 0.11217E+07
  927700,2026-09-23T18:32:22.261+02:00, 0.288E-02, 2699.7791, 0.11218E+07
  927800,2026-09-23T18:32:34.489+02:00, 0.289E-02, 2700.0478, 0.11220E+07
  927900,2026-09-23T18:32:46.398+02:00, 0.287E-02, 2700.3262, 0.11221E+07
  928000,2026-09-23T18:32:58.180+02:00, 0.293E-02, 2700.5983, 0.11223E+07
  928100,2026-09-23T18:33:09.176+02:00, 0.278E-02, 2700.8801, 0.11224E+07
  928200,2026-09-23T18:33:20.408+02:00, 0.283E-02, 2701.1618, 0.11225E+07
  928300,2026-09-23T18:33:32.182+02:00, 0.283E-02, 2701.4448, 0.11227E+07
  928400,2026-09-23T18:33:43.624+02:00, 0.283E-02, 2701.7278, 0.11228E+07
  928500,2026-09-23T18:33:55.169+02:00, 0.290E-02, 2701.9962, 0.11229E+07
  928600,2026-09-23T18:34:07.172+02:00, 0.271E-02, 2702.2661, 0.11231E+07
  928700,2026-09-23T18:34:19.837+02:00, 0.288E-02, 2702.5461, 0.11232E+07
  928800,2026-09-23T18:34:31.101+02:00, 0.288E-02, 2702.8342, 0.11234E+07
  928900,2026-09-23T18:34:42.331+02:00, 0.271E-02, 2703.1051, 0.11235E+07
  929000,2026-09-23T18:34:53.452+02:00, 0.281E-02, 2703.3805, 0.11236E+07
  929100,2026-09-23T18:35:04.469+02:00, 0.287E-02, 2703.6541, 0.11238E+07
  929200,2026-09-23T18:35:15.512+02:00, 0.269E-02, 2703.9247, 0.11239E+07
  929300,2026-09-23T18:35:26.168+02:00, 0.280E-02, 2704.1884, 0.11240E+07
  929400,2026-09-23T18:35:36.946+02:00, 0.288E-02, 2704.4561, 0.11242E+07
  929500,2026-09-23T18:35:48.689+02:00, 0.279E-02, 2704.7384, 0.11243E+07
  929600,2026-09-23T18:36:00.235+02:00, 0.273E-02, 2705.0156, 0.11244E+07
  929700,2026-09-23T18:36:11.352+02:00, 0.267E-02, 2705.3038, 0.11246E+07
  929800,2026-09-23T18:36:22.616+02:00, 0.286E-02, 2705.5842, 0.11247E+07
  929900,2026-09-23T18:36:33.498+02:00, 0.278E-02, 2705.8660, 0.11248E+07
  930000,2026-09-23T18:36:44.989+02:00, 0.278E-02, 2706.1442, 0.11250E+07
  930100,2026-09-23T18:36:56.690+02:00, 0.287E-02, 2706.4124, 0.11251E+07
  930200,2026-09-23T18:37:08.814+02:00, 0.280E-02, 2706.6947, 0.11252E+07
  930300,2026-09-23T18:37:19.988+02:00, 0.269E-02, 2706.9795, 0.11254E+07
  930400,2026-09-23T18:37:31.153+02:00, 0.291E-02, 2707.2681, 0.11255E+07
  930500,2026-09-23T18:37:41.949+02:00, 0.291E-02, 2707.5592, 0.11256E+07
  930600,2026-09-23T18:37:53.194+02:00, 0.283E-02, 2707.8444, 0.11258E+07
  930700,2026-09-23T18:38:04.526+02:00, 0.300E-02, 2708.1228, 0.11259E+07
  930800,2026-09-23T18:38:15.587+02:00, 0.286E-02, 2708.4020, 0.11260E+07
  930900,2026-09-23T18:38:26.679+02:00, 0.286E-02, 2708.6878, 0.11262E+07
  931000,2026-09-23T18:38:37.867+02:00, 0.277E-02, 2708.9655, 0.11263E+07
  931100,2026-09-23T18:38:49.155+02:00, 0.280E-02, 2709.2407, 0.11264E+07
  931200,2026-09-23T18:39:00.493+02:00, 0.268E-02, 2709.5211, 0.11266E+07
  931300,2026-09-23T18:39:11.698+02:00, 0.291E-02, 2709.8106, 0.11267E+07
  931400,2026-09-23T18:39:23.067+02:00, 0.282E-02, 2710.0909, 0.11268E+07
  931500,2026-09-23T18:39:34.137+02:00, 0.275E-02, 2710.3690, 0.11270E+07
  931600,2026-09-23T18:39:45.329+02:00, 0.282E-02, 2710.6246, 0.11271E+07
  931700,2026-09-23T18:39:57.066+02:00, 0.285E-02, 2710.8995, 0.11272E+07
  931800,2026-09-23T18:40:08.390+02:00, 0.273E-02, 2711.1641, 0.11274E+07
  931900,2026-09-23T18:40:19.653+02:00, 0.270E-02, 2711.4464, 0.11275E+07
  932000,2026-09-23T18:40:31.185+02:00, 0.277E-02, 2711.7291, 0.11276E+07
  932100,2026-09-23T18:40:42.431+02:00, 0.279E-02, 2711.9920, 0.11278E+07
  932200,2026-09-23T18:40:53.877+02:00, 0.286E-02, 2712.2701, 0.11279E+07
  932300,2026-09-23T18:41:04.785+02:00, 0.281E-02, 2712.5554, 0.11280E+07
  932400,2026-09-23T18:41:15.738+02:00, 0.274E-02, 2712.8209, 0.11282E+07
  932500,2026-09-23T18:41:26.858+02:00, 0.281E-02, 2713.0989, 0.11283E+07
  932600,2026-09-23T18:41:37.997+02:00, 0.261E-02, 2713.3796, 0.11284E+07
  932700,2026-09-23T18:41:49.516+02:00, 0.276E-02, 2713.6498, 0.11286E+07
  932800,2026-09-23T18:42:01.454+02:00, 0.252E-02, 2713.9278, 0.11287E+07
  932900,2026-09-23T18:42:12.824+02:00, 0.249E-02, 2714.1985, 0.11288E+07
  933000,2026-09-23T18:42:24.458+02:00, 0.281E-02, 2714.4698, 0.11290E+07
  933100,2026-09-23T18:42:35.371+02:00, 0.277E-02, 2714.7474, 0.11291E+07
  933200,2026-09-23T18:42:46.584+02:00, 0.264E-02, 2715.0255, 0.11292E+07
  933300,2026-09-23T18:42:58.381+02:00, 0.252E-02, 2715.2980, 0.11294E+07
  933400,2026-09-23T18:43:09.784+02:00, 0.273E-02, 2715.5694, 0.11295E+07
  933500,2026-09-23T18:43:21.294+02:00, 0.277E-02, 2715.8380, 0.11296E+07
  933600,2026-09-23T18:43:32.868+02:00, 0.270E-02, 2716.1011, 0.11298E+07
  933700,2026-09-23T18:43:44.752+02:00, 0.283E-02, 2716.3663, 0.11299E+07
  933800,2026-09-23T18:43:56.491+02:00, 0.284E-02, 2716.6417, 0.11301E+07
  933900,2026-09-23T18:44:08.129+02:00, 0.279E-02, 2716.9102, 0.11302E+07
  934000,2026-09-23T18:44:19.269+02:00, 0.300E-02, 2717.1886, 0.11303E+07
  934100,2026-09-23T18:44:31.016+02:00, 0.250E-02, 2717.4575, 0.11305E+07
  934200,2026-09-23T18:44:42.771+02:00, 0.264E-02, 2717.7297, 0.11306E+07
  934300,2026-09-23T18:44:54.662+02:00, 0.251E-02, 2717.9960, 0.11308E+07
  934400,2026-09-23T18:45:05.842+02:00, 0.281E-02, 2718.2733, 0.11309E+07
  934500,2026-09-23T18:45:17.098+02:00, 0.293E-02, 2718.5486, 0.11310E+07
  934600,2026-09-23T18:45:28.167+02:00, 0.253E-02, 2718.8290, 0.11312E+07
  934700,2026-09-23T18:45:39.116+02:00, 0.268E-02, 2719.1074, 0.11313E+07
  934800,2026-09-23T18:45:50.829+02:00, 0.261E-02, 2719.3685, 0.11314E+07
  934900,2026-09-23T18:46:02.673+02:00, 0.246E-02, 2719.6389, 0.11316E+07
  935000,2026-09-23T18:46:13.443+02:00, 0.298E-02, 2719.9105, 0.11317E+07
  935100,2026-09-23T18:46:25.012+02:00, 0.279E-02, 2720.1778, 0.11318E+07
  935200,2026-09-23T18:46:36.665+02:00, 0.257E-02, 2720.4462, 0.11320E+07
  935300,2026-09-23T18:46:48.467+02:00, 0.289E-02, 2720.7197, 0.11321E+07
  935400,2026-09-23T18:46:59.954+02:00, 0.289E-02, 2721.0082, 0.11322E+07
  935500,2026-09-23T18:47:11.009+02:00, 0.268E-02, 2721.2836, 0.11324E+07
  935600,2026-09-23T18:47:21.994+02:00, 0.280E-02, 2721.5581, 0.11325E+07
  935700,2026-09-23T18:47:33.386+02:00, 0.279E-02, 2721.8326, 0.11326E+07
  935800,2026-09-23T18:47:44.957+02:00, 0.307E-02, 2722.1156, 0.11328E+07
  935900,2026-09-23T18:47:55.837+02:00, 0.277E-02, 2722.4014, 0.11329E+07
  936000,2026-09-23T18:48:08.171+02:00, 0.270E-02, 2722.6727, 0.11330E+07
  936100,2026-09-23T18:48:20.095+02:00, 0.271E-02, 2722.9303, 0.11332E+07
  936200,2026-09-23T18:48:31.578+02:00, 0.284E-02, 2723.2066, 0.11333E+07
  936300,2026-09-23T18:48:43.448+02:00, 0.287E-02, 2723.4804, 0.11335E+07
  936400,2026-09-23T18:48:54.575+02:00, 0.257E-02, 2723.7502, 0.11336E+07
  936500,2026-09-23T18:49:05.853+02:00, 0.292E-02, 2724.0269, 0.11337E+07
  936600,2026-09-23T18:49:16.888+02:00, 0.278E-02, 2724.3015, 0.11339E+07
  936700,2026-09-23T18:49:27.799+02:00, 0.302E-02, 2724.5769, 0.11340E+07
  936800,2026-09-23T18:49:38.840+02:00, 0.278E-02, 2724.8610, 0.11341E+07
  936900,2026-09-23T18:49:49.762+02:00, 0.245E-02, 2725.1353, 0.11342E+07
  937000,2026-09-23T18:50:00.799+02:00, 0.285E-02, 2725.4134, 0.11344E+07
  937100,2026-09-23T18:50:11.466+02:00, 0.277E-02, 2725.6911, 0.11345E+07
  937200,2026-09-23T18:50:22.346+02:00, 0.268E-02, 2725.9751, 0.11346E+07
  937300,2026-09-23T18:50:33.375+02:00, 0.278E-02, 2726.2529, 0.11348E+07
  937400,2026-09-23T18:50:44.369+02:00, 0.296E-02, 2726.5311, 0.11349E+07
  937500,2026-09-23T18:50:55.365+02:00, 0.248E-02, 2726.8116, 0.11350E+07
  937600,2026-09-23T18:51:06.558+02:00, 0.300E-02, 2727.0855, 0.11352E+07
  937700,2026-09-23T18:51:18.158+02:00, 0.277E-02, 2727.3627, 0.11353E+07
  937800,2026-09-23T18:51:30.034+02:00, 0.275E-02, 2727.6324, 0.11354E+07
  937900,2026-09-23T18:51:40.903+02:00, 0.280E-02, 2727.9008, 0.11356E+07
  938000,2026-09-23T18:51:52.165+02:00, 0.280E-02, 2728.1813, 0.11357E+07
  938100,2026-09-23T18:52:03.408+02:00, 0.277E-02, 2728.4587, 0.11358E+07
  938200,2026-09-23T18:52:14.551+02:00, 0.277E-02, 2728.7356, 0.11360E+07
  938300,2026-09-23T18:52:25.675+02:00, 0.277E-02, 2729.0124, 0.11361E+07
  938400,2026-09-23T18:52:36.697+02:00, 0.277E-02, 2729.2893, 0.11362E+07
  938500,2026-09-23T18:52:47.804+02:00, 0.270E-02, 2729.5600, 0.11364E+07
  938600,2026-09-23T18:52:59.292+02:00, 0.284E-02, 2729.8300, 0.11365E+07
  938700,2026-09-23T18:53:11.083+02:00, 0.299E-02, 2730.1047, 0.11366E+07
  938800,2026-09-23T18:53:22.078+02:00, 0.287E-02, 2730.3898, 0.11368E+07
  938900,2026-09-23T18:53:33.189+02:00, 0.282E-02, 2730.6716, 0.11369E+07
  939000,2026-09-23T18:53:44.381+02:00, 0.288E-02, 2730.9469, 0.11370E+07
  939100,2026-09-23T18:53:55.533+02:00, 0.247E-02, 2731.2236, 0.11372E+07
  939200,2026-09-23T18:54:06.623+02:00, 0.275E-02, 2731.4912, 0.11373E+07
  939300,2026-09-23T18:54:17.491+02:00, 0.286E-02, 2731.7485, 0.11374E+07
  939400,2026-09-23T18:54:28.723+02:00, 0.277E-02, 2732.0302, 0.11376E+07
  939500,2026-09-23T18:54:40.572+02:00, 0.277E-02, 2732.3071, 0.11377E+07
  939600,2026-09-23T18:54:52.038+02:00, 0.276E-02, 2732.5715, 0.11378E+07
  939700,2026-09-23T18:55:03.344+02:00, 0.259E-02, 2732.8352, 0.11380E+07
  939800,2026-09-23T18:55:14.369+02:00, 0.274E-02, 2733.1078, 0.11381E+07
  939900,2026-09-23T18:55:25.993+02:00, 0.278E-02, 2733.3835, 0.11382E+07
  940000,2026-09-23T18:55:37.519+02:00, 0.282E-02, 2733.6610, 0.11384E+07
  940100,2026-09-23T18:55:48.727+02:00, 0.278E-02, 2733.9282, 0.11385E+07
  940200,2026-09-23T18:56:00.192+02:00, 0.265E-02, 2734.2041, 0.11386E+07
  940300,2026-09-23T18:56:11.357+02:00, 0.265E-02, 2734.4695, 0.11388E+07
  940400,2026-09-23T18:56:22.330+02:00, 0.292E-02, 2734.7567, 0.11389E+07
  940500,2026-09-23T18:56:33.854+02:00, 0.286E-02, 2735.0455, 0.11390E+07
  940600,2026-09-23T18:56:45.613+02:00, 0.286E-02, 2735.3318, 0.11392E+07
  940700,2026-09-23T18:56:56.950+02:00, 0.272E-02, 2735.6049, 0.11393E+07
  940800,2026-09-23T18:57:08.299+02:00, 0.262E-02, 2735.8697, 0.11394E+07
  940900,2026-09-23T18:57:19.457+02:00, 0.257E-02, 2736.1330, 0.11396E+07
  941000,2026-09-23T18:57:30.991+02:00, 0.261E-02, 2736.3974, 0.11397E+07
  941100,2026-09-23T18:57:42.345+02:00, 0.304E-02, 2736.6852, 0.11398E+07
  941200,2026-09-23T18:57:53.473+02:00, 0.293E-02, 2736.9723, 0.11400E+07
  941300,2026-09-23T18:58:05.006+02:00, 0.269E-02, 2737.2508, 0.11401E+07
  941400,2026-09-23T18:58:16.423+02:00, 0.288E-02, 2737.5244, 0.11402E+07
  941500,2026-09-23T18:58:28.213+02:00, 0.276E-02, 2737.7901, 0.11404E+07
  941600,2026-09-23T18:58:39.574+02:00, 0.274E-02, 2738.0616, 0.11405E+07
  941700,2026-09-23T18:58:51.281+02:00, 0.271E-02, 2738.3304, 0.11407E+07
  941800,2026-09-23T18:59:02.759+02:00, 0.280E-02, 2738.6033, 0.11408E+07
  941900,2026-09-23T18:59:14.322+02:00, 0.288E-02, 2738.8830, 0.11409E+07
  942000,2026-09-23T18:59:26.079+02:00, 0.281E-02, 2739.1627, 0.11411E+07
  942100,2026-09-23T18:59:37.476+02:00, 0.281E-02, 2739.4438, 0.11412E+07
  942200,2026-09-23T18:59:48.637+02:00, 0.309E-02, 2739.7472, 0.11413E+07
  942300,2026-09-23T18:59:59.308+02:00, 0.274E-02, 2740.0376, 0.11415E+07
  942400,2026-09-23T19:00:10.377+02:00, 0.286E-02, 2740.3183, 0.11416E+07
  942500,2026-09-23T19:00:21.833+02:00, 0.276E-02, 2740.5896, 0.11417E+07
  942600,2026-09-23T19:00:33.440+02:00, 0.300E-02, 2740.8588, 0.11419E+07
  942700,2026-09-23T19:00:44.756+02:00, 0.284E-02, 2741.1330, 0.11420E+07
  942800,2026-09-23T19:00:56.091+02:00, 0.286E-02, 2741.4078, 0.11421E+07
  942900,2026-09-23T19:01:07.082+02:00, 0.283E-02, 2741.6909, 0.11423E+07
  943000,2026-09-23T19:01:18.450+02:00, 0.271E-02, 2741.9657, 0.11424E+07
  943100,2026-09-23T19:01:29.729+02:00, 0.263E-02, 2742.2299, 0.11425E+07
  943200,2026-09-23T19:01:40.978+02:00, 0.259E-02, 2742.5003, 0.11427E+07
  943300,2026-09-23T19:01:52.729+02:00, 0.298E-02, 2742.7694, 0.11428E+07
  943400,2026-09-23T19:02:04.306+02:00, 0.260E-02, 2743.0600, 0.11429E+07
  943500,2026-09-23T19:02:15.005+02:00, 0.287E-02, 2743.3450, 0.11431E+07
  943600,2026-09-23T19:02:26.455+02:00, 0.290E-02, 2743.6231, 0.11432E+07
  943700,2026-09-23T19:02:38.019+02:00, 0.284E-02, 2743.8879, 0.11433E+07
  943800,2026-09-23T19:02:49.377+02:00, 0.241E-02, 2744.1546, 0.11435E+07
  943900,2026-09-23T19:03:00.847+02:00, 0.252E-02, 2744.4162, 0.11436E+07
  944000,2026-09-23T19:03:12.560+02:00, 0.294E-02, 2744.6836, 0.11438E+07
  944100,2026-09-23T19:03:24.392+02:00, 0.282E-02, 2744.9545, 0.11439E+07
  944200,2026-09-23T19:03:35.893+02:00, 0.246E-02, 2745.2371, 0.11440E+07
  944300,2026-09-23T19:03:47.288+02:00, 0.291E-02, 2745.5230, 0.11442E+07
  944400,2026-09-23T19:03:58.407+02:00, 0.257E-02, 2745.8093, 0.11443E+07
  944500,2026-09-23T19:04:10.116+02:00, 0.271E-02, 2746.0828, 0.11444E+07
  944600,2026-09-23T19:04:21.041+02:00, 0.242E-02, 2746.3539, 0.11446E+07
  944700,2026-09-23T19:04:32.727+02:00, 0.290E-02, 2746.6232, 0.11447E+07
  944800,2026-09-23T19:04:43.484+02:00, 0.274E-02, 2746.8956, 0.11448E+07
  944900,2026-09-23T19:04:54.277+02:00, 0.274E-02, 2747.1699, 0.11450E+07
  945000,2026-09-23T19:05:05.248+02:00, 0.287E-02, 2747.4515, 0.11451E+07
  945100,2026-09-23T19:05:16.795+02:00, 0.280E-02, 2747.7324, 0.11452E+07
  945200,2026-09-23T19:05:28.482+02:00, 0.272E-02, 2748.0060, 0.11454E+07
  945300,2026-09-23T19:05:39.430+02:00, 0.268E-02, 2748.2748, 0.11455E+07
  945400,2026-09-23T19:05:50.242+02:00, 0.250E-02, 2748.5481, 0.11456E+07
  945500,2026-09-23T19:06:01.576+02:00, 0.253E-02, 2748.8240, 0.11458E+07
  945600,2026-09-23T19:06:12.197+02:00, 0.296E-02, 2749.0943, 0.11459E+07
  945700,2026-09-23T19:06:23.454+02:00, 0.281E-02, 2749.3760, 0.11460E+07
  945800,2026-09-23T19:06:33.990+02:00, 0.304E-02, 2749.6488, 0.11461E+07
  945900,2026-09-23T19:06:45.285+02:00, 0.261E-02, 2749.9394, 0.11463E+07
  946000,2026-09-23T19:06:56.550+02:00, 0.278E-02, 2750.2195, 0.11464E+07
  946100,2026-09-23T19:07:07.224+02:00, 0.261E-02, 2750.4970, 0.11465E+07
  946200,2026-09-23T19:07:17.875+02:00, 0.246E-02, 2750.7719, 0.11467E+07
  946300,2026-09-23T19:07:29.227+02:00, 0.289E-02, 2751.0418, 0.11468E+07
  946400,2026-09-23T19:07:39.988+02:00, 0.275E-02, 2751.3127, 0.11469E+07
  946500,2026-09-23T19:07:51.349+02:00, 0.298E-02, 2751.5859, 0.11471E+07
  946600,2026-09-23T19:08:03.144+02:00, 0.280E-02, 2751.8560, 0.11472E+07
  946700,2026-09-23T19:08:14.658+02:00, 0.266E-02, 2752.1133, 0.11473E+07
  946800,2026-09-23T19:08:26.252+02:00, 0.300E-02, 2752.3850, 0.11475E+07
  946900,2026-09-23T19:08:37.505+02:00, 0.274E-02, 2752.6731, 0.11476E+07
  947000,2026-09-23T19:08:48.689+02:00, 0.271E-02, 2752.9400, 0.11477E+07
  947100,2026-09-23T19:09:00.420+02:00, 0.273E-02, 2753.2253, 0.11479E+07
  947200,2026-09-23T19:09:12.021+02:00, 0.273E-02, 2753.4920, 0.11480E+07
  947300,2026-09-23T19:09:23.352+02:00, 0.275E-02, 2753.7594, 0.11482E+07
  947400,2026-09-23T19:09:35.013+02:00, 0.298E-02, 2754.0340, 0.11483E+07
  947500,2026-09-23T19:09:46.507+02:00, 0.289E-02, 2754.3222, 0.11484E+07
  947600,2026-09-23T19:09:57.964+02:00, 0.289E-02, 2754.6108, 0.11486E+07
  947700,2026-09-23T19:10:09.216+02:00, 0.294E-02, 2754.8950, 0.11487E+07
  947800,2026-09-23T19:10:20.252+02:00, 0.291E-02, 2755.1837, 0.11488E+07
  947900,2026-09-23T19:10:31.428+02:00, 0.271E-02, 2755.4642, 0.11490E+07
  948000,2026-09-23T19:10:43.274+02:00, 0.282E-02, 2755.7471, 0.11491E+07
  948100,2026-09-23T19:10:54.321+02:00, 0.270E-02, 2756.0314, 0.11492E+07
  948200,2026-09-23T19:11:05.402+02:00, 0.276E-02, 2756.3076, 0.11494E+07
  948300,2026-09-23T19:11:16.943+02:00, 0.275E-02, 2756.5799, 0.11495E+07
  948400,2026-09-23T19:11:28.369+02:00, 0.267E-02, 2756.8415, 0.11496E+07
  948500,2026-09-23T19:11:40.136+02:00, 0.297E-02, 2757.1080, 0.11498E+07
  948600,2026-09-23T19:11:51.980+02:00, 0.278E-02, 2757.3857, 0.11499E+07
  948700,2026-09-23T19:12:03.106+02:00, 0.268E-02, 2757.6660, 0.11501E+07
  948800,2026-09-23T19:12:14.366+02:00, 0.262E-02, 2757.9575, 0.11502E+07
  948900,2026-09-23T19:12:25.456+02:00, 0.285E-02, 2758.2314, 0.11503E+07
  949000,2026-09-23T19:12:36.932+02:00, 0.259E-02, 2758.5155, 0.11505E+07
  949100,2026-09-23T19:12:48.033+02:00, 0.303E-02, 2758.8015, 0.11506E+07
  949200,2026-09-23T19:12:59.157+02:00, 0.303E-02, 2759.1044, 0.11507E+07
  949300,2026-09-23T19:13:10.202+02:00, 0.252E-02, 2759.3733, 0.11508E+07
  949400,2026-09-23T19:13:21.214+02:00, 0.277E-02, 2759.6494, 0.11510E+07
  949500,2026-09-23T19:13:32.574+02:00, 0.296E-02, 2759.9391, 0.11511E+07
  949600,2026-09-23T19:13:43.956+02:00, 0.284E-02, 2760.2275, 0.11512E+07
  949700,2026-09-23T19:13:54.989+02:00, 0.266E-02, 2760.5100, 0.11514E+07
  949800,2026-09-23T19:14:05.745+02:00, 0.288E-02, 2760.7711, 0.11515E+07
  949900,2026-09-23T19:14:16.700+02:00, 0.246E-02, 2761.0446, 0.11516E+07
  950000,2026-09-23T19:14:27.904+02:00, 0.267E-02, 2761.3113, 0.11518E+07
  950100,2026-09-23T19:14:39.077+02:00, 0.287E-02, 2761.5907, 0.11519E+07
  950200,2026-09-23T19:14:50.311+02:00, 0.287E-02, 2761.8773, 0.11520E+07
  950300,2026-09-23T19:15:01.259+02:00, 0.273E-02, 2762.1419, 0.11522E+07
  950400,2026-09-23T19:15:12.637+02:00, 0.283E-02, 2762.4046, 0.11523E+07
  950500,2026-09-23T19:15:23.844+02:00, 0.274E-02, 2762.6810, 0.11524E+07
  950600,2026-09-23T19:15:34.897+02:00, 0.289E-02, 2762.9579, 0.11526E+07
  950700,2026-09-23T19:15:46.324+02:00, 0.228E-02, 2763.2430, 0.11527E+07
  950800,2026-09-23T19:15:57.368+02:00, 0.276E-02, 2763.5162, 0.11528E+07
  950900,2026-09-23T19:16:08.446+02:00, 0.263E-02, 2763.7891, 0.11530E+07
  951000,2026-09-23T19:16:20.161+02:00, 0.271E-02, 2764.0492, 0.11531E+07
  951100,2026-09-23T19:16:31.502+02:00, 0.291E-02, 2764.3180, 0.11532E+07
  951200,2026-09-23T19:16:42.813+02:00, 0.279E-02, 2764.5991, 0.11534E+07
  951300,2026-09-23T19:16:54.206+02:00, 0.264E-02, 2764.8772, 0.11535E+07
  951400,2026-09-23T19:17:05.658+02:00, 0.258E-02, 2765.1649, 0.11536E+07
  951500,2026-09-23T19:17:16.740+02:00, 0.271E-02, 2765.4340, 0.11538E+07
  951600,2026-09-23T19:17:28.614+02:00, 0.292E-02, 2765.7025, 0.11539E+07
  951700,2026-09-23T19:17:40.581+02:00, 0.256E-02, 2765.9726, 0.11541E+07
  951800,2026-09-23T19:17:51.973+02:00, 0.286E-02, 2766.2348, 0.11542E+07
  951900,2026-09-23T19:18:04.160+02:00, 0.244E-02, 2766.5008, 0.11543E+07
  952000,2026-09-23T19:18:15.795+02:00, 0.290E-02, 2766.7774, 0.11545E+07
  952100,2026-09-23T19:18:27.203+02:00, 0.282E-02, 2767.0606, 0.11546E+07
  952200,2026-09-23T19:18:39.059+02:00, 0.300E-02, 2767.3400, 0.11547E+07
  952300,2026-09-23T19:18:50.520+02:00, 0.292E-02, 2767.6171, 0.11549E+07
  952400,2026-09-23T19:19:01.857+02:00, 0.274E-02, 2767.8912, 0.11550E+07
  952500,2026-09-23T19:19:13.908+02:00, 0.273E-02, 2768.1605, 0.11551E+07
  952600,2026-09-23T19:19:25.970+02:00, 0.261E-02, 2768.4295, 0.11553E+07
  952700,2026-09-23T19:19:37.442+02:00, 0.294E-02, 2768.6990, 0.11554E+07
  952800,2026-09-23T19:19:48.836+02:00, 0.289E-02, 2768.9893, 0.11556E+07
  952900,2026-09-23T19:19:59.923+02:00, 0.267E-02, 2769.2605, 0.11557E+07
  953000,2026-09-23T19:20:11.015+02:00, 0.285E-02, 2769.5388, 0.11558E+07
  953100,2026-09-23T19:20:21.968+02:00, 0.280E-02, 2769.8148, 0.11560E+07
  953200,2026-09-23T19:20:33.391+02:00, 0.272E-02, 2770.0861, 0.11561E+07
  953300,2026-09-23T19:20:44.379+02:00, 0.272E-02, 2770.3581, 0.11562E+07
  953400,2026-09-23T19:20:56.229+02:00, 0.267E-02, 2770.6209, 0.11564E+07
  953500,2026-09-23T19:21:08.178+02:00, 0.244E-02, 2770.8820, 0.11565E+07
  953600,2026-09-23T19:21:19.476+02:00, 0.285E-02, 2771.1437, 0.11566E+07
  953700,2026-09-23T19:21:30.609+02:00, 0.249E-02, 2771.4150, 0.11568E+07
  953800,2026-09-23T19:21:41.629+02:00, 0.296E-02, 2771.6894, 0.11569E+07
  953900,2026-09-23T19:21:53.117+02:00, 0.296E-02, 2771.9855, 0.11570E+07
  954000,2026-09-23T19:22:04.498+02:00, 0.275E-02, 2772.2608, 0.11572E+07
  954100,2026-09-23T19:22:16.186+02:00, 0.270E-02, 2772.5339, 0.11573E+07
  954200,2026-09-23T19:22:27.070+02:00, 0.270E-02, 2772.8039, 0.11574E+07
  954300,2026-09-23T19:22:38.884+02:00, 0.287E-02, 2773.0746, 0.11576E+07
  954400,2026-09-23T19:22:50.291+02:00, 0.266E-02, 2773.3480, 0.11577E+07
  954500,2026-09-23T19:23:01.892+02:00, 0.248E-02, 2773.6287, 0.11578E+07
  954600,2026-09-23T19:23:13.272+02:00, 0.276E-02, 2773.8891, 0.11580E+07
  954700,2026-09-23T19:23:24.659+02:00, 0.272E-02, 2774.1596, 0.11581E+07
  954800,2026-09-23T19:23:35.823+02:00, 0.278E-02, 2774.4390, 0.11583E+07
  954900,2026-09-23T19:23:47.440+02:00, 0.279E-02, 2774.7180, 0.11584E+07
  955000,2026-09-23T19:23:58.680+02:00, 0.279E-02, 2774.9965, 0.11585E+07
  955100,2026-09-23T19:24:09.757+02:00, 0.306E-02, 2775.2753, 0.11586E+07
  955200,2026-09-23T19:24:21.132+02:00, 0.280E-02, 2775.5490, 0.11588E+07
  955300,2026-09-23T19:24:32.700+02:00, 0.246E-02, 2775.8180, 0.11589E+07
  955400,2026-09-23T19:24:43.765+02:00, 0.295E-02, 2776.0998, 0.11591E+07
  955500,2026-09-23T19:24:54.740+02:00, 0.280E-02, 2776.3779, 0.11592E+07
  955600,2026-09-23T19:25:05.865+02:00, 0.293E-02, 2776.6532, 0.11593E+07
  955700,2026-09-23T19:25:16.767+02:00, 0.287E-02, 2776.9430, 0.11594E+07
  955800,2026-09-23T19:25:27.767+02:00, 0.281E-02, 2777.2146, 0.11596E+07
  955900,2026-09-23T19:25:38.844+02:00, 0.281E-02, 2777.4961, 0.11597E+07
  956000,2026-09-23T19:25:50.277+02:00, 0.281E-02, 2777.7776, 0.11598E+07
  956100,2026-09-23T19:26:01.257+02:00, 0.306E-02, 2778.0610, 0.11600E+07
  956200,2026-09-23T19:26:12.032+02:00, 0.276E-02, 2778.3431, 0.11601E+07
  956300,2026-09-23T19:26:23.127+02:00, 0.276E-02, 2778.6188, 0.11602E+07
  956400,2026-09-23T19:26:34.475+02:00, 0.276E-02, 2778.8944, 0.11604E+07
  956500,2026-09-23T19:26:45.376+02:00, 0.284E-02, 2779.1671, 0.11605E+07
  956600,2026-09-23T19:26:57.049+02:00, 0.260E-02, 2779.4340, 0.11606E+07
  956700,2026-09-23T19:27:08.844+02:00, 0.270E-02, 2779.6923, 0.11608E+07
  956800,2026-09-23T19:27:19.695+02:00, 0.270E-02, 2779.9626, 0.11609E+07
  956900,2026-09-23T19:27:31.402+02:00, 0.286E-02, 2780.2367, 0.11610E+07
  957000,2026-09-23T19:27:43.355+02:00, 0.282E-02, 2780.5087, 0.11612E+07
  957100,2026-09-23T19:27:55.074+02:00, 0.285E-02, 2780.7781, 0.11613E+07
  957200,2026-09-23T19:28:07.040+02:00, 0.281E-02, 2781.0579, 0.11615E+07
  957300,2026-09-23T19:28:18.158+02:00, 0.281E-02, 2781.3385, 0.11616E+07
  957400,2026-09-23T19:28:29.237+02:00, 0.252E-02, 2781.6177, 0.11617E+07
  957500,2026-09-23T19:28:40.740+02:00, 0.284E-02, 2781.8957, 0.11619E+07
  957600,2026-09-23T19:28:52.468+02:00, 0.260E-02, 2782.1619, 0.11620E+07
  957700,2026-09-23T19:29:03.699+02:00, 0.256E-02, 2782.4348, 0.11621E+07
  957800,2026-09-23T19:29:14.419+02:00, 0.302E-02, 2782.7136, 0.11623E+07
  957900,2026-09-23T19:29:25.404+02:00, 0.280E-02, 2782.9881, 0.11624E+07
  958000,2026-09-23T19:29:36.516+02:00, 0.280E-02, 2783.2679, 0.11625E+07
  958100,2026-09-23T19:29:48.305+02:00, 0.271E-02, 2783.5401, 0.11627E+07
  958200,2026-09-23T19:30:00.030+02:00, 0.279E-02, 2783.8097, 0.11628E+07
  958300,2026-09-23T19:30:11.765+02:00, 0.237E-02, 2784.0862, 0.11629E+07
  958400,2026-09-23T19:30:23.177+02:00, 0.279E-02, 2784.3543, 0.11631E+07
  958500,2026-09-23T19:30:33.910+02:00, 0.279E-02, 2784.6335, 0.11632E+07
  958600,2026-09-23T19:30:45.528+02:00, 0.286E-02, 2784.9093, 0.11633E+07
  958700,2026-09-23T19:30:57.191+02:00, 0.239E-02, 2785.1781, 0.11635E+07
  958800,2026-09-23T19:31:08.804+02:00, 0.273E-02, 2785.4450, 0.11636E+07
  958900,2026-09-23T19:31:20.349+02:00, 0.271E-02, 2785.7161, 0.11638E+07
  959000,2026-09-23T19:31:32.256+02:00, 0.253E-02, 2785.9861, 0.11639E+07
  959100,2026-09-23T19:31:43.778+02:00, 0.270E-02, 2786.2591, 0.11640E+07
  959200,2026-09-23T19:31:55.215+02:00, 0.274E-02, 2786.5324, 0.11642E+07
  959300,2026-09-23T19:32:06.055+02:00, 0.296E-02, 2786.8179, 0.11643E+07
  959400,2026-09-23T19:32:16.698+02:00, 0.271E-02, 2787.0910, 0.11644E+07
  959500,2026-09-23T19:32:27.666+02:00, 0.254E-02, 2787.3705, 0.11646E+07
  959600,2026-09-23T19:32:38.788+02:00, 0.279E-02, 2787.6480, 0.11647E+07
  959700,2026-09-23T19:32:50.056+02:00, 0.251E-02, 2787.9253, 0.11648E+07
  959800,2026-09-23T19:33:01.190+02:00, 0.276E-02, 2788.2005, 0.11649E+07
  959900,2026-09-23T19:33:12.669+02:00, 0.277E-02, 2788.4654, 0.11651E+07
  960000,2026-09-23T19:33:24.145+02:00, 0.287E-02, 2788.7392, 0.11652E+07
  960100,2026-09-23T19:33:35.979+02:00, 0.236E-02, 2789.0113, 0.11654E+07
  960200,2026-09-23T19:33:47.641+02:00, 0.293E-02, 2789.2830, 0.11655E+07
  960300,2026-09-23T19:33:58.764+02:00, 0.270E-02, 2789.5541, 0.11656E+07
  960400,2026-09-23T19:34:09.755+02:00, 0.260E-02, 2789.8220, 0.11658E+07
  960500,2026-09-23T19:34:21.069+02:00, 0.283E-02, 2790.1042, 0.11659E+07
  960600,2026-09-23T19:34:31.945+02:00, 0.274E-02, 2790.3798, 0.11660E+07
  960700,2026-09-23T19:34:43.235+02:00, 0.271E-02, 2790.6727, 0.11662E+07
  960800,2026-09-23T19:34:54.358+02:00, 0.264E-02, 2790.9400, 0.11663E+07
  960900,2026-09-23T19:35:05.504+02:00, 0.280E-02, 2791.2210, 0.11664E+07
  961000,2026-09-23T19:35:16.498+02:00, 0.303E-02, 2791.5105, 0.11666E+07
  961100,2026-09-23T19:35:27.720+02:00, 0.244E-02, 2791.7871, 0.11667E+07
  961200,2026-09-23T19:35:38.587+02:00, 0.288E-02, 2792.0550, 0.11668E+07
  961300,2026-09-23T19:35:50.000+02:00, 0.269E-02, 2792.3412, 0.11669E+07
  961400,2026-09-23T19:36:00.851+02:00, 0.285E-02, 2792.6158, 0.11671E+07
  961500,2026-09-23T19:36:12.120+02:00, 0.285E-02, 2792.9006, 0.11672E+07
  961600,2026-09-23T19:36:22.848+02:00, 0.276E-02, 2793.1761, 0.11673E+07
  961700,2026-09-23T19:36:33.780+02:00, 0.275E-02, 2793.4608, 0.11675E+07
  961800,2026-09-23T19:36:45.093+02:00, 0.274E-02, 2793.7289, 0.11676E+07
  961900,2026-09-23T19:36:55.840+02:00, 0.268E-02, 2794.0090, 0.11677E+07
  962000,2026-09-23T19:37:06.675+02:00, 0.251E-02, 2794.2874, 0.11679E+07
  962100,2026-09-23T19:37:17.687+02:00, 0.304E-02, 2794.5615, 0.11680E+07
  962200,2026-09-23T19:37:28.749+02:00, 0.273E-02, 2794.8376, 0.11681E+07
  962300,2026-09-23T19:37:39.716+02:00, 0.273E-02, 2795.1079, 0.11683E+07
  962400,2026-09-23T19:37:51.096+02:00, 0.292E-02, 2795.3920, 0.11684E+07
  962500,2026-09-23T19:38:02.261+02:00, 0.254E-02, 2795.6706, 0.11685E+07
  962600,2026-09-23T19:38:13.314+02:00, 0.291E-02, 2795.9468, 0.11686E+07
  962700,2026-09-23T19:38:24.992+02:00, 0.238E-02, 2796.2179, 0.11688E+07
  962800,2026-09-23T19:38:36.004+02:00, 0.266E-02, 2796.4920, 0.11689E+07
  962900,2026-09-23T19:38:47.259+02:00, 0.277E-02, 2796.7674, 0.11691E+07
  963000,2026-09-23T19:38:58.584+02:00, 0.292E-02, 2797.0490, 0.11692E+07
  963100,2026-09-23T19:39:10.054+02:00, 0.271E-02, 2797.3234, 0.11693E+07
  963200,2026-09-23T19:39:21.171+02:00, 0.271E-02, 2797.5940, 0.11695E+07
  963300,2026-09-23T19:39:32.251+02:00, 0.248E-02, 2797.8775, 0.11696E+07
  963400,2026-09-23T19:39:43.320+02:00, 0.278E-02, 2798.1509, 0.11697E+07
  963500,2026-09-23T19:39:55.083+02:00, 0.237E-02, 2798.4260, 0.11699E+07
  963600,2026-09-23T19:40:06.913+02:00, 0.279E-02, 2798.7036, 0.11700E+07
  963700,2026-09-23T19:40:18.141+02:00, 0.279E-02, 2798.9823, 0.11701E+07
  963800,2026-09-23T19:40:29.962+02:00, 0.281E-02, 2799.2575, 0.11703E+07
  963900,2026-09-23T19:40:41.136+02:00, 0.293E-02, 2799.5359, 0.11704E+07
  964000,2026-09-23T19:40:52.608+02:00, 0.256E-02, 2799.8029, 0.11705E+07
  964100,2026-09-23T19:41:04.487+02:00, 0.248E-02, 2800.0767, 0.11707E+07
  964200,2026-09-23T19:41:15.664+02:00, 0.282E-02, 2800.3498, 0.11708E+07
  964300,2026-09-23T19:41:26.620+02:00, 0.260E-02, 2800.6301, 0.11709E+07
  964400,2026-09-23T19:41:37.671+02:00, 0.282E-02, 2800.9078, 0.11711E+07
  964500,2026-09-23T19:41:48.348+02:00, 0.268E-02, 2801.1724, 0.11712E+07
  964600,2026-09-23T19:41:59.313+02:00, 0.268E-02, 2801.4399, 0.11713E+07
  964700,2026-09-23T19:42:10.795+02:00, 0.268E-02, 2801.7074, 0.11715E+07
  964800,2026-09-23T19:42:22.494+02:00, 0.281E-02, 2801.9774, 0.11716E+07
  964900,2026-09-23T19:42:33.703+02:00, 0.262E-02, 2802.2470, 0.11717E+07
  965000,2026-09-23T19:42:44.884+02:00, 0.257E-02, 2802.5321, 0.11719E+07
  965100,2026-09-23T19:42:55.973+02:00, 0.274E-02, 2802.7967, 0.11720E+07
  965200,2026-09-23T19:43:07.333+02:00, 0.287E-02, 2803.0708, 0.11721E+07
  965300,2026-09-23T19:43:18.900+02:00, 0.268E-02, 2803.3411, 0.11723E+07
  965400,2026-09-23T19:43:30.482+02:00, 0.278E-02, 2803.6198, 0.11724E+07
  965500,2026-09-23T19:43:42.132+02:00, 0.278E-02, 2803.8980, 0.11725E+07
  965600,2026-09-23T19:43:54.034+02:00, 0.287E-02, 2804.1763, 0.11727E+07
  965700,2026-09-23T19:44:05.765+02:00, 0.283E-02, 2804.4418, 0.11728E+07
  965800,2026-09-23T19:44:16.533+02:00, 0.282E-02, 2804.7172, 0.11729E+07
  965900,2026-09-23T19:44:27.788+02:00, 0.299E-02, 2805.0064, 0.11731E+07
  966000,2026-09-23T19:44:38.355+02:00, 0.290E-02, 2805.2876, 0.11732E+07
  966100,2026-09-23T19:44:49.661+02:00, 0.256E-02, 2805.5762, 0.11733E+07
  966200,2026-09-23T19:45:00.572+02:00, 0.276E-02, 2805.8497, 0.11735E+07
  966300,2026-09-23T19:45:11.415+02:00, 0.273E-02, 2806.1229, 0.11736E+07
  966400,2026-09-23T19:45:22.054+02:00, 0.269E-02, 2806.3911, 0.11737E+07
  966500,2026-09-23T19:45:32.823+02:00, 0.269E-02, 2806.6556, 0.11738E+07
  966600,2026-09-23T19:45:43.743+02:00, 0.290E-02, 2806.9285, 0.11740E+07
  966700,2026-09-23T19:45:54.389+02:00, 0.243E-02, 2807.2047, 0.11741E+07
  966800,2026-09-23T19:46:05.045+02:00, 0.286E-02, 2807.4781, 0.11742E+07
  966900,2026-09-23T19:46:16.428+02:00, 0.297E-02, 2807.7451, 0.11744E+07
  967000,2026-09-23T19:46:27.535+02:00, 0.266E-02, 2808.0372, 0.11745E+07
  967100,2026-09-23T19:46:38.404+02:00, 0.284E-02, 2808.3106, 0.11746E+07
  967200,2026-09-23T19:46:49.506+02:00, 0.284E-02, 2808.5948, 0.11748E+07
  967300,2026-09-23T19:47:00.352+02:00, 0.292E-02, 2808.8799, 0.11749E+07
  967400,2026-09-23T19:47:11.587+02:00, 0.296E-02, 2809.1646, 0.11750E+07
  967500,2026-09-23T19:47:23.173+02:00, 0.293E-02, 2809.4391, 0.11752E+07
  967600,2026-09-23T19:47:34.107+02:00, 0.280E-02, 2809.7183, 0.11753E+07
  967700,2026-09-23T19:47:45.292+02:00, 0.237E-02, 2809.9959, 0.11754E+07
  967800,2026-09-23T19:47:56.666+02:00, 0.270E-02, 2810.2684, 0.11755E+07
  967900,2026-09-23T19:48:08.611+02:00, 0.259E-02, 2810.5370, 0.11757E+07
  968000,2026-09-23T19:48:19.594+02:00, 0.220E-02, 2810.8019, 0.11758E+07
  968100,2026-09-23T19:48:30.070+02:00, 0.258E-02, 2811.0550, 0.11759E+07
  968200,2026-09-23T19:48:40.797+02:00, 0.272E-02, 2811.3302, 0.11761E+07
  968300,2026-09-23T19:48:51.907+02:00, 0.286E-02, 2811.6108, 0.11762E+07
  968400,2026-09-23T19:49:02.745+02:00, 0.283E-02, 2811.8864, 0.11763E+07
  968500,2026-09-23T19:49:13.503+02:00, 0.276E-02, 2812.1628, 0.11764E+07
  968600,2026-09-23T19:49:24.779+02:00, 0.276E-02, 2812.4392, 0.11766E+07
  968700,2026-09-23T19:49:35.956+02:00, 0.272E-02, 2812.7105, 0.11767E+07
  968800,2026-09-23T19:49:47.170+02:00, 0.243E-02, 2812.9854, 0.11768E+07
  968900,2026-09-23T19:49:58.646+02:00, 0.273E-02, 2813.2544, 0.11770E+07
  969000,2026-09-23T19:50:09.812+02:00, 0.288E-02, 2813.5189, 0.11771E+07
  969100,2026-09-23T19:50:21.301+02:00, 0.254E-02, 2813.7770, 0.11773E+07
  969200,2026-09-23T19:50:32.347+02:00, 0.284E-02, 2814.0418, 0.11774E+07
  969300,2026-09-23T19:50:43.050+02:00, 0.266E-02, 2814.3122, 0.11775E+07
  969400,2026-09-23T19:50:54.354+02:00, 0.280E-02, 2814.5852, 0.11776E+07
  969500,2026-09-23T19:51:05.521+02:00, 0.271E-02, 2814.8549, 0.11778E+07
  969600,2026-09-23T19:51:17.152+02:00, 0.269E-02, 2815.1239, 0.11779E+07
  969700,2026-09-23T19:51:28.571+02:00, 0.249E-02, 2815.3912, 0.11781E+07
  969800,2026-09-23T19:51:40.480+02:00, 0.285E-02, 2815.6555, 0.11782E+07
  969900,2026-09-23T19:51:52.161+02:00, 0.289E-02, 2815.9147, 0.11783E+07
  970000,2026-09-23T19:52:03.023+02:00, 0.289E-02, 2816.2034, 0.11785E+07
  970100,2026-09-23T19:52:14.522+02:00, 0.298E-02, 2816.4723, 0.11786E+07
  970200,2026-09-23T19:52:25.436+02:00, 0.274E-02, 2816.7345, 0.11787E+07
  970300,2026-09-23T19:52:36.792+02:00, 0.233E-02, 2817.0042, 0.11789E+07
  970400,2026-09-23T19:52:47.988+02:00, 0.276E-02, 2817.2792, 0.11790E+07
  970500,2026-09-23T19:52:59.381+02:00, 0.273E-02, 2817.5491, 0.11791E+07
  970600,2026-09-23T19:53:11.553+02:00, 0.285E-02, 2817.8234, 0.11793E+07
  970700,2026-09-23T19:53:22.800+02:00, 0.263E-02, 2818.0814, 0.11794E+07
  970800,2026-09-23T19:53:34.155+02:00, 0.270E-02, 2818.3461, 0.11795E+07
  970900,2026-09-23T19:53:45.339+02:00, 0.245E-02, 2818.6138, 0.11797E+07
  971000,2026-09-23T19:53:56.604+02:00, 0.256E-02, 2818.8748, 0.11798E+07
  971100,2026-09-23T19:54:07.724+02:00, 0.267E-02, 2819.1456, 0.11799E+07
  971200,2026-09-23T19:54:18.426+02:00, 0.284E-02, 2819.4083, 0.11801E+07
  971300,2026-09-23T19:54:29.494+02:00, 0.273E-02, 2819.6806, 0.11802E+07
  971400,2026-09-23T19:54:40.844+02:00, 0.290E-02, 2819.9615, 0.11803E+07
  971500,2026-09-23T19:54:51.865+02:00, 0.287E-02, 2820.2415, 0.11805E+07
  971600,2026-09-23T19:55:02.336+02:00, 0.272E-02, 2820.5158, 0.11806E+07
  971700,2026-09-23T19:55:13.928+02:00, 0.286E-02, 2820.7854, 0.11807E+07
  971800,2026-09-23T19:55:25.417+02:00, 0.268E-02, 2821.0569, 0.11809E+07
  971900,2026-09-23T19:55:37.195+02:00, 0.290E-02, 2821.3408, 0.11810E+07
  972000,2026-09-23T19:55:48.383+02:00, 0.282E-02, 2821.6203, 0.11811E+07
  972100,2026-09-23T19:55:59.304+02:00, 0.279E-02, 2821.8944, 0.11813E+07
  972200,2026-09-23T19:56:10.160+02:00, 0.279E-02, 2822.1730, 0.11814E+07
  972300,2026-09-23T19:56:20.743+02:00, 0.280E-02, 2822.4469, 0.11815E+07
  972400,2026-09-23T19:56:31.428+02:00, 0.293E-02, 2822.7208, 0.11816E+07
  972500,2026-09-23T19:56:43.027+02:00, 0.284E-02, 2823.0045, 0.11818E+07
  972600,2026-09-23T19:56:53.527+02:00, 0.284E-02, 2823.2887, 0.11819E+07
  972700,2026-09-23T19:57:04.809+02:00, 0.276E-02, 2823.5635, 0.11820E+07
  972800,2026-09-23T19:57:16.473+02:00, 0.291E-02, 2823.8368, 0.11822E+07
  972900,2026-09-23T19:57:27.539+02:00, 0.263E-02, 2824.1031, 0.11823E+07
  973000,2026-09-23T19:57:38.348+02:00, 0.286E-02, 2824.3715, 0.11824E+07
  973100,2026-09-23T19:57:49.503+02:00, 0.276E-02, 2824.6443, 0.11826E+07
  973200,2026-09-23T19:58:01.290+02:00, 0.286E-02, 2824.9252, 0.11827E+07
  973300,2026-09-23T19:58:12.717+02:00, 0.250E-02, 2825.2054, 0.11828E+07
  973400,2026-09-23T19:58:23.670+02:00, 0.262E-02, 2825.4818, 0.11830E+07
  973500,2026-09-23T19:58:35.210+02:00, 0.278E-02, 2825.7622, 0.11831E+07
  973600,2026-09-23T19:58:47.132+02:00, 0.290E-02, 2826.0381, 0.11832E+07
  973700,2026-09-23T19:58:58.682+02:00, 0.262E-02, 2826.3137, 0.11834E+07
  973800,2026-09-23T19:59:10.366+02:00, 0.289E-02, 2826.5993, 0.11835E+07
  973900,2026-09-23T19:59:21.307+02:00, 0.263E-02, 2826.8703, 0.11836E+07
  974000,2026-09-23T19:59:32.016+02:00, 0.263E-02, 2827.1337, 0.11838E+07
  974100,2026-09-23T19:59:43.413+02:00, 0.271E-02, 2827.3969, 0.11839E+07
  974200,2026-09-23T19:59:54.762+02:00, 0.285E-02, 2827.6716, 0.11840E+07
  974300,2026-09-23T20:00:05.571+02:00, 0.289E-02, 2827.9451, 0.11842E+07
  974400,2026-09-23T20:00:16.613+02:00, 0.272E-02, 2828.2279, 0.11843E+07
  974500,2026-09-23T20:00:27.217+02:00, 0.292E-02, 2828.5108, 0.11844E+07
  974600,2026-09-23T20:00:38.659+02:00, 0.269E-02, 2828.7848, 0.11846E+07
  974700,2026-09-23T20:00:50.042+02:00, 0.278E-02, 2829.0634, 0.11847E+07
  974800,2026-09-23T20:01:01.639+02:00, 0.282E-02, 2829.3367, 0.11848E+07
  974900,2026-09-23T20:01:13.013+02:00, 0.268E-02, 2829.6025, 0.11850E+07
  975000,2026-09-23T20:01:24.066+02:00, 0.277E-02, 2829.8735, 0.11851E+07
  975100,2026-09-23T20:01:35.032+02:00, 0.277E-02, 2830.1503, 0.11852E+07
  975200,2026-09-23T20:01:47.202+02:00, 0.290E-02, 2830.4219, 0.11854E+07
  975300,2026-09-23T20:01:58.522+02:00, 0.248E-02, 2830.6928, 0.11855E+07
  975400,2026-09-23T20:02:10.689+02:00, 0.237E-02, 2830.9552, 0.11856E+07
  975500,2026-09-23T20:02:22.471+02:00, 0.269E-02, 2831.2283, 0.11858E+07
  975600,2026-09-23T20:02:34.914+02:00, 0.278E-02, 2831.4981, 0.11859E+07
  975700,2026-09-23T20:02:46.471+02:00, 0.242E-02, 2831.7669, 0.11861E+07
  975800,2026-09-23T20:02:57.711+02:00, 0.288E-02, 2832.0351, 0.11862E+07
  975900,2026-09-23T20:03:08.354+02:00, 0.250E-02, 2832.3110, 0.11863E+07
  976000,2026-09-23T20:03:19.705+02:00, 0.291E-02, 2832.5882, 0.11865E+07
  976100,2026-09-23T20:03:30.381+02:00, 0.251E-02, 2832.8650, 0.11866E+07
  976200,2026-09-23T20:03:41.061+02:00, 0.300E-02, 2833.1445, 0.11867E+07
  976300,2026-09-23T20:03:52.107+02:00, 0.294E-02, 2833.4264, 0.11868E+07
  976400,2026-09-23T20:04:03.510+02:00, 0.281E-02, 2833.7083, 0.11870E+07
  976500,2026-09-23T20:04:15.176+02:00, 0.281E-02, 2833.9893, 0.11871E+07
  976600,2026-09-23T20:04:26.369+02:00, 0.288E-02, 2834.2617, 0.11872E+07
  976700,2026-09-23T20:04:37.384+02:00, 0.244E-02, 2834.5386, 0.11874E+07
  976800,2026-09-23T20:04:48.772+02:00, 0.269E-02, 2834.8063, 0.11875E+07
  976900,2026-09-23T20:05:00.083+02:00, 0.285E-02, 2835.0792, 0.11876E+07
  977000,2026-09-23T20:05:10.722+02:00, 0.275E-02, 2835.3533, 0.11878E+07
  977100,2026-09-23T20:05:21.773+02:00, 0.243E-02, 2835.6259, 0.11879E+07
  977200,2026-09-23T20:05:33.043+02:00, 0.280E-02, 2835.8834, 0.11880E+07
  977300,2026-09-23T20:05:44.425+02:00, 0.302E-02, 2836.1587, 0.11882E+07
  977400,2026-09-23T20:05:55.793+02:00, 0.227E-02, 2836.4408, 0.11883E+07
  977500,2026-09-23T20:06:06.586+02:00, 0.275E-02, 2836.7081, 0.11884E+07
  977600,2026-09-23T20:06:17.666+02:00, 0.271E-02, 2836.9776, 0.11886E+07
  977700,2026-09-23T20:06:28.371+02:00, 0.268E-02, 2837.2450, 0.11887E+07
  977800,2026-09-23T20:06:40.149+02:00, 0.290E-02, 2837.5264, 0.11888E+07
  977900,2026-09-23T20:06:50.923+02:00, 0.286E-02, 2837.8202, 0.11890E+07
  978000,2026-09-23T20:07:02.090+02:00, 0.286E-02, 2838.1066, 0.11891E+07
  978100,2026-09-23T20:07:12.654+02:00, 0.286E-02, 2838.3930, 0.11892E+07
  978200,2026-09-23T20:07:23.105+02:00, 0.281E-02, 2838.6616, 0.11893E+07
  978300,2026-09-23T20:07:33.558+02:00, 0.294E-02, 2838.9421, 0.11895E+07
  978400,2026-09-23T20:07:45.288+02:00, 0.272E-02, 2839.2241, 0.11896E+07
  978500,2026-09-23T20:07:56.378+02:00, 0.263E-02, 2839.4899, 0.11897E+07
  978600,2026-09-23T20:08:08.029+02:00, 0.283E-02, 2839.7560, 0.11899E+07
  978700,2026-09-23T20:08:19.465+02:00, 0.250E-02, 2840.0333, 0.11900E+07
  978800,2026-09-23T20:08:30.361+02:00, 0.271E-02, 2840.3003, 0.11901E+07
  978900,2026-09-23T20:08:41.616+02:00, 0.279E-02, 2840.5653, 0.11903E+07
  979000,2026-09-23T20:08:53.249+02:00, 0.259E-02, 2840.8406, 0.11904E+07
  979100,2026-09-23T20:09:03.988+02:00, 0.279E-02, 2841.1169, 0.11905E+07
  979200,2026-09-23T20:09:15.633+02:00, 0.276E-02, 2841.3921, 0.11907E+07
  979300,2026-09-23T20:09:26.716+02:00, 0.299E-02, 2841.6676, 0.11908E+07
  979400,2026-09-23T20:09:38.348+02:00, 0.300E-02, 2841.9552, 0.11909E+07
  979500,2026-09-23T20:09:49.682+02:00, 0.255E-02, 2842.2320, 0.11911E+07
  979600,2026-09-23T20:10:00.552+02:00, 0.280E-02, 2842.5119, 0.11912E+07
  979700,2026-09-23T20:10:11.275+02:00, 0.296E-02, 2842.7982, 0.11913E+07
  979800,2026-09-23T20:10:22.347+02:00, 0.276E-02, 2843.0752, 0.11915E+07
  979900,2026-09-23T20:10:33.684+02:00, 0.301E-02, 2843.3545, 0.11916E+07
  980000,2026-09-23T20:10:44.569+02:00, 0.289E-02, 2843.6334, 0.11917E+07
  980100,2026-09-23T20:10:55.556+02:00, 0.276E-02, 2843.9003, 0.11918E+07
  980200,2026-09-23T20:11:06.781+02:00, 0.252E-02, 2844.1691, 0.11920E+07
  980300,2026-09-23T20:11:18.027+02:00, 0.271E-02, 2844.4503, 0.11921E+07
  980400,2026-09-23T20:11:29.505+02:00, 0.281E-02, 2844.7207, 0.11922E+07
  980500,2026-09-23T20:11:41.176+02:00, 0.256E-02, 2844.9814, 0.11924E+07
  980600,2026-09-23T20:11:52.978+02:00, 0.276E-02, 2845.2595, 0.11925E+07
  980700,2026-09-23T20:12:04.448+02:00, 0.286E-02, 2845.5331, 0.11927E+07
  980800,2026-09-23T20:12:16.315+02:00, 0.242E-02, 2845.8013, 0.11928E+07
  980900,2026-09-23T20:12:27.352+02:00, 0.265E-02, 2846.0631, 0.11929E+07
  981000,2026-09-23T20:12:38.548+02:00, 0.260E-02, 2846.3237, 0.11931E+07
  981100,2026-09-23T20:12:50.136+02:00, 0.274E-02, 2846.5857, 0.11932E+07
  981200,2026-09-23T20:13:02.364+02:00, 0.273E-02, 2846.8644, 0.11933E+07
  981300,2026-09-23T20:13:14.186+02:00, 0.281E-02, 2847.1385, 0.11935E+07
  981400,2026-09-23T20:13:24.933+02:00, 0.247E-02, 2847.4070, 0.11936E+07
  981500,2026-09-23T20:13:36.301+02:00, 0.276E-02, 2847.6753, 0.11937E+07
  981600,2026-09-23T20:13:47.591+02:00, 0.241E-02, 2847.9366, 0.11939E+07
  981700,2026-09-23T20:13:59.022+02:00, 0.280E-02, 2848.2090, 0.11940E+07
  981800,2026-09-23T20:14:10.439+02:00, 0.276E-02, 2848.4828, 0.11941E+07
  981900,2026-09-23T20:14:22.012+02:00, 0.255E-02, 2848.7444, 0.11943E+07
  982000,2026-09-23T20:14:33.733+02:00, 0.279E-02, 2849.0105, 0.11944E+07
  982100,2026-09-23T20:14:45.166+02:00, 0.292E-02, 2849.2858, 0.11946E+07
  982200,2026-09-23T20:14:57.087+02:00, 0.257E-02, 2849.5503, 0.11947E+07
  982300,2026-09-23T20:15:08.900+02:00, 0.296E-02, 2849.8204, 0.11948E+07
  982400,2026-09-23T20:15:20.095+02:00, 0.263E-02, 2850.0992, 0.11950E+07
  982500,2026-09-23T20:15:31.371+02:00, 0.284E-02, 2850.3603, 0.11951E+07
  982600,2026-09-23T20:15:43.276+02:00, 0.245E-02, 2850.6376, 0.11952E+07
  982700,2026-09-23T20:15:54.808+02:00, 0.280E-02, 2850.9061, 0.11954E+07
  982800,2026-09-23T20:16:06.824+02:00, 0.295E-02, 2851.1791, 0.11955E+07
  982900,2026-09-23T20:16:18.038+02:00, 0.276E-02, 2851.4539, 0.11957E+07
  983000,2026-09-23T20:16:29.327+02:00, 0.294E-02, 2851.7411, 0.11958E+07
  983100,2026-09-23T20:16:39.811+02:00, 0.290E-02, 2852.0315, 0.11959E+07
  983200,2026-09-23T20:16:50.437+02:00, 0.282E-02, 2852.3076, 0.11960E+07
  983300,2026-09-23T20:17:01.544+02:00, 0.244E-02, 2852.5808, 0.11962E+07
  983400,2026-09-23T20:17:13.058+02:00, 0.287E-02, 2852.8538, 0.11963E+07
  983500,2026-09-23T20:17:24.104+02:00, 0.302E-02, 2853.1306, 0.11964E+07
  983600,2026-09-23T20:17:36.052+02:00, 0.261E-02, 2853.4156, 0.11966E+07
  983700,2026-09-23T20:17:47.033+02:00, 0.271E-02, 2853.6886, 0.11967E+07
  983800,2026-09-23T20:17:57.969+02:00, 0.282E-02, 2853.9672, 0.11968E+07
  983900,2026-09-23T20:18:09.133+02:00, 0.293E-02, 2854.2499, 0.11970E+07
  984000,2026-09-23T20:18:19.839+02:00, 0.287E-02, 2854.5211, 0.11971E+07
  984100,2026-09-23T20:18:30.652+02:00, 0.258E-02, 2854.8058, 0.11972E+07
  984200,2026-09-23T20:18:41.259+02:00, 0.298E-02, 2855.0891, 0.11973E+07
  984300,2026-09-23T20:18:52.754+02:00, 0.278E-02, 2855.3725, 0.11975E+07
  984400,2026-09-23T20:19:04.501+02:00, 0.258E-02, 2855.6408, 0.11976E+07
  984500,2026-09-23T20:19:15.009+02:00, 0.229E-02, 2855.9175, 0.11977E+07
  984600,2026-09-23T20:19:26.843+02:00, 0.266E-02, 2856.1852, 0.11979E+07
  984700,2026-09-23T20:19:37.366+02:00, 0.296E-02, 2856.4565, 0.11980E+07
  984800,2026-09-23T20:19:47.948+02:00, 0.282E-02, 2856.7384, 0.11981E+07
  984900,2026-09-23T20:19:59.611+02:00, 0.247E-02, 2857.0192, 0.11983E+07
  985000,2026-09-23T20:20:11.197+02:00, 0.282E-02, 2857.2898, 0.11984E+07
  985100,2026-09-23T20:20:22.832+02:00, 0.291E-02, 2857.5580, 0.11985E+07
  985200,2026-09-23T20:20:33.787+02:00, 0.291E-02, 2857.8486, 0.11987E+07
  985300,2026-09-23T20:20:45.120+02:00, 0.272E-02, 2858.1171, 0.11988E+07
  985400,2026-09-23T20:20:56.950+02:00, 0.276E-02, 2858.3862, 0.11989E+07
  985500,2026-09-23T20:21:07.972+02:00, 0.276E-02, 2858.6571, 0.11991E+07
  985600,2026-09-23T20:21:18.882+02:00, 0.292E-02, 2858.9101, 0.11992E+07
  985700,2026-09-23T20:21:30.540+02:00, 0.289E-02, 2859.1980, 0.11993E+07
  985800,2026-09-23T20:21:41.784+02:00, 0.284E-02, 2859.4786, 0.11995E+07
  985900,2026-09-23T20:21:52.469+02:00, 0.280E-02, 2859.7550, 0.11996E+07
  986000,2026-09-23T20:22:03.924+02:00, 0.293E-02, 2860.0381, 0.11997E+07
  986100,2026-09-23T20:22:15.438+02:00, 0.279E-02, 2860.3234, 0.11999E+07
  986200,2026-09-23T20:22:25.995+02:00, 0.279E-02, 2860.6020, 0.12000E+07
  986300,2026-09-23T20:22:37.922+02:00, 0.257E-02, 2860.8686, 0.12001E+07
  986400,2026-09-23T20:22:49.199+02:00, 0.298E-02, 2861.1440, 0.12003E+07
  986500,2026-09-23T20:23:00.109+02:00, 0.298E-02, 2861.4420, 0.12004E+07
  986600,2026-09-23T20:23:11.189+02:00, 0.288E-02, 2861.7316, 0.12005E+07
  986700,2026-09-23T20:23:22.334+02:00, 0.280E-02, 2862.0117, 0.12007E+07
  986800,2026-09-23T20:23:32.760+02:00, 0.269E-02, 2862.2832, 0.12008E+07
  986900,2026-09-23T20:23:43.984+02:00, 0.256E-02, 2862.5573, 0.12009E+07
  987000,2026-09-23T20:23:54.278+02:00, 0.236E-02, 2862.8247, 0.12010E+07
  987100,2026-09-23T20:24:05.377+02:00, 0.278E-02, 2863.1014, 0.12012E+07
  987200,2026-09-23T20:24:17.100+02:00, 0.282E-02, 2863.3740, 0.12013E+07
  987300,2026-09-23T20:24:28.151+02:00, 0.271E-02, 2863.6442, 0.12014E+07
  987400,2026-09-23T20:24:39.145+02:00, 0.251E-02, 2863.9126, 0.12016E+07
  987500,2026-09-23T20:24:50.550+02:00, 0.265E-02, 2864.1834, 0.12017E+07
  987600,2026-09-23T20:25:01.748+02:00, 0.252E-02, 2864.4669, 0.12018E+07
  987700,2026-09-23T20:25:12.969+02:00, 0.274E-02, 2864.7382, 0.12020E+07
  987800,2026-09-23T20:25:23.894+02:00, 0.269E-02, 2865.0103, 0.12021E+07
  987900,2026-09-23T20:25:34.412+02:00, 0.264E-02, 2865.2849, 0.12022E+07
  988000,2026-09-23T20:25:45.662+02:00, 0.304E-02, 2865.5688, 0.12024E+07
  988100,2026-09-23T20:25:56.515+02:00, 0.242E-02, 2865.8376, 0.12025E+07
  988200,2026-09-23T20:26:07.535+02:00, 0.293E-02, 2866.1046, 0.12026E+07
  988300,2026-09-23T20:26:18.661+02:00, 0.233E-02, 2866.3787, 0.12028E+07
  988400,2026-09-23T20:26:29.550+02:00, 0.282E-02, 2866.6574, 0.12029E+07
  988500,2026-09-23T20:26:40.096+02:00, 0.270E-02, 2866.9257, 0.12030E+07
  988600,2026-09-23T20:26:51.314+02:00, 0.293E-02, 2867.2136, 0.12031E+07
  988700,2026-09-23T20:27:02.583+02:00, 0.291E-02, 2867.4943, 0.12033E+07
  988800,2026-09-23T20:27:14.310+02:00, 0.276E-02, 2867.7726, 0.12034E+07
  988900,2026-09-23T20:27:25.229+02:00, 0.288E-02, 2868.0416, 0.12035E+07
  989000,2026-09-23T20:27:36.428+02:00, 0.288E-02, 2868.3293, 0.12037E+07
  989100,2026-09-23T20:27:47.207+02:00, 0.283E-02, 2868.6047, 0.12038E+07
  989200,2026-09-23T20:27:58.852+02:00, 0.244E-02, 2868.8683, 0.12039E+07
  989300,2026-09-23T20:28:10.777+02:00, 0.236E-02, 2869.1275, 0.12041E+07
  989400,2026-09-23T20:28:22.073+02:00, 0.291E-02, 2869.4043, 0.12042E+07
  989500,2026-09-23T20:28:32.641+02:00, 0.249E-02, 2869.6846, 0.12043E+07
  989600,2026-09-23T20:28:43.251+02:00, 0.270E-02, 2869.9696, 0.12045E+07
  989700,2026-09-23T20:28:54.953+02:00, 0.266E-02, 2870.2482, 0.12046E+07
  989800,2026-09-23T20:29:06.246+02:00, 0.293E-02, 2870.5187, 0.12047E+07
  989900,2026-09-23T20:29:17.044+02:00, 0.293E-02, 2870.8119, 0.12049E+07
  990000,2026-09-23T20:29:28.160+02:00, 0.262E-02, 2871.0981, 0.12050E+07
  990100,2026-09-23T20:29:39.205+02:00, 0.278E-02, 2871.3783, 0.12051E+07
  990200,2026-09-23T20:29:50.024+02:00, 0.278E-02, 2871.6565, 0.12052E+07
  990300,2026-09-23T20:30:01.318+02:00, 0.278E-02, 2871.9348, 0.12054E+07
  990400,2026-09-23T20:30:12.199+02:00, 0.264E-02, 2872.2013, 0.12055E+07
  990500,2026-09-23T20:30:23.360+02:00, 0.273E-02, 2872.4598, 0.12056E+07
  990600,2026-09-23T20:30:34.216+02:00, 0.288E-02, 2872.7347, 0.12058E+07
  990700,2026-09-23T20:30:46.031+02:00, 0.272E-02, 2873.0021, 0.12059E+07
  990800,2026-09-23T20:30:57.046+02:00, 0.291E-02, 2873.2812, 0.12060E+07
  990900,2026-09-23T20:31:08.100+02:00, 0.274E-02, 2873.5555, 0.12062E+07
  991000,2026-09-23T20:31:19.259+02:00, 0.271E-02, 2873.8370, 0.12063E+07
  991100,2026-09-23T20:31:30.223+02:00, 0.287E-02, 2874.1136, 0.12064E+07
  991200,2026-09-23T20:31:41.025+02:00, 0.283E-02, 2874.3967, 0.12066E+07
  991300,2026-09-23T20:31:52.478+02:00, 0.235E-02, 2874.6604, 0.12067E+07
  991400,2026-09-23T20:32:02.992+02:00, 0.295E-02, 2874.9412, 0.12068E+07
  991500,2026-09-23T20:32:14.054+02:00, 0.295E-02, 2875.2365, 0.12069E+07
  991600,2026-09-23T20:32:24.805+02:00, 0.277E-02, 2875.5118, 0.12071E+07
  991700,2026-09-23T20:32:36.235+02:00, 0.273E-02, 2875.7851, 0.12072E+07
  991800,2026-09-23T20:32:47.311+02:00, 0.279E-02, 2876.0527, 0.12073E+07
  991900,2026-09-23T20:32:58.544+02:00, 0.274E-02, 2876.3280, 0.12075E+07
  992000,2026-09-23T20:33:09.539+02:00, 0.267E-02, 2876.6008, 0.12076E+07
  992100,2026-09-23T20:33:20.423+02:00, 0.263E-02, 2876.8877, 0.12077E+07
  992200,2026-09-23T20:33:31.263+02:00, 0.260E-02, 2877.1662, 0.12079E+07
  992300,2026-09-23T20:33:41.979+02:00, 0.286E-02, 2877.4492, 0.12080E+07
  992400,2026-09-23T20:33:53.180+02:00, 0.294E-02, 2877.7288, 0.12081E+07
  992500,2026-09-23T20:34:04.270+02:00, 0.260E-02, 2878.0196, 0.12083E+07
  992600,2026-09-23T20:34:15.436+02:00, 0.276E-02, 2878.3013, 0.12084E+07
  992700,2026-09-23T20:34:26.437+02:00, 0.288E-02, 2878.5856, 0.12085E+07
  992800,2026-09-23T20:34:37.486+02:00, 0.276E-02, 2878.8563, 0.12086E+07
  992900,2026-09-23T20:34:48.921+02:00, 0.273E-02, 2879.1284, 0.12088E+07
  993000,2026-09-23T20:35:00.181+02:00, 0.276E-02, 2879.4029, 0.12089E+07
  993100,2026-09-23T20:35:11.448+02:00, 0.269E-02, 2879.6714, 0.12090E+07
  993200,2026-09-23T20:35:22.249+02:00, 0.278E-02, 2879.9390, 0.12092E+07
  993300,2026-09-23T20:35:33.719+02:00, 0.276E-02, 2880.2084, 0.12093E+07
  993400,2026-09-23T20:35:44.065+02:00, 0.276E-02, 2880.4844, 0.12094E+07
  993500,2026-09-23T20:35:54.629+02:00, 0.276E-02, 2880.7604, 0.12096E+07
  993600,2026-09-23T20:36:05.977+02:00, 0.273E-02, 2881.0272, 0.12097E+07
  993700,2026-09-23T20:36:17.028+02:00, 0.291E-02, 2881.3014, 0.12098E+07
  993800,2026-09-23T20:36:27.924+02:00, 0.250E-02, 2881.5913, 0.12099E+07
  993900,2026-09-23T20:36:38.991+02:00, 0.275E-02, 2881.8646, 0.12101E+07
  994000,2026-09-23T20:36:50.835+02:00, 0.275E-02, 2882.1310, 0.12102E+07
  994100,2026-09-23T20:37:03.492+02:00, 0.296E-02, 2882.4034, 0.12104E+07
  994200,2026-09-23T20:37:15.304+02:00, 0.286E-02, 2882.6848, 0.12105E+07
  994300,2026-09-23T20:37:27.081+02:00, 0.281E-02, 2882.9689, 0.12106E+07
  994400,2026-09-23T20:37:38.357+02:00, 0.281E-02, 2883.2502, 0.12108E+07
  994500,2026-09-23T20:37:50.295+02:00, 0.278E-02, 2883.5246, 0.12109E+07
  994600,2026-09-23T20:38:02.451+02:00, 0.284E-02, 2883.8113, 0.12111E+07
  994700,2026-09-23T20:38:14.190+02:00, 0.264E-02, 2884.0783, 0.12112E+07
  994800,2026-09-23T20:38:25.816+02:00, 0.276E-02, 2884.3394, 0.12113E+07
  994900,2026-09-23T20:38:36.332+02:00, 0.276E-02, 2884.6150, 0.12115E+07
  995000,2026-09-23T20:38:47.732+02:00, 0.259E-02, 2884.8774, 0.12116E+07
  995100,2026-09-23T20:38:58.954+02:00, 0.287E-02, 2885.1561, 0.12117E+07
  995200,2026-09-23T20:39:10.448+02:00, 0.242E-02, 2885.4266, 0.12119E+07
  995300,2026-09-23T20:39:22.324+02:00, 0.269E-02, 2885.6946, 0.12120E+07
  995400,2026-09-23T20:39:34.395+02:00, 0.259E-02, 2885.9545, 0.12121E+07
  995500,2026-09-23T20:39:46.082+02:00, 0.264E-02, 2886.2244, 0.12123E+07
  995600,2026-09-23T20:39:57.279+02:00, 0.254E-02, 2886.4992, 0.12124E+07
  995700,2026-09-23T20:40:09.446+02:00, 0.274E-02, 2886.7733, 0.12125E+07
  995800,2026-09-23T20:40:20.744+02:00, 0.269E-02, 2887.0539, 0.12127E+07
  995900,2026-09-23T20:40:31.874+02:00, 0.261E-02, 2887.3193, 0.12128E+07
  996000,2026-09-23T20:40:42.843+02:00, 0.279E-02, 2887.5936, 0.12129E+07
  996100,2026-09-23T20:40:54.133+02:00, 0.273E-02, 2887.8679, 0.12131E+07
  996200,2026-09-23T20:41:05.627+02:00, 0.268E-02, 2888.1386, 0.12132E+07
  996300,2026-09-23T20:41:16.320+02:00, 0.273E-02, 2888.4105, 0.12133E+07
  996400,2026-09-23T20:41:27.175+02:00, 0.256E-02, 2888.6835, 0.12135E+07
  996500,2026-09-23T20:41:38.917+02:00, 0.271E-02, 2888.9500, 0.12136E+07
  996600,2026-09-23T20:41:51.150+02:00, 0.285E-02, 2889.2126, 0.12138E+07
  996700,2026-09-23T20:42:02.958+02:00, 0.282E-02, 2889.4936, 0.12139E+07
  996800,2026-09-23T20:42:14.034+02:00, 0.282E-02, 2889.7752, 0.12140E+07
  996900,2026-09-23T20:42:25.693+02:00, 0.269E-02, 2890.0422, 0.12142E+07
  997000,2026-09-23T20:42:36.730+02:00, 0.243E-02, 2890.3204, 0.12143E+07
  997100,2026-09-23T20:42:48.206+02:00, 0.305E-02, 2890.5904, 0.12144E+07
  997200,2026-09-23T20:42:59.086+02:00, 0.285E-02, 2890.8780, 0.12146E+07
  997300,2026-09-23T20:43:09.879+02:00, 0.282E-02, 2891.1561, 0.12147E+07
  997400,2026-09-23T20:43:20.647+02:00, 0.243E-02, 2891.4291, 0.12148E+07
  997500,2026-09-23T20:43:32.808+02:00, 0.283E-02, 2891.6996, 0.12150E+07
  997600,2026-09-23T20:43:44.225+02:00, 0.290E-02, 2891.9817, 0.12151E+07
  997700,2026-09-23T20:43:55.803+02:00, 0.289E-02, 2892.2579, 0.12152E+07
  997800,2026-09-23T20:44:07.637+02:00, 0.296E-02, 2892.5403, 0.12154E+07
  997900,2026-09-23T20:44:18.898+02:00, 0.280E-02, 2892.8160, 0.12155E+07
  998000,2026-09-23T20:44:30.078+02:00, 0.272E-02, 2893.0904, 0.12156E+07
  998100,2026-09-23T20:44:41.270+02:00, 0.295E-02, 2893.3756, 0.12158E+07
  998200,2026-09-23T20:44:52.447+02:00, 0.290E-02, 2893.6668, 0.12159E+07
  998300,2026-09-23T20:45:03.093+02:00, 0.281E-02, 2893.9361, 0.12160E+07
  998400,2026-09-23T20:45:14.287+02:00, 0.303E-02, 2894.2171, 0.12162E+07
  998500,2026-09-23T20:45:25.203+02:00, 0.291E-02, 2894.5013, 0.12163E+07
  998600,2026-09-23T20:45:36.218+02:00, 0.291E-02, 2894.7919, 0.12164E+07
  998700,2026-09-23T20:45:46.879+02:00, 0.282E-02, 2895.0748, 0.12165E+07
  998800,2026-09-23T20:45:58.046+02:00, 0.273E-02, 2895.3500, 0.12167E+07
  998900,2026-09-23T20:46:09.372+02:00, 0.300E-02, 2895.6433, 0.12168E+07
  999000,2026-09-23T20:46:20.151+02:00, 0.285E-02, 2895.9346, 0.12169E+07
  999100,2026-09-23T20:46:30.471+02:00, 0.274E-02, 2896.2058, 0.12171E+07
  999200,2026-09-23T20:46:41.715+02:00, 0.302E-02, 2896.4903, 0.12172E+07
  999300,2026-09-23T20:46:52.666+02:00, 0.256E-02, 2896.7789, 0.12173E+07
  999400,2026-09-23T20:47:03.654+02:00, 0.240E-02, 2897.0613, 0.12174E+07
  999500,2026-09-23T20:47:14.346+02:00, 0.300E-02, 2897.3370, 0.12176E+07
  999600,2026-09-23T20:47:25.176+02:00, 0.286E-02, 2897.6069, 0.12177E+07
  999700,2026-09-23T20:47:36.195+02:00, 0.286E-02, 2897.8927, 0.12178E+07
  999800,2026-09-23T20:47:47.168+02:00, 0.286E-02, 2898.1785, 0.12180E+07
  999900,2026-09-23T20:47:58.346+02:00, 0.277E-02, 2898.4552, 0.12181E+07
 1000000,2026-09-23T20:48:10.616+02:00, 0.277E-02, 2898.7324, 0.12182E+07
 1000100,2026-09-23T20:48:21.639+02:00, 0.243E-02, 2899.0083, 0.12184E+07
 1000200,2026-09-23T20:48:32.767+02:00, 0.284E-02, 2899.2939, 0.12185E+07
 1000300,2026-09-23T20:48:44.060+02:00, 0.275E-02, 2899.5691, 0.12186E+07
 1000400,2026-09-23T20:48:54.875+02:00, 0.290E-02, 2899.8608, 0.12188E+07
 1000500,2026-09-23T20:49:06.029+02:00, 0.278E-02, 2900.1445, 0.12189E+07
 1000600,2026-09-23T20:49:16.689+02:00, 0.267E-02, 2900.4250, 0.12190E+07
 1000700,2026-09-23T20:49:27.851+02:00, 0.269E-02, 2900.6929, 0.12191E+07
 1000800,2026-09-23T20:49:39.060+02:00, 0.282E-02, 2900.9708, 0.12193E+07
 1000900,2026-09-23T20:49:50.959+02:00, 0.276E-02, 2901.2472, 0.12194E+07
 1001000,2026-09-23T20:50:02.204+02:00, 0.276E-02, 2901.5228, 0.12196E+07
 1001100,2026-09-23T20:50:12.847+02:00, 0.295E-02, 2901.7952, 0.12197E+07
 1001200,2026-09-23T20:50:23.563+02:00, 0.275E-02, 2902.0675, 0.12198E+07
 1001300,2026-09-23T20:50:35.096+02:00, 0.282E-02, 2902.3357, 0.12199E+07
 1001400,2026-09-23T20:50:46.080+02:00, 0.273E-02, 2902.6067, 0.12201E+07
 1001500,2026-09-23T20:50:57.388+02:00, 0.281E-02, 2902.8827, 0.12202E+07
 1001600,2026-09-23T20:51:07.885+02:00, 0.281E-02, 2903.1637, 0.12203E+07
 1001700,2026-09-23T20:51:18.917+02:00, 0.303E-02, 2903.4444, 0.12205E+07
 1001800,2026-09-23T20:51:30.064+02:00, 0.248E-02, 2903.7364, 0.12206E+07
 1001900,2026-09-23T20:51:41.182+02:00, 0.253E-02, 2903.9903, 0.12207E+07
 1002000,2026-09-23T20:51:52.087+02:00, 0.294E-02, 2904.2681, 0.12208E+07
 1002100,2026-09-23T20:52:02.915+02:00, 0.300E-02, 2904.5415, 0.12210E+07
 1002200,2026-09-23T20:52:13.565+02:00, 0.276E-02, 2904.8149, 0.12211E+07
 1002300,2026-09-23T20:52:24.374+02:00, 0.296E-02, 2905.0849, 0.12212E+07
 1002400,2026-09-23T20:52:35.498+02:00, 0.277E-02, 2905.3600, 0.12214E+07
 1002500,2026-09-23T20:52:46.140+02:00, 0.272E-02, 2905.6454, 0.12215E+07
 1002600,2026-09-23T20:52:57.570+02:00, 0.272E-02, 2905.9178, 0.12216E+07
 1002700,2026-09-23T20:53:09.000+02:00, 0.290E-02, 2906.1966, 0.12218E+07
 1002800,2026-09-23T20:53:20.696+02:00, 0.267E-02, 2906.4824, 0.12219E+07
 1002900,2026-09-23T20:53:31.360+02:00, 0.265E-02, 2906.7512, 0.12220E+07
 1003000,2026-09-23T20:53:41.836+02:00, 0.298E-02, 2907.0288, 0.12221E+07
 1003100,2026-09-23T20:53:52.759+02:00, 0.301E-02, 2907.3081, 0.12223E+07
 1003200,2026-09-23T20:54:04.341+02:00, 0.284E-02, 2907.5948, 0.12224E+07
 1003300,2026-09-23T20:54:15.407+02:00, 0.255E-02, 2907.8778, 0.12225E+07
 1003400,2026-09-23T20:54:26.328+02:00, 0.266E-02, 2908.1508, 0.12227E+07
 1003500,2026-09-23T20:54:37.504+02:00, 0.237E-02, 2908.4197, 0.12228E+07
 1003600,2026-09-23T20:54:48.361+02:00, 0.265E-02, 2908.6930, 0.12229E+07
 1003700,2026-09-23T20:54:59.861+02:00, 0.261E-02, 2908.9581, 0.12231E+07
 1003800,2026-09-23T20:55:11.068+02:00, 0.275E-02, 2909.2331, 0.12232E+07
 1003900,2026-09-23T20:55:21.690+02:00, 0.275E-02, 2909.5082, 0.12233E+07
 1004000,2026-09-23T20:55:32.306+02:00, 0.292E-02, 2909.7710, 0.12235E+07
 1004100,2026-09-23T20:55:43.336+02:00, 0.278E-02, 2910.0424, 0.12236E+07
 1004200,2026-09-23T20:55:53.942+02:00, 0.244E-02, 2910.3157, 0.12237E+07
 1004300,2026-09-23T20:56:04.755+02:00, 0.288E-02, 2910.5979, 0.12238E+07
 1004400,2026-09-23T20:56:15.317+02:00, 0.284E-02, 2910.8779, 0.12240E+07
 1004500,2026-09-23T20:56:26.683+02:00, 0.262E-02, 2911.1613, 0.12241E+07
 1004600,2026-09-23T20:56:37.683+02:00, 0.280E-02, 2911.4321, 0.12242E+07
 1004700,2026-09-23T20:56:49.029+02:00, 0.266E-02, 2911.7103, 0.12244E+07
 1004800,2026-09-23T20:57:00.258+02:00, 0.272E-02, 2911.9916, 0.12245E+07
 1004900,2026-09-23T20:57:11.357+02:00, 0.282E-02, 2912.2808, 0.12246E+07
 1005000,2026-09-23T20:57:22.186+02:00, 0.271E-02, 2912.5513, 0.12248E+07
 1005100,2026-09-23T20:57:33.242+02:00, 0.274E-02, 2912.8229, 0.12249E+07
 1005200,2026-09-23T20:57:44.914+02:00, 0.267E-02, 2913.1076, 0.12250E+07
 1005300,2026-09-23T20:57:56.008+02:00, 0.255E-02, 2913.3828, 0.12252E+07
 1005400,2026-09-23T20:58:07.853+02:00, 0.265E-02, 2913.6490, 0.12253E+07
 1005500,2026-09-23T20:58:19.001+02:00, 0.293E-02, 2913.9116, 0.12254E+07
 1005600,2026-09-23T20:58:30.561+02:00, 0.255E-02, 2914.1853, 0.12256E+07
 1005700,2026-09-23T20:58:42.483+02:00, 0.260E-02, 2914.4477, 0.12257E+07
 1005800,2026-09-23T20:58:53.990+02:00, 0.266E-02, 2914.7107, 0.12258E+07
 1005900,2026-09-23T20:59:05.824+02:00, 0.272E-02, 2914.9670, 0.12260E+07
 1006000,2026-09-23T20:59:16.495+02:00, 0.254E-02, 2915.2367, 0.12261E+07
 1006100,2026-09-23T20:59:27.235+02:00, 0.265E-02, 2915.5049, 0.12262E+07
 1006200,2026-09-23T20:59:39.016+02:00, 0.266E-02, 2915.7764, 0.12264E+07
 1006300,2026-09-23T20:59:50.417+02:00, 0.282E-02, 2916.0497, 0.12265E+07
 1006400,2026-09-23T21:00:01.985+02:00, 0.282E-02, 2916.3321, 0.12266E+07
 1006500,2026-09-23T21:00:13.201+02:00, 0.294E-02, 2916.5979, 0.12268E+07
 1006600,2026-09-23T21:00:25.152+02:00, 0.261E-02, 2916.8706, 0.12269E+07
 1006700,2026-09-23T21:00:36.956+02:00, 0.283E-02, 2917.1430, 0.12270E+07
 1006800,2026-09-23T21:00:48.060+02:00, 0.285E-02, 2917.4139, 0.12272E+07
 1006900,2026-09-23T21:00:58.420+02:00, 0.285E-02, 2917.6993, 0.12273E+07
 1007000,2026-09-23T21:01:09.258+02:00, 0.285E-02, 2917.9848, 0.12274E+07
 1007100,2026-09-23T21:01:20.542+02:00, 0.282E-02, 2918.2672, 0.12276E+07
 1007200,2026-09-23T21:01:31.302+02:00, 0.276E-02, 2918.5421, 0.12277E+07
 1007300,2026-09-23T21:01:42.527+02:00, 0.297E-02, 2918.8176, 0.12278E+07
 1007400,2026-09-23T21:01:53.410+02:00, 0.284E-02, 2919.0800, 0.12280E+07
 1007500,2026-09-23T21:02:05.075+02:00, 0.245E-02, 2919.3595, 0.12281E+07
 1007600,2026-09-23T21:02:16.564+02:00, 0.277E-02, 2919.6341, 0.12282E+07
 1007700,2026-09-23T21:02:28.863+02:00, 0.283E-02, 2919.9094, 0.12284E+07
 1007800,2026-09-23T21:02:40.329+02:00, 0.233E-02, 2920.1794, 0.12285E+07
 1007900,2026-09-23T21:02:51.988+02:00, 0.282E-02, 2920.4483, 0.12286E+07
 1008000,2026-09-23T21:03:04.049+02:00, 0.271E-02, 2920.7202, 0.12288E+07
 1008100,2026-09-23T21:03:14.892+02:00, 0.241E-02, 2920.9974, 0.12289E+07
 1008200,2026-09-23T21:03:26.025+02:00, 0.286E-02, 2921.2725, 0.12290E+07
 1008300,2026-09-23T21:03:36.713+02:00, 0.259E-02, 2921.5431, 0.12292E+07
 1008400,2026-09-23T21:03:48.225+02:00, 0.271E-02, 2921.8048, 0.12293E+07
 1008500,2026-09-23T21:03:59.738+02:00, 0.278E-02, 2922.0789, 0.12294E+07
 1008600,2026-09-23T21:04:11.291+02:00, 0.241E-02, 2922.3540, 0.12296E+07
 1008700,2026-09-23T21:04:22.623+02:00, 0.243E-02, 2922.6252, 0.12297E+07
 1008800,2026-09-23T21:04:33.626+02:00, 0.278E-02, 2922.8993, 0.12298E+07
 1008900,2026-09-23T21:04:44.759+02:00, 0.266E-02, 2923.1659, 0.12300E+07
 1009000,2026-09-23T21:04:56.870+02:00, 0.294E-02, 2923.4441, 0.12301E+07
 1009100,2026-09-23T21:05:07.898+02:00, 0.287E-02, 2923.7328, 0.12302E+07
 1009200,2026-09-23T21:05:18.843+02:00, 0.280E-02, 2924.0062, 0.12304E+07
 1009300,2026-09-23T21:05:29.184+02:00, 0.286E-02, 2924.2827, 0.12305E+07
 1009400,2026-09-23T21:05:40.216+02:00, 0.261E-02, 2924.5528, 0.12306E+07
 1009500,2026-09-23T21:05:51.869+02:00, 0.292E-02, 2924.8203, 0.12308E+07
 1009600,2026-09-23T21:06:02.818+02:00, 0.261E-02, 2925.0788, 0.12309E+07
 1009700,2026-09-23T21:06:13.946+02:00, 0.279E-02, 2925.3509, 0.12310E+07
 1009800,2026-09-23T21:06:24.562+02:00, 0.275E-02, 2925.6240, 0.12312E+07
 1009900,2026-09-23T21:06:35.537+02:00, 0.275E-02, 2925.8985, 0.12313E+07
 1010000,2026-09-23T21:06:46.485+02:00, 0.264E-02, 2926.1597, 0.12314E+07
 1010100,2026-09-23T21:06:57.407+02:00, 0.298E-02, 2926.4483, 0.12315E+07
 1010200,2026-09-23T21:07:08.513+02:00, 0.288E-02, 2926.7248, 0.12317E+07
 1010300,2026-09-23T21:07:19.133+02:00, 0.277E-02, 2926.9997, 0.12318E+07
 1010400,2026-09-23T21:07:29.771+02:00, 0.287E-02, 2927.2820, 0.12319E+07
 1010500,2026-09-23T21:07:41.029+02:00, 0.282E-02, 2927.5643, 0.12321E+07
 1010600,2026-09-23T21:07:52.685+02:00, 0.288E-02, 2927.8534, 0.12322E+07
 1010700,2026-09-23T21:08:05.718+02:00, 0.271E-02, 2928.1238, 0.12323E+07
 1010800,2026-09-23T21:08:17.321+02:00, 0.282E-02, 2928.4009, 0.12325E+07
 1010900,2026-09-23T21:08:28.618+02:00, 0.235E-02, 2928.6678, 0.12326E+07
 1011000,2026-09-23T21:08:40.540+02:00, 0.293E-02, 2928.9330, 0.12327E+07
 1011100,2026-09-23T21:08:52.164+02:00, 0.255E-02, 2929.2012, 0.12329E+07
 1011200,2026-09-23T21:09:03.546+02:00, 0.250E-02, 2929.4764, 0.12330E+07
 1011300,2026-09-23T21:09:15.315+02:00, 0.284E-02, 2929.7524, 0.12332E+07
 1011400,2026-09-23T21:09:26.150+02:00, 0.277E-02, 2930.0202, 0.12333E+07
 1011500,2026-09-23T21:09:37.684+02:00, 0.251E-02, 2930.2982, 0.12334E+07
 1011600,2026-09-23T21:09:48.737+02:00, 0.284E-02, 2930.5765, 0.12336E+07
 1011700,2026-09-23T21:10:00.366+02:00, 0.252E-02, 2930.8489, 0.12337E+07
 1011800,2026-09-23T21:10:11.227+02:00, 0.274E-02, 2931.1143, 0.12338E+07
 1011900,2026-09-23T21:10:21.499+02:00, 0.265E-02, 2931.3793, 0.12339E+07
 1012000,2026-09-23T21:10:32.109+02:00, 0.292E-02, 2931.6468, 0.12341E+07
 1012100,2026-09-23T21:10:42.664+02:00, 0.283E-02, 2931.9196, 0.12342E+07
 1012200,2026-09-23T21:10:53.630+02:00, 0.298E-02, 2932.2010, 0.12343E+07
 1012300,2026-09-23T21:11:04.622+02:00, 0.241E-02, 2932.4786, 0.12345E+07
 1012400,2026-09-23T21:11:16.044+02:00, 0.257E-02, 2932.7535, 0.12346E+07
 1012500,2026-09-23T21:11:26.858+02:00, 0.248E-02, 2933.0328, 0.12347E+07
 1012600,2026-09-23T21:11:37.914+02:00, 0.269E-02, 2933.3028, 0.12348E+07
 1012700,2026-09-23T21:11:50.050+02:00, 0.277E-02, 2933.5811, 0.12350E+07
 1012800,2026-09-23T21:12:01.583+02:00, 0.291E-02, 2933.8578, 0.12351E+07
 1012900,2026-09-23T21:12:12.836+02:00, 0.242E-02, 2934.1265, 0.12353E+07
 1013000,2026-09-23T21:12:23.807+02:00, 0.273E-02, 2934.4027, 0.12354E+07
 1013100,2026-09-23T21:12:34.998+02:00, 0.287E-02, 2934.6761, 0.12355E+07
 1013200,2026-09-23T21:12:45.933+02:00, 0.282E-02, 2934.9565, 0.12356E+07
 1013300,2026-09-23T21:12:57.297+02:00, 0.277E-02, 2935.2274, 0.12358E+07
 1013400,2026-09-23T21:13:08.357+02:00, 0.265E-02, 2935.5010, 0.12359E+07
 1013500,2026-09-23T21:13:20.157+02:00, 0.260E-02, 2935.7606, 0.12361E+07
 1013600,2026-09-23T21:13:31.455+02:00, 0.288E-02, 2936.0222, 0.12362E+07
 1013700,2026-09-23T21:13:42.596+02:00, 0.279E-02, 2936.2919, 0.12363E+07
 1013800,2026-09-23T21:13:54.552+02:00, 0.295E-02, 2936.5833, 0.12365E+07
 1013900,2026-09-23T21:14:06.121+02:00, 0.274E-02, 2936.8626, 0.12366E+07
 1014000,2026-09-23T21:14:16.450+02:00, 0.286E-02, 2937.1479, 0.12367E+07
 1014100,2026-09-23T21:14:27.215+02:00, 0.286E-02, 2937.4335, 0.12368E+07
 1014200,2026-09-23T21:14:38.691+02:00, 0.298E-02, 2937.7150, 0.12370E+07
 1014300,2026-09-23T21:14:50.219+02:00, 0.287E-02, 2937.9890, 0.12371E+07
 1014400,2026-09-23T21:15:01.540+02:00, 0.278E-02, 2938.2718, 0.12373E+07
 1014500,2026-09-23T21:15:12.416+02:00, 0.270E-02, 2938.5422, 0.12374E+07
 1014600,2026-09-23T21:15:23.035+02:00, 0.263E-02, 2938.8294, 0.12375E+07
 1014700,2026-09-23T21:15:33.953+02:00, 0.260E-02, 2939.1115, 0.12376E+07
 1014800,2026-09-23T21:15:44.591+02:00, 0.280E-02, 2939.3839, 0.12378E+07
 1014900,2026-09-23T21:15:55.647+02:00, 0.298E-02, 2939.6782, 0.12379E+07
 1015000,2026-09-23T21:16:06.566+02:00, 0.284E-02, 2939.9667, 0.12380E+07
 1015100,2026-09-23T21:16:18.317+02:00, 0.280E-02, 2940.2473, 0.12382E+07
 1015200,2026-09-23T21:16:29.375+02:00, 0.289E-02, 2940.5266, 0.12383E+07
 1015300,2026-09-23T21:16:40.153+02:00, 0.289E-02, 2940.8159, 0.12384E+07
 1015400,2026-09-23T21:16:51.022+02:00, 0.250E-02, 2941.0917, 0.12385E+07
 1015500,2026-09-23T21:17:02.501+02:00, 0.282E-02, 2941.3782, 0.12387E+07
 1015600,2026-09-23T21:17:13.466+02:00, 0.276E-02, 2941.6525, 0.12388E+07
 1015700,2026-09-23T21:17:24.102+02:00, 0.269E-02, 2941.9336, 0.12389E+07
 1015800,2026-09-23T21:17:34.525+02:00, 0.275E-02, 2942.2064, 0.12391E+07
 1015900,2026-09-23T21:17:45.502+02:00, 0.271E-02, 2942.4782, 0.12392E+07
 1016000,2026-09-23T21:17:57.001+02:00, 0.290E-02, 2942.7684, 0.12393E+07
 1016100,2026-09-23T21:18:08.418+02:00, 0.274E-02, 2943.0502, 0.12395E+07
 1016200,2026-09-23T21:18:19.644+02:00, 0.250E-02, 2943.3211, 0.12396E+07
 1016300,2026-09-23T21:18:31.173+02:00, 0.272E-02, 2943.5920, 0.12397E+07
 1016400,2026-09-23T21:18:42.378+02:00, 0.268E-02, 2943.8640, 0.12399E+07
 1016500,2026-09-23T21:18:53.481+02:00, 0.295E-02, 2944.1432, 0.12400E+07
 1016600,2026-09-23T21:19:04.333+02:00, 0.267E-02, 2944.4273, 0.12401E+07
 1016700,2026-09-23T21:19:16.418+02:00, 0.265E-02, 2944.6940, 0.12403E+07
 1016800,2026-09-23T21:19:28.256+02:00, 0.266E-02, 2944.9528, 0.12404E+07
 1016900,2026-09-23T21:19:39.381+02:00, 0.231E-02, 2945.2170, 0.12405E+07
 1017000,2026-09-23T21:19:50.491+02:00, 0.256E-02, 2945.4755, 0.12407E+07
 1017100,2026-09-23T21:20:01.267+02:00, 0.281E-02, 2945.7512, 0.12408E+07
 1017200,2026-09-23T21:20:12.741+02:00, 0.270E-02, 2946.0211, 0.12409E+07
 1017300,2026-09-23T21:20:24.040+02:00, 0.281E-02, 2946.2899, 0.12411E+07
 1017400,2026-09-23T21:20:34.831+02:00, 0.285E-02, 2946.5697, 0.12412E+07
 1017500,2026-09-23T21:20:46.321+02:00, 0.265E-02, 2946.8434, 0.12413E+07
 1017600,2026-09-23T21:20:57.680+02:00, 0.276E-02, 2947.1151, 0.12415E+07
 1017700,2026-09-23T21:21:08.270+02:00, 0.235E-02, 2947.3903, 0.12416E+07
 1017800,2026-09-23T21:21:19.088+02:00, 0.278E-02, 2947.6639, 0.12417E+07
 1017900,2026-09-23T21:21:29.834+02:00, 0.278E-02, 2947.9414, 0.12418E+07
 1018000,2026-09-23T21:21:41.252+02:00, 0.266E-02, 2948.2256, 0.12420E+07
 1018100,2026-09-23T21:21:52.257+02:00, 0.274E-02, 2948.5015, 0.12421E+07
 1018200,2026-09-23T21:22:03.777+02:00, 0.277E-02, 2948.7756, 0.12422E+07
 1018300,2026-09-23T21:22:15.018+02:00, 0.272E-02, 2949.0451, 0.12424E+07
 1018400,2026-09-23T21:22:26.225+02:00, 0.285E-02, 2949.3197, 0.12425E+07
 1018500,2026-09-23T21:22:37.096+02:00, 0.303E-02, 2949.5919, 0.12426E+07
 1018600,2026-09-23T21:22:48.818+02:00, 0.268E-02, 2949.8618, 0.12428E+07
 1018700,2026-09-23T21:22:59.456+02:00, 0.275E-02, 2950.1463, 0.12429E+07
 1018800,2026-09-23T21:23:10.002+02:00, 0.298E-02, 2950.4434, 0.12430E+07
 1018900,2026-09-23T21:23:21.008+02:00, 0.271E-02, 2950.7230, 0.12431E+07
 1019000,2026-09-23T21:23:31.962+02:00, 0.298E-02, 2951.0092, 0.12433E+07
 1019100,2026-09-23T21:23:43.016+02:00, 0.273E-02, 2951.2848, 0.12434E+07
 1019200,2026-09-23T21:23:53.961+02:00, 0.273E-02, 2951.5539, 0.12435E+07
 1019300,2026-09-23T21:24:04.403+02:00, 0.273E-02, 2951.8269, 0.12437E+07
 1019400,2026-09-23T21:24:15.125+02:00, 0.281E-02, 2952.1137, 0.12438E+07
 1019500,2026-09-23T21:24:25.848+02:00, 0.272E-02, 2952.3886, 0.12439E+07
 1019600,2026-09-23T21:24:35.793+02:00, 0.299E-02, 2952.6827, 0.12440E+07
 1019700,2026-09-23T21:24:46.283+02:00, 0.284E-02, 2952.9631, 0.12442E+07
 1019800,2026-09-23T21:24:57.155+02:00, 0.309E-02, 2953.2438, 0.12443E+07
 1019900,2026-09-23T21:25:08.413+02:00, 0.280E-02, 2953.5321, 0.12444E+07
 1020000,2026-09-23T21:25:19.102+02:00, 0.293E-02, 2953.8086, 0.12445E+07
 1020100,2026-09-23T21:25:30.169+02:00, 0.256E-02, 2954.0906, 0.12447E+07
 1020200,2026-09-23T21:25:41.203+02:00, 0.292E-02, 2954.3678, 0.12448E+07
 1020300,2026-09-23T21:25:52.117+02:00, 0.281E-02, 2954.6461, 0.12449E+07
 1020400,2026-09-23T21:26:02.562+02:00, 0.265E-02, 2954.9284, 0.12451E+07
 1020500,2026-09-23T21:26:13.331+02:00, 0.291E-02, 2955.2086, 0.12452E+07
 1020600,2026-09-23T21:26:24.167+02:00, 0.287E-02, 2955.4917, 0.12453E+07
 1020700,2026-09-23T21:26:34.917+02:00, 0.277E-02, 2955.7661, 0.12454E+07
 1020800,2026-09-23T21:26:45.675+02:00, 0.277E-02, 2956.0432, 0.12456E+07
 1020900,2026-09-23T21:26:56.987+02:00, 0.277E-02, 2956.3203, 0.12457E+07
 1021000,2026-09-23T21:27:08.192+02:00, 0.288E-02, 2956.6078, 0.12458E+07
 1021100,2026-09-23T21:27:18.958+02:00, 0.272E-02, 2956.8888, 0.12460E+07
 1021200,2026-09-23T21:27:30.071+02:00, 0.264E-02, 2957.1627, 0.12461E+07
 1021300,2026-09-23T21:27:41.076+02:00, 0.268E-02, 2957.4282, 0.12462E+07
 1021400,2026-09-23T21:27:52.624+02:00, 0.283E-02, 2957.6886, 0.12464E+07
 1021500,2026-09-23T21:28:04.338+02:00, 0.261E-02, 2957.9673, 0.12465E+07
 1021600,2026-09-23T21:28:14.800+02:00, 0.287E-02, 2958.2531, 0.12466E+07
 1021700,2026-09-23T21:28:25.719+02:00, 0.277E-02, 2958.5308, 0.12468E+07
 1021800,2026-09-23T21:28:36.447+02:00, 0.277E-02, 2958.8083, 0.12469E+07
 1021900,2026-09-23T21:28:47.070+02:00, 0.261E-02, 2959.0862, 0.12470E+07
 1022000,2026-09-23T21:28:58.657+02:00, 0.287E-02, 2959.3528, 0.12471E+07
 1022100,2026-09-23T21:29:09.743+02:00, 0.277E-02, 2959.6310, 0.12473E+07
 1022200,2026-09-23T21:29:20.852+02:00, 0.287E-02, 2959.9041, 0.12474E+07
 1022300,2026-09-23T21:29:31.780+02:00, 0.269E-02, 2960.1709, 0.12475E+07
 1022400,2026-09-23T21:29:43.222+02:00, 0.273E-02, 2960.4319, 0.12477E+07
 1022500,2026-09-23T21:29:54.438+02:00, 0.300E-02, 2960.7111, 0.12478E+07
 1022600,2026-09-23T21:30:05.020+02:00, 0.284E-02, 2960.9929, 0.12479E+07
 1022700,2026-09-23T21:30:16.742+02:00, 0.240E-02, 2961.2670, 0.12481E+07
 1022800,2026-09-23T21:30:27.745+02:00, 0.264E-02, 2961.5306, 0.12482E+07
 1022900,2026-09-23T21:30:38.436+02:00, 0.284E-02, 2961.8070, 0.12483E+07
 1023000,2026-09-23T21:30:48.912+02:00, 0.279E-02, 2962.0810, 0.12484E+07
 1023100,2026-09-23T21:30:59.866+02:00, 0.287E-02, 2962.3568, 0.12486E+07
 1023200,2026-09-23T21:31:10.775+02:00, 0.252E-02, 2962.6431, 0.12487E+07
 1023300,2026-09-23T21:31:21.541+02:00, 0.250E-02, 2962.9064, 0.12488E+07
 1023400,2026-09-23T21:31:32.810+02:00, 0.289E-02, 2963.1868, 0.12490E+07
 1023500,2026-09-23T21:31:43.752+02:00, 0.291E-02, 2963.4687, 0.12491E+07
 1023600,2026-09-23T21:31:54.421+02:00, 0.285E-02, 2963.7504, 0.12492E+07
 1023700,2026-09-23T21:32:04.709+02:00, 0.271E-02, 2964.0205, 0.12493E+07
 1023800,2026-09-23T21:32:15.477+02:00, 0.268E-02, 2964.2862, 0.12495E+07
 1023900,2026-09-23T21:32:26.100+02:00, 0.285E-02, 2964.5657, 0.12496E+07
 1024000,2026-09-23T21:32:37.206+02:00, 0.237E-02, 2964.8339, 0.12497E+07
 1024100,2026-09-23T21:32:48.284+02:00, 0.281E-02, 2965.1159, 0.12499E+07
 1024200,2026-09-23T21:32:59.756+02:00, 0.238E-02, 2965.3882, 0.12500E+07
 1024300,2026-09-23T21:33:10.815+02:00, 0.256E-02, 2965.6695, 0.12501E+07
 1024400,2026-09-23T21:33:21.179+02:00, 0.293E-02, 2965.9341, 0.12502E+07
 1024500,2026-09-23T21:33:31.711+02:00, 0.256E-02, 2966.2022, 0.12504E+07
 1024600,2026-09-23T21:33:42.375+02:00, 0.252E-02, 2966.4819, 0.12505E+07
 1024700,2026-09-23T21:33:53.126+02:00, 0.282E-02, 2966.7514, 0.12506E+07
 1024800,2026-09-23T21:34:03.461+02:00, 0.263E-02, 2967.0351, 0.12508E+07
 1024900,2026-09-23T21:34:15.022+02:00, 0.269E-02, 2967.3068, 0.12509E+07
 1025000,2026-09-23T21:34:25.440+02:00, 0.269E-02, 2967.5756, 0.12510E+07
 1025100,2026-09-23T21:34:36.636+02:00, 0.293E-02, 2967.8590, 0.12511E+07
 1025200,2026-09-23T21:34:47.586+02:00, 0.278E-02, 2968.1399, 0.12513E+07
 1025300,2026-09-23T21:34:58.582+02:00, 0.275E-02, 2968.4149, 0.12514E+07
 1025400,2026-09-23T21:35:09.406+02:00, 0.237E-02, 2968.6896, 0.12515E+07
 1025500,2026-09-23T21:35:20.631+02:00, 0.281E-02, 2968.9695, 0.12517E+07
 1025600,2026-09-23T21:35:31.311+02:00, 0.246E-02, 2969.2479, 0.12518E+07
 1025700,2026-09-23T21:35:41.981+02:00, 0.284E-02, 2969.5265, 0.12519E+07
 1025800,2026-09-23T21:35:52.676+02:00, 0.302E-02, 2969.8095, 0.12520E+07
 1025900,2026-09-23T21:36:03.831+02:00, 0.293E-02, 2970.0979, 0.12522E+07
 1026000,2026-09-23T21:36:14.370+02:00, 0.277E-02, 2970.3742, 0.12523E+07
 1026100,2026-09-23T21:36:25.092+02:00, 0.267E-02, 2970.6474, 0.12524E+07
 1026200,2026-09-23T21:36:36.224+02:00, 0.277E-02, 2970.9153, 0.12526E+07
 1026300,2026-09-23T21:36:47.277+02:00, 0.277E-02, 2971.1924, 0.12527E+07
 1026400,2026-09-23T21:36:57.927+02:00, 0.273E-02, 2971.4650, 0.12528E+07
 1026500,2026-09-23T21:37:08.925+02:00, 0.279E-02, 2971.7382, 0.12529E+07
 1026600,2026-09-23T21:37:19.727+02:00, 0.246E-02, 2972.0103, 0.12531E+07
 1026700,2026-09-23T21:37:30.810+02:00, 0.265E-02, 2972.2855, 0.12532E+07
 1026800,2026-09-23T21:37:41.781+02:00, 0.277E-02, 2972.5552, 0.12533E+07
 1026900,2026-09-23T21:37:52.861+02:00, 0.265E-02, 2972.8267, 0.12535E+07
 1027000,2026-09-23T21:38:04.902+02:00, 0.288E-02, 2973.0974, 0.12536E+07
 1027100,2026-09-23T21:38:15.293+02:00, 0.253E-02, 2973.3726, 0.12537E+07
 1027200,2026-09-23T21:38:25.944+02:00, 0.274E-02, 2973.6412, 0.12538E+07
 1027300,2026-09-23T21:38:36.854+02:00, 0.270E-02, 2973.9020, 0.12540E+07
 1027400,2026-09-23T21:38:47.426+02:00, 0.265E-02, 2974.1665, 0.12541E+07
 1027500,2026-09-23T21:38:58.668+02:00, 0.257E-02, 2974.4290, 0.12542E+07
 1027600,2026-09-23T21:39:09.329+02:00, 0.271E-02, 2974.6975, 0.12544E+07
 1027700,2026-09-23T21:39:19.952+02:00, 0.286E-02, 2974.9916, 0.12545E+07
 1027800,2026-09-23T21:39:31.223+02:00, 0.296E-02, 2975.2748, 0.12546E+07
 1027900,2026-09-23T21:39:43.059+02:00, 0.279E-02, 2975.5457, 0.12548E+07
 1028000,2026-09-23T21:39:53.737+02:00, 0.279E-02, 2975.8252, 0.12549E+07
 1028100,2026-09-23T21:40:04.317+02:00, 0.297E-02, 2976.1016, 0.12550E+07
 1028200,2026-09-23T21:40:15.359+02:00, 0.281E-02, 2976.3809, 0.12551E+07
 1028300,2026-09-23T21:40:26.617+02:00, 0.268E-02, 2976.6463, 0.12553E+07
 1028400,2026-09-23T21:40:37.752+02:00, 0.304E-02, 2976.9173, 0.12554E+07
 1028500,2026-09-23T21:40:48.928+02:00, 0.274E-02, 2977.1937, 0.12555E+07
 1028600,2026-09-23T21:40:59.310+02:00, 0.281E-02, 2977.4576, 0.12557E+07
 1028700,2026-09-23T21:41:10.300+02:00, 0.277E-02, 2977.7329, 0.12558E+07
 1028800,2026-09-23T21:41:21.140+02:00, 0.290E-02, 2978.0018, 0.12559E+07
 1028900,2026-09-23T21:41:31.468+02:00, 0.250E-02, 2978.2784, 0.12560E+07
 1029000,2026-09-23T21:41:42.772+02:00, 0.282E-02, 2978.5511, 0.12562E+07
 1029100,2026-09-23T21:41:53.774+02:00, 0.267E-02, 2978.8355, 0.12563E+07
 1029200,2026-09-23T21:42:05.474+02:00, 0.274E-02, 2979.1188, 0.12564E+07
 1029300,2026-09-23T21:42:17.066+02:00, 0.271E-02, 2979.3907, 0.12566E+07
 1029400,2026-09-23T21:42:28.019+02:00, 0.281E-02, 2979.6671, 0.12567E+07
 1029500,2026-09-23T21:42:38.651+02:00, 0.281E-02, 2979.9480, 0.12568E+07
 1029600,2026-09-23T21:42:49.537+02:00, 0.277E-02, 2980.2268, 0.12570E+07
 1029700,2026-09-23T21:43:01.444+02:00, 0.267E-02, 2980.4957, 0.12571E+07
 1029800,2026-09-23T21:43:13.108+02:00, 0.258E-02, 2980.7675, 0.12572E+07
 1029900,2026-09-23T21:43:24.469+02:00, 0.278E-02, 2981.0353, 0.12574E+07
 1030000,2026-09-23T21:43:35.667+02:00, 0.270E-02, 2981.3104, 0.12575E+07
 1030100,2026-09-23T21:43:46.869+02:00, 0.273E-02, 2981.5907, 0.12576E+07
 1030200,2026-09-23T21:43:58.404+02:00, 0.281E-02, 2981.8724, 0.12578E+07
 1030300,2026-09-23T21:44:10.069+02:00, 0.295E-02, 2982.1511, 0.12579E+07
 1030400,2026-09-23T21:44:21.600+02:00, 0.288E-02, 2982.4235, 0.12581E+07
 1030500,2026-09-23T21:44:32.634+02:00, 0.239E-02, 2982.6886, 0.12582E+07
 1030600,2026-09-23T21:44:44.063+02:00, 0.295E-02, 2982.9561, 0.12583E+07
 1030700,2026-09-23T21:44:55.497+02:00, 0.274E-02, 2983.2342, 0.12585E+07
 1030800,2026-09-23T21:45:06.601+02:00, 0.270E-02, 2983.4994, 0.12586E+07
 1030900,2026-09-23T21:45:17.783+02:00, 0.270E-02, 2983.7698, 0.12587E+07
 1031000,2026-09-23T21:45:28.992+02:00, 0.284E-02, 2984.0488, 0.12588E+07
 1031100,2026-09-23T21:45:39.705+02:00, 0.279E-02, 2984.3284, 0.12590E+07
 1031200,2026-09-23T21:45:50.184+02:00, 0.302E-02, 2984.6103, 0.12591E+07
 1031300,2026-09-23T21:46:01.528+02:00, 0.280E-02, 2984.8877, 0.12592E+07
 1031400,2026-09-23T21:46:12.500+02:00, 0.295E-02, 2985.1680, 0.12594E+07
 1031500,2026-09-23T21:46:23.414+02:00, 0.282E-02, 2985.4462, 0.12595E+07
 1031600,2026-09-23T21:46:35.387+02:00, 0.261E-02, 2985.7077, 0.12596E+07
 1031700,2026-09-23T21:46:46.660+02:00, 0.281E-02, 2985.9836, 0.12598E+07
 1031800,2026-09-23T21:46:58.072+02:00, 0.284E-02, 2986.2584, 0.12599E+07
 1031900,2026-09-23T21:47:09.784+02:00, 0.272E-02, 2986.5269, 0.12600E+07
 1032000,2026-09-23T21:47:20.550+02:00, 0.254E-02, 2986.7927, 0.12602E+07
 1032100,2026-09-23T21:47:32.223+02:00, 0.276E-02, 2987.0667, 0.12603E+07
 1032200,2026-09-23T21:47:43.071+02:00, 0.288E-02, 2987.3309, 0.12604E+07
 1032300,2026-09-23T21:47:54.570+02:00, 0.235E-02, 2987.6014, 0.12606E+07
 1032400,2026-09-23T21:48:06.157+02:00, 0.284E-02, 2987.8790, 0.12607E+07
 1032500,2026-09-23T21:48:16.833+02:00, 0.270E-02, 2988.1495, 0.12608E+07
 1032600,2026-09-23T21:48:28.271+02:00, 0.268E-02, 2988.4174, 0.12610E+07
 1032700,2026-09-23T21:48:39.348+02:00, 0.274E-02, 2988.6839, 0.12611E+07
 1032800,2026-09-23T21:48:50.843+02:00, 0.287E-02, 2988.9475, 0.12612E+07
 1032900,2026-09-23T21:49:01.782+02:00, 0.238E-02, 2989.2174, 0.12614E+07
 1033000,2026-09-23T21:49:12.932+02:00, 0.282E-02, 2989.4985, 0.12615E+07
 1033100,2026-09-23T21:49:24.316+02:00, 0.283E-02, 2989.7785, 0.12616E+07
 1033200,2026-09-23T21:49:35.599+02:00, 0.270E-02, 2990.0495, 0.12618E+07
 1033300,2026-09-23T21:49:46.990+02:00, 0.277E-02, 2990.3247, 0.12619E+07
 1033400,2026-09-23T21:49:58.812+02:00, 0.265E-02, 2990.5976, 0.12620E+07
 1033500,2026-09-23T21:50:10.056+02:00, 0.246E-02, 2990.8823, 0.12622E+07
 1033600,2026-09-23T21:50:20.475+02:00, 0.292E-02, 2991.1560, 0.12623E+07
 1033700,2026-09-23T21:50:31.325+02:00, 0.271E-02, 2991.4248, 0.12624E+07
 1033800,2026-09-23T21:50:41.896+02:00, 0.265E-02, 2991.6901, 0.12625E+07
 1033900,2026-09-23T21:50:52.628+02:00, 0.283E-02, 2991.9617, 0.12627E+07
 1034000,2026-09-23T21:51:03.680+02:00, 0.283E-02, 2992.2452, 0.12628E+07
 1034100,2026-09-23T21:51:14.700+02:00, 0.246E-02, 2992.5191, 0.12629E+07
 1034200,2026-09-23T21:51:25.470+02:00, 0.256E-02, 2992.7953, 0.12631E+07
 1034300,2026-09-23T21:51:36.121+02:00, 0.272E-02, 2993.0609, 0.12632E+07
 1034400,2026-09-23T21:51:46.890+02:00, 0.242E-02, 2993.3326, 0.12633E+07
 1034500,2026-09-23T21:51:56.750+02:00, 0.280E-02, 2993.6008, 0.12634E+07
 1034600,2026-09-23T21:52:07.317+02:00, 0.264E-02, 2993.8855, 0.12636E+07
 1034700,2026-09-23T21:52:18.136+02:00, 0.284E-02, 2994.1658, 0.12637E+07
 1034800,2026-09-23T21:52:28.629+02:00, 0.280E-02, 2994.4314, 0.12638E+07
 1034900,2026-09-23T21:52:39.534+02:00, 0.253E-02, 2994.7011, 0.12639E+07
 1035000,2026-09-23T21:52:49.835+02:00, 0.288E-02, 2994.9739, 0.12641E+07
 1035100,2026-09-23T21:53:00.899+02:00, 0.285E-02, 2995.2418, 0.12642E+07
 1035200,2026-09-23T21:53:11.829+02:00, 0.291E-02, 2995.5165, 0.12643E+07
 1035300,2026-09-23T21:53:23.302+02:00, 0.266E-02, 2995.7849, 0.12645E+07
 1035400,2026-09-23T21:53:34.340+02:00, 0.269E-02, 2996.0611, 0.12646E+07
 1035500,2026-09-23T21:53:45.497+02:00, 0.263E-02, 2996.3248, 0.12647E+07
 1035600,2026-09-23T21:53:56.593+02:00, 0.250E-02, 2996.6035, 0.12649E+07
 1035700,2026-09-23T21:54:07.939+02:00, 0.264E-02, 2996.8723, 0.12650E+07
 1035800,2026-09-23T21:54:18.736+02:00, 0.259E-02, 2997.1403, 0.12651E+07
 1035900,2026-09-23T21:54:29.767+02:00, 0.243E-02, 2997.4098, 0.12652E+07
 1036000,2026-09-23T21:54:41.128+02:00, 0.276E-02, 2997.6706, 0.12654E+07
 1036100,2026-09-23T21:54:52.466+02:00, 0.299E-02, 2997.9436, 0.12655E+07
 1036200,2026-09-23T21:55:04.309+02:00, 0.272E-02, 2998.2244, 0.12656E+07
 1036300,2026-09-23T21:55:15.390+02:00, 0.288E-02, 2998.5012, 0.12658E+07
 1036400,2026-09-23T21:55:25.900+02:00, 0.288E-02, 2998.7889, 0.12659E+07
 1036500,2026-09-23T21:55:36.690+02:00, 0.281E-02, 2999.0726, 0.12660E+07
 1036600,2026-09-23T21:55:47.676+02:00, 0.281E-02, 2999.3535, 0.12662E+07
 1036700,2026-09-23T21:55:58.715+02:00, 0.283E-02, 2999.6357, 0.12663E+07
 1036800,2026-09-23T21:56:09.409+02:00, 0.283E-02, 2999.9186, 0.12664E+07
 1036900,2026-09-23T21:56:20.754+02:00, 0.269E-02, 3000.2036, 0.12665E+07
 1037000,2026-09-23T21:56:31.546+02:00, 0.284E-02, 3000.4729, 0.12667E+07
 1037100,2026-09-23T21:56:42.740+02:00, 0.281E-02, 3000.7513, 0.12668E+07
 1037200,2026-09-23T21:56:53.535+02:00, 0.241E-02, 3001.0256, 0.12669E+07
 1037300,2026-09-23T21:57:03.909+02:00, 0.281E-02, 3001.2911, 0.12671E+07
 1037400,2026-09-23T21:57:14.632+02:00, 0.276E-02, 3001.5568, 0.12672E+07
 1037500,2026-09-23T21:57:25.183+02:00, 0.273E-02, 3001.8292, 0.12673E+07
 1037600,2026-09-23T21:57:35.647+02:00, 0.258E-02, 3002.0972, 0.12674E+07
 1037700,2026-09-23T21:57:47.051+02:00, 0.268E-02, 3002.3511, 0.12676E+07
 1037800,2026-09-23T21:57:58.645+02:00, 0.270E-02, 3002.6163, 0.12677E+07
 1037900,2026-09-23T21:58:10.205+02:00, 0.276E-02, 3002.8857, 0.12678E+07
 1038000,2026-09-23T21:58:21.064+02:00, 0.254E-02, 3003.1601, 0.12680E+07
 1038100,2026-09-23T21:58:31.767+02:00, 0.283E-02, 3003.4317, 0.12681E+07
 1038200,2026-09-23T21:58:42.962+02:00, 0.271E-02, 3003.7010, 0.12682E+07
 1038300,2026-09-23T21:58:54.106+02:00, 0.267E-02, 3003.9698, 0.12684E+07
 1038400,2026-09-23T21:59:05.039+02:00, 0.276E-02, 3004.2306, 0.12685E+07
 1038500,2026-09-23T21:59:16.377+02:00, 0.292E-02, 3004.5077, 0.12686E+07
 1038600,2026-09-23T21:59:27.488+02:00, 0.276E-02, 3004.7844, 0.12687E+07
 1038700,2026-09-23T21:59:39.214+02:00, 0.303E-02, 3005.0632, 0.12689E+07
 1038800,2026-09-23T21:59:49.902+02:00, 0.259E-02, 3005.3412, 0.12690E+07
 1038900,2026-09-23T22:00:01.009+02:00, 0.239E-02, 3005.6227, 0.12691E+07
 1039000,2026-09-23T22:00:11.934+02:00, 0.256E-02, 3005.8937, 0.12693E+07
 1039100,2026-09-23T22:00:23.307+02:00, 0.270E-02, 3006.1681, 0.12694E+07
 1039200,2026-09-23T22:00:34.620+02:00, 0.270E-02, 3006.4382, 0.12695E+07
 1039300,2026-09-23T22:00:45.939+02:00, 0.250E-02, 3006.6994, 0.12697E+07
 1039400,2026-09-23T22:00:56.600+02:00, 0.275E-02, 3006.9735, 0.12698E+07
 1039500,2026-09-23T22:01:08.634+02:00, 0.265E-02, 3007.2327, 0.12699E+07
 1039600,2026-09-23T22:01:19.901+02:00, 0.260E-02, 3007.4991, 0.12701E+07
 1039700,2026-09-23T22:01:31.272+02:00, 0.281E-02, 3007.7663, 0.12702E+07
 1039800,2026-09-23T22:01:42.564+02:00, 0.238E-02, 3008.0443, 0.12703E+07
 1039900,2026-09-23T22:01:53.972+02:00, 0.265E-02, 3008.3261, 0.12705E+07
 1040000,2026-09-23T22:02:04.972+02:00, 0.283E-02, 3008.5992, 0.12706E+07
 1040100,2026-09-23T22:02:16.893+02:00, 0.297E-02, 3008.8770, 0.12707E+07
 1040200,2026-09-23T22:02:28.450+02:00, 0.282E-02, 3009.1616, 0.12709E+07
 1040300,2026-09-23T22:02:40.649+02:00, 0.286E-02, 3009.4216, 0.12710E+07
 1040400,2026-09-23T22:02:52.008+02:00, 0.254E-02, 3009.7030, 0.12712E+07
 1040500,2026-09-23T22:03:03.562+02:00, 0.286E-02, 3009.9803, 0.12713E+07
 1040600,2026-09-23T22:03:13.924+02:00, 0.297E-02, 3010.2610, 0.12714E+07
 1040700,2026-09-23T22:03:25.178+02:00, 0.252E-02, 3010.5447, 0.12715E+07
 1040800,2026-09-23T22:03:35.655+02:00, 0.278E-02, 3010.8222, 0.12717E+07
 1040900,2026-09-23T22:03:47.285+02:00, 0.290E-02, 3011.0985, 0.12718E+07
 1041000,2026-09-23T22:03:58.045+02:00, 0.264E-02, 3011.3673, 0.12719E+07
 1041100,2026-09-23T22:04:09.124+02:00, 0.282E-02, 3011.6426, 0.12721E+07
 1041200,2026-09-23T22:04:20.394+02:00, 0.299E-02, 3011.9309, 0.12722E+07
 1041300,2026-09-23T22:04:31.389+02:00, 0.283E-02, 3012.2165, 0.12723E+07
 1041400,2026-09-23T22:04:42.721+02:00, 0.301E-02, 3012.4906, 0.12725E+07
 1041500,2026-09-23T22:04:54.020+02:00, 0.293E-02, 3012.7680, 0.12726E+07
 1041600,2026-09-23T22:05:05.386+02:00, 0.274E-02, 3013.0487, 0.12727E+07
 1041700,2026-09-23T22:05:16.208+02:00, 0.243E-02, 3013.3171, 0.12729E+07
 1041800,2026-09-23T22:05:27.773+02:00, 0.265E-02, 3013.5947, 0.12730E+07
 1041900,2026-09-23T22:05:39.141+02:00, 0.257E-02, 3013.8601, 0.12731E+07
 1042000,2026-09-23T22:05:50.655+02:00, 0.257E-02, 3014.1228, 0.12733E+07
 1042100,2026-09-23T22:06:01.458+02:00, 0.285E-02, 3014.3957, 0.12734E+07
 1042200,2026-09-23T22:06:12.122+02:00, 0.274E-02, 3014.6729, 0.12735E+07
 1042300,2026-09-23T22:06:22.778+02:00, 0.214E-02, 3014.9363, 0.12736E+07
 1042400,2026-09-23T22:06:34.067+02:00, 0.272E-02, 3015.2044, 0.12738E+07
 1042500,2026-09-23T22:06:44.917+02:00, 0.240E-02, 3015.4759, 0.12739E+07
 1042600,2026-09-23T22:06:55.678+02:00, 0.272E-02, 3015.7392, 0.12740E+07
 1042700,2026-09-23T22:07:07.452+02:00, 0.289E-02, 3016.0129, 0.12742E+07
 1042800,2026-09-23T22:07:18.912+02:00, 0.241E-02, 3016.2830, 0.12743E+07
 1042900,2026-09-23T22:07:30.860+02:00, 0.286E-02, 3016.5469, 0.12744E+07
 1043000,2026-09-23T22:07:42.364+02:00, 0.278E-02, 3016.8208, 0.12746E+07
 1043100,2026-09-23T22:07:53.295+02:00, 0.246E-02, 3017.0913, 0.12747E+07
 1043200,2026-09-23T22:08:04.825+02:00, 0.282E-02, 3017.3688, 0.12748E+07
 1043300,2026-09-23T22:08:15.895+02:00, 0.248E-02, 3017.6486, 0.12750E+07
 1043400,2026-09-23T22:08:26.319+02:00, 0.269E-02, 3017.9127, 0.12751E+07
 1043500,2026-09-23T22:08:37.497+02:00, 0.273E-02, 3018.1805, 0.12752E+07
 1043600,2026-09-23T22:08:48.083+02:00, 0.273E-02, 3018.4537, 0.12753E+07
 1043700,2026-09-23T22:08:59.263+02:00, 0.270E-02, 3018.7228, 0.12755E+07
 1043800,2026-09-23T22:09:10.105+02:00, 0.238E-02, 3018.9928, 0.12756E+07
 1043900,2026-09-23T22:09:21.133+02:00, 0.270E-02, 3019.2620, 0.12757E+07
 1044000,2026-09-23T22:09:32.114+02:00, 0.258E-02, 3019.5273, 0.12759E+07
 1044100,2026-09-23T22:09:43.511+02:00, 0.258E-02, 3019.7945, 0.12760E+07
 1044200,2026-09-23T22:09:55.151+02:00, 0.284E-02, 3020.0771, 0.12761E+07
 1044300,2026-09-23T22:10:06.227+02:00, 0.280E-02, 3020.3554, 0.12763E+07
 1044400,2026-09-23T22:10:17.800+02:00, 0.273E-02, 3020.6192, 0.12764E+07
 1044500,2026-09-23T22:10:29.022+02:00, 0.248E-02, 3020.8834, 0.12765E+07
 1044600,2026-09-23T22:10:40.322+02:00, 0.273E-02, 3021.1554, 0.12767E+07
 1044700,2026-09-23T22:10:52.376+02:00, 0.303E-02, 3021.4258, 0.12768E+07
 1044800,2026-09-23T22:11:03.281+02:00, 0.270E-02, 3021.6980, 0.12769E+07
 1044900,2026-09-23T22:11:14.773+02:00, 0.281E-02, 3021.9831, 0.12771E+07
 1045000,2026-09-23T22:11:26.126+02:00, 0.261E-02, 3022.2522, 0.12772E+07
 1045100,2026-09-23T22:11:36.848+02:00, 0.269E-02, 3022.5208, 0.12773E+07
 1045200,2026-09-23T22:11:47.986+02:00, 0.275E-02, 3022.7905, 0.12775E+07
 1045300,2026-09-23T22:11:59.201+02:00, 0.290E-02, 3023.0633, 0.12776E+07
 1045400,2026-09-23T22:12:10.095+02:00, 0.259E-02, 3023.3490, 0.12777E+07
 1045500,2026-09-23T22:12:21.740+02:00, 0.266E-02, 3023.6186, 0.12779E+07
 1045600,2026-09-23T22:12:32.893+02:00, 0.275E-02, 3023.8895, 0.12780E+07
 1045700,2026-09-23T22:12:43.726+02:00, 0.279E-02, 3024.1603, 0.12781E+07
 1045800,2026-09-23T22:12:54.795+02:00, 0.276E-02, 3024.4314, 0.12783E+07
 1045900,2026-09-23T22:13:05.757+02:00, 0.275E-02, 3024.6975, 0.12784E+07
 1046000,2026-09-23T22:13:16.584+02:00, 0.275E-02, 3024.9720, 0.12785E+07
 1046100,2026-09-23T22:13:28.221+02:00, 0.249E-02, 3025.2437, 0.12787E+07
 1046200,2026-09-23T22:13:39.884+02:00, 0.253E-02, 3025.5235, 0.12788E+07
 1046300,2026-09-23T22:13:51.358+02:00, 0.302E-02, 3025.8115, 0.12789E+07
 1046400,2026-09-23T22:14:02.268+02:00, 0.268E-02, 3026.0822, 0.12791E+07
 1046500,2026-09-23T22:14:13.219+02:00, 0.286E-02, 3026.3582, 0.12792E+07
 1046600,2026-09-23T22:14:23.900+02:00, 0.279E-02, 3026.6231, 0.12793E+07
 1046700,2026-09-23T22:14:34.847+02:00, 0.279E-02, 3026.9018, 0.12794E+07
 1046800,2026-09-23T22:14:45.935+02:00, 0.285E-02, 3027.1759, 0.12796E+07
 1046900,2026-09-23T22:14:57.130+02:00, 0.252E-02, 3027.4371, 0.12797E+07
 1047000,2026-09-23T22:15:08.024+02:00, 0.269E-02, 3027.6996, 0.12798E+07
 1047100,2026-09-23T22:15:19.251+02:00, 0.269E-02, 3027.9684, 0.12800E+07
 1047200,2026-09-23T22:15:29.874+02:00, 0.277E-02, 3028.2406, 0.12801E+07
 1047300,2026-09-23T22:15:40.930+02:00, 0.274E-02, 3028.5112, 0.12802E+07
 1047400,2026-09-23T22:15:51.725+02:00, 0.285E-02, 3028.7874, 0.12803E+07
 1047500,2026-09-23T22:16:03.522+02:00, 0.265E-02, 3029.0619, 0.12805E+07
 1047600,2026-09-23T22:16:15.673+02:00, 0.274E-02, 3029.3376, 0.12806E+07
 1047700,2026-09-23T22:16:27.716+02:00, 0.285E-02, 3029.6079, 0.12808E+07
 1047800,2026-09-23T22:16:39.574+02:00, 0.272E-02, 3029.8821, 0.12809E+07
 1047900,2026-09-23T22:16:51.874+02:00, 0.256E-02, 3030.1565, 0.12810E+07
 1048000,2026-09-23T22:17:02.689+02:00, 0.276E-02, 3030.4285, 0.12812E+07
 1048100,2026-09-23T22:17:13.009+02:00, 0.263E-02, 3030.7084, 0.12813E+07
 1048200,2026-09-23T22:17:24.316+02:00, 0.252E-02, 3030.9859, 0.12814E+07
 1048300,2026-09-23T22:17:35.247+02:00, 0.273E-02, 3031.2587, 0.12816E+07
 1048400,2026-09-23T22:17:46.060+02:00, 0.278E-02, 3031.5354, 0.12817E+07
 1048500,2026-09-23T22:17:57.535+02:00, 0.280E-02, 3031.8047, 0.12818E+07
 1048600,2026-09-23T22:18:09.515+02:00, 0.280E-02, 3032.0845, 0.12820E+07
 1048700,2026-09-23T22:18:20.892+02:00, 0.280E-02, 3032.3643, 0.12821E+07
 1048800,2026-09-23T22:18:32.105+02:00, 0.268E-02, 3032.6396, 0.12822E+07
 1048900,2026-09-23T22:18:43.793+02:00, 0.264E-02, 3032.9260, 0.12824E+07
 1049000,2026-09-23T22:18:55.528+02:00, 0.279E-02, 3033.1954, 0.12825E+07
 1049100,2026-09-23T22:19:07.138+02:00, 0.296E-02, 3033.4782, 0.12826E+07
 1049200,2026-09-23T22:19:18.317+02:00, 0.279E-02, 3033.7481, 0.12828E+07
 1049300,2026-09-23T22:19:29.979+02:00, 0.267E-02, 3034.0166, 0.12829E+07
 1049400,2026-09-23T22:19:41.329+02:00, 0.278E-02, 3034.3006, 0.12830E+07
 1049500,2026-09-23T22:19:52.556+02:00, 0.239E-02, 3034.5838, 0.12832E+07
 1049600,2026-09-23T22:20:03.462+02:00, 0.248E-02, 3034.8486, 0.12833E+07
 1049700,2026-09-23T22:20:15.607+02:00, 0.278E-02, 3035.1191, 0.12834E+07
 1049800,2026-09-23T22:20:26.743+02:00, 0.268E-02, 3035.3925, 0.12836E+07
 1049900,2026-09-23T22:20:38.317+02:00, 0.276E-02, 3035.6640, 0.12837E+07
 1050000,2026-09-23T22:20:49.457+02:00, 0.255E-02, 3035.9620, 0.12838E+07
 1050100,2026-09-23T22:21:00.881+02:00, 0.268E-02, 3036.2341, 0.12840E+07
 1050200,2026-09-23T22:21:12.137+02:00, 0.248E-02, 3036.4997, 0.12841E+07
 1050300,2026-09-23T22:21:23.078+02:00, 0.287E-02, 3036.7810, 0.12842E+07
 1050400,2026-09-23T22:21:33.430+02:00, 0.287E-02, 3037.0675, 0.12844E+07
 1050500,2026-09-23T22:21:44.947+02:00, 0.292E-02, 3037.3390, 0.12845E+07
 1050600,2026-09-23T22:21:55.600+02:00, 0.277E-02, 3037.6115, 0.12846E+07
 1050700,2026-09-23T22:22:07.034+02:00, 0.284E-02, 3037.8791, 0.12848E+07
 1050800,2026-09-23T22:22:18.569+02:00, 0.276E-02, 3038.1525, 0.12849E+07
 1050900,2026-09-23T22:22:29.319+02:00, 0.227E-02, 3038.4370, 0.12850E+07
 1051000,2026-09-23T22:22:39.712+02:00, 0.271E-02, 3038.7170, 0.12851E+07
 1051100,2026-09-23T22:22:50.954+02:00, 0.258E-02, 3038.9842, 0.12853E+07
 1051200,2026-09-23T22:23:02.239+02:00, 0.260E-02, 3039.2466, 0.12854E+07
 1051300,2026-09-23T22:23:13.590+02:00, 0.280E-02, 3039.5198, 0.12855E+07
 1051400,2026-09-23T22:23:25.038+02:00, 0.279E-02, 3039.7878, 0.12857E+07
 1051500,2026-09-23T22:23:36.744+02:00, 0.277E-02, 3040.0599, 0.12858E+07
 1051600,2026-09-23T22:23:47.755+02:00, 0.297E-02, 3040.3345, 0.12859E+07
 1051700,2026-09-23T22:23:59.209+02:00, 0.286E-02, 3040.6071, 0.12861E+07
 1051800,2026-09-23T22:24:10.103+02:00, 0.274E-02, 3040.8791, 0.12862E+07
 1051900,2026-09-23T22:24:21.531+02:00, 0.274E-02, 3041.1528, 0.12863E+07
 1052000,2026-09-23T22:24:32.794+02:00, 0.287E-02, 3041.4209, 0.12865E+07
 1052100,2026-09-23T22:24:44.212+02:00, 0.266E-02, 3041.7086, 0.12866E+07
 1052200,2026-09-23T22:24:55.180+02:00, 0.287E-02, 3041.9849, 0.12867E+07
 1052300,2026-09-23T22:25:06.852+02:00, 0.275E-02, 3042.2548, 0.12869E+07
 1052400,2026-09-23T22:25:18.435+02:00, 0.280E-02, 3042.5302, 0.12870E+07
 1052500,2026-09-23T22:25:29.355+02:00, 0.298E-02, 3042.8064, 0.12871E+07
 1052600,2026-09-23T22:25:40.367+02:00, 0.279E-02, 3043.0838, 0.12873E+07
 1052700,2026-09-23T22:25:51.673+02:00, 0.279E-02, 3043.3624, 0.12874E+07
 1052800,2026-09-23T22:26:03.149+02:00, 0.278E-02, 3043.6441, 0.12875E+07
 1052900,2026-09-23T22:26:14.724+02:00, 0.278E-02, 3043.9220, 0.12877E+07
 1053000,2026-09-23T22:26:26.554+02:00, 0.287E-02, 3044.2025, 0.12878E+07
 1053100,2026-09-23T22:26:37.949+02:00, 0.281E-02, 3044.4830, 0.12879E+07
 1053200,2026-09-23T22:26:49.504+02:00, 0.281E-02, 3044.7642, 0.12881E+07
 1053300,2026-09-23T22:27:00.413+02:00, 0.270E-02, 3045.0390, 0.12882E+07
 1053400,2026-09-23T22:27:12.151+02:00, 0.274E-02, 3045.3023, 0.12883E+07
 1053500,2026-09-23T22:27:23.627+02:00, 0.253E-02, 3045.5814, 0.12885E+07
 1053600,2026-09-23T22:27:35.129+02:00, 0.281E-02, 3045.8524, 0.12886E+07
 1053700,2026-09-23T22:27:46.795+02:00, 0.284E-02, 3046.1208, 0.12888E+07
 1053800,2026-09-23T22:27:58.489+02:00, 0.258E-02, 3046.3872, 0.12889E+07
 1053900,2026-09-23T22:28:10.620+02:00, 0.283E-02, 3046.6643, 0.12890E+07
 1054000,2026-09-23T22:28:21.996+02:00, 0.274E-02, 3046.9348, 0.12892E+07
 1054100,2026-09-23T22:28:33.143+02:00, 0.274E-02, 3047.2085, 0.12893E+07
 1054200,2026-09-23T22:28:44.532+02:00, 0.280E-02, 3047.4807, 0.12894E+07
 1054300,2026-09-23T22:28:56.370+02:00, 0.271E-02, 3047.7674, 0.12896E+07
 1054400,2026-09-23T22:29:08.079+02:00, 0.248E-02, 3048.0320, 0.12897E+07
 1054500,2026-09-23T22:29:19.566+02:00, 0.276E-02, 3048.2929, 0.12898E+07
 1054600,2026-09-23T22:29:30.722+02:00, 0.256E-02, 3048.5614, 0.12900E+07
 1054700,2026-09-23T22:29:41.858+02:00, 0.298E-02, 3048.8346, 0.12901E+07
 1054800,2026-09-23T22:29:53.121+02:00, 0.271E-02, 3049.1080, 0.12902E+07
 1054900,2026-09-23T22:30:04.422+02:00, 0.285E-02, 3049.3850, 0.12904E+07
 1055000,2026-09-23T22:30:16.154+02:00, 0.289E-02, 3049.6600, 0.12905E+07
 1055100,2026-09-23T22:30:27.090+02:00, 0.295E-02, 3049.9432, 0.12906E+07
 1055200,2026-09-23T22:30:38.471+02:00, 0.303E-02, 3050.2247, 0.12908E+07
 1055300,2026-09-23T22:30:49.802+02:00, 0.278E-02, 3050.4988, 0.12909E+07
 1055400,2026-09-23T22:31:01.548+02:00, 0.268E-02, 3050.7628, 0.12910E+07
 1055500,2026-09-23T22:31:12.647+02:00, 0.268E-02, 3051.0305, 0.12912E+07
 1055600,2026-09-23T22:31:24.745+02:00, 0.270E-02, 3051.2898, 0.12913E+07
 1055700,2026-09-23T22:31:36.497+02:00, 0.263E-02, 3051.5528, 0.12915E+07
 1055800,2026-09-23T22:31:47.489+02:00, 0.284E-02, 3051.8118, 0.12916E+07
 1055900,2026-09-23T22:31:58.895+02:00, 0.272E-02, 3052.0848, 0.12917E+07
 1056000,2026-09-23T22:32:10.076+02:00, 0.241E-02, 3052.3559, 0.12919E+07
 1056100,2026-09-23T22:32:21.660+02:00, 0.270E-02, 3052.6199, 0.12920E+07
 1056200,2026-09-23T22:32:33.459+02:00, 0.276E-02, 3052.8807, 0.12921E+07
 1056300,2026-09-23T22:32:44.287+02:00, 0.286E-02, 3053.1592, 0.12923E+07
 1056400,2026-09-23T22:32:55.336+02:00, 0.284E-02, 3053.4306, 0.12924E+07
 1056500,2026-09-23T22:33:05.912+02:00, 0.276E-02, 3053.7072, 0.12925E+07
 1056600,2026-09-23T22:33:16.505+02:00, 0.288E-02, 3053.9780, 0.12926E+07
 1056700,2026-09-23T22:33:27.516+02:00, 0.264E-02, 3054.2372, 0.12928E+07
 1056800,2026-09-23T22:33:39.017+02:00, 0.258E-02, 3054.5099, 0.12929E+07
 1056900,2026-09-23T22:33:49.994+02:00, 0.285E-02, 3054.7845, 0.12930E+07
 1057000,2026-09-23T22:34:01.708+02:00, 0.277E-02, 3055.0632, 0.12932E+07
 1057100,2026-09-23T22:34:12.899+02:00, 0.282E-02, 3055.3364, 0.12933E+07
 1057200,2026-09-23T22:34:24.032+02:00, 0.285E-02, 3055.6129, 0.12934E+07
 1057300,2026-09-23T22:34:35.271+02:00, 0.285E-02, 3055.8793, 0.12936E+07
 1057400,2026-09-23T22:34:46.331+02:00, 0.273E-02, 3056.1615, 0.12937E+07
 1057500,2026-09-23T22:34:57.603+02:00, 0.273E-02, 3056.4347, 0.12938E+07
 1057600,2026-09-23T22:35:08.494+02:00, 0.283E-02, 3056.7084, 0.12940E+07
 1057700,2026-09-23T22:35:19.782+02:00, 0.266E-02, 3056.9811, 0.12941E+07
 1057800,2026-09-23T22:35:30.971+02:00, 0.242E-02, 3057.2644, 0.12942E+07
 1057900,2026-09-23T22:35:42.617+02:00, 0.285E-02, 3057.5333, 0.12944E+07
 1058000,2026-09-23T22:35:53.982+02:00, 0.292E-02, 3057.8158, 0.12945E+07
 1058100,2026-09-23T22:36:05.120+02:00, 0.271E-02, 3058.0898, 0.12946E+07
 1058200,2026-09-23T22:36:17.412+02:00, 0.295E-02, 3058.3545, 0.12948E+07
 1058300,2026-09-23T22:36:29.308+02:00, 0.250E-02, 3058.6339, 0.12949E+07
 1058400,2026-09-23T22:36:40.947+02:00, 0.282E-02, 3058.9048, 0.12951E+07
 1058500,2026-09-23T22:36:52.255+02:00, 0.262E-02, 3059.1678, 0.12952E+07
 1058600,2026-09-23T22:37:03.861+02:00, 0.250E-02, 3059.4332, 0.12953E+07
 1058700,2026-09-23T22:37:14.467+02:00, 0.298E-02, 3059.6978, 0.12954E+07
 1058800,2026-09-23T22:37:25.679+02:00, 0.279E-02, 3059.9780, 0.12956E+07
 1058900,2026-09-23T22:37:37.284+02:00, 0.287E-02, 3060.2529, 0.12957E+07
 1059000,2026-09-23T22:37:48.541+02:00, 0.294E-02, 3060.5318, 0.12958E+07
 1059100,2026-09-23T22:37:58.934+02:00, 0.289E-02, 3060.8136, 0.12960E+07
 1059200,2026-09-23T22:38:10.260+02:00, 0.267E-02, 3061.0857, 0.12961E+07
 1059300,2026-09-23T22:38:21.685+02:00, 0.279E-02, 3061.3587, 0.12962E+07
 1059400,2026-09-23T22:38:33.190+02:00, 0.262E-02, 3061.6315, 0.12964E+07
 1059500,2026-09-23T22:38:44.937+02:00, 0.271E-02, 3061.9054, 0.12965E+07
 1059600,2026-09-23T22:38:56.478+02:00, 0.271E-02, 3062.1762, 0.12966E+07
 1059700,2026-09-23T22:39:07.300+02:00, 0.286E-02, 3062.4576, 0.12968E+07
 1059800,2026-09-23T22:39:18.404+02:00, 0.282E-02, 3062.7401, 0.12969E+07
 1059900,2026-09-23T22:39:29.458+02:00, 0.279E-02, 3063.0185, 0.12970E+07
 1060000,2026-09-23T22:39:41.376+02:00, 0.274E-02, 3063.2880, 0.12972E+07
 1060100,2026-09-23T22:39:53.434+02:00, 0.281E-02, 3063.5566, 0.12973E+07
 1060200,2026-09-23T22:40:04.526+02:00, 0.271E-02, 3063.8497, 0.12974E+07
 1060300,2026-09-23T22:40:15.499+02:00, 0.257E-02, 3064.1299, 0.12976E+07
 1060400,2026-09-23T22:40:26.300+02:00, 0.253E-02, 3064.4151, 0.12977E+07
 1060500,2026-09-23T22:40:37.278+02:00, 0.279E-02, 3064.6923, 0.12978E+07
 1060600,2026-09-23T22:40:47.615+02:00, 0.274E-02, 3064.9659, 0.12980E+07
 1060700,2026-09-23T22:40:59.611+02:00, 0.301E-02, 3065.2538, 0.12981E+07
 1060800,2026-09-23T22:41:10.569+02:00, 0.269E-02, 3065.5247, 0.12982E+07
 1060900,2026-09-23T22:41:21.635+02:00, 0.272E-02, 3065.7896, 0.12984E+07
 1061000,2026-09-23T22:41:32.994+02:00, 0.290E-02, 3066.0625, 0.12985E+07
 1061100,2026-09-23T22:41:43.711+02:00, 0.282E-02, 3066.3416, 0.12986E+07
 1061200,2026-09-23T22:41:54.740+02:00, 0.282E-02, 3066.6232, 0.12988E+07
 1061300,2026-09-23T22:42:06.330+02:00, 0.282E-02, 3066.9047, 0.12989E+07
 1061400,2026-09-23T22:42:17.681+02:00, 0.276E-02, 3067.1783, 0.12990E+07
 1061500,2026-09-23T22:42:28.981+02:00, 0.287E-02, 3067.4513, 0.12992E+07
 1061600,2026-09-23T22:42:40.227+02:00, 0.297E-02, 3067.7405, 0.12993E+07
 1061700,2026-09-23T22:42:51.196+02:00, 0.240E-02, 3068.0119, 0.12994E+07
 1061800,2026-09-23T22:43:02.649+02:00, 0.285E-02, 3068.2923, 0.12996E+07
 1061900,2026-09-23T22:43:14.255+02:00, 0.289E-02, 3068.5687, 0.12997E+07
 1062000,2026-09-23T22:43:24.920+02:00, 0.289E-02, 3068.8576, 0.12998E+07
 1062100,2026-09-23T22:43:35.486+02:00, 0.289E-02, 3069.1465, 0.12999E+07
 1062200,2026-09-23T22:43:46.676+02:00, 0.279E-02, 3069.4258, 0.13001E+07
 1062300,2026-09-23T22:43:57.756+02:00, 0.261E-02, 3069.7048, 0.13002E+07
 1062400,2026-09-23T22:44:08.620+02:00, 0.279E-02, 3069.9740, 0.13003E+07
 1062500,2026-09-23T22:44:19.536+02:00, 0.246E-02, 3070.2536, 0.13005E+07
 1062600,2026-09-23T22:44:31.195+02:00, 0.251E-02, 3070.5250, 0.13006E+07
 1062700,2026-09-23T22:44:42.671+02:00, 0.276E-02, 3070.8007, 0.13007E+07
 1062800,2026-09-23T22:44:53.782+02:00, 0.277E-02, 3071.0784, 0.13009E+07
 1062900,2026-09-23T22:45:05.015+02:00, 0.271E-02, 3071.3558, 0.13010E+07
 1063000,2026-09-23T22:45:17.058+02:00, 0.277E-02, 3071.6224, 0.13011E+07
 1063100,2026-09-23T22:45:28.413+02:00, 0.292E-02, 3071.8892, 0.13013E+07
 1063200,2026-09-23T22:45:40.072+02:00, 0.281E-02, 3072.1657, 0.13014E+07
 1063300,2026-09-23T22:45:51.324+02:00, 0.276E-02, 3072.4520, 0.13015E+07
 1063400,2026-09-23T22:46:02.182+02:00, 0.275E-02, 3072.7278, 0.13017E+07
 1063500,2026-09-23T22:46:13.473+02:00, 0.270E-02, 3073.0035, 0.13018E+07
 1063600,2026-09-23T22:46:24.597+02:00, 0.286E-02, 3073.2915, 0.13019E+07
 1063700,2026-09-23T22:46:35.395+02:00, 0.242E-02, 3073.5645, 0.13021E+07
 1063800,2026-09-23T22:46:46.809+02:00, 0.293E-02, 3073.8378, 0.13022E+07
 1063900,2026-09-23T22:46:58.076+02:00, 0.252E-02, 3074.1197, 0.13023E+07
 1064000,2026-09-23T22:47:09.511+02:00, 0.300E-02, 3074.3947, 0.13025E+07
 1064100,2026-09-23T22:47:21.520+02:00, 0.272E-02, 3074.6733, 0.13026E+07
 1064200,2026-09-23T22:47:33.555+02:00, 0.260E-02, 3074.9392, 0.13027E+07
 1064300,2026-09-23T22:47:45.029+02:00, 0.273E-02, 3075.2110, 0.13029E+07
 1064400,2026-09-23T22:47:57.176+02:00, 0.277E-02, 3075.4801, 0.13030E+07
 1064500,2026-09-23T22:48:09.710+02:00, 0.245E-02, 3075.7528, 0.13032E+07
 1064600,2026-09-23T22:48:20.948+02:00, 0.273E-02, 3076.0167, 0.13033E+07
 1064700,2026-09-23T22:48:31.663+02:00, 0.287E-02, 3076.2830, 0.13034E+07
 1064800,2026-09-23T22:48:42.686+02:00, 0.279E-02, 3076.5567, 0.13036E+07
 1064900,2026-09-23T22:48:53.849+02:00, 0.304E-02, 3076.8484, 0.13037E+07
 1065000,2026-09-23T22:49:05.500+02:00, 0.270E-02, 3077.1284, 0.13038E+07
 1065100,2026-09-23T22:49:17.360+02:00, 0.245E-02, 3077.3895, 0.13040E+07
 1065200,2026-09-23T22:49:29.328+02:00, 0.271E-02, 3077.6634, 0.13041E+07
 1065300,2026-09-23T22:49:40.941+02:00, 0.281E-02, 3077.9390, 0.13042E+07
 1065400,2026-09-23T22:49:53.021+02:00, 0.267E-02, 3078.2096, 0.13044E+07
 1065500,2026-09-23T22:50:04.558+02:00, 0.285E-02, 3078.4943, 0.13045E+07
 1065600,2026-09-23T22:50:15.199+02:00, 0.249E-02, 3078.7723, 0.13046E+07
 1065700,2026-09-23T22:50:26.488+02:00, 0.292E-02, 3079.0384, 0.13048E+07
 1065800,2026-09-23T22:50:37.611+02:00, 0.284E-02, 3079.3144, 0.13049E+07
 1065900,2026-09-23T22:50:49.496+02:00, 0.258E-02, 3079.5775, 0.13050E+07
 1066000,2026-09-23T22:51:00.652+02:00, 0.266E-02, 3079.8447, 0.13052E+07
 1066100,2026-09-23T22:51:12.489+02:00, 0.251E-02, 3080.1156, 0.13053E+07
 1066200,2026-09-23T22:51:23.872+02:00, 0.293E-02, 3080.3899, 0.13055E+07
 1066300,2026-09-23T22:51:34.404+02:00, 0.276E-02, 3080.6661, 0.13056E+07
 1066400,2026-09-23T22:51:45.164+02:00, 0.297E-02, 3080.9414, 0.13057E+07
 1066500,2026-09-23T22:51:56.576+02:00, 0.284E-02, 3081.2231, 0.13058E+07
 1066600,2026-09-23T22:52:07.201+02:00, 0.284E-02, 3081.5068, 0.13060E+07
 1066700,2026-09-23T22:52:18.211+02:00, 0.278E-02, 3081.7813, 0.13061E+07
 1066800,2026-09-23T22:52:29.079+02:00, 0.271E-02, 3082.0533, 0.13062E+07
 1066900,2026-09-23T22:52:40.310+02:00, 0.267E-02, 3082.3184, 0.13064E+07
 1067000,2026-09-23T22:52:51.296+02:00, 0.279E-02, 3082.5933, 0.13065E+07
 1067100,2026-09-23T22:53:01.939+02:00, 0.266E-02, 3082.8850, 0.13066E+07
 1067200,2026-09-23T22:53:13.167+02:00, 0.292E-02, 3083.1579, 0.13067E+07
 1067300,2026-09-23T22:53:24.408+02:00, 0.270E-02, 3083.4277, 0.13069E+07
 1067400,2026-09-23T22:53:35.864+02:00, 0.259E-02, 3083.6962, 0.13070E+07
 1067500,2026-09-23T22:53:46.933+02:00, 0.262E-02, 3083.9698, 0.13071E+07
 1067600,2026-09-23T22:53:58.213+02:00, 0.271E-02, 3084.2467, 0.13073E+07
 1067700,2026-09-23T22:54:09.433+02:00, 0.254E-02, 3084.5136, 0.13074E+07
 1067800,2026-09-23T22:54:20.269+02:00, 0.280E-02, 3084.7922, 0.13075E+07
 1067900,2026-09-23T22:54:31.359+02:00, 0.271E-02, 3085.0670, 0.13077E+07
 1068000,2026-09-23T22:54:42.159+02:00, 0.293E-02, 3085.3407, 0.13078E+07
 1068100,2026-09-23T22:54:53.435+02:00, 0.243E-02, 3085.6049, 0.13079E+07
 1068200,2026-09-23T22:55:03.719+02:00, 0.271E-02, 3085.8670, 0.13081E+07
 1068300,2026-09-23T22:55:14.680+02:00, 0.294E-02, 3086.1473, 0.13082E+07
 1068400,2026-09-23T22:55:25.634+02:00, 0.267E-02, 3086.4168, 0.13083E+07
 1068500,2026-09-23T22:55:36.890+02:00, 0.261E-02, 3086.6826, 0.13084E+07
 1068600,2026-09-23T22:55:48.143+02:00, 0.286E-02, 3086.9526, 0.13086E+07
 1068700,2026-09-23T22:55:58.817+02:00, 0.302E-02, 3087.2367, 0.13087E+07
 1068800,2026-09-23T22:56:10.101+02:00, 0.286E-02, 3087.5184, 0.13088E+07
 1068900,2026-09-23T22:56:20.797+02:00, 0.286E-02, 3087.8049, 0.13090E+07
 1069000,2026-09-23T22:56:32.076+02:00, 0.282E-02, 3088.0799, 0.13091E+07
 1069100,2026-09-23T22:56:43.137+02:00, 0.269E-02, 3088.3445, 0.13092E+07
 1069200,2026-09-23T22:56:55.237+02:00, 0.271E-02, 3088.6105, 0.13094E+07
 1069300,2026-09-23T22:57:06.375+02:00, 0.274E-02, 3088.8831, 0.13095E+07
 1069400,2026-09-23T22:57:17.624+02:00, 0.284E-02, 3089.1609, 0.13096E+07
 1069500,2026-09-23T22:57:29.065+02:00, 0.272E-02, 3089.4398, 0.13098E+07
 1069600,2026-09-23T22:57:40.173+02:00, 0.274E-02, 3089.7211, 0.13099E+07
 1069700,2026-09-23T22:57:51.098+02:00, 0.274E-02, 3089.9951, 0.13100E+07
 1069800,2026-09-23T22:58:03.074+02:00, 0.262E-02, 3090.2614, 0.13102E+07
 1069900,2026-09-23T22:58:14.727+02:00, 0.288E-02, 3090.5416, 0.13103E+07
 1070000,2026-09-23T22:58:26.194+02:00, 0.302E-02, 3090.8307, 0.13104E+07
 1070100,2026-09-23T22:58:37.470+02:00, 0.250E-02, 3091.1067, 0.13106E+07
 1070200,2026-09-23T22:58:48.616+02:00, 0.235E-02, 3091.3738, 0.13107E+07
 1070300,2026-09-23T22:58:59.968+02:00, 0.248E-02, 3091.6349, 0.13108E+07
 1070400,2026-09-23T22:59:10.846+02:00, 0.290E-02, 3091.9102, 0.13110E+07
 1070500,2026-09-23T22:59:22.868+02:00, 0.275E-02, 3092.1867, 0.13111E+07
 1070600,2026-09-23T22:59:33.975+02:00, 0.268E-02, 3092.4565, 0.13112E+07
 1070700,2026-09-23T22:59:45.501+02:00, 0.292E-02, 3092.7259, 0.13114E+07
 1070800,2026-09-23T22:59:56.637+02:00, 0.278E-02, 3093.0080, 0.13115E+07
 1070900,2026-09-23T23:00:07.714+02:00, 0.269E-02, 3093.2982, 0.13116E+07
 1071000,2026-09-23T23:00:19.089+02:00, 0.262E-02, 3093.5689, 0.13118E+07
 1071100,2026-09-23T23:00:30.421+02:00, 0.284E-02, 3093.8410, 0.13119E+07
 1071200,2026-09-23T23:00:41.616+02:00, 0.266E-02, 3094.1077, 0.13120E+07
 1071300,2026-09-23T23:00:52.773+02:00, 0.262E-02, 3094.3694, 0.13122E+07
 1071400,2026-09-23T23:01:03.866+02:00, 0.275E-02, 3094.6417, 0.13123E+07
 1071500,2026-09-23T23:01:15.331+02:00, 0.271E-02, 3094.9088, 0.13124E+07
 1071600,2026-09-23T23:01:26.774+02:00, 0.248E-02, 3095.1946, 0.13126E+07
 1071700,2026-09-23T23:01:38.812+02:00, 0.274E-02, 3095.4666, 0.13127E+07
 1071800,2026-09-23T23:01:50.233+02:00, 0.265E-02, 3095.7319, 0.13128E+07
 1071900,2026-09-23T23:02:01.473+02:00, 0.262E-02, 3095.9992, 0.13130E+07
 1072000,2026-09-23T23:02:12.422+02:00, 0.288E-02, 3096.2706, 0.13131E+07
 1072100,2026-09-23T23:02:23.595+02:00, 0.274E-02, 3096.5432, 0.13132E+07
 1072200,2026-09-23T23:02:35.089+02:00, 0.294E-02, 3096.8360, 0.13134E+07
 1072300,2026-09-23T23:02:46.652+02:00, 0.271E-02, 3097.1111, 0.13135E+07
 1072400,2026-09-23T23:02:58.140+02:00, 0.280E-02, 3097.3783, 0.13136E+07
 1072500,2026-09-23T23:03:08.694+02:00, 0.271E-02, 3097.6489, 0.13138E+07
 1072600,2026-09-23T23:03:19.977+02:00, 0.227E-02, 3097.9144, 0.13139E+07
 1072700,2026-09-23T23:03:31.518+02:00, 0.272E-02, 3098.1936, 0.13140E+07
 1072800,2026-09-23T23:03:43.403+02:00, 0.250E-02, 3098.4729, 0.13142E+07
 1072900,2026-09-23T23:03:54.536+02:00, 0.295E-02, 3098.7511, 0.13143E+07
 1073000,2026-09-23T23:04:06.212+02:00, 0.292E-02, 3099.0253, 0.13144E+07
 1073100,2026-09-23T23:04:18.241+02:00, 0.279E-02, 3099.3034, 0.13146E+07
 1073200,2026-09-23T23:04:30.440+02:00, 0.268E-02, 3099.5789, 0.13147E+07
 1073300,2026-09-23T23:04:41.618+02:00, 0.295E-02, 3099.8684, 0.13149E+07
 1073400,2026-09-23T23:04:53.372+02:00, 0.283E-02, 3100.1482, 0.13150E+07
 1073500,2026-09-23T23:05:04.402+02:00, 0.277E-02, 3100.4243, 0.13151E+07
 1073600,2026-09-23T23:05:15.687+02:00, 0.274E-02, 3100.6962, 0.13153E+07
 1073700,2026-09-23T23:05:27.150+02:00, 0.284E-02, 3100.9722, 0.13154E+07
 1073800,2026-09-23T23:05:38.256+02:00, 0.259E-02, 3101.2517, 0.13155E+07
 1073900,2026-09-23T23:05:49.741+02:00, 0.256E-02, 3101.5315, 0.13157E+07
 1074000,2026-09-23T23:06:00.938+02:00, 0.278E-02, 3101.7906, 0.13158E+07
 1074100,2026-09-23T23:06:12.843+02:00, 0.276E-02, 3102.0600, 0.13159E+07
 1074200,2026-09-23T23:06:24.819+02:00, 0.263E-02, 3102.3336, 0.13161E+07
 1074300,2026-09-23T23:06:36.526+02:00, 0.296E-02, 3102.6005, 0.13162E+07
 1074400,2026-09-23T23:06:47.867+02:00, 0.274E-02, 3102.8803, 0.13163E+07
 1074500,2026-09-23T23:06:58.826+02:00, 0.274E-02, 3103.1547, 0.13165E+07
 1074600,2026-09-23T23:07:10.193+02:00, 0.307E-02, 3103.4435, 0.13166E+07
 1074700,2026-09-23T23:07:21.504+02:00, 0.262E-02, 3103.7326, 0.13167E+07
 1074800,2026-09-23T23:07:32.502+02:00, 0.284E-02, 3104.0113, 0.13169E+07
 1074900,2026-09-23T23:07:43.959+02:00, 0.294E-02, 3104.2824, 0.13170E+07
 1075000,2026-09-23T23:07:55.193+02:00, 0.284E-02, 3104.5684, 0.13171E+07
 1075100,2026-09-23T23:08:07.280+02:00, 0.261E-02, 3104.8352, 0.13173E+07
 1075200,2026-09-23T23:08:18.178+02:00, 0.249E-02, 3105.0994, 0.13174E+07
 1075300,2026-09-23T23:08:29.979+02:00, 0.275E-02, 3105.3670, 0.13175E+07
 1075400,2026-09-23T23:08:41.023+02:00, 0.241E-02, 3105.6409, 0.13177E+07
 1075500,2026-09-23T23:08:52.138+02:00, 0.275E-02, 3105.9157, 0.13178E+07
 1075600,2026-09-23T23:09:03.085+02:00, 0.281E-02, 3106.1904, 0.13179E+07
 1075700,2026-09-23T23:09:14.525+02:00, 0.281E-02, 3106.4714, 0.13181E+07
 1075800,2026-09-23T23:09:25.681+02:00, 0.265E-02, 3106.7440, 0.13182E+07
 1075900,2026-09-23T23:09:37.147+02:00, 0.269E-02, 3107.0096, 0.13183E+07
 1076000,2026-09-23T23:09:48.563+02:00, 0.265E-02, 3107.2764, 0.13185E+07
 1076100,2026-09-23T23:10:00.274+02:00, 0.279E-02, 3107.5505, 0.13186E+07
 1076200,2026-09-23T23:10:10.791+02:00, 0.271E-02, 3107.8252, 0.13187E+07
 1076300,2026-09-23T23:10:22.463+02:00, 0.266E-02, 3108.0918, 0.13189E+07
 1076400,2026-09-23T23:10:33.432+02:00, 0.266E-02, 3108.3580, 0.13190E+07
 1076500,2026-09-23T23:10:44.587+02:00, 0.269E-02, 3108.6313, 0.13191E+07
 1076600,2026-09-23T23:10:55.933+02:00, 0.258E-02, 3108.9074, 0.13193E+07
 1076700,2026-09-23T23:11:07.005+02:00, 0.283E-02, 3109.1838, 0.13194E+07
 1076800,2026-09-23T23:11:18.219+02:00, 0.283E-02, 3109.4667, 0.13195E+07
 1076900,2026-09-23T23:11:29.650+02:00, 0.278E-02, 3109.7270, 0.13197E+07
 1077000,2026-09-23T23:11:40.938+02:00, 0.296E-02, 3109.9998, 0.13198E+07
 1077100,2026-09-23T23:11:52.016+02:00, 0.246E-02, 3110.2603, 0.13199E+07
 1077200,2026-09-23T23:12:03.118+02:00, 0.270E-02, 3110.5238, 0.13201E+07
 1077300,2026-09-23T23:12:14.884+02:00, 0.268E-02, 3110.7907, 0.13202E+07
 1077400,2026-09-23T23:12:26.790+02:00, 0.281E-02, 3111.0598, 0.13203E+07
 1077500,2026-09-23T23:12:38.078+02:00, 0.285E-02, 3111.3339, 0.13205E+07
 1077600,2026-09-23T23:12:48.974+02:00, 0.297E-02, 3111.6228, 0.13206E+07
 1077700,2026-09-23T23:13:00.137+02:00, 0.279E-02, 3111.9024, 0.13207E+07
 1077800,2026-09-23T23:13:11.230+02:00, 0.261E-02, 3112.1877, 0.13209E+07
 1077900,2026-09-23T23:13:22.333+02:00, 0.255E-02, 3112.4500, 0.13210E+07
 1078000,2026-09-23T23:13:33.511+02:00, 0.221E-02, 3112.7061, 0.13211E+07
 1078100,2026-09-23T23:13:44.890+02:00, 0.259E-02, 3112.9646, 0.13213E+07
 1078200,2026-09-23T23:13:55.656+02:00, 0.268E-02, 3113.2304, 0.13214E+07
 1078300,2026-09-23T23:14:06.263+02:00, 0.268E-02, 3113.4979, 0.13215E+07
 1078400,2026-09-23T23:14:17.108+02:00, 0.281E-02, 3113.7657, 0.13216E+07
 1078500,2026-09-23T23:14:28.622+02:00, 0.273E-02, 3114.0321, 0.13218E+07
 1078600,2026-09-23T23:14:39.912+02:00, 0.274E-02, 3114.3010, 0.13219E+07
 1078700,2026-09-23T23:14:51.855+02:00, 0.275E-02, 3114.5637, 0.13220E+07
 1078800,2026-09-23T23:15:03.120+02:00, 0.261E-02, 3114.8301, 0.13222E+07
 1078900,2026-09-23T23:15:14.878+02:00, 0.241E-02, 3115.1001, 0.13223E+07
 1079000,2026-09-23T23:15:26.202+02:00, 0.254E-02, 3115.3529, 0.13225E+07
 1079100,2026-09-23T23:15:37.118+02:00, 0.273E-02, 3115.6259, 0.13226E+07
 1079200,2026-09-23T23:15:48.411+02:00, 0.279E-02, 3115.8976, 0.13227E+07
 1079300,2026-09-23T23:15:59.588+02:00, 0.279E-02, 3116.1649, 0.13229E+07
 1079400,2026-09-23T23:16:11.093+02:00, 0.249E-02, 3116.4449, 0.13230E+07
 1079500,2026-09-23T23:16:21.918+02:00, 0.245E-02, 3116.7119, 0.13231E+07
 1079600,2026-09-23T23:16:32.971+02:00, 0.242E-02, 3116.9856, 0.13232E+07
 1079700,2026-09-23T23:16:43.942+02:00, 0.261E-02, 3117.2584, 0.13234E+07
 1079800,2026-09-23T23:16:55.131+02:00, 0.290E-02, 3117.5202, 0.13235E+07
 1079900,2026-09-23T23:17:06.998+02:00, 0.257E-02, 3117.8020, 0.13236E+07
 1080000,2026-09-23T23:17:17.909+02:00, 0.287E-02, 3118.0800, 0.13238E+07
 1080100,2026-09-23T23:17:28.921+02:00, 0.255E-02, 3118.3515, 0.13239E+07
 1080200,2026-09-23T23:17:39.636+02:00, 0.276E-02, 3118.6199, 0.13240E+07
 1080300,2026-09-23T23:17:50.586+02:00, 0.264E-02, 3118.8752, 0.13242E+07
 1080400,2026-09-23T23:18:02.365+02:00, 0.269E-02, 3119.1408, 0.13243E+07
 1080500,2026-09-23T23:18:13.085+02:00, 0.283E-02, 3119.4148, 0.13244E+07
 1080600,2026-09-23T23:18:24.180+02:00, 0.251E-02, 3119.6867, 0.13246E+07
 1080700,2026-09-23T23:18:35.027+02:00, 0.289E-02, 3119.9697, 0.13247E+07
 1080800,2026-09-23T23:18:46.658+02:00, 0.263E-02, 3120.2408, 0.13248E+07
 1080900,2026-09-23T23:18:57.857+02:00, 0.285E-02, 3120.5137, 0.13250E+07
 1081000,2026-09-23T23:19:09.713+02:00, 0.276E-02, 3120.7865, 0.13251E+07
 1081100,2026-09-23T23:19:20.995+02:00, 0.294E-02, 3121.0578, 0.13252E+07
 1081200,2026-09-23T23:19:32.152+02:00, 0.278E-02, 3121.3279, 0.13254E+07
 1081300,2026-09-23T23:19:43.413+02:00, 0.273E-02, 3121.6012, 0.13255E+07
 1081400,2026-09-23T23:19:54.690+02:00, 0.272E-02, 3121.8760, 0.13256E+07
 1081500,2026-09-23T23:20:06.322+02:00, 0.278E-02, 3122.1488, 0.13258E+07
 1081600,2026-09-23T23:20:16.988+02:00, 0.238E-02, 3122.4266, 0.13259E+07
 1081700,2026-09-23T23:20:28.119+02:00, 0.274E-02, 3122.6992, 0.13260E+07
 1081800,2026-09-23T23:20:39.331+02:00, 0.268E-02, 3122.9676, 0.13262E+07
 1081900,2026-09-23T23:20:51.419+02:00, 0.280E-02, 3123.2463, 0.13263E+07
 1082000,2026-09-23T23:21:02.646+02:00, 0.291E-02, 3123.5255, 0.13264E+07
 1082100,2026-09-23T23:21:13.969+02:00, 0.273E-02, 3123.8008, 0.13266E+07
 1082200,2026-09-23T23:21:25.481+02:00, 0.297E-02, 3124.0681, 0.13267E+07
 1082300,2026-09-23T23:21:37.250+02:00, 0.280E-02, 3124.3537, 0.13268E+07
 1082400,2026-09-23T23:21:49.230+02:00, 0.282E-02, 3124.6279, 0.13270E+07
 1082500,2026-09-23T23:22:00.937+02:00, 0.242E-02, 3124.8973, 0.13271E+07
 1082600,2026-09-23T23:22:11.578+02:00, 0.260E-02, 3125.1687, 0.13272E+07
 1082700,2026-09-23T23:22:22.729+02:00, 0.267E-02, 3125.4350, 0.13274E+07
 1082800,2026-09-23T23:22:34.533+02:00, 0.289E-02, 3125.7043, 0.13275E+07
 1082900,2026-09-23T23:22:45.902+02:00, 0.270E-02, 3125.9761, 0.13276E+07
 1083000,2026-09-23T23:22:57.743+02:00, 0.269E-02, 3126.2539, 0.13278E+07
 1083100,2026-09-23T23:23:09.090+02:00, 0.289E-02, 3126.5257, 0.13279E+07
 1083200,2026-09-23T23:23:19.807+02:00, 0.279E-02, 3126.8011, 0.13280E+07
 1083300,2026-09-23T23:23:30.654+02:00, 0.272E-02, 3127.0697, 0.13282E+07
 1083400,2026-09-23T23:23:42.029+02:00, 0.295E-02, 3127.3513, 0.13283E+07
 1083500,2026-09-23T23:23:53.585+02:00, 0.287E-02, 3127.6423, 0.13284E+07
 1083600,2026-09-23T23:24:03.885+02:00, 0.278E-02, 3127.9186, 0.13286E+07
 1083700,2026-09-23T23:24:14.427+02:00, 0.275E-02, 3128.1949, 0.13287E+07
 1083800,2026-09-23T23:24:25.144+02:00, 0.271E-02, 3128.4644, 0.13288E+07
 1083900,2026-09-23T23:24:36.090+02:00, 0.290E-02, 3128.7341, 0.13289E+07
 1084000,2026-09-23T23:24:46.569+02:00, 0.276E-02, 3129.0036, 0.13291E+07
 1084100,2026-09-23T23:24:58.116+02:00, 0.273E-02, 3129.2738, 0.13292E+07
 1084200,2026-09-23T23:25:09.254+02:00, 0.265E-02, 3129.5433, 0.13293E+07
 1084300,2026-09-23T23:25:20.633+02:00, 0.260E-02, 3129.8094, 0.13295E+07
 1084400,2026-09-23T23:25:32.093+02:00, 0.282E-02, 3130.0895, 0.13296E+07
 1084500,2026-09-23T23:25:42.780+02:00, 0.276E-02, 3130.3646, 0.13297E+07
 1084600,2026-09-23T23:25:53.796+02:00, 0.255E-02, 3130.6327, 0.13299E+07
 1084700,2026-09-23T23:26:05.293+02:00, 0.271E-02, 3130.9109, 0.13300E+07
 1084800,2026-09-23T23:26:16.968+02:00, 0.268E-02, 3131.1737, 0.13301E+07
 1084900,2026-09-23T23:26:28.631+02:00, 0.283E-02, 3131.4496, 0.13303E+07
 1085000,2026-09-23T23:26:39.881+02:00, 0.284E-02, 3131.7230, 0.13304E+07
 1085100,2026-09-23T23:26:50.702+02:00, 0.270E-02, 3131.9934, 0.13305E+07
 1085200,2026-09-23T23:27:01.031+02:00, 0.281E-02, 3132.2637, 0.13307E+07
 1085300,2026-09-23T23:27:12.327+02:00, 0.281E-02, 3132.5448, 0.13308E+07
 1085400,2026-09-23T23:27:23.551+02:00, 0.274E-02, 3132.8222, 0.13309E+07
 1085500,2026-09-23T23:27:34.968+02:00, 0.270E-02, 3133.0931, 0.13311E+07
 1085600,2026-09-23T23:27:46.168+02:00, 0.290E-02, 3133.3758, 0.13312E+07
 1085700,2026-09-23T23:27:56.996+02:00, 0.280E-02, 3133.6519, 0.13313E+07
 1085800,2026-09-23T23:28:09.495+02:00, 0.285E-02, 3133.9318, 0.13315E+07
 1085900,2026-09-23T23:28:21.112+02:00, 0.278E-02, 3134.2101, 0.13316E+07
 1086000,2026-09-23T23:28:32.888+02:00, 0.278E-02, 3134.4844, 0.13317E+07
 1086100,2026-09-23T23:28:44.955+02:00, 0.300E-02, 3134.7635, 0.13319E+07
 1086200,2026-09-23T23:28:56.190+02:00, 0.271E-02, 3135.0345, 0.13320E+07
 1086300,2026-09-23T23:29:07.699+02:00, 0.251E-02, 3135.3131, 0.13321E+07
 1086400,2026-09-23T23:29:19.456+02:00, 0.285E-02, 3135.5968, 0.13323E+07
 1086500,2026-09-23T23:29:30.743+02:00, 0.280E-02, 3135.8782, 0.13324E+07
 1086600,2026-09-23T23:29:41.818+02:00, 0.284E-02, 3136.1504, 0.13325E+07
 1086700,2026-09-23T23:29:53.565+02:00, 0.286E-02, 3136.4254, 0.13327E+07
 1086800,2026-09-23T23:30:04.910+02:00, 0.267E-02, 3136.6912, 0.13328E+07
 1086900,2026-09-23T23:30:16.574+02:00, 0.291E-02, 3136.9577, 0.13330E+07
 1087000,2026-09-23T23:30:27.162+02:00, 0.260E-02, 3137.2299, 0.13331E+07
 1087100,2026-09-23T23:30:37.923+02:00, 0.286E-02, 3137.5018, 0.13332E+07
 1087200,2026-09-23T23:30:48.682+02:00, 0.294E-02, 3137.7780, 0.13333E+07
 1087300,2026-09-23T23:30:59.118+02:00, 0.272E-02, 3138.0494, 0.13335E+07
 1087400,2026-09-23T23:31:10.619+02:00, 0.260E-02, 3138.3315, 0.13336E+07
 1087500,2026-09-23T23:31:25.085+02:00, 0.246E-02, 3138.6102, 0.13338E+07
 1087600,2026-09-23T23:31:37.403+02:00, 0.268E-02, 3138.8637, 0.13339E+07
 1087700,2026-09-23T23:31:49.480+02:00, 0.251E-02, 3139.1236, 0.13340E+07
 1087800,2026-09-23T23:32:01.446+02:00, 0.280E-02, 3139.3957, 0.13342E+07
 1087900,2026-09-23T23:32:12.526+02:00, 0.269E-02, 3139.6537, 0.13343E+07
 1088000,2026-09-23T23:32:23.858+02:00, 0.270E-02, 3139.9243, 0.13344E+07
 1088100,2026-09-23T23:32:34.555+02:00, 0.276E-02, 3140.1928, 0.13346E+07
 1088200,2026-09-23T23:32:44.845+02:00, 0.269E-02, 3140.4641, 0.13347E+07
 1088300,2026-09-23T23:32:55.418+02:00, 0.282E-02, 3140.7410, 0.13348E+07
 1088400,2026-09-23T23:33:06.173+02:00, 0.291E-02, 3141.0056, 0.13350E+07
 1088500,2026-09-23T23:33:17.237+02:00, 0.271E-02, 3141.2831, 0.13351E+07
 1088600,2026-09-23T23:33:28.463+02:00, 0.281E-02, 3141.5698, 0.13352E+07
 1088700,2026-09-23T23:33:39.753+02:00, 0.248E-02, 3141.8411, 0.13354E+07
 1088800,2026-09-23T23:33:51.106+02:00, 0.250E-02, 3142.1050, 0.13355E+07
 1088900,2026-09-23T23:34:02.049+02:00, 0.270E-02, 3142.3718, 0.13356E+07
 1089000,2026-09-23T23:34:13.003+02:00, 0.264E-02, 3142.6400, 0.13357E+07
 1089100,2026-09-23T23:34:23.721+02:00, 0.279E-02, 3142.9143, 0.13359E+07
 1089200,2026-09-23T23:34:34.104+02:00, 0.291E-02, 3143.1885, 0.13360E+07
 1089300,2026-09-23T23:34:44.376+02:00, 0.279E-02, 3143.4646, 0.13361E+07
 1089400,2026-09-23T23:34:55.552+02:00, 0.284E-02, 3143.7418, 0.13363E+07
 1089500,2026-09-23T23:35:07.215+02:00, 0.289E-02, 3144.0174, 0.13364E+07
 1089600,2026-09-23T23:35:19.084+02:00, 0.285E-02, 3144.3037, 0.13365E+07
 1089700,2026-09-23T23:35:30.766+02:00, 0.247E-02, 3144.5808, 0.13367E+07
 1089800,2026-09-23T23:35:42.073+02:00, 0.288E-02, 3144.8482, 0.13368E+07
 1089900,2026-09-23T23:35:53.424+02:00, 0.297E-02, 3145.1282, 0.13369E+07
 1090000,2026-09-23T23:36:04.558+02:00, 0.271E-02, 3145.3982, 0.13371E+07
 1090100,2026-09-23T23:36:15.178+02:00, 0.267E-02, 3145.6757, 0.13372E+07
 1090200,2026-09-23T23:36:26.059+02:00, 0.284E-02, 3145.9562, 0.13373E+07
 1090300,2026-09-23T23:36:36.921+02:00, 0.280E-02, 3146.2252, 0.13375E+07
 1090400,2026-09-23T23:36:48.214+02:00, 0.254E-02, 3146.4898, 0.13376E+07
 1090500,2026-09-23T23:37:00.172+02:00, 0.237E-02, 3146.7605, 0.13377E+07
 1090600,2026-09-23T23:37:11.680+02:00, 0.275E-02, 3147.0295, 0.13379E+07
 1090700,2026-09-23T23:37:23.186+02:00, 0.272E-02, 3147.2990, 0.13380E+07
 1090800,2026-09-23T23:37:34.536+02:00, 0.273E-02, 3147.5837, 0.13381E+07
 1090900,2026-09-23T23:37:45.889+02:00, 0.286E-02, 3147.8707, 0.13383E+07
 1091000,2026-09-23T23:37:57.252+02:00, 0.286E-02, 3148.1567, 0.13384E+07
 1091100,2026-09-23T23:38:09.181+02:00, 0.279E-02, 3148.4241, 0.13385E+07
 1091200,2026-09-23T23:38:20.012+02:00, 0.279E-02, 3148.7032, 0.13387E+07
 1091300,2026-09-23T23:38:30.747+02:00, 0.276E-02, 3148.9958, 0.13388E+07
 1091400,2026-09-23T23:38:41.800+02:00, 0.262E-02, 3149.2815, 0.13389E+07
 1091500,2026-09-23T23:38:52.663+02:00, 0.254E-02, 3149.5598, 0.13391E+07
 1091600,2026-09-23T23:39:03.579+02:00, 0.247E-02, 3149.8207, 0.13392E+07
 1091700,2026-09-23T23:39:14.921+02:00, 0.272E-02, 3150.0820, 0.13393E+07
 1091800,2026-09-23T23:39:26.133+02:00, 0.292E-02, 3150.3438, 0.13395E+07
 1091900,2026-09-23T23:39:36.563+02:00, 0.288E-02, 3150.6311, 0.13396E+07
 1092000,2026-09-23T23:39:46.970+02:00, 0.278E-02, 3150.9065, 0.13397E+07
 1092100,2026-09-23T23:39:58.022+02:00, 0.278E-02, 3151.1849, 0.13398E+07
 1092200,2026-09-23T23:40:08.507+02:00, 0.282E-02, 3151.4655, 0.13400E+07
 1092300,2026-09-23T23:40:19.524+02:00, 0.275E-02, 3151.7406, 0.13401E+07
 1092400,2026-09-23T23:40:31.038+02:00, 0.257E-02, 3152.0149, 0.13402E+07
 1092500,2026-09-23T23:40:41.779+02:00, 0.301E-02, 3152.2950, 0.13404E+07
 1092600,2026-09-23T23:40:52.122+02:00, 0.291E-02, 3152.5830, 0.13405E+07
 1092700,2026-09-23T23:41:02.416+02:00, 0.282E-02, 3152.8644, 0.13406E+07
 1092800,2026-09-23T23:41:12.882+02:00, 0.278E-02, 3153.1379, 0.13407E+07
 1092900,2026-09-23T23:41:23.977+02:00, 0.270E-02, 3153.4019, 0.13409E+07
 1093000,2026-09-23T23:41:34.374+02:00, 0.297E-02, 3153.6873, 0.13410E+07
 1093100,2026-09-23T23:41:44.906+02:00, 0.267E-02, 3153.9674, 0.13411E+07
 1093200,2026-09-23T23:41:55.118+02:00, 0.294E-02, 3154.2574, 0.13412E+07
 1093300,2026-09-23T23:42:05.722+02:00, 0.299E-02, 3154.5446, 0.13414E+07
 1093400,2026-09-23T23:42:16.196+02:00, 0.282E-02, 3154.8277, 0.13415E+07
 1093500,2026-09-23T23:42:26.932+02:00, 0.266E-02, 3155.1109, 0.13416E+07
 1093600,2026-09-23T23:42:37.600+02:00, 0.293E-02, 3155.3903, 0.13417E+07
 1093700,2026-09-23T23:42:48.073+02:00, 0.278E-02, 3155.6632, 0.13419E+07
 1093800,2026-09-23T23:42:58.477+02:00, 0.234E-02, 3155.9297, 0.13420E+07
 1093900,2026-09-23T23:43:09.349+02:00, 0.268E-02, 3156.1994, 0.13421E+07
 1094000,2026-09-23T23:43:20.279+02:00, 0.288E-02, 3156.4821, 0.13422E+07
 1094100,2026-09-23T23:43:31.044+02:00, 0.275E-02, 3156.7625, 0.13424E+07
 1094200,2026-09-23T23:43:41.400+02:00, 0.270E-02, 3157.0336, 0.13425E+07
 1094300,2026-09-23T23:43:51.581+02:00, 0.271E-02, 3157.3041, 0.13426E+07
 1094400,2026-09-23T23:44:01.895+02:00, 0.259E-02, 3157.5833, 0.13427E+07
 1094500,2026-09-23T23:44:12.306+02:00, 0.266E-02, 3157.8686, 0.13429E+07
 1094600,2026-09-23T23:44:22.827+02:00, 0.277E-02, 3158.1411, 0.13430E+07
 1094700,2026-09-23T23:44:33.452+02:00, 0.287E-02, 3158.4164, 0.13431E+07
 1094800,2026-09-23T23:44:44.230+02:00, 0.290E-02, 3158.6908, 0.13432E+07
 1094900,2026-09-23T23:44:54.823+02:00, 0.270E-02, 3158.9626, 0.13434E+07
 1095000,2026-09-23T23:45:05.317+02:00, 0.235E-02, 3159.2320, 0.13435E+07
 1095100,2026-09-23T23:45:15.431+02:00, 0.275E-02, 3159.5019, 0.13436E+07
 1095200,2026-09-23T23:45:25.917+02:00, 0.269E-02, 3159.7703, 0.13437E+07
 1095300,2026-09-23T23:45:36.839+02:00, 0.284E-02, 3160.0491, 0.13439E+07
 1095400,2026-09-23T23:45:47.258+02:00, 0.286E-02, 3160.3267, 0.13440E+07
 1095500,2026-09-23T23:45:57.845+02:00, 0.276E-02, 3160.6011, 0.13441E+07
 1095600,2026-09-23T23:46:08.261+02:00, 0.296E-02, 3160.8864, 0.13443E+07
 1095700,2026-09-23T23:46:18.725+02:00, 0.285E-02, 3161.1711, 0.13444E+07
 1095800,2026-09-23T23:46:29.212+02:00, 0.256E-02, 3161.4384, 0.13445E+07
 1095900,2026-09-23T23:46:40.557+02:00, 0.251E-02, 3161.7072, 0.13446E+07
 1096000,2026-09-23T23:46:51.465+02:00, 0.281E-02, 3161.9738, 0.13448E+07
 1096100,2026-09-23T23:47:02.532+02:00, 0.267E-02, 3162.2404, 0.13449E+07
 1096200,2026-09-23T23:47:13.007+02:00, 0.285E-02, 3162.5172, 0.13450E+07
 1096300,2026-09-23T23:47:23.355+02:00, 0.285E-02, 3162.8019, 0.13452E+07
 1096400,2026-09-23T23:47:33.643+02:00, 0.285E-02, 3163.0866, 0.13453E+07
 1096500,2026-09-23T23:47:43.854+02:00, 0.285E-02, 3163.3712, 0.13454E+07
 1096600,2026-09-23T23:47:54.047+02:00, 0.285E-02, 3163.6559, 0.13455E+07
 1096700,2026-09-23T23:48:04.786+02:00, 0.277E-02, 3163.9314, 0.13456E+07
 1096800,2026-09-23T23:48:14.891+02:00, 0.277E-02, 3164.2082, 0.13458E+07
 1096900,2026-09-23T23:48:25.152+02:00, 0.288E-02, 3164.4734, 0.13459E+07
 1097000,2026-09-23T23:48:35.741+02:00, 0.254E-02, 3164.7508, 0.13460E+07
 1097100,2026-09-23T23:48:46.330+02:00, 0.271E-02, 3165.0201, 0.13461E+07
 1097200,2026-09-23T23:48:56.328+02:00, 0.271E-02, 3165.2910, 0.13463E+07
 1097300,2026-09-23T23:49:06.462+02:00, 0.292E-02, 3165.5798, 0.13464E+07
 1097400,2026-09-23T23:49:16.852+02:00, 0.260E-02, 3165.8732, 0.13465E+07
 1097500,2026-09-23T23:49:27.242+02:00, 0.272E-02, 3166.1495, 0.13466E+07
 1097600,2026-09-23T23:49:37.569+02:00, 0.272E-02, 3166.4211, 0.13467E+07
 1097700,2026-09-23T23:49:48.074+02:00, 0.299E-02, 3166.6989, 0.13469E+07
 1097800,2026-09-23T23:49:58.797+02:00, 0.285E-02, 3166.9877, 0.13470E+07
 1097900,2026-09-23T23:50:09.007+02:00, 0.306E-02, 3167.2612, 0.13471E+07
 1098000,2026-09-23T23:50:19.659+02:00, 0.265E-02, 3167.5483, 0.13473E+07
 1098100,2026-09-23T23:50:30.715+02:00, 0.285E-02, 3167.8204, 0.13474E+07
 1098200,2026-09-23T23:50:41.484+02:00, 0.293E-02, 3168.0866, 0.13475E+07
 1098300,2026-09-23T23:50:52.357+02:00, 0.290E-02, 3168.3735, 0.13476E+07
 1098400,2026-09-23T23:51:02.896+02:00, 0.280E-02, 3168.6531, 0.13478E+07
 1098500,2026-09-23T23:51:13.486+02:00, 0.295E-02, 3168.9337, 0.13479E+07
 1098600,2026-09-23T23:51:23.978+02:00, 0.283E-02, 3169.2157, 0.13480E+07
 1098700,2026-09-23T23:51:34.430+02:00, 0.277E-02, 3169.4897, 0.13481E+07
 1098800,2026-09-23T23:51:45.000+02:00, 0.242E-02, 3169.7619, 0.13483E+07
 1098900,2026-09-23T23:51:55.470+02:00, 0.273E-02, 3170.0308, 0.13484E+07
 1099000,2026-09-23T23:52:05.970+02:00, 0.292E-02, 3170.3051, 0.13485E+07
 1099100,2026-09-23T23:52:16.413+02:00, 0.269E-02, 3170.5708, 0.13486E+07
 1099200,2026-09-23T23:52:26.887+02:00, 0.282E-02, 3170.8334, 0.13488E+07
 1099300,2026-09-23T23:52:37.196+02:00, 0.274E-02, 3171.1099, 0.13489E+07
 1099400,2026-09-23T23:52:47.682+02:00, 0.266E-02, 3171.3780, 0.13490E+07
 1099500,2026-09-23T23:52:58.142+02:00, 0.261E-02, 3171.6440, 0.13491E+07
 1099600,2026-09-23T23:53:08.414+02:00, 0.277E-02, 3171.9146, 0.13493E+07
 1099700,2026-09-23T23:53:19.042+02:00, 0.268E-02, 3172.1903, 0.13494E+07
 1099800,2026-09-23T23:53:29.731+02:00, 0.268E-02, 3172.4503, 0.13495E+07
 1099900,2026-09-23T23:53:40.543+02:00, 0.294E-02, 3172.7198, 0.13497E+07
 1100000,2026-09-23T23:53:50.986+02:00, 0.277E-02, 3172.9946, 0.13498E+07
 1100100,2026-09-23T23:54:01.199+02:00, 0.277E-02, 3173.2712, 0.13499E+07
 1100200,2026-09-23T23:54:11.579+02:00, 0.249E-02, 3173.5437, 0.13500E+07
 1100300,2026-09-23T23:54:22.116+02:00, 0.287E-02, 3173.8172, 0.13501E+07
 1100400,2026-09-23T23:54:32.545+02:00, 0.276E-02, 3174.0991, 0.13503E+07
 1100500,2026-09-23T23:54:43.307+02:00, 0.278E-02, 3174.3691, 0.13504E+07
 1100600,2026-09-23T23:54:54.097+02:00, 0.262E-02, 3174.6275, 0.13505E+07
 1100700,2026-09-23T23:55:05.515+02:00, 0.259E-02, 3174.8994, 0.13507E+07
 1100800,2026-09-23T23:55:16.903+02:00, 0.272E-02, 3175.1617, 0.13508E+07
 1100900,2026-09-23T23:55:27.765+02:00, 0.279E-02, 3175.4296, 0.13509E+07
 1101000,2026-09-23T23:55:38.431+02:00, 0.257E-02, 3175.7080, 0.13511E+07
 1101100,2026-09-23T23:55:49.357+02:00, 0.273E-02, 3175.9719, 0.13512E+07
 1101200,2026-09-23T23:56:00.385+02:00, 0.266E-02, 3176.2378, 0.13513E+07
 1101300,2026-09-23T23:56:11.344+02:00, 0.298E-02, 3176.5231, 0.13514E+07
 1101400,2026-09-23T23:56:22.078+02:00, 0.242E-02, 3176.7965, 0.13516E+07
 1101500,2026-09-23T23:56:32.981+02:00, 0.274E-02, 3177.0600, 0.13517E+07
 1101600,2026-09-23T23:56:43.448+02:00, 0.260E-02, 3177.3281, 0.13518E+07
 1101700,2026-09-23T23:56:53.563+02:00, 0.295E-02, 3177.5972, 0.13520E+07
 1101800,2026-09-23T23:57:04.146+02:00, 0.277E-02, 3177.8736, 0.13521E+07
 1101900,2026-09-23T23:57:14.546+02:00, 0.277E-02, 3178.1501, 0.13522E+07
 1102000,2026-09-23T23:57:25.105+02:00, 0.263E-02, 3178.4139, 0.13523E+07
 1102100,2026-09-23T23:57:35.930+02:00, 0.277E-02, 3178.6831, 0.13525E+07
 1102200,2026-09-23T23:57:46.483+02:00, 0.300E-02, 3178.9738, 0.13526E+07
 1102300,2026-09-23T23:57:56.632+02:00, 0.276E-02, 3179.2474, 0.13527E+07
 1102400,2026-09-23T23:58:07.351+02:00, 0.275E-02, 3179.5230, 0.13528E+07
 1102500,2026-09-23T23:58:18.146+02:00, 0.260E-02, 3179.7866, 0.13530E+07
 1102600,2026-09-23T23:58:29.494+02:00, 0.280E-02, 3180.0597, 0.13531E+07
 1102700,2026-09-23T23:58:39.904+02:00, 0.275E-02, 3180.3355, 0.13532E+07
 1102800,2026-09-23T23:58:50.263+02:00, 0.299E-02, 3180.6205, 0.13533E+07
 1102900,2026-09-23T23:59:00.657+02:00, 0.257E-02, 3180.8817, 0.13535E+07
 1103000,2026-09-23T23:59:11.008+02:00, 0.269E-02, 3181.1501, 0.13536E+07
 1103100,2026-09-23T23:59:21.149+02:00, 0.266E-02, 3181.4131, 0.13537E+07
 1103200,2026-09-23T23:59:31.211+02:00, 0.293E-02, 3181.6808, 0.13538E+07
 1103300,2026-09-23T23:59:41.663+02:00, 0.296E-02, 3181.9578, 0.13540E+07
 1103400,2026-09-23T23:59:52.095+02:00, 0.275E-02, 3182.2348, 0.13541E+07
 1103500,2026-09-24T00:00:02.836+02:00, 0.281E-02, 3182.4980, 0.13542E+07
 1103600,2026-09-24T00:00:13.718+02:00, 0.284E-02, 3182.7821, 0.13543E+07
 1103700,2026-09-24T00:00:24.698+02:00, 0.249E-02, 3183.0516, 0.13545E+07
 1103800,2026-09-24T00:00:35.523+02:00, 0.274E-02, 3183.3239, 0.13546E+07
 1103900,2026-09-24T00:00:45.803+02:00, 0.297E-02, 3183.6021, 0.13547E+07
 1104000,2026-09-24T00:00:56.174+02:00, 0.273E-02, 3183.8778, 0.13548E+07
 1104100,2026-09-24T00:01:06.461+02:00, 0.269E-02, 3184.1470, 0.13550E+07
 1104200,2026-09-24T00:01:16.794+02:00, 0.236E-02, 3184.4058, 0.13551E+07
 1104300,2026-09-24T00:01:27.672+02:00, 0.274E-02, 3184.6675, 0.13552E+07
 1104400,2026-09-24T00:01:38.586+02:00, 0.233E-02, 3184.9410, 0.13554E+07
 1104500,2026-09-24T00:01:49.710+02:00, 0.287E-02, 3185.2077, 0.13555E+07
 1104600,2026-09-24T00:02:00.588+02:00, 0.282E-02, 3185.4845, 0.13556E+07
 1104700,2026-09-24T00:02:11.346+02:00, 0.262E-02, 3185.7516, 0.13557E+07
 1104800,2026-09-24T00:02:21.833+02:00, 0.251E-02, 3186.0071, 0.13559E+07
 1104900,2026-09-24T00:02:32.012+02:00, 0.276E-02, 3186.2802, 0.13560E+07
 1105000,2026-09-24T00:02:42.158+02:00, 0.266E-02, 3186.5454, 0.13561E+07
 1105100,2026-09-24T00:02:52.331+02:00, 0.233E-02, 3186.8229, 0.13562E+07
 1105200,2026-09-24T00:03:02.748+02:00, 0.243E-02, 3187.0865, 0.13564E+07
 1105300,2026-09-24T00:03:12.965+02:00, 0.268E-02, 3187.3528, 0.13565E+07
 1105400,2026-09-24T00:03:23.550+02:00, 0.293E-02, 3187.6186, 0.13566E+07
 1105500,2026-09-24T00:03:33.997+02:00, 0.275E-02, 3187.8959, 0.13567E+07
 1105600,2026-09-24T00:03:44.622+02:00, 0.295E-02, 3188.1694, 0.13569E+07
 1105700,2026-09-24T00:03:55.000+02:00, 0.285E-02, 3188.4493, 0.13570E+07
 1105800,2026-09-24T00:04:05.189+02:00, 0.285E-02, 3188.7344, 0.13571E+07
 1105900,2026-09-24T00:04:15.634+02:00, 0.281E-02, 3189.0168, 0.13572E+07
 1106000,2026-09-24T00:04:26.076+02:00, 0.274E-02, 3189.2808, 0.13574E+07
 1106100,2026-09-24T00:04:36.707+02:00, 0.289E-02, 3189.5485, 0.13575E+07
 1106200,2026-09-24T00:04:47.129+02:00, 0.282E-02, 3189.8345, 0.13576E+07
 1106300,2026-09-24T00:04:57.477+02:00, 0.293E-02, 3190.1158, 0.13577E+07
 1106400,2026-09-24T00:05:07.667+02:00, 0.286E-02, 3190.4027, 0.13578E+07
 1106500,2026-09-24T00:05:18.077+02:00, 0.280E-02, 3190.6850, 0.13580E+07
 1106600,2026-09-24T00:05:28.543+02:00, 0.287E-02, 3190.9543, 0.13581E+07
 1106700,2026-09-24T00:05:39.099+02:00, 0.281E-02, 3191.2371, 0.13582E+07
 1106800,2026-09-24T00:05:49.682+02:00, 0.271E-02, 3191.5146, 0.13584E+07
 1106900,2026-09-24T00:06:00.498+02:00, 0.271E-02, 3191.7861, 0.13585E+07
 1107000,2026-09-24T00:06:11.639+02:00, 0.284E-02, 3192.0656, 0.13586E+07
 1107100,2026-09-24T00:06:22.832+02:00, 0.300E-02, 3192.3400, 0.13587E+07
 1107200,2026-09-24T00:06:33.870+02:00, 0.287E-02, 3192.6265, 0.13589E+07
 1107300,2026-09-24T00:06:44.399+02:00, 0.281E-02, 3192.9088, 0.13590E+07
 1107400,2026-09-24T00:06:54.859+02:00, 0.273E-02, 3193.1844, 0.13591E+07
 1107500,2026-09-24T00:07:05.392+02:00, 0.261E-02, 3193.4508, 0.13593E+07
 1107600,2026-09-24T00:07:16.993+02:00, 0.284E-02, 3193.7190, 0.13594E+07
 1107700,2026-09-24T00:07:28.201+02:00, 0.276E-02, 3193.9960, 0.13595E+07
 1107800,2026-09-24T00:07:38.707+02:00, 0.292E-02, 3194.2683, 0.13597E+07
 1107900,2026-09-24T00:07:49.049+02:00, 0.274E-02, 3194.5424, 0.13598E+07
 1108000,2026-09-24T00:07:59.902+02:00, 0.258E-02, 3194.8216, 0.13599E+07
 1108100,2026-09-24T00:08:11.405+02:00, 0.284E-02, 3195.1011, 0.13600E+07
 1108200,2026-09-24T00:08:22.078+02:00, 0.267E-02, 3195.3640, 0.13602E+07
 1108300,2026-09-24T00:08:32.852+02:00, 0.265E-02, 3195.6371, 0.13603E+07
 1108400,2026-09-24T00:08:43.942+02:00, 0.271E-02, 3195.9066, 0.13604E+07
 1108500,2026-09-24T00:08:54.659+02:00, 0.271E-02, 3196.1774, 0.13606E+07
 1108600,2026-09-24T00:09:05.593+02:00, 0.259E-02, 3196.4404, 0.13607E+07
 1108700,2026-09-24T00:09:16.286+02:00, 0.265E-02, 3196.7138, 0.13608E+07
 1108800,2026-09-24T00:09:26.738+02:00, 0.293E-02, 3196.9774, 0.13609E+07
 1108900,2026-09-24T00:09:37.466+02:00, 0.240E-02, 3197.2347, 0.13611E+07
 1109000,2026-09-24T00:09:48.349+02:00, 0.263E-02, 3197.5026, 0.13612E+07
 1109100,2026-09-24T00:09:58.966+02:00, 0.290E-02, 3197.7802, 0.13613E+07
 1109200,2026-09-24T00:10:09.463+02:00, 0.305E-02, 3198.0631, 0.13614E+07
 1109300,2026-09-24T00:10:19.939+02:00, 0.272E-02, 3198.3384, 0.13616E+07
 1109400,2026-09-24T00:10:30.495+02:00, 0.268E-02, 3198.6061, 0.13617E+07
 1109500,2026-09-24T00:10:41.142+02:00, 0.263E-02, 3198.8841, 0.13618E+07
 1109600,2026-09-24T00:10:52.013+02:00, 0.274E-02, 3199.1615, 0.13620E+07
 1109700,2026-09-24T00:11:02.882+02:00, 0.274E-02, 3199.4359, 0.13621E+07
 1109800,2026-09-24T00:11:13.407+02:00, 0.265E-02, 3199.7021, 0.13622E+07
 1109900,2026-09-24T00:11:23.956+02:00, 0.257E-02, 3199.9682, 0.13623E+07
 1110000,2026-09-24T00:11:34.682+02:00, 0.296E-02, 3200.2411, 0.13625E+07
 1110100,2026-09-24T00:11:45.299+02:00, 0.267E-02, 3200.5181, 0.13626E+07
 1110200,2026-09-24T00:11:55.465+02:00, 0.267E-02, 3200.7853, 0.13627E+07
 1110300,2026-09-24T00:12:05.920+02:00, 0.289E-02, 3201.0486, 0.13628E+07
 1110400,2026-09-24T00:12:16.612+02:00, 0.257E-02, 3201.3350, 0.13630E+07
 1110500,2026-09-24T00:12:27.345+02:00, 0.246E-02, 3201.5980, 0.13631E+07
 1110600,2026-09-24T00:12:38.176+02:00, 0.270E-02, 3201.8585, 0.13632E+07
 1110700,2026-09-24T00:12:49.135+02:00, 0.263E-02, 3202.1210, 0.13634E+07
 1110800,2026-09-24T00:13:00.037+02:00, 0.262E-02, 3202.3836, 0.13635E+07
 1110900,2026-09-24T00:13:10.735+02:00, 0.280E-02, 3202.6502, 0.13636E+07
 1111000,2026-09-24T00:13:21.227+02:00, 0.244E-02, 3202.9170, 0.13637E+07
 1111100,2026-09-24T00:13:31.320+02:00, 0.277E-02, 3203.1880, 0.13639E+07
 1111200,2026-09-24T00:13:42.118+02:00, 0.266E-02, 3203.4667, 0.13640E+07
 1111300,2026-09-24T00:13:52.788+02:00, 0.278E-02, 3203.7394, 0.13641E+07
 1111400,2026-09-24T00:14:03.650+02:00, 0.269E-02, 3204.0037, 0.13642E+07
 1111500,2026-09-24T00:14:14.484+02:00, 0.278E-02, 3204.2914, 0.13644E+07
 1111600,2026-09-24T00:14:25.326+02:00, 0.261E-02, 3204.5557, 0.13645E+07
 1111700,2026-09-24T00:14:36.388+02:00, 0.234E-02, 3204.8237, 0.13646E+07
 1111800,2026-09-24T00:14:46.746+02:00, 0.291E-02, 3205.0938, 0.13648E+07
 1111900,2026-09-24T00:14:57.169+02:00, 0.271E-02, 3205.3647, 0.13649E+07
 1112000,2026-09-24T00:15:07.461+02:00, 0.291E-02, 3205.6303, 0.13650E+07
 1112100,2026-09-24T00:15:17.764+02:00, 0.280E-02, 3205.9105, 0.13651E+07
 1112200,2026-09-24T00:15:28.043+02:00, 0.285E-02, 3206.1964, 0.13653E+07
 1112300,2026-09-24T00:15:38.339+02:00, 0.268E-02, 3206.4905, 0.13654E+07
 1112400,2026-09-24T00:15:48.682+02:00, 0.280E-02, 3206.7737, 0.13655E+07
 1112500,2026-09-24T00:15:59.105+02:00, 0.303E-02, 3207.0609, 0.13656E+07
 1112600,2026-09-24T00:16:09.432+02:00, 0.249E-02, 3207.3386, 0.13657E+07
 1112700,2026-09-24T00:16:19.664+02:00, 0.292E-02, 3207.6149, 0.13659E+07
 1112800,2026-09-24T00:16:30.055+02:00, 0.288E-02, 3207.8953, 0.13660E+07
 1112900,2026-09-24T00:16:40.996+02:00, 0.261E-02, 3208.1664, 0.13661E+07
 1113000,2026-09-24T00:16:51.767+02:00, 0.287E-02, 3208.4501, 0.13663E+07
 1113100,2026-09-24T00:17:02.296+02:00, 0.292E-02, 3208.7240, 0.13664E+07
 1113200,2026-09-24T00:17:12.832+02:00, 0.296E-02, 3209.0085, 0.13665E+07
 1113300,2026-09-24T00:17:23.058+02:00, 0.286E-02, 3209.2921, 0.13666E+07
 1113400,2026-09-24T00:17:33.404+02:00, 0.280E-02, 3209.5724, 0.13668E+07
 1113500,2026-09-24T00:17:43.729+02:00, 0.267E-02, 3209.8467, 0.13669E+07
 1113600,2026-09-24T00:17:54.813+02:00, 0.279E-02, 3210.1270, 0.13670E+07
 1113700,2026-09-24T00:18:05.871+02:00, 0.285E-02, 3210.4095, 0.13671E+07
 1113800,2026-09-24T00:18:16.347+02:00, 0.285E-02, 3210.6949, 0.13673E+07
 1113900,2026-09-24T00:18:26.941+02:00, 0.232E-02, 3210.9798, 0.13674E+07
 1114000,2026-09-24T00:18:37.673+02:00, 0.264E-02, 3211.2433, 0.13675E+07
 1114100,2026-09-24T00:18:47.991+02:00, 0.295E-02, 3211.5097, 0.13676E+07
 1114200,2026-09-24T00:18:58.532+02:00, 0.272E-02, 3211.7824, 0.13678E+07
 1114300,2026-09-24T00:19:08.847+02:00, 0.282E-02, 3212.0617, 0.13679E+07
 1114400,2026-09-24T00:19:19.385+02:00, 0.277E-02, 3212.3380, 0.13680E+07
 1114500,2026-09-24T00:19:29.965+02:00, 0.253E-02, 3212.6120, 0.13681E+07
 1114600,2026-09-24T00:19:40.760+02:00, 0.276E-02, 3212.8853, 0.13683E+07
 1114700,2026-09-24T00:19:51.706+02:00, 0.253E-02, 3213.1587, 0.13684E+07
 1114800,2026-09-24T00:20:02.093+02:00, 0.276E-02, 3213.4332, 0.13685E+07
 1114900,2026-09-24T00:20:12.925+02:00, 0.273E-02, 3213.6929, 0.13687E+07
 1115000,2026-09-24T00:20:23.622+02:00, 0.274E-02, 3213.9564, 0.13688E+07
 1115100,2026-09-24T00:20:34.157+02:00, 0.230E-02, 3214.2314, 0.13689E+07
 1115200,2026-09-24T00:20:44.756+02:00, 0.279E-02, 3214.5001, 0.13690E+07
 1115300,2026-09-24T00:20:55.386+02:00, 0.266E-02, 3214.7641, 0.13692E+07
 1115400,2026-09-24T00:21:06.197+02:00, 0.278E-02, 3215.0303, 0.13693E+07
 1115500,2026-09-24T00:21:16.915+02:00, 0.248E-02, 3215.2992, 0.13694E+07
 1115600,2026-09-24T00:21:27.521+02:00, 0.245E-02, 3215.5633, 0.13695E+07
 1115700,2026-09-24T00:21:38.426+02:00, 0.270E-02, 3215.8310, 0.13697E+07
 1115800,2026-09-24T00:21:49.194+02:00, 0.290E-02, 3216.1091, 0.13698E+07
 1115900,2026-09-24T00:21:59.760+02:00, 0.274E-02, 3216.3891, 0.13699E+07
 1116000,2026-09-24T00:22:10.591+02:00, 0.292E-02, 3216.6551, 0.13701E+07
 1116100,2026-09-24T00:22:21.141+02:00, 0.283E-02, 3216.9376, 0.13702E+07
 1116200,2026-09-24T00:22:31.447+02:00, 0.276E-02, 3217.2167, 0.13703E+07
 1116300,2026-09-24T00:22:41.867+02:00, 0.265E-02, 3217.4838, 0.13704E+07
 1116400,2026-09-24T00:22:52.280+02:00, 0.279E-02, 3217.7629, 0.13706E+07
 1116500,2026-09-24T00:23:02.646+02:00, 0.279E-02, 3218.0415, 0.13707E+07
 1116600,2026-09-24T00:23:13.062+02:00, 0.263E-02, 3218.3069, 0.13708E+07
 1116700,2026-09-24T00:23:23.633+02:00, 0.290E-02, 3218.5788, 0.13709E+07
 1116800,2026-09-24T00:23:34.044+02:00, 0.295E-02, 3218.8524, 0.13711E+07
 1116900,2026-09-24T00:23:44.277+02:00, 0.247E-02, 3219.1287, 0.13712E+07
 1117000,2026-09-24T00:23:54.758+02:00, 0.260E-02, 3219.3916, 0.13713E+07
 1117100,2026-09-24T00:24:05.011+02:00, 0.272E-02, 3219.6571, 0.13714E+07
 1117200,2026-09-24T00:24:15.361+02:00, 0.258E-02, 3219.9259, 0.13715E+07
 1117300,2026-09-24T00:24:25.670+02:00, 0.278E-02, 3220.2034, 0.13717E+07
 1117400,2026-09-24T00:24:35.758+02:00, 0.283E-02, 3220.4905, 0.13718E+07
 1117500,2026-09-24T00:24:46.142+02:00, 0.255E-02, 3220.7736, 0.13719E+07
 1117600,2026-09-24T00:24:56.205+02:00, 0.252E-02, 3221.0514, 0.13720E+07
 1117700,2026-09-24T00:25:06.406+02:00, 0.265E-02, 3221.3253, 0.13722E+07
 1117800,2026-09-24T00:25:17.243+02:00, 0.288E-02, 3221.6073, 0.13723E+07
 1117900,2026-09-24T00:25:28.147+02:00, 0.268E-02, 3221.8708, 0.13724E+07
 1118000,2026-09-24T00:25:38.833+02:00, 0.246E-02, 3222.1340, 0.13725E+07
 1118100,2026-09-24T00:25:49.674+02:00, 0.254E-02, 3222.4077, 0.13727E+07
 1118200,2026-09-24T00:26:00.216+02:00, 0.279E-02, 3222.6860, 0.13728E+07
 1118300,2026-09-24T00:26:10.430+02:00, 0.273E-02, 3222.9598, 0.13729E+07
 1118400,2026-09-24T00:26:20.821+02:00, 0.272E-02, 3223.2308, 0.13730E+07
 1118500,2026-09-24T00:26:31.214+02:00, 0.260E-02, 3223.5093, 0.13732E+07
 1118600,2026-09-24T00:26:41.523+02:00, 0.286E-02, 3223.7928, 0.13733E+07
 1118700,2026-09-24T00:26:51.873+02:00, 0.279E-02, 3224.0762, 0.13734E+07
 1118800,2026-09-24T00:27:02.275+02:00, 0.299E-02, 3224.3585, 0.13735E+07
 1118900,2026-09-24T00:27:12.796+02:00, 0.254E-02, 3224.6502, 0.13737E+07
 1119000,2026-09-24T00:27:23.355+02:00, 0.280E-02, 3224.9300, 0.13738E+07
 1119100,2026-09-24T00:27:33.578+02:00, 0.272E-02, 3225.2016, 0.13739E+07
 1119200,2026-09-24T00:27:43.648+02:00, 0.252E-02, 3225.4862, 0.13740E+07
 1119300,2026-09-24T00:27:53.962+02:00, 0.283E-02, 3225.7694, 0.13742E+07
 1119400,2026-09-24T00:28:04.932+02:00, 0.275E-02, 3226.0427, 0.13743E+07
 1119500,2026-09-24T00:28:15.140+02:00, 0.254E-02, 3226.3142, 0.13744E+07
 1119600,2026-09-24T00:28:25.553+02:00, 0.245E-02, 3226.5852, 0.13745E+07
 1119700,2026-09-24T00:28:35.838+02:00, 0.290E-02, 3226.8643, 0.13747E+07
 1119800,2026-09-24T00:28:46.335+02:00, 0.262E-02, 3227.1356, 0.13748E+07
 1119900,2026-09-24T00:28:56.791+02:00, 0.277E-02, 3227.4123, 0.13749E+07
 1120000,2026-09-24T00:29:07.147+02:00, 0.274E-02, 3227.6868, 0.13750E+07
 1120100,2026-09-24T00:29:18.115+02:00, 0.285E-02, 3227.9513, 0.13752E+07
 1120200,2026-09-24T00:29:28.962+02:00, 0.283E-02, 3228.2318, 0.13753E+07
 1120300,2026-09-24T00:29:39.690+02:00, 0.271E-02, 3228.5048, 0.13754E+07
 1120400,2026-09-24T00:29:50.437+02:00, 0.282E-02, 3228.7645, 0.13755E+07
 1120500,2026-09-24T00:30:00.961+02:00, 0.271E-02, 3229.0353, 0.13757E+07
 1120600,2026-09-24T00:30:11.607+02:00, 0.245E-02, 3229.3008, 0.13758E+07
 1120700,2026-09-24T00:30:22.212+02:00, 0.294E-02, 3229.5760, 0.13759E+07
 1120800,2026-09-24T00:30:32.675+02:00, 0.288E-02, 3229.8585, 0.13760E+07
 1120900,2026-09-24T00:30:43.253+02:00, 0.293E-02, 3230.1327, 0.13762E+07
 1121000,2026-09-24T00:30:54.186+02:00, 0.268E-02, 3230.4026, 0.13763E+07
 1121100,2026-09-24T00:31:05.143+02:00, 0.259E-02, 3230.6704, 0.13764E+07
 1121200,2026-09-24T00:31:15.680+02:00, 0.292E-02, 3230.9351, 0.13766E+07
 1121300,2026-09-24T00:31:25.854+02:00, 0.288E-02, 3231.2199, 0.13767E+07
 1121400,2026-09-24T00:31:36.392+02:00, 0.259E-02, 3231.4928, 0.13768E+07
 1121500,2026-09-24T00:31:46.724+02:00, 0.283E-02, 3231.7601, 0.13769E+07
 1121600,2026-09-24T00:31:57.362+02:00, 0.279E-02, 3232.0346, 0.13771E+07
 1121700,2026-09-24T00:32:08.394+02:00, 0.279E-02, 3232.2961, 0.13772E+07
 1121800,2026-09-24T00:32:19.277+02:00, 0.284E-02, 3232.5655, 0.13773E+07
 1121900,2026-09-24T00:32:30.396+02:00, 0.270E-02, 3232.8363, 0.13775E+07
 1122000,2026-09-24T00:32:41.335+02:00, 0.238E-02, 3233.1043, 0.13776E+07
 1122100,2026-09-24T00:32:51.629+02:00, 0.279E-02, 3233.3759, 0.13777E+07
 1122200,2026-09-24T00:33:01.906+02:00, 0.298E-02, 3233.6518, 0.13778E+07
 1122300,2026-09-24T00:33:12.269+02:00, 0.275E-02, 3233.9305, 0.13780E+07
 1122400,2026-09-24T00:33:22.733+02:00, 0.292E-02, 3234.2130, 0.13781E+07
 1122500,2026-09-24T00:33:33.039+02:00, 0.282E-02, 3234.4901, 0.13782E+07
 1122600,2026-09-24T00:33:43.572+02:00, 0.277E-02, 3234.7664, 0.13783E+07
 1122700,2026-09-24T00:33:54.259+02:00, 0.262E-02, 3235.0310, 0.13785E+07
 1122800,2026-09-24T00:34:04.673+02:00, 0.288E-02, 3235.3048, 0.13786E+07
 1122900,2026-09-24T00:34:15.337+02:00, 0.243E-02, 3235.5904, 0.13787E+07
 1123000,2026-09-24T00:34:25.994+02:00, 0.265E-02, 3235.8671, 0.13788E+07
 1123100,2026-09-24T00:34:36.585+02:00, 0.287E-02, 3236.1511, 0.13790E+07
 1123200,2026-09-24T00:34:47.053+02:00, 0.283E-02, 3236.4329, 0.13791E+07
 1123300,2026-09-24T00:34:57.833+02:00, 0.286E-02, 3236.7023, 0.13792E+07
 1123400,2026-09-24T00:35:08.518+02:00, 0.298E-02, 3236.9744, 0.13793E+07
 1123500,2026-09-24T00:35:18.794+02:00, 0.286E-02, 3237.2534, 0.13795E+07
 1123600,2026-09-24T00:35:29.176+02:00, 0.267E-02, 3237.5269, 0.13796E+07
 1123700,2026-09-24T00:35:39.551+02:00, 0.289E-02, 3237.8036, 0.13797E+07
 1123800,2026-09-24T00:35:50.105+02:00, 0.274E-02, 3238.0746, 0.13798E+07
 1123900,2026-09-24T00:36:00.435+02:00, 0.287E-02, 3238.3459, 0.13800E+07
 1124000,2026-09-24T00:36:10.841+02:00, 0.304E-02, 3238.6273, 0.13801E+07
 1124100,2026-09-24T00:36:21.416+02:00, 0.304E-02, 3238.9310, 0.13802E+07
 1124200,2026-09-24T00:36:31.812+02:00, 0.280E-02, 3239.2148, 0.13803E+07
 1124300,2026-09-24T00:36:42.278+02:00, 0.276E-02, 3239.5009, 0.13805E+07
 1124400,2026-09-24T00:36:52.672+02:00, 0.292E-02, 3239.7672, 0.13806E+07
 1124500,2026-09-24T00:37:03.522+02:00, 0.270E-02, 3240.0412, 0.13807E+07
 1124600,2026-09-24T00:37:13.871+02:00, 0.270E-02, 3240.3112, 0.13808E+07
 1124700,2026-09-24T00:37:24.417+02:00, 0.246E-02, 3240.5877, 0.13810E+07
 1124800,2026-09-24T00:37:34.725+02:00, 0.266E-02, 3240.8543, 0.13811E+07
 1124900,2026-09-24T00:37:44.943+02:00, 0.278E-02, 3241.1139, 0.13812E+07
 1125000,2026-09-24T00:37:55.351+02:00, 0.266E-02, 3241.3852, 0.13813E+07
 1125100,2026-09-24T00:38:06.465+02:00, 0.277E-02, 3241.6612, 0.13815E+07
 1125200,2026-09-24T00:38:17.126+02:00, 0.268E-02, 3241.9183, 0.13816E+07
 1125300,2026-09-24T00:38:27.797+02:00, 0.295E-02, 3242.2013, 0.13817E+07
 1125400,2026-09-24T00:38:38.101+02:00, 0.277E-02, 3242.4807, 0.13818E+07
 1125500,2026-09-24T00:38:48.304+02:00, 0.270E-02, 3242.7537, 0.13820E+07
 1125600,2026-09-24T00:38:58.707+02:00, 0.284E-02, 3243.0213, 0.13821E+07
 1125700,2026-09-24T00:39:08.935+02:00, 0.268E-02, 3243.2974, 0.13822E+07
 1125800,2026-09-24T00:39:19.261+02:00, 0.265E-02, 3243.5778, 0.13823E+07
 1125900,2026-09-24T00:39:29.779+02:00, 0.291E-02, 3243.8555, 0.13825E+07
 1126000,2026-09-24T00:39:40.234+02:00, 0.288E-02, 3244.1440, 0.13826E+07
 1126100,2026-09-24T00:39:50.759+02:00, 0.270E-02, 3244.4088, 0.13827E+07
 1126200,2026-09-24T00:40:01.570+02:00, 0.272E-02, 3244.6912, 0.13828E+07
 1126300,2026-09-24T00:40:12.478+02:00, 0.278E-02, 3244.9809, 0.13830E+07
 1126400,2026-09-24T00:40:22.865+02:00, 0.275E-02, 3245.2642, 0.13831E+07
 1126500,2026-09-24T00:40:33.320+02:00, 0.293E-02, 3245.5490, 0.13832E+07
 1126600,2026-09-24T00:40:43.609+02:00, 0.279E-02, 3245.8233, 0.13833E+07
 1126700,2026-09-24T00:40:54.073+02:00, 0.296E-02, 3246.1035, 0.13835E+07
 1126800,2026-09-24T00:41:04.601+02:00, 0.281E-02, 3246.3909, 0.13836E+07
 1126900,2026-09-24T00:41:14.841+02:00, 0.271E-02, 3246.6613, 0.13837E+07
 1127000,2026-09-24T00:41:25.258+02:00, 0.280E-02, 3246.9355, 0.13838E+07
 1127100,2026-09-24T00:41:35.459+02:00, 0.277E-02, 3247.2038, 0.13840E+07
 1127200,2026-09-24T00:41:45.720+02:00, 0.274E-02, 3247.4764, 0.13841E+07
 1127300,2026-09-24T00:41:55.726+02:00, 0.302E-02, 3247.7595, 0.13842E+07
 1127400,2026-09-24T00:42:06.431+02:00, 0.306E-02, 3248.0397, 0.13843E+07
 1127500,2026-09-24T00:42:17.073+02:00, 0.296E-02, 3248.3348, 0.13845E+07
 1127600,2026-09-24T00:42:27.522+02:00, 0.291E-02, 3248.6078, 0.13846E+07
 1127700,2026-09-24T00:42:38.060+02:00, 0.261E-02, 3248.8718, 0.13847E+07
 1127800,2026-09-24T00:42:48.602+02:00, 0.287E-02, 3249.1554, 0.13848E+07
 1127900,2026-09-24T00:42:58.950+02:00, 0.239E-02, 3249.4267, 0.13850E+07
 1128000,2026-09-24T00:43:09.899+02:00, 0.267E-02, 3249.6909, 0.13851E+07
 1128100,2026-09-24T00:43:20.759+02:00, 0.256E-02, 3249.9607, 0.13852E+07
 1128200,2026-09-24T00:43:31.661+02:00, 0.244E-02, 3250.2357, 0.13853E+07
 1128300,2026-09-24T00:43:42.530+02:00, 0.264E-02, 3250.4923, 0.13855E+07
 1128400,2026-09-24T00:43:52.804+02:00, 0.276E-02, 3250.7536, 0.13856E+07
 1128500,2026-09-24T00:44:03.053+02:00, 0.285E-02, 3251.0196, 0.13857E+07
 1128600,2026-09-24T00:44:13.612+02:00, 0.285E-02, 3251.3045, 0.13859E+07
 1128700,2026-09-24T00:44:23.785+02:00, 0.277E-02, 3251.5809, 0.13860E+07
 1128800,2026-09-24T00:44:34.187+02:00, 0.282E-02, 3251.8591, 0.13861E+07
 1128900,2026-09-24T00:44:44.617+02:00, 0.296E-02, 3252.1351, 0.13862E+07
 1129000,2026-09-24T00:44:54.720+02:00, 0.277E-02, 3252.4156, 0.13863E+07
 1129100,2026-09-24T00:45:04.997+02:00, 0.277E-02, 3252.6923, 0.13865E+07
 1129200,2026-09-24T00:45:15.564+02:00, 0.287E-02, 3252.9617, 0.13866E+07
 1129300,2026-09-24T00:45:26.097+02:00, 0.244E-02, 3253.2258, 0.13867E+07
 1129400,2026-09-24T00:45:36.828+02:00, 0.275E-02, 3253.4928, 0.13868E+07
 1129500,2026-09-24T00:45:47.321+02:00, 0.279E-02, 3253.7614, 0.13870E+07
 1129600,2026-09-24T00:45:57.663+02:00, 0.275E-02, 3254.0301, 0.13871E+07
 1129700,2026-09-24T00:46:08.401+02:00, 0.260E-02, 3254.2891, 0.13872E+07
 1129800,2026-09-24T00:46:19.256+02:00, 0.276E-02, 3254.5616, 0.13874E+07
 1129900,2026-09-24T00:46:29.988+02:00, 0.295E-02, 3254.8333, 0.13875E+07
 1130000,2026-09-24T00:46:40.686+02:00, 0.275E-02, 3255.1104, 0.13876E+07
 1130100,2026-09-24T00:46:51.697+02:00, 0.254E-02, 3255.3701, 0.13877E+07
 1130200,2026-09-24T00:47:02.699+02:00, 0.253E-02, 3255.6467, 0.13879E+07
 1130300,2026-09-24T00:47:13.439+02:00, 0.258E-02, 3255.9091, 0.13880E+07
 1130400,2026-09-24T00:47:24.543+02:00, 0.241E-02, 3256.1706, 0.13881E+07
 1130500,2026-09-24T00:47:35.496+02:00, 0.240E-02, 3256.4343, 0.13883E+07
 1130600,2026-09-24T00:47:45.951+02:00, 0.291E-02, 3256.7239, 0.13884E+07
 1130700,2026-09-24T00:47:56.070+02:00, 0.256E-02, 3256.9982, 0.13885E+07
 1130800,2026-09-24T00:48:06.942+02:00, 0.298E-02, 3257.2772, 0.13886E+07
 1130900,2026-09-24T00:48:17.177+02:00, 0.293E-02, 3257.5522, 0.13888E+07
 1131000,2026-09-24T00:48:27.508+02:00, 0.288E-02, 3257.8284, 0.13889E+07
 1131100,2026-09-24T00:48:37.942+02:00, 0.281E-02, 3258.1079, 0.13890E+07
 1131200,2026-09-24T00:48:48.126+02:00, 0.277E-02, 3258.3847, 0.13891E+07
 1131300,2026-09-24T00:48:58.400+02:00, 0.268E-02, 3258.6523, 0.13892E+07
 1131400,2026-09-24T00:49:09.080+02:00, 0.269E-02, 3258.9181, 0.13894E+07
 1131500,2026-09-24T00:49:19.807+02:00, 0.275E-02, 3259.1791, 0.13895E+07
 1131600,2026-09-24T00:49:30.146+02:00, 0.269E-02, 3259.4485, 0.13896E+07
 1131700,2026-09-24T00:49:40.525+02:00, 0.288E-02, 3259.7212, 0.13898E+07
 1131800,2026-09-24T00:49:51.210+02:00, 0.247E-02, 3259.9897, 0.13899E+07
 1131900,2026-09-24T00:50:01.839+02:00, 0.287E-02, 3260.2696, 0.13900E+07
 1132000,2026-09-24T00:50:12.401+02:00, 0.283E-02, 3260.5452, 0.13901E+07
 1132100,2026-09-24T00:50:23.230+02:00, 0.272E-02, 3260.8198, 0.13903E+07
 1132200,2026-09-24T00:50:33.962+02:00, 0.289E-02, 3261.0864, 0.13904E+07
 1132300,2026-09-24T00:50:44.491+02:00, 0.265E-02, 3261.3613, 0.13905E+07
 1132400,2026-09-24T00:50:54.926+02:00, 0.246E-02, 3261.6271, 0.13906E+07
 1132500,2026-09-24T00:51:05.652+02:00, 0.275E-02, 3261.8926, 0.13908E+07
 1132600,2026-09-24T00:51:16.036+02:00, 0.270E-02, 3262.1606, 0.13909E+07
 1132700,2026-09-24T00:51:26.739+02:00, 0.311E-02, 3262.4383, 0.13910E+07
 1132800,2026-09-24T00:51:37.170+02:00, 0.274E-02, 3262.7157, 0.13911E+07
 1132900,2026-09-24T00:51:47.573+02:00, 0.287E-02, 3262.9922, 0.13913E+07
 1133000,2026-09-24T00:51:58.448+02:00, 0.275E-02, 3263.2604, 0.13914E+07
 1133100,2026-09-24T00:52:09.255+02:00, 0.286E-02, 3263.5290, 0.13915E+07
 1133200,2026-09-24T00:52:20.302+02:00, 0.287E-02, 3263.8023, 0.13917E+07
 1133300,2026-09-24T00:52:31.052+02:00, 0.242E-02, 3264.0740, 0.13918E+07
 1133400,2026-09-24T00:52:42.019+02:00, 0.278E-02, 3264.3400, 0.13919E+07
 1133500,2026-09-24T00:52:52.935+02:00, 0.279E-02, 3264.6034, 0.13921E+07
 1133600,2026-09-24T00:53:03.588+02:00, 0.289E-02, 3264.8685, 0.13922E+07
 1133700,2026-09-24T00:53:14.436+02:00, 0.279E-02, 3265.1517, 0.13923E+07
 1133800,2026-09-24T00:53:25.521+02:00, 0.267E-02, 3265.4116, 0.13924E+07
 1133900,2026-09-24T00:53:36.457+02:00, 0.266E-02, 3265.6730, 0.13926E+07
 1134000,2026-09-24T00:53:47.529+02:00, 0.259E-02, 3265.9362, 0.13927E+07
 1134100,2026-09-24T00:53:58.423+02:00, 0.272E-02, 3266.1977, 0.13928E+07
 1134200,2026-09-24T00:54:09.152+02:00, 0.294E-02, 3266.4735, 0.13930E+07
 1134300,2026-09-24T00:54:19.972+02:00, 0.292E-02, 3266.7397, 0.13931E+07
 1134400,2026-09-24T00:54:31.082+02:00, 0.252E-02, 3267.0135, 0.13932E+07
 1134500,2026-09-24T00:54:41.819+02:00, 0.272E-02, 3267.2777, 0.13934E+07
 1134600,2026-09-24T00:54:52.496+02:00, 0.290E-02, 3267.5503, 0.13935E+07
 1134700,2026-09-24T00:55:03.372+02:00, 0.257E-02, 3267.8127, 0.13936E+07
 1134800,2026-09-24T00:55:13.547+02:00, 0.283E-02, 3268.0951, 0.13937E+07
 1134900,2026-09-24T00:55:23.820+02:00, 0.283E-02, 3268.3783, 0.13939E+07
 1135000,2026-09-24T00:55:34.469+02:00, 0.247E-02, 3268.6477, 0.13940E+07
 1135100,2026-09-24T00:55:45.503+02:00, 0.247E-02, 3268.9041, 0.13941E+07
 1135200,2026-09-24T00:55:56.199+02:00, 0.263E-02, 3269.1671, 0.13942E+07
 1135300,2026-09-24T00:56:06.744+02:00, 0.290E-02, 3269.4531, 0.13944E+07
 1135400,2026-09-24T00:56:17.392+02:00, 0.262E-02, 3269.7372, 0.13945E+07
 1135500,2026-09-24T00:56:28.270+02:00, 0.297E-02, 3270.0065, 0.13946E+07
 1135600,2026-09-24T00:56:39.114+02:00, 0.271E-02, 3270.2708, 0.13948E+07
 1135700,2026-09-24T00:56:49.264+02:00, 0.287E-02, 3270.5458, 0.13949E+07
 1135800,2026-09-24T00:56:59.872+02:00, 0.275E-02, 3270.8282, 0.13950E+07
 1135900,2026-09-24T00:57:10.234+02:00, 0.254E-02, 3271.1001, 0.13951E+07
 1136000,2026-09-24T00:57:20.721+02:00, 0.245E-02, 3271.3738, 0.13952E+07
 1136100,2026-09-24T00:57:31.559+02:00, 0.280E-02, 3271.6411, 0.13954E+07
 1136200,2026-09-24T00:57:42.411+02:00, 0.272E-02, 3271.9106, 0.13955E+07
 1136300,2026-09-24T00:57:52.989+02:00, 0.276E-02, 3272.1725, 0.13956E+07
 1136400,2026-09-24T00:58:04.008+02:00, 0.282E-02, 3272.4390, 0.13958E+07
 1136500,2026-09-24T00:58:14.753+02:00, 0.265E-02, 3272.7092, 0.13959E+07
 1136600,2026-09-24T00:58:25.719+02:00, 0.286E-02, 3272.9764, 0.13960E+07
 1136700,2026-09-24T00:58:36.645+02:00, 0.282E-02, 3273.2597, 0.13962E+07
 1136800,2026-09-24T00:58:47.434+02:00, 0.260E-02, 3273.5273, 0.13963E+07
 1136900,2026-09-24T00:58:58.327+02:00, 0.275E-02, 3273.8027, 0.13964E+07
 1137000,2026-09-24T00:59:08.625+02:00, 0.270E-02, 3274.0739, 0.13965E+07
 1137100,2026-09-24T00:59:19.174+02:00, 0.305E-02, 3274.3503, 0.13967E+07
 1137200,2026-09-24T00:59:29.384+02:00, 0.285E-02, 3274.6354, 0.13968E+07
 1137300,2026-09-24T00:59:39.924+02:00, 0.285E-02, 3274.9200, 0.13969E+07
 1137400,2026-09-24T00:59:50.109+02:00, 0.290E-02, 3275.1998, 0.13970E+07
 1137500,2026-09-24T01:00:00.445+02:00, 0.279E-02, 3275.4798, 0.13972E+07
 1137600,2026-09-24T01:00:11.309+02:00, 0.259E-02, 3275.7594, 0.13973E+07
 1137700,2026-09-24T01:00:21.747+02:00, 0.276E-02, 3276.0337, 0.13974E+07
 1137800,2026-09-24T01:00:32.265+02:00, 0.264E-02, 3276.2965, 0.13975E+07
 1137900,2026-09-24T01:00:43.237+02:00, 0.251E-02, 3276.5577, 0.13977E+07
 1138000,2026-09-24T01:00:54.268+02:00, 0.268E-02, 3276.8241, 0.13978E+07
 1138100,2026-09-24T01:01:05.718+02:00, 0.239E-02, 3277.0911, 0.13979E+07
 1138200,2026-09-24T01:01:17.365+02:00, 0.232E-02, 3277.3486, 0.13981E+07
 1138300,2026-09-24T01:01:28.980+02:00, 0.249E-02, 3277.6179, 0.13982E+07
 1138400,2026-09-24T01:01:40.625+02:00, 0.268E-02, 3277.8839, 0.13983E+07
 1138500,2026-09-24T01:01:52.377+02:00, 0.288E-02, 3278.1656, 0.13985E+07
 1138600,2026-09-24T01:02:04.136+02:00, 0.256E-02, 3278.4409, 0.13986E+07
 1138700,2026-09-24T01:02:16.393+02:00, 0.277E-02, 3278.7042, 0.13988E+07
 1138800,2026-09-24T01:02:28.176+02:00, 0.286E-02, 3278.9833, 0.13989E+07
 1138900,2026-09-24T01:02:39.713+02:00, 0.276E-02, 3279.2613, 0.13990E+07
 1139000,2026-09-24T01:02:51.437+02:00, 0.285E-02, 3279.5325, 0.13992E+07
 1139100,2026-09-24T01:03:03.317+02:00, 0.282E-02, 3279.8133, 0.13993E+07
 1139200,2026-09-24T01:03:14.796+02:00, 0.275E-02, 3280.0839, 0.13994E+07
 1139300,2026-09-24T01:03:26.400+02:00, 0.270E-02, 3280.3526, 0.13996E+07
 1139400,2026-09-24T01:03:38.022+02:00, 0.268E-02, 3280.6236, 0.13997E+07
 1139500,2026-09-24T01:03:49.527+02:00, 0.263E-02, 3280.8987, 0.13999E+07
 1139600,2026-09-24T01:04:01.445+02:00, 0.258E-02, 3281.1649, 0.14000E+07
 1139700,2026-09-24T01:04:13.284+02:00, 0.270E-02, 3281.4271, 0.14001E+07
 1139800,2026-09-24T01:04:25.825+02:00, 0.273E-02, 3281.6947, 0.14003E+07
 1139900,2026-09-24T01:04:37.436+02:00, 0.276E-02, 3281.9713, 0.14004E+07
 1140000,2026-09-24T01:04:49.244+02:00, 0.261E-02, 3282.2393, 0.14006E+07
 1140100,2026-09-24T01:05:00.662+02:00, 0.259E-02, 3282.5036, 0.14007E+07
 1140200,2026-09-24T01:05:12.361+02:00, 0.264E-02, 3282.7861, 0.14008E+07
 1140300,2026-09-24T01:05:23.197+02:00, 0.277E-02, 3283.0545, 0.14010E+07
 1140400,2026-09-24T01:05:34.504+02:00, 0.283E-02, 3283.3220, 0.14011E+07
 1140500,2026-09-24T01:05:45.773+02:00, 0.271E-02, 3283.5941, 0.14012E+07
 1140600,2026-09-24T01:05:56.817+02:00, 0.267E-02, 3283.8612, 0.14014E+07
 1140700,2026-09-24T01:06:07.166+02:00, 0.257E-02, 3284.1230, 0.14015E+07
 1140800,2026-09-24T01:06:18.287+02:00, 0.282E-02, 3284.4046, 0.14016E+07
 1140900,2026-09-24T01:06:28.729+02:00, 0.282E-02, 3284.6870, 0.14017E+07
 1141000,2026-09-24T01:06:39.669+02:00, 0.282E-02, 3284.9694, 0.14019E+07
 1141100,2026-09-24T01:06:51.113+02:00, 0.279E-02, 3285.2466, 0.14020E+07
 1141200,2026-09-24T01:07:01.799+02:00, 0.278E-02, 3285.5206, 0.14021E+07
 1141300,2026-09-24T01:07:13.032+02:00, 0.284E-02, 3285.7985, 0.14023E+07
 1141400,2026-09-24T01:07:24.138+02:00, 0.288E-02, 3286.0776, 0.14024E+07
 1141500,2026-09-24T01:07:34.854+02:00, 0.277E-02, 3286.3543, 0.14025E+07
 1141600,2026-09-24T01:07:45.807+02:00, 0.287E-02, 3286.6409, 0.14026E+07
 1141700,2026-09-24T01:07:56.691+02:00, 0.278E-02, 3286.9246, 0.14028E+07
 1141800,2026-09-24T01:08:08.260+02:00, 0.244E-02, 3287.1978, 0.14029E+07
 1141900,2026-09-24T01:08:19.169+02:00, 0.258E-02, 3287.4597, 0.14030E+07
 1142000,2026-09-24T01:08:29.668+02:00, 0.284E-02, 3287.7429, 0.14032E+07
 1142100,2026-09-24T01:08:40.427+02:00, 0.278E-02, 3288.0202, 0.14033E+07
 1142200,2026-09-24T01:08:51.198+02:00, 0.293E-02, 3288.2965, 0.14034E+07
 1142300,2026-09-24T01:09:02.111+02:00, 0.289E-02, 3288.5752, 0.14035E+07
 1142400,2026-09-24T01:09:13.211+02:00, 0.287E-02, 3288.8512, 0.14037E+07
 1142500,2026-09-24T01:09:23.729+02:00, 0.301E-02, 3289.1346, 0.14038E+07
 1142600,2026-09-24T01:09:34.854+02:00, 0.297E-02, 3289.4136, 0.14039E+07
 1142700,2026-09-24T01:09:46.194+02:00, 0.238E-02, 3289.6843, 0.14041E+07
 1142800,2026-09-24T01:09:56.527+02:00, 0.288E-02, 3289.9704, 0.14042E+07
 1142900,2026-09-24T01:10:07.522+02:00, 0.280E-02, 3290.2534, 0.14043E+07
 1143000,2026-09-24T01:10:18.591+02:00, 0.268E-02, 3290.5277, 0.14045E+07
 1143100,2026-09-24T01:10:29.088+02:00, 0.269E-02, 3290.7984, 0.14046E+07
 1143200,2026-09-24T01:10:39.588+02:00, 0.266E-02, 3291.0607, 0.14047E+07
 1143300,2026-09-24T01:10:49.946+02:00, 0.237E-02, 3291.3254, 0.14048E+07
 1143400,2026-09-24T01:11:01.027+02:00, 0.287E-02, 3291.5833, 0.14050E+07
 1143500,2026-09-24T01:11:11.740+02:00, 0.260E-02, 3291.8451, 0.14051E+07
 1143600,2026-09-24T01:11:22.200+02:00, 0.257E-02, 3292.1292, 0.14052E+07
 1143700,2026-09-24T01:11:32.638+02:00, 0.271E-02, 3292.3964, 0.14053E+07
 1143800,2026-09-24T01:11:43.074+02:00, 0.282E-02, 3292.6735, 0.14055E+07
 1143900,2026-09-24T01:11:54.401+02:00, 0.273E-02, 3292.9388, 0.14056E+07
 1144000,2026-09-24T01:12:05.107+02:00, 0.272E-02, 3293.2035, 0.14057E+07
 1144100,2026-09-24T01:12:15.792+02:00, 0.300E-02, 3293.4783, 0.14059E+07
 1144200,2026-09-24T01:12:26.619+02:00, 0.251E-02, 3293.7514, 0.14060E+07
 1144300,2026-09-24T01:12:37.536+02:00, 0.279E-02, 3294.0268, 0.14061E+07
 1144400,2026-09-24T01:12:48.426+02:00, 0.272E-02, 3294.2976, 0.14062E+07
 1144500,2026-09-24T01:12:58.810+02:00, 0.272E-02, 3294.5694, 0.14064E+07
 1144600,2026-09-24T01:13:09.702+02:00, 0.262E-02, 3294.8449, 0.14065E+07
 1144700,2026-09-24T01:13:20.661+02:00, 0.303E-02, 3295.1229, 0.14066E+07
 1144800,2026-09-24T01:13:31.538+02:00, 0.259E-02, 3295.3876, 0.14068E+07
 1144900,2026-09-24T01:13:42.525+02:00, 0.280E-02, 3295.6549, 0.14069E+07
 1145000,2026-09-24T01:13:53.544+02:00, 0.266E-02, 3295.9231, 0.14070E+07
 1145100,2026-09-24T01:14:05.086+02:00, 0.299E-02, 3296.1940, 0.14072E+07
 1145200,2026-09-24T01:14:16.243+02:00, 0.270E-02, 3296.4577, 0.14073E+07
 1145300,2026-09-24T01:14:27.299+02:00, 0.246E-02, 3296.7292, 0.14074E+07
 1145400,2026-09-24T01:14:37.647+02:00, 0.278E-02, 3297.0053, 0.14075E+07
 1145500,2026-09-24T01:14:48.126+02:00, 0.262E-02, 3297.2750, 0.14077E+07
 1145600,2026-09-24T01:14:59.136+02:00, 0.274E-02, 3297.5439, 0.14078E+07
 1145700,2026-09-24T01:15:09.982+02:00, 0.291E-02, 3297.8250, 0.14079E+07
 1145800,2026-09-24T01:15:20.288+02:00, 0.253E-02, 3298.1038, 0.14081E+07
 1145900,2026-09-24T01:15:30.592+02:00, 0.279E-02, 3298.3783, 0.14082E+07
 1146000,2026-09-24T01:15:40.910+02:00, 0.279E-02, 3298.6569, 0.14083E+07
 1146100,2026-09-24T01:15:51.343+02:00, 0.254E-02, 3298.9327, 0.14084E+07
 1146200,2026-09-24T01:16:01.875+02:00, 0.276E-02, 3299.2083, 0.14085E+07
 1146300,2026-09-24T01:16:12.630+02:00, 0.268E-02, 3299.4799, 0.14087E+07
 1146400,2026-09-24T01:16:23.098+02:00, 0.284E-02, 3299.7614, 0.14088E+07
 1146500,2026-09-24T01:16:34.157+02:00, 0.283E-02, 3300.0291, 0.14089E+07
 1146600,2026-09-24T01:16:45.279+02:00, 0.260E-02, 3300.3012, 0.14091E+07
 1146700,2026-09-24T01:16:56.357+02:00, 0.250E-02, 3300.5820, 0.14092E+07
 1146800,2026-09-24T01:17:07.376+02:00, 0.292E-02, 3300.8557, 0.14093E+07
 1146900,2026-09-24T01:17:18.341+02:00, 0.221E-02, 3301.1321, 0.14095E+07
 1147000,2026-09-24T01:17:29.190+02:00, 0.281E-02, 3301.3994, 0.14096E+07
 1147100,2026-09-24T01:17:39.612+02:00, 0.297E-02, 3301.6748, 0.14097E+07
 1147200,2026-09-24T01:17:49.844+02:00, 0.290E-02, 3301.9398, 0.14098E+07
 1147300,2026-09-24T01:18:00.215+02:00, 0.255E-02, 3302.2151, 0.14100E+07
 1147400,2026-09-24T01:18:10.708+02:00, 0.277E-02, 3302.4892, 0.14101E+07
 1147500,2026-09-24T01:18:21.001+02:00, 0.300E-02, 3302.7665, 0.14102E+07
 1147600,2026-09-24T01:18:31.549+02:00, 0.280E-02, 3303.0445, 0.14103E+07
 1147700,2026-09-24T01:18:41.775+02:00, 0.275E-02, 3303.3202, 0.14105E+07
 1147800,2026-09-24T01:18:52.727+02:00, 0.275E-02, 3303.5950, 0.14106E+07
 1147900,2026-09-24T01:19:04.201+02:00, 0.290E-02, 3303.8706, 0.14107E+07
 1148000,2026-09-24T01:19:14.996+02:00, 0.279E-02, 3304.1439, 0.14108E+07
 1148100,2026-09-24T01:19:25.530+02:00, 0.288E-02, 3304.4245, 0.14110E+07
 1148200,2026-09-24T01:19:36.214+02:00, 0.252E-02, 3304.7024, 0.14111E+07
 1148300,2026-09-24T01:19:46.935+02:00, 0.297E-02, 3304.9726, 0.14112E+07
 1148400,2026-09-24T01:19:57.687+02:00, 0.280E-02, 3305.2559, 0.14114E+07
 1148500,2026-09-24T01:20:08.121+02:00, 0.280E-02, 3305.5328, 0.14115E+07
 1148600,2026-09-24T01:20:18.914+02:00, 0.272E-02, 3305.8107, 0.14116E+07
 1148700,2026-09-24T01:20:29.290+02:00, 0.266E-02, 3306.0797, 0.14117E+07
 1148800,2026-09-24T01:20:39.383+02:00, 0.266E-02, 3306.3458, 0.14119E+07
 1148900,2026-09-24T01:20:49.426+02:00, 0.258E-02, 3306.6032, 0.14120E+07
 1149000,2026-09-24T01:20:59.655+02:00, 0.283E-02, 3306.8792, 0.14121E+07
 1149100,2026-09-24T01:21:10.404+02:00, 0.270E-02, 3307.1464, 0.14122E+07
 1149200,2026-09-24T01:21:20.451+02:00, 0.287E-02, 3307.4222, 0.14123E+07
 1149300,2026-09-24T01:21:30.883+02:00, 0.304E-02, 3307.6917, 0.14125E+07
 1149400,2026-09-24T01:21:41.458+02:00, 0.254E-02, 3307.9703, 0.14126E+07
 1149500,2026-09-24T01:21:51.640+02:00, 0.269E-02, 3308.2386, 0.14127E+07
 1149600,2026-09-24T01:22:02.483+02:00, 0.275E-02, 3308.5067, 0.14128E+07
 1149700,2026-09-24T01:22:13.411+02:00, 0.272E-02, 3308.7796, 0.14130E+07
 1149800,2026-09-24T01:22:24.022+02:00, 0.279E-02, 3309.0458, 0.14131E+07
 1149900,2026-09-24T01:22:34.324+02:00, 0.267E-02, 3309.3183, 0.14132E+07
 1150000,2026-09-24T01:22:44.737+02:00, 0.274E-02, 3309.5860, 0.14134E+07
 1150100,2026-09-24T01:22:55.931+02:00, 0.305E-02, 3309.8650, 0.14135E+07
 1150200,2026-09-24T01:23:06.758+02:00, 0.285E-02, 3310.1478, 0.14136E+07
 1150300,2026-09-24T01:23:16.826+02:00, 0.282E-02, 3310.4285, 0.14137E+07
 1150400,2026-09-24T01:23:27.248+02:00, 0.273E-02, 3310.7053, 0.14139E+07
 1150500,2026-09-24T01:23:37.531+02:00, 0.293E-02, 3310.9775, 0.14140E+07
 1150600,2026-09-24T01:23:47.873+02:00, 0.254E-02, 3311.2515, 0.14141E+07
 1150700,2026-09-24T01:23:58.136+02:00, 0.270E-02, 3311.5303, 0.14142E+07
 1150800,2026-09-24T01:24:08.451+02:00, 0.286E-02, 3311.8111, 0.14144E+07
 1150900,2026-09-24T01:24:19.174+02:00, 0.270E-02, 3312.0741, 0.14145E+07
 1151000,2026-09-24T01:24:29.732+02:00, 0.281E-02, 3312.3541, 0.14146E+07
 1151100,2026-09-24T01:24:40.235+02:00, 0.277E-02, 3312.6291, 0.14147E+07
 1151200,2026-09-24T01:24:50.909+02:00, 0.249E-02, 3312.9004, 0.14149E+07
 1151300,2026-09-24T01:25:01.321+02:00, 0.271E-02, 3313.1708, 0.14150E+07
 1151400,2026-09-24T01:25:12.057+02:00, 0.271E-02, 3313.4414, 0.14151E+07
 1151500,2026-09-24T01:25:22.389+02:00, 0.291E-02, 3313.7215, 0.14152E+07
 1151600,2026-09-24T01:25:32.845+02:00, 0.268E-02, 3313.9989, 0.14154E+07
 1151700,2026-09-24T01:25:43.216+02:00, 0.290E-02, 3314.2860, 0.14155E+07
 1151800,2026-09-24T01:25:53.808+02:00, 0.287E-02, 3314.5736, 0.14156E+07
 1151900,2026-09-24T01:26:04.239+02:00, 0.276E-02, 3314.8565, 0.14157E+07
 1152000,2026-09-24T01:26:14.701+02:00, 0.281E-02, 3315.1432, 0.14159E+07
 1152100,2026-09-24T01:26:25.060+02:00, 0.281E-02, 3315.4237, 0.14160E+07
 1152200,2026-09-24T01:26:35.118+02:00, 0.277E-02, 3315.7020, 0.14161E+07
 1152300,2026-09-24T01:26:45.550+02:00, 0.262E-02, 3315.9969, 0.14162E+07
 1152400,2026-09-24T01:26:55.949+02:00, 0.288E-02, 3316.2848, 0.14163E+07
 1152500,2026-09-24T01:27:06.180+02:00, 0.282E-02, 3316.5643, 0.14165E+07
 1152600,2026-09-24T01:27:16.555+02:00, 0.273E-02, 3316.8363, 0.14166E+07
 1152700,2026-09-24T01:27:27.353+02:00, 0.246E-02, 3317.1003, 0.14167E+07
 1152800,2026-09-24T01:27:38.731+02:00, 0.271E-02, 3317.3643, 0.14169E+07
 1152900,2026-09-24T01:27:49.638+02:00, 0.264E-02, 3317.6281, 0.14170E+07
 1153000,2026-09-24T01:28:01.164+02:00, 0.276E-02, 3317.9055, 0.14171E+07
 1153100,2026-09-24T01:28:11.901+02:00, 0.271E-02, 3318.1747, 0.14173E+07
 1153200,2026-09-24T01:28:22.803+02:00, 0.283E-02, 3318.4408, 0.14174E+07
 1153300,2026-09-24T01:28:33.738+02:00, 0.255E-02, 3318.7149, 0.14175E+07
 1153400,2026-09-24T01:28:44.597+02:00, 0.295E-02, 3318.9824, 0.14176E+07
 1153500,2026-09-24T01:28:55.380+02:00, 0.275E-02, 3319.2615, 0.14178E+07
 1153600,2026-09-24T01:29:05.896+02:00, 0.294E-02, 3319.5329, 0.14179E+07
 1153700,2026-09-24T01:29:17.108+02:00, 0.275E-02, 3319.8028, 0.14180E+07
 1153800,2026-09-24T01:29:28.025+02:00, 0.302E-02, 3320.0923, 0.14182E+07
 1153900,2026-09-24T01:29:38.942+02:00, 0.282E-02, 3320.3681, 0.14183E+07
 1154000,2026-09-24T01:29:49.451+02:00, 0.282E-02, 3320.6497, 0.14184E+07
 1154100,2026-09-24T01:29:59.967+02:00, 0.282E-02, 3320.9314, 0.14185E+07
 1154200,2026-09-24T01:30:10.231+02:00, 0.272E-02, 3321.2041, 0.14187E+07
 1154300,2026-09-24T01:30:20.745+02:00, 0.252E-02, 3321.4762, 0.14188E+07
 1154400,2026-09-24T01:30:31.671+02:00, 0.263E-02, 3321.7381, 0.14189E+07
 1154500,2026-09-24T01:30:42.506+02:00, 0.270E-02, 3322.0051, 0.14191E+07
 1154600,2026-09-24T01:30:52.926+02:00, 0.247E-02, 3322.2791, 0.14192E+07
 1154700,2026-09-24T01:31:03.614+02:00, 0.287E-02, 3322.5558, 0.14193E+07
 1154800,2026-09-24T01:31:14.081+02:00, 0.287E-02, 3322.8426, 0.14194E+07
 1154900,2026-09-24T01:31:24.345+02:00, 0.282E-02, 3323.1262, 0.14196E+07
 1155000,2026-09-24T01:31:34.836+02:00, 0.301E-02, 3323.4026, 0.14197E+07
 1155100,2026-09-24T01:31:45.206+02:00, 0.247E-02, 3323.6839, 0.14198E+07
 1155200,2026-09-24T01:31:55.603+02:00, 0.263E-02, 3323.9513, 0.14199E+07
 1155300,2026-09-24T01:32:06.043+02:00, 0.253E-02, 3324.2247, 0.14200E+07
 1155400,2026-09-24T01:32:16.892+02:00, 0.293E-02, 3324.4998, 0.14202E+07
 1155500,2026-09-24T01:32:27.170+02:00, 0.276E-02, 3324.7737, 0.14203E+07
 1155600,2026-09-24T01:32:37.909+02:00, 0.265E-02, 3325.0255, 0.14204E+07
 1155700,2026-09-24T01:32:48.595+02:00, 0.228E-02, 3325.2861, 0.14206E+07
 1155800,2026-09-24T01:32:58.857+02:00, 0.268E-02, 3325.5483, 0.14207E+07
 1155900,2026-09-24T01:33:09.620+02:00, 0.285E-02, 3325.8190, 0.14208E+07
 1156000,2026-09-24T01:33:20.097+02:00, 0.285E-02, 3326.0917, 0.14209E+07
 1156100,2026-09-24T01:33:30.504+02:00, 0.285E-02, 3326.3766, 0.14211E+07
 1156200,2026-09-24T01:33:41.094+02:00, 0.236E-02, 3326.6490, 0.14212E+07
 1156300,2026-09-24T01:33:51.950+02:00, 0.296E-02, 3326.9233, 0.14213E+07
 1156400,2026-09-24T01:34:02.620+02:00, 0.281E-02, 3327.1973, 0.14214E+07
 1156500,2026-09-24T01:34:12.984+02:00, 0.263E-02, 3327.4664, 0.14216E+07
 1156600,2026-09-24T01:34:23.440+02:00, 0.285E-02, 3327.7431, 0.14217E+07
 1156700,2026-09-24T01:34:33.607+02:00, 0.276E-02, 3328.0060, 0.14218E+07
 1156800,2026-09-24T01:34:43.980+02:00, 0.275E-02, 3328.2790, 0.14219E+07
 1156900,2026-09-24T01:34:54.300+02:00, 0.299E-02, 3328.5542, 0.14221E+07
 1157000,2026-09-24T01:35:04.642+02:00, 0.259E-02, 3328.8345, 0.14222E+07
 1157100,2026-09-24T01:35:15.342+02:00, 0.269E-02, 3329.1084, 0.14223E+07
 1157200,2026-09-24T01:35:25.845+02:00, 0.263E-02, 3329.3781, 0.14224E+07
 1157300,2026-09-24T01:35:36.111+02:00, 0.284E-02, 3329.6559, 0.14226E+07
 1157400,2026-09-24T01:35:46.630+02:00, 0.284E-02, 3329.9402, 0.14227E+07
 1157500,2026-09-24T01:35:57.326+02:00, 0.313E-02, 3330.2365, 0.14228E+07
 1157600,2026-09-24T01:36:07.840+02:00, 0.267E-02, 3330.5056, 0.14229E+07
 1157700,2026-09-24T01:36:18.323+02:00, 0.282E-02, 3330.7849, 0.14231E+07
 1157800,2026-09-24T01:36:28.671+02:00, 0.293E-02, 3331.0583, 0.14232E+07
 1157900,2026-09-24T01:36:39.668+02:00, 0.269E-02, 3331.3335, 0.14233E+07
 1158000,2026-09-24T01:36:50.689+02:00, 0.276E-02, 3331.6150, 0.14235E+07
 1158100,2026-09-24T01:37:01.604+02:00, 0.264E-02, 3331.8827, 0.14236E+07
 1158200,2026-09-24T01:37:12.416+02:00, 0.270E-02, 3332.1516, 0.14237E+07
 1158300,2026-09-24T01:37:22.822+02:00, 0.293E-02, 3332.4214, 0.14238E+07
 1158400,2026-09-24T01:37:33.415+02:00, 0.255E-02, 3332.7040, 0.14240E+07
 1158500,2026-09-24T01:37:44.540+02:00, 0.251E-02, 3332.9682, 0.14241E+07
 1158600,2026-09-24T01:37:55.103+02:00, 0.269E-02, 3333.2372, 0.14242E+07
 1158700,2026-09-24T01:38:06.520+02:00, 0.274E-02, 3333.5123, 0.14244E+07
 1158800,2026-09-24T01:38:17.340+02:00, 0.285E-02, 3333.7888, 0.14245E+07
 1158900,2026-09-24T01:38:28.357+02:00, 0.252E-02, 3334.0614, 0.14246E+07
 1159000,2026-09-24T01:38:39.578+02:00, 0.293E-02, 3334.3402, 0.14247E+07
 1159100,2026-09-24T01:38:50.286+02:00, 0.278E-02, 3334.6247, 0.14249E+07
 1159200,2026-09-24T01:39:01.106+02:00, 0.281E-02, 3334.8938, 0.14250E+07
 1159300,2026-09-24T01:39:11.249+02:00, 0.267E-02, 3335.1617, 0.14251E+07
 1159400,2026-09-24T01:39:21.466+02:00, 0.294E-02, 3335.4408, 0.14252E+07
 1159500,2026-09-24T01:39:31.756+02:00, 0.278E-02, 3335.7219, 0.14254E+07
 1159600,2026-09-24T01:39:42.071+02:00, 0.278E-02, 3336.0002, 0.14255E+07
 1159700,2026-09-24T01:39:52.325+02:00, 0.264E-02, 3336.2793, 0.14256E+07
 1159800,2026-09-24T01:40:03.150+02:00, 0.291E-02, 3336.5694, 0.14257E+07
 1159900,2026-09-24T01:40:13.398+02:00, 0.283E-02, 3336.8521, 0.14259E+07
 1160000,2026-09-24T01:40:23.619+02:00, 0.241E-02, 3337.1242, 0.14260E+07
 1160100,2026-09-24T01:40:34.163+02:00, 0.287E-02, 3337.4010, 0.14261E+07
 1160200,2026-09-24T01:40:44.547+02:00, 0.273E-02, 3337.6692, 0.14262E+07
 1160300,2026-09-24T01:40:54.953+02:00, 0.278E-02, 3337.9453, 0.14264E+07
 1160400,2026-09-24T01:41:05.442+02:00, 0.260E-02, 3338.2094, 0.14265E+07
 1160500,2026-09-24T01:41:15.880+02:00, 0.297E-02, 3338.4771, 0.14266E+07
 1160600,2026-09-24T01:41:26.372+02:00, 0.254E-02, 3338.7626, 0.14267E+07
 1160700,2026-09-24T01:41:36.940+02:00, 0.238E-02, 3339.0273, 0.14269E+07
 1160800,2026-09-24T01:41:47.612+02:00, 0.272E-02, 3339.2980, 0.14270E+07
 1160900,2026-09-24T01:41:58.242+02:00, 0.265E-02, 3339.5648, 0.14271E+07
 1161000,2026-09-24T01:42:08.988+02:00, 0.250E-02, 3339.8376, 0.14272E+07
 1161100,2026-09-24T01:42:19.294+02:00, 0.277E-02, 3340.1174, 0.14274E+07
 1161200,2026-09-24T01:42:29.590+02:00, 0.277E-02, 3340.3940, 0.14275E+07
 1161300,2026-09-24T01:42:40.259+02:00, 0.263E-02, 3340.6586, 0.14276E+07
 1161400,2026-09-24T01:42:51.438+02:00, 0.282E-02, 3340.9205, 0.14278E+07
 1161500,2026-09-24T01:43:01.655+02:00, 0.255E-02, 3341.1950, 0.14279E+07
 1161600,2026-09-24T01:43:12.173+02:00, 0.280E-02, 3341.4650, 0.14280E+07
 1161700,2026-09-24T01:43:22.993+02:00, 0.272E-02, 3341.7283, 0.14281E+07
 1161800,2026-09-24T01:43:33.346+02:00, 0.244E-02, 3341.9951, 0.14283E+07
 1161900,2026-09-24T01:43:43.807+02:00, 0.274E-02, 3342.2586, 0.14284E+07
 1162000,2026-09-24T01:43:54.527+02:00, 0.274E-02, 3342.5328, 0.14285E+07
 1162100,2026-09-24T01:44:05.053+02:00, 0.279E-02, 3342.7977, 0.14286E+07
 1162200,2026-09-24T01:44:15.866+02:00, 0.236E-02, 3343.0695, 0.14288E+07
 1162300,2026-09-24T01:44:26.165+02:00, 0.286E-02, 3343.3364, 0.14289E+07
 1162400,2026-09-24T01:44:36.746+02:00, 0.266E-02, 3343.5990, 0.14290E+07
 1162500,2026-09-24T01:44:47.492+02:00, 0.254E-02, 3343.8650, 0.14291E+07
 1162600,2026-09-24T01:44:57.975+02:00, 0.279E-02, 3344.1434, 0.14293E+07
 1162700,2026-09-24T01:45:08.359+02:00, 0.272E-02, 3344.4135, 0.14294E+07
 1162800,2026-09-24T01:45:19.510+02:00, 0.285E-02, 3344.6805, 0.14295E+07
 1162900,2026-09-24T01:45:31.027+02:00, 0.285E-02, 3344.9651, 0.14297E+07
 1163000,2026-09-24T01:45:42.265+02:00, 0.274E-02, 3345.2407, 0.14298E+07
 1163100,2026-09-24T01:45:53.773+02:00, 0.251E-02, 3345.5256, 0.14299E+07
 1163200,2026-09-24T01:46:04.937+02:00, 0.252E-02, 3345.8067, 0.14301E+07
 1163300,2026-09-24T01:46:16.055+02:00, 0.258E-02, 3346.0640, 0.14302E+07
 1163400,2026-09-24T01:46:27.311+02:00, 0.263E-02, 3346.3304, 0.14303E+07
 1163500,2026-09-24T01:46:38.348+02:00, 0.276E-02, 3346.6095, 0.14304E+07
 1163600,2026-09-24T01:46:49.588+02:00, 0.283E-02, 3346.8837, 0.14306E+07
 1163700,2026-09-24T01:47:00.564+02:00, 0.278E-02, 3347.1576, 0.14307E+07
 1163800,2026-09-24T01:47:11.369+02:00, 0.278E-02, 3347.4356, 0.14308E+07
 1163900,2026-09-24T01:47:22.192+02:00, 0.286E-02, 3347.7128, 0.14310E+07
 1164000,2026-09-24T01:47:33.646+02:00, 0.275E-02, 3347.9873, 0.14311E+07
 1164100,2026-09-24T01:47:44.957+02:00, 0.263E-02, 3348.2475, 0.14312E+07
 1164200,2026-09-24T01:47:56.393+02:00, 0.289E-02, 3348.5293, 0.14314E+07
 1164300,2026-09-24T01:48:08.543+02:00, 0.288E-02, 3348.8064, 0.14315E+07
 1164400,2026-09-24T01:48:20.303+02:00, 0.270E-02, 3349.0776, 0.14316E+07
 1164500,2026-09-24T01:48:31.354+02:00, 0.281E-02, 3349.3601, 0.14318E+07
 1164600,2026-09-24T01:48:42.320+02:00, 0.273E-02, 3349.6335, 0.14319E+07
 1164700,2026-09-24T01:48:53.686+02:00, 0.268E-02, 3349.8975, 0.14320E+07
 1164800,2026-09-24T01:49:05.018+02:00, 0.256E-02, 3350.1648, 0.14322E+07
 1164900,2026-09-24T01:49:15.820+02:00, 0.282E-02, 3350.4463, 0.14323E+07
 1165000,2026-09-24T01:49:26.928+02:00, 0.274E-02, 3350.7230, 0.14324E+07
 1165100,2026-09-24T01:49:38.220+02:00, 0.270E-02, 3350.9934, 0.14326E+07
 1165200,2026-09-24T01:49:49.142+02:00, 0.264E-02, 3351.2606, 0.14327E+07
 1165300,2026-09-24T01:50:00.703+02:00, 0.296E-02, 3351.5324, 0.14328E+07
 1165400,2026-09-24T01:50:12.160+02:00, 0.254E-02, 3351.8066, 0.14330E+07
 1165500,2026-09-24T01:50:23.292+02:00, 0.264E-02, 3352.0787, 0.14331E+07
 1165600,2026-09-24T01:50:34.464+02:00, 0.272E-02, 3352.3495, 0.14332E+07
 1165700,2026-09-24T01:50:45.648+02:00, 0.269E-02, 3352.6291, 0.14334E+07
 1165800,2026-09-24T01:50:56.348+02:00, 0.271E-02, 3352.9020, 0.14335E+07
 1165900,2026-09-24T01:51:06.625+02:00, 0.242E-02, 3353.1702, 0.14336E+07
 1166000,2026-09-24T01:51:16.598+02:00, 0.281E-02, 3353.4403, 0.14337E+07
 1166100,2026-09-24T01:51:27.347+02:00, 0.274E-02, 3353.7075, 0.14339E+07
 1166200,2026-09-24T01:51:37.642+02:00, 0.270E-02, 3353.9777, 0.14340E+07
 1166300,2026-09-24T01:51:48.334+02:00, 0.244E-02, 3354.2514, 0.14341E+07
 1166400,2026-09-24T01:51:58.488+02:00, 0.268E-02, 3354.5183, 0.14342E+07
 1166500,2026-09-24T01:52:09.365+02:00, 0.271E-02, 3354.7834, 0.14344E+07
 1166600,2026-09-24T01:52:19.282+02:00, 0.271E-02, 3355.0544, 0.14345E+07
 1166700,2026-09-24T01:52:29.859+02:00, 0.280E-02, 3355.3265, 0.14346E+07
 1166800,2026-09-24T01:52:40.509+02:00, 0.275E-02, 3355.5916, 0.14347E+07
 1166900,2026-09-24T01:52:50.954+02:00, 0.275E-02, 3355.8596, 0.14349E+07
 1167000,2026-09-24T01:53:02.088+02:00, 0.293E-02, 3356.1420, 0.14350E+07
 1167100,2026-09-24T01:53:13.118+02:00, 0.282E-02, 3356.4137, 0.14351E+07
 1167200,2026-09-24T01:53:23.468+02:00, 0.269E-02, 3356.6856, 0.14352E+07
 1167300,2026-09-24T01:53:34.048+02:00, 0.248E-02, 3356.9505, 0.14354E+07
 1167400,2026-09-24T01:53:44.273+02:00, 0.273E-02, 3357.2224, 0.14355E+07
 1167500,2026-09-24T01:53:54.414+02:00, 0.276E-02, 3357.4814, 0.14356E+07
 1167600,2026-09-24T01:54:05.126+02:00, 0.276E-02, 3357.7572, 0.14357E+07
 1167700,2026-09-24T01:54:15.586+02:00, 0.276E-02, 3358.0330, 0.14359E+07
 1167800,2026-09-24T01:54:26.000+02:00, 0.266E-02, 3358.2971, 0.14360E+07
 1167900,2026-09-24T01:54:36.532+02:00, 0.282E-02, 3358.5739, 0.14361E+07
 1168000,2026-09-24T01:54:47.047+02:00, 0.254E-02, 3358.8518, 0.14362E+07
 1168100,2026-09-24T01:54:57.362+02:00, 0.282E-02, 3359.1140, 0.14364E+07
 1168200,2026-09-24T01:55:07.656+02:00, 0.274E-02, 3359.3833, 0.14365E+07
 1168300,2026-09-24T01:55:17.944+02:00, 0.292E-02, 3359.6529, 0.14366E+07
 1168400,2026-09-24T01:55:28.394+02:00, 0.263E-02, 3359.9317, 0.14367E+07
 1168500,2026-09-24T01:55:39.042+02:00, 0.289E-02, 3360.1949, 0.14369E+07
 1168600,2026-09-24T01:55:49.491+02:00, 0.255E-02, 3360.4676, 0.14370E+07
 1168700,2026-09-24T01:56:00.053+02:00, 0.274E-02, 3360.7427, 0.14371E+07
 1168800,2026-09-24T01:56:10.948+02:00, 0.262E-02, 3361.0221, 0.14372E+07
 1168900,2026-09-24T01:56:21.871+02:00, 0.272E-02, 3361.2995, 0.14374E+07
 1169000,2026-09-24T01:56:32.142+02:00, 0.272E-02, 3361.5712, 0.14375E+07
 1169100,2026-09-24T01:56:42.762+02:00, 0.299E-02, 3361.8461, 0.14376E+07
 1169200,2026-09-24T01:56:52.966+02:00, 0.268E-02, 3362.1227, 0.14377E+07
 1169300,2026-09-24T01:57:03.473+02:00, 0.293E-02, 3362.4010, 0.14379E+07
 1169400,2026-09-24T01:57:13.909+02:00, 0.255E-02, 3362.6831, 0.14380E+07
 1169500,2026-09-24T01:57:24.371+02:00, 0.267E-02, 3362.9521, 0.14381E+07
 1169600,2026-09-24T01:57:34.991+02:00, 0.282E-02, 3363.2301, 0.14382E+07
 1169700,2026-09-24T01:57:45.979+02:00, 0.272E-02, 3363.5047, 0.14384E+07
 1169800,2026-09-24T01:57:56.613+02:00, 0.233E-02, 3363.7739, 0.14385E+07
 1169900,2026-09-24T01:58:07.688+02:00, 0.274E-02, 3364.0430, 0.14386E+07
 1170000,2026-09-24T01:58:18.383+02:00, 0.253E-02, 3364.3148, 0.14388E+07
 1170100,2026-09-24T01:58:28.605+02:00, 0.299E-02, 3364.5981, 0.14389E+07
 1170200,2026-09-24T01:58:39.088+02:00, 0.284E-02, 3364.8892, 0.14390E+07
 1170300,2026-09-24T01:58:49.399+02:00, 0.279E-02, 3365.1672, 0.14391E+07
 1170400,2026-09-24T01:59:00.015+02:00, 0.279E-02, 3365.4460, 0.14393E+07
 1170500,2026-09-24T01:59:10.196+02:00, 0.279E-02, 3365.7249, 0.14394E+07
 1170600,2026-09-24T01:59:20.617+02:00, 0.265E-02, 3366.0149, 0.14395E+07
 1170700,2026-09-24T01:59:31.176+02:00, 0.258E-02, 3366.2987, 0.14396E+07
 1170800,2026-09-24T01:59:41.408+02:00, 0.274E-02, 3366.5698, 0.14397E+07
 1170900,2026-09-24T01:59:51.453+02:00, 0.242E-02, 3366.8389, 0.14399E+07
 1171000,2026-09-24T02:00:01.316+02:00, 0.271E-02, 3367.0973, 0.14400E+07
 1171100,2026-09-24T02:00:11.849+02:00, 0.289E-02, 3367.3763, 0.14401E+07
 1171200,2026-09-24T02:00:22.320+02:00, 0.279E-02, 3367.6431, 0.14402E+07
 1171300,2026-09-24T02:00:32.681+02:00, 0.269E-02, 3367.9111, 0.14404E+07
 1171400,2026-09-24T02:00:43.532+02:00, 0.270E-02, 3368.1759, 0.14405E+07
 1171500,2026-09-24T02:00:54.481+02:00, 0.282E-02, 3368.4592, 0.14406E+07
 1171600,2026-09-24T02:01:05.169+02:00, 0.276E-02, 3368.7329, 0.14407E+07
 1171700,2026-09-24T02:01:15.798+02:00, 0.280E-02, 3369.0032, 0.14409E+07
 1171800,2026-09-24T02:01:26.305+02:00, 0.244E-02, 3369.2676, 0.14410E+07
 1171900,2026-09-24T02:01:37.126+02:00, 0.287E-02, 3369.5423, 0.14411E+07
 1172000,2026-09-24T02:01:47.649+02:00, 0.265E-02, 3369.8104, 0.14413E+07
 1172100,2026-09-24T02:01:58.455+02:00, 0.245E-02, 3370.0728, 0.14414E+07
 1172200,2026-09-24T02:02:09.111+02:00, 0.277E-02, 3370.3347, 0.14415E+07
 1172300,2026-09-24T02:02:19.735+02:00, 0.253E-02, 3370.5988, 0.14416E+07
 1172400,2026-09-24T02:02:30.585+02:00, 0.280E-02, 3370.8718, 0.14418E+07
 1172500,2026-09-24T02:02:41.005+02:00, 0.271E-02, 3371.1461, 0.14419E+07
 1172600,2026-09-24T02:02:51.225+02:00, 0.264E-02, 3371.4305, 0.14420E+07
 1172700,2026-09-24T02:03:01.980+02:00, 0.281E-02, 3371.7012, 0.14421E+07
 1172800,2026-09-24T02:03:12.980+02:00, 0.281E-02, 3371.9818, 0.14423E+07
 1172900,2026-09-24T02:03:23.911+02:00, 0.274E-02, 3372.2532, 0.14424E+07
 1173000,2026-09-24T02:03:34.873+02:00, 0.285E-02, 3372.5350, 0.14425E+07
 1173100,2026-09-24T02:03:45.386+02:00, 0.276E-02, 3372.8124, 0.14427E+07
 1173200,2026-09-24T02:03:56.554+02:00, 0.263E-02, 3373.0760, 0.14428E+07
 1173300,2026-09-24T02:04:09.597+02:00, 0.289E-02, 3373.3456, 0.14429E+07
 1173400,2026-09-24T02:04:21.245+02:00, 0.260E-02, 3373.6191, 0.14431E+07
 1173500,2026-09-24T02:04:32.576+02:00, 0.268E-02, 3373.8926, 0.14432E+07
 1173600,2026-09-24T02:04:44.699+02:00, 0.284E-02, 3374.1750, 0.14434E+07
 1173700,2026-09-24T02:04:55.607+02:00, 0.265E-02, 3374.4425, 0.14435E+07
 1173800,2026-09-24T02:05:05.965+02:00, 0.258E-02, 3374.7057, 0.14436E+07
 1173900,2026-09-24T02:05:16.350+02:00, 0.246E-02, 3374.9736, 0.14437E+07
 1174000,2026-09-24T02:05:26.812+02:00, 0.298E-02, 3375.2471, 0.14439E+07
 1174100,2026-09-24T02:05:37.278+02:00, 0.226E-02, 3375.5163, 0.14440E+07
 1174200,2026-09-24T02:05:47.631+02:00, 0.254E-02, 3375.7905, 0.14441E+07
 1174300,2026-09-24T02:05:58.008+02:00, 0.266E-02, 3376.0607, 0.14442E+07
 1174400,2026-09-24T02:06:08.775+02:00, 0.255E-02, 3376.3397, 0.14444E+07
 1174500,2026-09-24T02:06:19.085+02:00, 0.280E-02, 3376.6181, 0.14445E+07
 1174600,2026-09-24T02:06:29.467+02:00, 0.277E-02, 3376.8917, 0.14446E+07
 1174700,2026-09-24T02:06:39.858+02:00, 0.277E-02, 3377.1685, 0.14447E+07
 1174800,2026-09-24T02:06:50.236+02:00, 0.271E-02, 3377.4406, 0.14449E+07
 1174900,2026-09-24T02:07:00.446+02:00, 0.268E-02, 3377.7081, 0.14450E+07
 1175000,2026-09-24T02:07:10.468+02:00, 0.268E-02, 3377.9761, 0.14451E+07
 1175100,2026-09-24T02:07:21.232+02:00, 0.284E-02, 3378.2463, 0.14452E+07
 1175200,2026-09-24T02:07:31.739+02:00, 0.281E-02, 3378.5277, 0.14454E+07
 1175300,2026-09-24T02:07:42.450+02:00, 0.272E-02, 3378.7944, 0.14455E+07
 1175400,2026-09-24T02:07:52.946+02:00, 0.278E-02, 3379.0657, 0.14456E+07
 1175500,2026-09-24T02:08:03.771+02:00, 0.296E-02, 3379.3517, 0.14457E+07
 1175600,2026-09-24T02:08:14.090+02:00, 0.278E-02, 3379.6311, 0.14459E+07
 1175700,2026-09-24T02:08:24.323+02:00, 0.279E-02, 3379.8939, 0.14460E+07
 1175800,2026-09-24T02:08:34.704+02:00, 0.239E-02, 3380.1611, 0.14461E+07
 1175900,2026-09-24T02:08:44.896+02:00, 0.280E-02, 3380.4234, 0.14462E+07
 1176000,2026-09-24T02:08:55.086+02:00, 0.264E-02, 3380.6938, 0.14463E+07
 1176100,2026-09-24T02:09:05.571+02:00, 0.282E-02, 3380.9738, 0.14465E+07
 1176200,2026-09-24T02:09:16.120+02:00, 0.292E-02, 3381.2488, 0.14466E+07
 1176300,2026-09-24T02:09:26.400+02:00, 0.284E-02, 3381.5294, 0.14467E+07
 1176400,2026-09-24T02:09:36.715+02:00, 0.280E-02, 3381.8087, 0.14468E+07
 1176500,2026-09-24T02:09:47.003+02:00, 0.283E-02, 3382.0862, 0.14470E+07
 1176600,2026-09-24T02:09:57.539+02:00, 0.290E-02, 3382.3651, 0.14471E+07
 1176700,2026-09-24T02:10:07.901+02:00, 0.284E-02, 3382.6413, 0.14472E+07
 1176800,2026-09-24T02:10:18.377+02:00, 0.256E-02, 3382.9032, 0.14473E+07
 1176900,2026-09-24T02:10:29.408+02:00, 0.265E-02, 3383.1645, 0.14475E+07
 1177000,2026-09-24T02:10:40.194+02:00, 0.287E-02, 3383.4291, 0.14476E+07
 1177100,2026-09-24T02:10:51.062+02:00, 0.281E-02, 3383.6982, 0.14477E+07
 1177200,2026-09-24T02:11:02.177+02:00, 0.268E-02, 3383.9674, 0.14479E+07
 1177300,2026-09-24T02:11:12.867+02:00, 0.221E-02, 3384.2317, 0.14480E+07
 1177400,2026-09-24T02:11:24.033+02:00, 0.257E-02, 3384.4860, 0.14481E+07
 1177500,2026-09-24T02:11:35.184+02:00, 0.231E-02, 3384.7448, 0.14483E+07
 1177600,2026-09-24T02:11:45.925+02:00, 0.291E-02, 3385.0128, 0.14484E+07
 1177700,2026-09-24T02:11:56.694+02:00, 0.263E-02, 3385.2785, 0.14485E+07
 1177800,2026-09-24T02:12:07.057+02:00, 0.275E-02, 3385.5352, 0.14486E+07
 1177900,2026-09-24T02:12:17.373+02:00, 0.273E-02, 3385.8068, 0.14488E+07
 1178000,2026-09-24T02:12:28.001+02:00, 0.296E-02, 3386.0825, 0.14489E+07
 1178100,2026-09-24T02:12:38.762+02:00, 0.267E-02, 3386.3401, 0.14490E+07
 1178200,2026-09-24T02:12:49.596+02:00, 0.302E-02, 3386.6197, 0.14491E+07
 1178300,2026-09-24T02:13:00.304+02:00, 0.262E-02, 3386.8866, 0.14493E+07
 1178400,2026-09-24T02:13:10.822+02:00, 0.220E-02, 3387.1483, 0.14494E+07
 1178500,2026-09-24T02:13:21.545+02:00, 0.288E-02, 3387.4063, 0.14495E+07
 1178600,2026-09-24T02:13:32.478+02:00, 0.281E-02, 3387.6855, 0.14497E+07
 1178700,2026-09-24T02:13:43.326+02:00, 0.279E-02, 3387.9591, 0.14498E+07
 1178800,2026-09-24T02:13:53.900+02:00, 0.270E-02, 3388.2353, 0.14499E+07
 1178900,2026-09-24T02:14:04.353+02:00, 0.280E-02, 3388.5034, 0.14500E+07
 1179000,2026-09-24T02:14:14.683+02:00, 0.280E-02, 3388.7835, 0.14502E+07
 1179100,2026-09-24T02:14:24.981+02:00, 0.274E-02, 3389.0577, 0.14503E+07
 1179200,2026-09-24T02:14:35.056+02:00, 0.268E-02, 3389.3241, 0.14504E+07
 1179300,2026-09-24T02:14:45.561+02:00, 0.273E-02, 3389.5878, 0.14505E+07
 1179400,2026-09-24T02:14:55.798+02:00, 0.282E-02, 3389.8621, 0.14507E+07
 1179500,2026-09-24T02:15:06.212+02:00, 0.278E-02, 3390.1385, 0.14508E+07
 1179600,2026-09-24T02:15:16.461+02:00, 0.293E-02, 3390.4223, 0.14509E+07
 1179700,2026-09-24T02:15:27.013+02:00, 0.248E-02, 3390.7002, 0.14510E+07
 1179800,2026-09-24T02:15:37.409+02:00, 0.273E-02, 3390.9720, 0.14512E+07
 1179900,2026-09-24T02:15:47.953+02:00, 0.296E-02, 3391.2493, 0.14513E+07
 1180000,2026-09-24T02:15:58.074+02:00, 0.284E-02, 3391.5312, 0.14514E+07
 1180100,2026-09-24T02:16:08.223+02:00, 0.284E-02, 3391.8156, 0.14515E+07
 1180200,2026-09-24T02:16:18.551+02:00, 0.279E-02, 3392.0977, 0.14516E+07
 1180300,2026-09-24T02:16:28.992+02:00, 0.265E-02, 3392.3695, 0.14518E+07
 1180400,2026-09-24T02:16:39.684+02:00, 0.285E-02, 3392.6368, 0.14519E+07
 1180500,2026-09-24T02:16:50.675+02:00, 0.272E-02, 3392.9008, 0.14520E+07
 1180600,2026-09-24T02:17:01.237+02:00, 0.291E-02, 3393.1727, 0.14522E+07
 1180700,2026-09-24T02:17:11.860+02:00, 0.260E-02, 3393.4610, 0.14523E+07
 1180800,2026-09-24T02:17:22.465+02:00, 0.247E-02, 3393.7372, 0.14524E+07
 1180900,2026-09-24T02:17:33.382+02:00, 0.273E-02, 3394.0068, 0.14525E+07
 1181000,2026-09-24T02:17:43.523+02:00, 0.290E-02, 3394.2725, 0.14527E+07
 1181100,2026-09-24T02:17:53.919+02:00, 0.279E-02, 3394.5474, 0.14528E+07
 1181200,2026-09-24T02:18:04.762+02:00, 0.249E-02, 3394.8162, 0.14529E+07
 1181300,2026-09-24T02:18:15.445+02:00, 0.271E-02, 3395.0884, 0.14530E+07
 1181400,2026-09-24T02:18:26.333+02:00, 0.281E-02, 3395.3604, 0.14532E+07
 1181500,2026-09-24T02:18:36.786+02:00, 0.216E-02, 3395.6307, 0.14533E+07
 1181600,2026-09-24T02:18:47.334+02:00, 0.277E-02, 3395.9012, 0.14534E+07
 1181700,2026-09-24T02:18:57.836+02:00, 0.281E-02, 3396.1734, 0.14535E+07
 1181800,2026-09-24T02:19:08.390+02:00, 0.245E-02, 3396.4452, 0.14537E+07
 1181900,2026-09-24T02:19:19.026+02:00, 0.269E-02, 3396.7142, 0.14538E+07
 1182000,2026-09-24T02:19:29.953+02:00, 0.286E-02, 3396.9952, 0.14539E+07
 1182100,2026-09-24T02:19:40.366+02:00, 0.291E-02, 3397.2777, 0.14541E+07
 1182200,2026-09-24T02:19:50.880+02:00, 0.278E-02, 3397.5545, 0.14542E+07
 1182300,2026-09-24T02:20:01.368+02:00, 0.238E-02, 3397.8204, 0.14543E+07
 1182400,2026-09-24T02:20:11.946+02:00, 0.281E-02, 3398.0986, 0.14544E+07
 1182500,2026-09-24T02:20:22.208+02:00, 0.281E-02, 3398.3797, 0.14546E+07
 1182600,2026-09-24T02:20:32.313+02:00, 0.271E-02, 3398.6566, 0.14547E+07
 1182700,2026-09-24T02:20:42.693+02:00, 0.236E-02, 3398.9237, 0.14548E+07
 1182800,2026-09-24T02:20:52.729+02:00, 0.272E-02, 3399.1851, 0.14549E+07
 1182900,2026-09-24T02:21:02.994+02:00, 0.291E-02, 3399.4625, 0.14550E+07
 1183000,2026-09-24T02:21:13.328+02:00, 0.287E-02, 3399.7456, 0.14552E+07
 1183100,2026-09-24T02:21:23.614+02:00, 0.243E-02, 3400.0128, 0.14553E+07
 1183200,2026-09-24T02:21:33.895+02:00, 0.282E-02, 3400.2821, 0.14554E+07
 1183300,2026-09-24T02:21:43.843+02:00, 0.276E-02, 3400.5552, 0.14555E+07
 1183400,2026-09-24T02:21:54.152+02:00, 0.279E-02, 3400.8324, 0.14556E+07
 1183500,2026-09-24T02:22:04.795+02:00, 0.274E-02, 3401.0971, 0.14558E+07
 1183600,2026-09-24T02:22:15.983+02:00, 0.297E-02, 3401.3793, 0.14559E+07
 1183700,2026-09-24T02:22:26.969+02:00, 0.272E-02, 3401.6464, 0.14560E+07
 1183800,2026-09-24T02:22:37.365+02:00, 0.278E-02, 3401.9142, 0.14562E+07
 1183900,2026-09-24T02:22:48.039+02:00, 0.270E-02, 3402.1901, 0.14563E+07
 1184000,2026-09-24T02:22:58.062+02:00, 0.288E-02, 3402.4515, 0.14564E+07
 1184100,2026-09-24T02:23:08.747+02:00, 0.250E-02, 3402.7280, 0.14565E+07
 1184200,2026-09-24T02:23:19.305+02:00, 0.285E-02, 3403.0075, 0.14567E+07
 1184300,2026-09-24T02:23:30.013+02:00, 0.262E-02, 3403.2796, 0.14568E+07
 1184400,2026-09-24T02:23:40.841+02:00, 0.283E-02, 3403.5505, 0.14569E+07
 1184500,2026-09-24T02:23:51.592+02:00, 0.286E-02, 3403.8281, 0.14571E+07
 1184600,2026-09-24T02:24:01.780+02:00, 0.286E-02, 3404.1145, 0.14572E+07
 1184700,2026-09-24T02:24:12.205+02:00, 0.290E-02, 3404.3839, 0.14573E+07
 1184800,2026-09-24T02:24:23.063+02:00, 0.274E-02, 3404.6513, 0.14574E+07
 1184900,2026-09-24T02:24:33.145+02:00, 0.268E-02, 3404.9188, 0.14576E+07
 1185000,2026-09-24T02:24:43.440+02:00, 0.262E-02, 3405.1895, 0.14577E+07
 1185100,2026-09-24T02:24:53.589+02:00, 0.280E-02, 3405.4651, 0.14578E+07
 1185200,2026-09-24T02:25:04.058+02:00, 0.272E-02, 3405.7363, 0.14579E+07
 1185300,2026-09-24T02:25:14.769+02:00, 0.266E-02, 3406.0007, 0.14580E+07
 1185400,2026-09-24T02:25:25.308+02:00, 0.292E-02, 3406.2888, 0.14582E+07
 1185500,2026-09-24T02:25:35.706+02:00, 0.277E-02, 3406.5641, 0.14583E+07
 1185600,2026-09-24T02:25:46.199+02:00, 0.289E-02, 3406.8512, 0.14584E+07
 1185700,2026-09-24T02:25:56.781+02:00, 0.273E-02, 3407.1246, 0.14585E+07
 1185800,2026-09-24T02:26:07.446+02:00, 0.259E-02, 3407.3876, 0.14587E+07
 1185900,2026-09-24T02:26:18.309+02:00, 0.278E-02, 3407.6635, 0.14588E+07
 1186000,2026-09-24T02:26:28.799+02:00, 0.278E-02, 3407.9417, 0.14589E+07
 1186100,2026-09-24T02:26:39.057+02:00, 0.260E-02, 3408.2140, 0.14591E+07
 1186200,2026-09-24T02:26:49.633+02:00, 0.286E-02, 3408.4990, 0.14592E+07
 1186300,2026-09-24T02:26:59.971+02:00, 0.273E-02, 3408.7708, 0.14593E+07
 1186400,2026-09-24T02:27:10.558+02:00, 0.264E-02, 3409.0363, 0.14594E+07
 1186500,2026-09-24T02:27:21.218+02:00, 0.261E-02, 3409.2966, 0.14596E+07
 1186600,2026-09-24T02:27:32.193+02:00, 0.263E-02, 3409.5584, 0.14597E+07
 1186700,2026-09-24T02:27:42.961+02:00, 0.272E-02, 3409.8250, 0.14598E+07
 1186800,2026-09-24T02:27:53.465+02:00, 0.264E-02, 3410.0904, 0.14599E+07
 1186900,2026-09-24T02:28:04.466+02:00, 0.290E-02, 3410.3563, 0.14601E+07
 1187000,2026-09-24T02:28:15.349+02:00, 0.274E-02, 3410.6127, 0.14602E+07
 1187100,2026-09-24T02:28:25.942+02:00, 0.295E-02, 3410.8933, 0.14603E+07
 1187200,2026-09-24T02:28:35.986+02:00, 0.231E-02, 3411.1787, 0.14604E+07
 1187300,2026-09-24T02:28:46.652+02:00, 0.279E-02, 3411.4530, 0.14606E+07
 1187400,2026-09-24T02:28:57.223+02:00, 0.292E-02, 3411.7380, 0.14607E+07
 1187500,2026-09-24T02:29:07.880+02:00, 0.238E-02, 3411.9971, 0.14608E+07
 1187600,2026-09-24T02:29:18.805+02:00, 0.243E-02, 3412.2582, 0.14610E+07
 1187700,2026-09-24T02:29:29.874+02:00, 0.267E-02, 3412.5135, 0.14611E+07
 1187800,2026-09-24T02:29:40.530+02:00, 0.277E-02, 3412.7769, 0.14612E+07
 1187900,2026-09-24T02:29:51.346+02:00, 0.271E-02, 3413.0450, 0.14613E+07
 1188000,2026-09-24T02:30:02.041+02:00, 0.272E-02, 3413.3112, 0.14615E+07
 1188100,2026-09-24T02:30:12.305+02:00, 0.288E-02, 3413.5802, 0.14616E+07
 1188200,2026-09-24T02:30:22.876+02:00, 0.276E-02, 3413.8637, 0.14617E+07
 1188300,2026-09-24T02:30:33.900+02:00, 0.257E-02, 3414.1267, 0.14619E+07
 1188400,2026-09-24T02:30:44.875+02:00, 0.261E-02, 3414.3785, 0.14620E+07
 1188500,2026-09-24T02:30:55.546+02:00, 0.291E-02, 3414.6361, 0.14621E+07
 1188600,2026-09-24T02:31:06.703+02:00, 0.256E-02, 3414.9043, 0.14622E+07
 1188700,2026-09-24T02:31:17.171+02:00, 0.276E-02, 3415.1780, 0.14624E+07
 1188800,2026-09-24T02:31:27.413+02:00, 0.297E-02, 3415.4575, 0.14625E+07
 1188900,2026-09-24T02:31:37.683+02:00, 0.305E-02, 3415.7410, 0.14626E+07
 1189000,2026-09-24T02:31:48.001+02:00, 0.272E-02, 3416.0209, 0.14627E+07
 1189100,2026-09-24T02:31:58.143+02:00, 0.288E-02, 3416.3069, 0.14629E+07
 1189200,2026-09-24T02:32:08.876+02:00, 0.248E-02, 3416.5885, 0.14630E+07
 1189300,2026-09-24T02:32:19.487+02:00, 0.277E-02, 3416.8570, 0.14631E+07
 1189400,2026-09-24T02:32:30.449+02:00, 0.276E-02, 3417.1287, 0.14632E+07
 1189500,2026-09-24T02:32:41.047+02:00, 0.261E-02, 3417.3901, 0.14634E+07
 1189600,2026-09-24T02:32:51.307+02:00, 0.281E-02, 3417.6594, 0.14635E+07
 1189700,2026-09-24T02:33:01.426+02:00, 0.276E-02, 3417.9294, 0.14636E+07
 1189800,2026-09-24T02:33:11.838+02:00, 0.238E-02, 3418.2028, 0.14637E+07
 1189900,2026-09-24T02:33:22.830+02:00, 0.285E-02, 3418.4880, 0.14639E+07
 1190000,2026-09-24T02:33:33.475+02:00, 0.272E-02, 3418.7588, 0.14640E+07
 1190100,2026-09-24T02:33:43.586+02:00, 0.278E-02, 3419.0359, 0.14641E+07
 1190200,2026-09-24T02:33:53.988+02:00, 0.278E-02, 3419.3142, 0.14642E+07
 1190300,2026-09-24T02:34:04.833+02:00, 0.307E-02, 3419.5900, 0.14644E+07
 1190400,2026-09-24T02:34:15.428+02:00, 0.292E-02, 3419.8684, 0.14645E+07
 1190500,2026-09-24T02:34:26.664+02:00, 0.250E-02, 3420.1481, 0.14646E+07
 1190600,2026-09-24T02:34:37.282+02:00, 0.294E-02, 3420.4180, 0.14648E+07
 1190700,2026-09-24T02:34:47.723+02:00, 0.259E-02, 3420.6833, 0.14649E+07
 1190800,2026-09-24T02:34:57.939+02:00, 0.285E-02, 3420.9643, 0.14650E+07
 1190900,2026-09-24T02:35:08.180+02:00, 0.277E-02, 3421.2467, 0.14651E+07
 1191000,2026-09-24T02:35:18.850+02:00, 0.234E-02, 3421.5069, 0.14653E+07
 1191100,2026-09-24T02:35:29.175+02:00, 0.275E-02, 3421.7744, 0.14654E+07
 1191200,2026-09-24T02:35:39.628+02:00, 0.266E-02, 3422.0487, 0.14655E+07
 1191300,2026-09-24T02:35:50.472+02:00, 0.245E-02, 3422.3076, 0.14656E+07
 1191400,2026-09-24T02:36:00.769+02:00, 0.244E-02, 3422.5637, 0.14658E+07
 1191500,2026-09-24T02:36:11.565+02:00, 0.260E-02, 3422.8255, 0.14659E+07
 1191600,2026-09-24T02:36:22.063+02:00, 0.244E-02, 3423.0927, 0.14660E+07
 1191700,2026-09-24T02:36:32.717+02:00, 0.282E-02, 3423.3623, 0.14661E+07
 1191800,2026-09-24T02:36:43.447+02:00, 0.290E-02, 3423.6414, 0.14663E+07
 1191900,2026-09-24T02:36:53.790+02:00, 0.277E-02, 3423.9183, 0.14664E+07
 1192000,2026-09-24T02:37:04.314+02:00, 0.246E-02, 3424.1940, 0.14665E+07
 1192100,2026-09-24T02:37:14.558+02:00, 0.271E-02, 3424.4630, 0.14666E+07
 1192200,2026-09-24T02:37:24.725+02:00, 0.267E-02, 3424.7391, 0.14668E+07
 1192300,2026-09-24T02:37:35.024+02:00, 0.272E-02, 3425.0209, 0.14669E+07
 1192400,2026-09-24T02:37:45.282+02:00, 0.272E-02, 3425.2928, 0.14670E+07
 1192500,2026-09-24T02:37:55.898+02:00, 0.299E-02, 3425.5704, 0.14671E+07
 1192600,2026-09-24T02:38:06.708+02:00, 0.283E-02, 3425.8421, 0.14673E+07
 1192700,2026-09-24T02:38:17.483+02:00, 0.265E-02, 3426.1093, 0.14674E+07
 1192800,2026-09-24T02:38:28.262+02:00, 0.234E-02, 3426.3907, 0.14675E+07
 1192900,2026-09-24T02:38:39.057+02:00, 0.235E-02, 3426.6501, 0.14676E+07
 1193000,2026-09-24T02:38:50.123+02:00, 0.279E-02, 3426.9167, 0.14678E+07
 1193100,2026-09-24T02:39:01.503+02:00, 0.279E-02, 3427.1958, 0.14679E+07
 1193200,2026-09-24T02:39:12.426+02:00, 0.279E-02, 3427.4748, 0.14680E+07
 1193300,2026-09-24T02:39:24.046+02:00, 0.274E-02, 3427.7483, 0.14682E+07
 1193400,2026-09-24T02:39:35.891+02:00, 0.270E-02, 3428.0155, 0.14683E+07
 1193500,2026-09-24T02:39:47.567+02:00, 0.288E-02, 3428.2902, 0.14685E+07
 1193600,2026-09-24T02:39:59.563+02:00, 0.266E-02, 3428.5569, 0.14686E+07
 1193700,2026-09-24T02:40:10.427+02:00, 0.272E-02, 3428.8143, 0.14687E+07
 1193800,2026-09-24T02:40:21.785+02:00, 0.262E-02, 3429.0990, 0.14689E+07
 1193900,2026-09-24T02:40:33.400+02:00, 0.292E-02, 3429.3828, 0.14690E+07
 1194000,2026-09-24T02:40:45.002+02:00, 0.292E-02, 3429.6749, 0.14691E+07
 1194100,2026-09-24T02:40:56.859+02:00, 0.282E-02, 3429.9542, 0.14693E+07
 1194200,2026-09-24T02:41:08.532+02:00, 0.279E-02, 3430.2264, 0.14694E+07
 1194300,2026-09-24T02:41:19.935+02:00, 0.276E-02, 3430.5012, 0.14695E+07
 1194400,2026-09-24T02:41:31.334+02:00, 0.285E-02, 3430.7833, 0.14697E+07
 1194500,2026-09-24T02:41:42.442+02:00, 0.258E-02, 3431.0454, 0.14698E+07
 1194600,2026-09-24T02:41:54.026+02:00, 0.283E-02, 3431.3036, 0.14699E+07
 1194700,2026-09-24T02:42:05.478+02:00, 0.273E-02, 3431.5801, 0.14701E+07
 1194800,2026-09-24T02:42:16.900+02:00, 0.278E-02, 3431.8496, 0.14702E+07
 1194900,2026-09-24T02:42:28.083+02:00, 0.273E-02, 3432.1199, 0.14703E+07
 1195000,2026-09-24T02:42:39.312+02:00, 0.280E-02, 3432.3889, 0.14705E+07
 1195100,2026-09-24T02:42:50.640+02:00, 0.251E-02, 3432.6654, 0.14706E+07
 1195200,2026-09-24T02:43:02.213+02:00, 0.276E-02, 3432.9385, 0.14707E+07
 1195300,2026-09-24T02:43:13.884+02:00, 0.261E-02, 3433.2068, 0.14709E+07
 1195400,2026-09-24T02:43:25.227+02:00, 0.283E-02, 3433.4865, 0.14710E+07
 1195500,2026-09-24T02:43:36.380+02:00, 0.287E-02, 3433.7572, 0.14712E+07
 1195600,2026-09-24T02:43:47.575+02:00, 0.287E-02, 3434.0439, 0.14713E+07
 1195700,2026-09-24T02:43:58.877+02:00, 0.276E-02, 3434.3181, 0.14714E+07
 1195800,2026-09-24T02:44:10.141+02:00, 0.267E-02, 3434.5889, 0.14716E+07
 1195900,2026-09-24T02:44:21.206+02:00, 0.284E-02, 3434.8581, 0.14717E+07
 1196000,2026-09-24T02:44:32.987+02:00, 0.291E-02, 3435.1191, 0.14718E+07
 1196100,2026-09-24T02:44:44.622+02:00, 0.268E-02, 3435.3836, 0.14720E+07
 1196200,2026-09-24T02:44:56.079+02:00, 0.254E-02, 3435.6594, 0.14721E+07
 1196300,2026-09-24T02:45:06.725+02:00, 0.282E-02, 3435.9346, 0.14722E+07
 1196400,2026-09-24T02:45:17.844+02:00, 0.259E-02, 3436.2160, 0.14724E+07
 1196500,2026-09-24T02:45:28.840+02:00, 0.268E-02, 3436.4778, 0.14725E+07
 1196600,2026-09-24T02:45:40.267+02:00, 0.270E-02, 3436.7506, 0.14726E+07
 1196700,2026-09-24T02:45:51.102+02:00, 0.261E-02, 3437.0143, 0.14728E+07
 1196800,2026-09-24T02:46:01.875+02:00, 0.253E-02, 3437.2827, 0.14729E+07
 1196900,2026-09-24T02:46:12.626+02:00, 0.253E-02, 3437.5434, 0.14730E+07
 1197000,2026-09-24T02:46:22.816+02:00, 0.274E-02, 3437.8109, 0.14731E+07
 1197100,2026-09-24T02:46:33.184+02:00, 0.258E-02, 3438.0703, 0.14733E+07
 1197200,2026-09-24T02:46:43.670+02:00, 0.277E-02, 3438.3265, 0.14734E+07
 1197300,2026-09-24T02:46:54.769+02:00, 0.297E-02, 3438.6035, 0.14735E+07
 1197400,2026-09-24T02:47:05.426+02:00, 0.249E-02, 3438.8768, 0.14736E+07
 1197500,2026-09-24T02:47:16.127+02:00, 0.283E-02, 3439.1507, 0.14738E+07
 1197600,2026-09-24T02:47:26.993+02:00, 0.267E-02, 3439.4217, 0.14739E+07
 1197700,2026-09-24T02:47:38.029+02:00, 0.286E-02, 3439.6886, 0.14740E+07
 1197800,2026-09-24T02:47:48.563+02:00, 0.239E-02, 3439.9565, 0.14742E+07
 1197900,2026-09-24T02:47:58.795+02:00, 0.286E-02, 3440.2348, 0.14743E+07
 1198000,2026-09-24T02:48:09.725+02:00, 0.257E-02, 3440.5027, 0.14744E+07
 1198100,2026-09-24T02:48:20.560+02:00, 0.278E-02, 3440.7736, 0.14745E+07
 1198200,2026-09-24T02:48:31.362+02:00, 0.279E-02, 3441.0410, 0.14747E+07
 1198300,2026-09-24T02:48:42.037+02:00, 0.287E-02, 3441.3176, 0.14748E+07
 1198400,2026-09-24T02:48:52.585+02:00, 0.253E-02, 3441.5999, 0.14749E+07
 1198500,2026-09-24T02:49:03.034+02:00, 0.289E-02, 3441.8727, 0.14750E+07
 1198600,2026-09-24T02:49:13.781+02:00, 0.278E-02, 3442.1365, 0.14752E+07
 1198700,2026-09-24T02:49:24.620+02:00, 0.263E-02, 3442.4047, 0.14753E+07
 1198800,2026-09-24T02:49:35.270+02:00, 0.254E-02, 3442.6699, 0.14754E+07
 1198900,2026-09-24T02:49:45.964+02:00, 0.236E-02, 3442.9545, 0.14756E+07
 1199000,2026-09-24T02:49:56.175+02:00, 0.285E-02, 3443.2329, 0.14757E+07
 1199100,2026-09-24T02:50:06.909+02:00, 0.278E-02, 3443.4978, 0.14758E+07
 1199200,2026-09-24T02:50:17.352+02:00, 0.277E-02, 3443.7574, 0.14759E+07
 1199300,2026-09-24T02:50:27.549+02:00, 0.265E-02, 3444.0277, 0.14760E+07
 1199400,2026-09-24T02:50:37.865+02:00, 0.255E-02, 3444.3128, 0.14762E+07
 1199500,2026-09-24T02:50:48.111+02:00, 0.242E-02, 3444.5800, 0.14763E+07
 1199600,2026-09-24T02:50:58.885+02:00, 0.284E-02, 3444.8397, 0.14764E+07
 1199700,2026-09-24T02:51:09.831+02:00, 0.291E-02, 3445.1122, 0.14766E+07
 1199800,2026-09-24T02:51:20.456+02:00, 0.245E-02, 3445.3858, 0.14767E+07
 1199900,2026-09-24T02:51:30.757+02:00, 0.270E-02, 3445.6517, 0.14768E+07
 1200000,2026-09-24T02:51:41.384+02:00, 0.261E-02, 3445.9190, 0.14769E+07
 1200100,2026-09-24T02:51:51.755+02:00, 0.278E-02, 3446.1879, 0.14771E+07
 1200200,2026-09-24T02:52:01.998+02:00, 0.278E-02, 3446.4656, 0.14772E+07
 1200300,2026-09-24T02:52:12.213+02:00, 0.293E-02, 3446.7332, 0.14773E+07
 1200400,2026-09-24T02:52:22.633+02:00, 0.293E-02, 3447.0266, 0.14774E+07
 1200500,2026-09-24T02:52:33.403+02:00, 0.279E-02, 3447.3064, 0.14776E+07
 1200600,2026-09-24T02:52:43.743+02:00, 0.269E-02, 3447.5881, 0.14777E+07
 1200700,2026-09-24T02:52:53.940+02:00, 0.285E-02, 3447.8651, 0.14778E+07
 1200800,2026-09-24T02:53:04.354+02:00, 0.277E-02, 3448.1450, 0.14779E+07
 1200900,2026-09-24T02:53:14.599+02:00, 0.298E-02, 3448.4214, 0.14780E+07
 1201000,2026-09-24T02:53:24.691+02:00, 0.267E-02, 3448.6810, 0.14782E+07
 1201100,2026-09-24T02:53:35.171+02:00, 0.279E-02, 3448.9518, 0.14783E+07
 1201200,2026-09-24T02:53:45.480+02:00, 0.266E-02, 3449.2134, 0.14784E+07
 1201300,2026-09-24T02:53:55.879+02:00, 0.274E-02, 3449.4961, 0.14785E+07
 1201400,2026-09-24T02:54:06.342+02:00, 0.271E-02, 3449.7774, 0.14787E+07
 1201500,2026-09-24T02:54:16.916+02:00, 0.249E-02, 3450.0360, 0.14788E+07
 1201600,2026-09-24T02:54:27.385+02:00, 0.278E-02, 3450.3165, 0.14789E+07
 1201700,2026-09-24T02:54:38.365+02:00, 0.278E-02, 3450.5940, 0.14790E+07
 1201800,2026-09-24T02:54:48.817+02:00, 0.238E-02, 3450.8644, 0.14792E+07
 1201900,2026-09-24T02:54:59.512+02:00, 0.303E-02, 3451.1549, 0.14793E+07
 1202000,2026-09-24T02:55:09.739+02:00, 0.257E-02, 3451.4472, 0.14794E+07
 1202100,2026-09-24T02:55:20.208+02:00, 0.283E-02, 3451.7266, 0.14795E+07
 1202200,2026-09-24T02:55:30.282+02:00, 0.274E-02, 3452.0031, 0.14797E+07
 1202300,2026-09-24T02:55:40.526+02:00, 0.275E-02, 3452.2787, 0.14798E+07
 1202400,2026-09-24T02:55:50.664+02:00, 0.303E-02, 3452.5579, 0.14799E+07
 1202500,2026-09-24T02:56:01.682+02:00, 0.263E-02, 3452.8283, 0.14800E+07
 1202600,2026-09-24T02:56:13.963+02:00, 0.252E-02, 3453.0976, 0.14802E+07
 1202700,2026-09-24T02:56:24.958+02:00, 0.288E-02, 3453.3602, 0.14803E+07
 1202800,2026-09-24T02:56:35.721+02:00, 0.282E-02, 3453.6419, 0.14804E+07
 1202900,2026-09-24T02:56:46.158+02:00, 0.271E-02, 3453.9202, 0.14806E+07
 1203000,2026-09-24T02:56:56.632+02:00, 0.257E-02, 3454.1878, 0.14807E+07
 1203100,2026-09-24T02:57:07.636+02:00, 0.267E-02, 3454.4539, 0.14808E+07
 1203200,2026-09-24T02:57:18.533+02:00, 0.287E-02, 3454.7212, 0.14810E+07
 1203300,2026-09-24T02:57:29.158+02:00, 0.272E-02, 3454.9902, 0.14811E+07
 1203400,2026-09-24T02:57:39.360+02:00, 0.274E-02, 3455.2561, 0.14812E+07
 1203500,2026-09-24T02:57:49.746+02:00, 0.296E-02, 3455.5306, 0.14813E+07
 1203600,2026-09-24T02:58:00.380+02:00, 0.269E-02, 3455.8130, 0.14815E+07
 1203700,2026-09-24T02:58:11.110+02:00, 0.296E-02, 3456.0991, 0.14816E+07
 1203800,2026-09-24T02:58:21.550+02:00, 0.310E-02, 3456.3840, 0.14817E+07
 1203900,2026-09-24T02:58:31.972+02:00, 0.275E-02, 3456.6633, 0.14818E+07
 1204000,2026-09-24T02:58:42.288+02:00, 0.226E-02, 3456.9418, 0.14820E+07
 1204100,2026-09-24T02:58:52.510+02:00, 0.298E-02, 3457.2092, 0.14821E+07
 1204200,2026-09-24T02:59:02.703+02:00, 0.288E-02, 3457.4900, 0.14822E+07
 1204300,2026-09-24T02:59:13.123+02:00, 0.283E-02, 3457.7722, 0.14823E+07
 1204400,2026-09-24T02:59:23.848+02:00, 0.240E-02, 3458.0392, 0.14824E+07
 1204500,2026-09-24T02:59:34.750+02:00, 0.269E-02, 3458.3019, 0.14826E+07
 1204600,2026-09-24T02:59:45.709+02:00, 0.273E-02, 3458.5742, 0.14827E+07
 1204700,2026-09-24T02:59:56.566+02:00, 0.283E-02, 3458.8475, 0.14828E+07
 1204800,2026-09-24T03:00:07.317+02:00, 0.274E-02, 3459.1222, 0.14830E+07
 1204900,2026-09-24T03:00:18.071+02:00, 0.275E-02, 3459.4008, 0.14831E+07
 1205000,2026-09-24T03:00:29.017+02:00, 0.257E-02, 3459.6628, 0.14832E+07
 1205100,2026-09-24T03:00:39.944+02:00, 0.270E-02, 3459.9340, 0.14834E+07
 1205200,2026-09-24T03:00:50.543+02:00, 0.282E-02, 3460.2128, 0.14835E+07
 1205300,2026-09-24T03:01:00.972+02:00, 0.247E-02, 3460.4889, 0.14836E+07
 1205400,2026-09-24T03:01:11.449+02:00, 0.271E-02, 3460.7578, 0.14837E+07
 1205500,2026-09-24T03:01:22.078+02:00, 0.244E-02, 3461.0137, 0.14839E+07
 1205600,2026-09-24T03:01:32.982+02:00, 0.281E-02, 3461.2781, 0.14840E+07
 1205700,2026-09-24T03:01:43.821+02:00, 0.273E-02, 3461.5481, 0.14841E+07
 1205800,2026-09-24T03:01:54.525+02:00, 0.264E-02, 3461.8205, 0.14842E+07
 1205900,2026-09-24T03:02:05.203+02:00, 0.280E-02, 3462.0918, 0.14844E+07
 1206000,2026-09-24T03:02:15.439+02:00, 0.289E-02, 3462.3613, 0.14845E+07
 1206100,2026-09-24T03:02:25.580+02:00, 0.277E-02, 3462.6361, 0.14846E+07
 1206200,2026-09-24T03:02:35.908+02:00, 0.275E-02, 3462.9089, 0.14847E+07
 1206300,2026-09-24T03:02:46.258+02:00, 0.292E-02, 3463.1908, 0.14849E+07
 1206400,2026-09-24T03:02:56.892+02:00, 0.301E-02, 3463.4754, 0.14850E+07
 1206500,2026-09-24T03:03:07.644+02:00, 0.277E-02, 3463.7554, 0.14851E+07
 1206600,2026-09-24T03:03:18.496+02:00, 0.271E-02, 3464.0250, 0.14853E+07
 1206700,2026-09-24T03:03:29.019+02:00, 0.271E-02, 3464.2959, 0.14854E+07
 1206800,2026-09-24T03:03:39.726+02:00, 0.273E-02, 3464.5670, 0.14855E+07
 1206900,2026-09-24T03:03:50.534+02:00, 0.279E-02, 3464.8427, 0.14856E+07
 1207000,2026-09-24T03:04:01.024+02:00, 0.272E-02, 3465.1081, 0.14858E+07
 1207100,2026-09-24T03:04:11.632+02:00, 0.272E-02, 3465.3801, 0.14859E+07
 1207200,2026-09-24T03:04:21.962+02:00, 0.294E-02, 3465.6445, 0.14860E+07
 1207300,2026-09-24T03:04:32.464+02:00, 0.266E-02, 3465.9273, 0.14861E+07
 1207400,2026-09-24T03:04:42.939+02:00, 0.270E-02, 3466.2007, 0.14863E+07
 1207500,2026-09-24T03:04:53.524+02:00, 0.265E-02, 3466.4757, 0.14864E+07
 1207600,2026-09-24T03:05:03.775+02:00, 0.272E-02, 3466.7450, 0.14865E+07
 1207700,2026-09-24T03:05:14.221+02:00, 0.289E-02, 3467.0186, 0.14866E+07
 1207800,2026-09-24T03:05:24.933+02:00, 0.241E-02, 3467.2893, 0.14868E+07
 1207900,2026-09-24T03:05:35.630+02:00, 0.279E-02, 3467.5462, 0.14869E+07
 1208000,2026-09-24T03:05:46.467+02:00, 0.279E-02, 3467.8251, 0.14870E+07
 1208100,2026-09-24T03:05:57.131+02:00, 0.246E-02, 3468.0953, 0.14871E+07
 1208200,2026-09-24T03:06:07.697+02:00, 0.281E-02, 3468.3685, 0.14873E+07
 1208300,2026-09-24T03:06:18.486+02:00, 0.279E-02, 3468.6445, 0.14874E+07
 1208400,2026-09-24T03:06:29.105+02:00, 0.279E-02, 3468.9237, 0.14875E+07
 1208500,2026-09-24T03:06:40.080+02:00, 0.285E-02, 3469.1893, 0.14877E+07
 1208600,2026-09-24T03:06:50.871+02:00, 0.265E-02, 3469.4584, 0.14878E+07
 1208700,2026-09-24T03:07:01.288+02:00, 0.285E-02, 3469.7363, 0.14879E+07
 1208800,2026-09-24T03:07:11.499+02:00, 0.278E-02, 3470.0149, 0.14880E+07
 1208900,2026-09-24T03:07:21.828+02:00, 0.270E-02, 3470.2885, 0.14882E+07
 1209000,2026-09-24T03:07:32.123+02:00, 0.270E-02, 3470.5586, 0.14883E+07
 1209100,2026-09-24T03:07:42.732+02:00, 0.262E-02, 3470.8366, 0.14884E+07
 1209200,2026-09-24T03:07:53.319+02:00, 0.279E-02, 3471.1188, 0.14885E+07
 1209300,2026-09-24T03:08:04.229+02:00, 0.290E-02, 3471.3869, 0.14887E+07
 1209400,2026-09-24T03:08:14.797+02:00, 0.288E-02, 3471.6609, 0.14888E+07
 1209500,2026-09-24T03:08:25.267+02:00, 0.272E-02, 3471.9403, 0.14889E+07
 1209600,2026-09-24T03:08:35.573+02:00, 0.266E-02, 3472.2078, 0.14890E+07
 1209700,2026-09-24T03:08:45.875+02:00, 0.250E-02, 3472.4696, 0.14892E+07
 1209800,2026-09-24T03:08:56.390+02:00, 0.285E-02, 3472.7404, 0.14893E+07
 1209900,2026-09-24T03:09:06.808+02:00, 0.280E-02, 3473.0080, 0.14894E+07
 1210000,2026-09-24T03:09:17.552+02:00, 0.276E-02, 3473.2848, 0.14895E+07
 1210100,2026-09-24T03:09:28.309+02:00, 0.254E-02, 3473.5628, 0.14897E+07
 1210200,2026-09-24T03:09:38.680+02:00, 0.280E-02, 3473.8413, 0.14898E+07
 1210300,2026-09-24T03:09:49.244+02:00, 0.227E-02, 3474.1048, 0.14899E+07
 1210400,2026-09-24T03:09:59.973+02:00, 0.274E-02, 3474.3787, 0.14900E+07
 1210500,2026-09-24T03:10:11.125+02:00, 0.272E-02, 3474.6461, 0.14902E+07
 1210600,2026-09-24T03:10:21.953+02:00, 0.286E-02, 3474.9232, 0.14903E+07
 1210700,2026-09-24T03:10:32.193+02:00, 0.282E-02, 3475.2044, 0.14904E+07
 1210800,2026-09-24T03:10:42.374+02:00, 0.252E-02, 3475.4863, 0.14905E+07
 1210900,2026-09-24T03:10:52.872+02:00, 0.290E-02, 3475.7664, 0.14907E+07
 1211000,2026-09-24T03:11:03.050+02:00, 0.250E-02, 3476.0296, 0.14908E+07
 1211100,2026-09-24T03:11:13.262+02:00, 0.274E-02, 3476.3028, 0.14909E+07
 1211200,2026-09-24T03:11:23.925+02:00, 0.264E-02, 3476.5712, 0.14910E+07
 1211300,2026-09-24T03:11:34.395+02:00, 0.280E-02, 3476.8468, 0.14912E+07
 1211400,2026-09-24T03:11:45.345+02:00, 0.282E-02, 3477.1254, 0.14913E+07
 1211500,2026-09-24T03:11:56.189+02:00, 0.294E-02, 3477.3940, 0.14914E+07
 1211600,2026-09-24T03:12:06.690+02:00, 0.289E-02, 3477.6816, 0.14916E+07
 1211700,2026-09-24T03:12:17.327+02:00, 0.279E-02, 3477.9533, 0.14917E+07
 1211800,2026-09-24T03:12:28.211+02:00, 0.261E-02, 3478.2097, 0.14918E+07
 1211900,2026-09-24T03:12:39.061+02:00, 0.248E-02, 3478.4691, 0.14919E+07
 1212000,2026-09-24T03:12:50.033+02:00, 0.277E-02, 3478.7374, 0.14921E+07
 1212100,2026-09-24T03:13:00.773+02:00, 0.290E-02, 3479.0083, 0.14922E+07
 1212200,2026-09-24T03:13:11.666+02:00, 0.283E-02, 3479.2809, 0.14923E+07
 1212300,2026-09-24T03:13:22.395+02:00, 0.248E-02, 3479.5556, 0.14925E+07
 1212400,2026-09-24T03:13:33.236+02:00, 0.247E-02, 3479.8349, 0.14926E+07
 1212500,2026-09-24T03:13:44.086+02:00, 0.271E-02, 3480.0993, 0.14927E+07
 1212600,2026-09-24T03:13:55.038+02:00, 0.291E-02, 3480.3675, 0.14929E+07
 1212700,2026-09-24T03:14:05.757+02:00, 0.259E-02, 3480.6352, 0.14930E+07
 1212800,2026-09-24T03:14:16.244+02:00, 0.279E-02, 3480.9134, 0.14931E+07
 1212900,2026-09-24T03:14:26.451+02:00, 0.267E-02, 3481.1790, 0.14932E+07
 1213000,2026-09-24T03:14:36.616+02:00, 0.288E-02, 3481.4524, 0.14933E+07
 1213100,2026-09-24T03:14:46.950+02:00, 0.282E-02, 3481.7340, 0.14935E+07
 1213200,2026-09-24T03:14:57.517+02:00, 0.287E-02, 3482.0103, 0.14936E+07
 1213300,2026-09-24T03:15:08.033+02:00, 0.254E-02, 3482.2952, 0.14937E+07
 1213400,2026-09-24T03:15:18.199+02:00, 0.270E-02, 3482.5656, 0.14938E+07
 1213500,2026-09-24T03:15:28.698+02:00, 0.286E-02, 3482.8481, 0.14940E+07
 1213600,2026-09-24T03:15:38.812+02:00, 0.286E-02, 3483.1345, 0.14941E+07
 1213700,2026-09-24T03:15:49.026+02:00, 0.286E-02, 3483.4209, 0.14942E+07
 1213800,2026-09-24T03:15:59.250+02:00, 0.269E-02, 3483.6897, 0.14943E+07
 1213900,2026-09-24T03:16:09.609+02:00, 0.269E-02, 3483.9585, 0.14945E+07
 1214000,2026-09-24T03:16:19.958+02:00, 0.283E-02, 3484.2372, 0.14946E+07
 1214100,2026-09-24T03:16:30.310+02:00, 0.278E-02, 3484.5077, 0.14947E+07
 1214200,2026-09-24T03:16:40.421+02:00, 0.270E-02, 3484.7809, 0.14948E+07
 1214300,2026-09-24T03:16:50.536+02:00, 0.273E-02, 3485.0499, 0.14949E+07
 1214400,2026-09-24T03:17:00.827+02:00, 0.268E-02, 3485.3205, 0.14951E+07
 1214500,2026-09-24T03:17:11.291+02:00, 0.270E-02, 3485.5901, 0.14952E+07
 1214600,2026-09-24T03:17:22.298+02:00, 0.290E-02, 3485.8684, 0.14953E+07
 1214700,2026-09-24T03:17:32.843+02:00, 0.286E-02, 3486.1441, 0.14955E+07
 1214800,2026-09-24T03:17:43.270+02:00, 0.302E-02, 3486.4110, 0.14956E+07
 1214900,2026-09-24T03:17:53.797+02:00, 0.283E-02, 3486.6935, 0.14957E+07
 1215000,2026-09-24T03:18:04.609+02:00, 0.281E-02, 3486.9709, 0.14958E+07
 1215100,2026-09-24T03:18:14.971+02:00, 0.267E-02, 3487.2549, 0.14960E+07
 1215200,2026-09-24T03:18:25.468+02:00, 0.293E-02, 3487.5282, 0.14961E+07
 1215300,2026-09-24T03:18:36.324+02:00, 0.285E-02, 3487.7998, 0.14962E+07
 1215400,2026-09-24T03:18:47.048+02:00, 0.273E-02, 3488.0684, 0.14963E+07
 1215500,2026-09-24T03:18:57.999+02:00, 0.281E-02, 3488.3427, 0.14965E+07
 1215600,2026-09-24T03:19:08.386+02:00, 0.239E-02, 3488.6105, 0.14966E+07
 1215700,2026-09-24T03:19:18.902+02:00, 0.290E-02, 3488.8892, 0.14967E+07
 1215800,2026-09-24T03:19:29.525+02:00, 0.255E-02, 3489.1577, 0.14968E+07
 1215900,2026-09-24T03:19:40.061+02:00, 0.241E-02, 3489.4258, 0.14970E+07
 1216000,2026-09-24T03:19:50.841+02:00, 0.271E-02, 3489.7017, 0.14971E+07
 1216100,2026-09-24T03:20:01.714+02:00, 0.284E-02, 3489.9744, 0.14972E+07
 1216200,2026-09-24T03:20:12.355+02:00, 0.307E-02, 3490.2601, 0.14974E+07
 1216300,2026-09-24T03:20:22.933+02:00, 0.278E-02, 3490.5327, 0.14975E+07
 1216400,2026-09-24T03:20:33.207+02:00, 0.278E-02, 3490.8107, 0.14976E+07
 1216500,2026-09-24T03:20:43.912+02:00, 0.291E-02, 3491.0848, 0.14977E+07
 1216600,2026-09-24T03:20:54.901+02:00, 0.275E-02, 3491.3537, 0.14979E+07
 1216700,2026-09-24T03:21:05.759+02:00, 0.298E-02, 3491.6274, 0.14980E+07
 1216800,2026-09-24T03:21:16.618+02:00, 0.276E-02, 3491.9082, 0.14981E+07
 1216900,2026-09-24T03:21:27.017+02:00, 0.276E-02, 3492.1843, 0.14982E+07
 1217000,2026-09-24T03:21:37.515+02:00, 0.276E-02, 3492.4603, 0.14984E+07
 1217100,2026-09-24T03:21:48.282+02:00, 0.272E-02, 3492.7493, 0.14985E+07
 1217200,2026-09-24T03:21:58.769+02:00, 0.262E-02, 3493.0148, 0.14986E+07
 1217300,2026-09-24T03:22:09.630+02:00, 0.274E-02, 3493.2832, 0.14988E+07
 1217400,2026-09-24T03:22:20.614+02:00, 0.272E-02, 3493.5563, 0.14989E+07
 1217500,2026-09-24T03:22:31.036+02:00, 0.277E-02, 3493.8248, 0.14990E+07
 1217600,2026-09-24T03:22:41.220+02:00, 0.248E-02, 3494.1005, 0.14991E+07
 1217700,2026-09-24T03:22:51.807+02:00, 0.282E-02, 3494.3737, 0.14993E+07
 1217800,2026-09-24T03:23:02.647+02:00, 0.267E-02, 3494.6395, 0.14994E+07
 1217900,2026-09-24T03:23:13.100+02:00, 0.265E-02, 3494.9037, 0.14995E+07
 1218000,2026-09-24T03:23:23.319+02:00, 0.283E-02, 3495.1855, 0.14996E+07
 1218100,2026-09-24T03:23:33.953+02:00, 0.273E-02, 3495.4637, 0.14998E+07
 1218200,2026-09-24T03:23:44.444+02:00, 0.241E-02, 3495.7266, 0.14999E+07
 1218300,2026-09-24T03:23:55.293+02:00, 0.302E-02, 3495.9981, 0.15000E+07
 1218400,2026-09-24T03:24:06.108+02:00, 0.242E-02, 3496.2756, 0.15001E+07
 1218500,2026-09-24T03:24:16.861+02:00, 0.293E-02, 3496.5632, 0.15003E+07
 1218600,2026-09-24T03:24:27.388+02:00, 0.281E-02, 3496.8466, 0.15004E+07
 1218700,2026-09-24T03:24:37.830+02:00, 0.272E-02, 3497.1138, 0.15005E+07
 1218800,2026-09-24T03:24:48.123+02:00, 0.269E-02, 3497.3830, 0.15006E+07
 1218900,2026-09-24T03:24:58.403+02:00, 0.226E-02, 3497.6726, 0.15008E+07
 1219000,2026-09-24T03:25:08.444+02:00, 0.308E-02, 3497.9452, 0.15009E+07
 1219100,2026-09-24T03:25:18.859+02:00, 0.252E-02, 3498.2209, 0.15010E+07
 1219200,2026-09-24T03:25:29.124+02:00, 0.278E-02, 3498.4980, 0.15011E+07
 1219300,2026-09-24T03:25:39.486+02:00, 0.264E-02, 3498.7699, 0.15013E+07
 1219400,2026-09-24T03:25:49.848+02:00, 0.278E-02, 3499.0363, 0.15014E+07
 1219500,2026-09-24T03:26:00.267+02:00, 0.280E-02, 3499.3145, 0.15015E+07
 1219600,2026-09-24T03:26:10.352+02:00, 0.280E-02, 3499.5943, 0.15016E+07
 1219700,2026-09-24T03:26:20.527+02:00, 0.243E-02, 3499.8737, 0.15018E+07
 1219800,2026-09-24T03:26:30.842+02:00, 0.291E-02, 3500.1562, 0.15019E+07
 1219900,2026-09-24T03:26:40.898+02:00, 0.269E-02, 3500.4236, 0.15020E+07
 1220000,2026-09-24T03:26:51.238+02:00, 0.284E-02, 3500.6936, 0.15021E+07
 1220100,2026-09-24T03:27:01.692+02:00, 0.284E-02, 3500.9773, 0.15022E+07
 1220200,2026-09-24T03:27:11.900+02:00, 0.290E-02, 3501.2424, 0.15024E+07
 1220300,2026-09-24T03:27:22.221+02:00, 0.248E-02, 3501.5200, 0.15025E+07
 1220400,2026-09-24T03:27:32.567+02:00, 0.273E-02, 3501.7918, 0.15026E+07
 1220500,2026-09-24T03:27:42.824+02:00, 0.288E-02, 3502.0721, 0.15027E+07
 1220600,2026-09-24T03:27:53.296+02:00, 0.288E-02, 3502.3597, 0.15029E+07
 1220700,2026-09-24T03:28:04.456+02:00, 0.284E-02, 3502.6391, 0.15030E+07
 1220800,2026-09-24T03:28:14.692+02:00, 0.272E-02, 3502.9089, 0.15031E+07
 1220900,2026-09-24T03:28:24.925+02:00, 0.261E-02, 3503.1834, 0.15032E+07
 1221000,2026-09-24T03:28:35.450+02:00, 0.265E-02, 3503.4445, 0.15034E+07
 1221100,2026-09-24T03:28:45.683+02:00, 0.265E-02, 3503.7097, 0.15035E+07
 1221200,2026-09-24T03:28:56.433+02:00, 0.287E-02, 3503.9859, 0.15036E+07
 1221300,2026-09-24T03:29:07.188+02:00, 0.274E-02, 3504.2585, 0.15037E+07
 1221400,2026-09-24T03:29:18.174+02:00, 0.278E-02, 3504.5334, 0.15039E+07
 1221500,2026-09-24T03:29:28.679+02:00, 0.286E-02, 3504.8024, 0.15040E+07
 1221600,2026-09-24T03:29:39.268+02:00, 0.272E-02, 3505.0710, 0.15041E+07
 1221700,2026-09-24T03:29:49.572+02:00, 0.277E-02, 3505.3444, 0.15042E+07
 1221800,2026-09-24T03:29:59.952+02:00, 0.277E-02, 3505.6213, 0.15044E+07
 1221900,2026-09-24T03:30:10.383+02:00, 0.277E-02, 3505.8982, 0.15045E+07
 1222000,2026-09-24T03:30:21.061+02:00, 0.291E-02, 3506.1760, 0.15046E+07
 1222100,2026-09-24T03:30:31.425+02:00, 0.262E-02, 3506.4614, 0.15047E+07
 1222200,2026-09-24T03:30:41.914+02:00, 0.279E-02, 3506.7370, 0.15049E+07
 1222300,2026-09-24T03:30:52.367+02:00, 0.268E-02, 3506.9930, 0.15050E+07
 1222400,2026-09-24T03:31:03.319+02:00, 0.285E-02, 3507.2635, 0.15051E+07
 1222500,2026-09-24T03:31:14.133+02:00, 0.275E-02, 3507.5382, 0.15053E+07
 1222600,2026-09-24T03:31:24.564+02:00, 0.284E-02, 3507.8091, 0.15054E+07
 1222700,2026-09-24T03:31:34.760+02:00, 0.266E-02, 3508.0781, 0.15055E+07
 1222800,2026-09-24T03:31:44.853+02:00, 0.239E-02, 3508.3434, 0.15056E+07
 1222900,2026-09-24T03:31:55.125+02:00, 0.286E-02, 3508.6202, 0.15057E+07
 1223000,2026-09-24T03:32:05.588+02:00, 0.286E-02, 3508.9059, 0.15059E+07
 1223100,2026-09-24T03:32:15.934+02:00, 0.285E-02, 3509.1697, 0.15060E+07
 1223200,2026-09-24T03:32:26.191+02:00, 0.294E-02, 3509.4508, 0.15061E+07
 1223300,2026-09-24T03:32:36.612+02:00, 0.270E-02, 3509.7279, 0.15062E+07
 1223400,2026-09-24T03:32:47.053+02:00, 0.252E-02, 3510.0009, 0.15064E+07
 1223500,2026-09-24T03:32:57.509+02:00, 0.274E-02, 3510.2657, 0.15065E+07
 1223600,2026-09-24T03:33:08.015+02:00, 0.274E-02, 3510.5394, 0.15066E+07
 1223700,2026-09-24T03:33:18.316+02:00, 0.274E-02, 3510.8130, 0.15067E+07
 1223800,2026-09-24T03:33:28.859+02:00, 0.270E-02, 3511.0792, 0.15069E+07
 1223900,2026-09-24T03:33:39.622+02:00, 0.262E-02, 3511.3398, 0.15070E+07
 1224000,2026-09-24T03:33:50.609+02:00, 0.284E-02, 3511.6110, 0.15071E+07
 1224100,2026-09-24T03:34:01.419+02:00, 0.256E-02, 3511.8734, 0.15073E+07
 1224200,2026-09-24T03:34:12.007+02:00, 0.244E-02, 3512.1448, 0.15074E+07
 1224300,2026-09-24T03:34:22.552+02:00, 0.251E-02, 3512.4081, 0.15075E+07
 1224400,2026-09-24T03:34:33.093+02:00, 0.276E-02, 3512.6808, 0.15076E+07
 1224500,2026-09-24T03:34:43.388+02:00, 0.304E-02, 3512.9584, 0.15078E+07
 1224600,2026-09-24T03:34:53.777+02:00, 0.290E-02, 3513.2420, 0.15079E+07
 1224700,2026-09-24T03:35:03.996+02:00, 0.277E-02, 3513.5177, 0.15080E+07
 1224800,2026-09-24T03:35:14.092+02:00, 0.277E-02, 3513.7947, 0.15081E+07
 1224900,2026-09-24T03:35:24.627+02:00, 0.264E-02, 3514.0647, 0.15082E+07
 1225000,2026-09-24T03:35:35.222+02:00, 0.271E-02, 3514.3343, 0.15084E+07
 1225100,2026-09-24T03:35:46.067+02:00, 0.267E-02, 3514.5997, 0.15085E+07
 1225200,2026-09-24T03:35:57.005+02:00, 0.284E-02, 3514.8610, 0.15086E+07
 1225300,2026-09-24T03:36:07.987+02:00, 0.249E-02, 3515.1209, 0.15088E+07
 1225400,2026-09-24T03:36:18.464+02:00, 0.266E-02, 3515.3845, 0.15089E+07
 1225500,2026-09-24T03:36:29.183+02:00, 0.303E-02, 3515.6590, 0.15090E+07
 1225600,2026-09-24T03:36:39.668+02:00, 0.261E-02, 3515.9265, 0.15091E+07
 1225700,2026-09-24T03:36:50.639+02:00, 0.286E-02, 3516.2047, 0.15093E+07
 1225800,2026-09-24T03:37:00.970+02:00, 0.286E-02, 3516.4906, 0.15094E+07
 1225900,2026-09-24T03:37:11.937+02:00, 0.275E-02, 3516.7562, 0.15095E+07
 1226000,2026-09-24T03:37:22.847+02:00, 0.268E-02, 3517.0259, 0.15097E+07
 1226100,2026-09-24T03:37:33.666+02:00, 0.303E-02, 3517.2945, 0.15098E+07
 1226200,2026-09-24T03:37:44.254+02:00, 0.255E-02, 3517.5822, 0.15099E+07
 1226300,2026-09-24T03:37:54.983+02:00, 0.278E-02, 3517.8514, 0.15100E+07
 1226400,2026-09-24T03:38:06.347+02:00, 0.280E-02, 3518.1269, 0.15102E+07
 1226500,2026-09-24T03:38:16.692+02:00, 0.280E-02, 3518.4067, 0.15103E+07
 1226600,2026-09-24T03:38:27.273+02:00, 0.289E-02, 3518.6822, 0.15104E+07
 1226700,2026-09-24T03:38:37.743+02:00, 0.294E-02, 3518.9617, 0.15105E+07
 1226800,2026-09-24T03:38:48.063+02:00, 0.248E-02, 3519.2303, 0.15107E+07
 1226900,2026-09-24T03:38:58.343+02:00, 0.264E-02, 3519.4909, 0.15108E+07
 1227000,2026-09-24T03:39:08.623+02:00, 0.267E-02, 3519.7608, 0.15109E+07
 1227100,2026-09-24T03:39:19.408+02:00, 0.287E-02, 3520.0344, 0.15110E+07
 1227200,2026-09-24T03:39:30.567+02:00, 0.211E-02, 3520.3045, 0.15112E+07
 1227300,2026-09-24T03:39:41.513+02:00, 0.278E-02, 3520.5649, 0.15113E+07
 1227400,2026-09-24T03:39:52.355+02:00, 0.282E-02, 3520.8425, 0.15114E+07
 1227500,2026-09-24T03:40:03.266+02:00, 0.265E-02, 3521.1095, 0.15116E+07
 1227600,2026-09-24T03:40:13.922+02:00, 0.264E-02, 3521.3749, 0.15117E+07
 1227700,2026-09-24T03:40:25.047+02:00, 0.282E-02, 3521.6479, 0.15118E+07
 1227800,2026-09-24T03:40:35.664+02:00, 0.268E-02, 3521.9230, 0.15120E+07
 1227900,2026-09-24T03:40:45.971+02:00, 0.262E-02, 3522.1912, 0.15121E+07
 1228000,2026-09-24T03:40:56.369+02:00, 0.279E-02, 3522.4708, 0.15122E+07
 1228100,2026-09-24T03:41:07.440+02:00, 0.270E-02, 3522.7394, 0.15123E+07
 1228200,2026-09-24T03:41:18.116+02:00, 0.220E-02, 3523.0138, 0.15125E+07
 1228300,2026-09-24T03:41:28.860+02:00, 0.271E-02, 3523.2773, 0.15126E+07
 1228400,2026-09-24T03:41:39.299+02:00, 0.276E-02, 3523.5505, 0.15127E+07
 1228500,2026-09-24T03:41:49.854+02:00, 0.304E-02, 3523.8313, 0.15128E+07
 1228600,2026-09-24T03:42:00.444+02:00, 0.266E-02, 3524.1116, 0.15130E+07
 1228700,2026-09-24T03:42:10.658+02:00, 0.243E-02, 3524.3693, 0.15131E+07
 1228800,2026-09-24T03:42:21.352+02:00, 0.280E-02, 3524.6227, 0.15132E+07
 1228900,2026-09-24T03:42:32.266+02:00, 0.264E-02, 3524.8940, 0.15133E+07
 1229000,2026-09-24T03:42:42.569+02:00, 0.276E-02, 3525.1703, 0.15135E+07
 1229100,2026-09-24T03:42:52.949+02:00, 0.276E-02, 3525.4461, 0.15136E+07
 1229200,2026-09-24T03:43:03.432+02:00, 0.288E-02, 3525.7165, 0.15137E+07
 1229300,2026-09-24T03:43:13.979+02:00, 0.290E-02, 3525.9893, 0.15138E+07
 1229400,2026-09-24T03:43:24.585+02:00, 0.277E-02, 3526.2693, 0.15140E+07
 1229500,2026-09-24T03:43:35.127+02:00, 0.292E-02, 3526.5394, 0.15141E+07
 1229600,2026-09-24T03:43:45.518+02:00, 0.269E-02, 3526.8213, 0.15142E+07
 1229700,2026-09-24T03:43:55.794+02:00, 0.269E-02, 3527.0905, 0.15143E+07
 1229800,2026-09-24T03:44:06.745+02:00, 0.284E-02, 3527.3532, 0.15145E+07
 1229900,2026-09-24T03:44:17.951+02:00, 0.243E-02, 3527.6280, 0.15146E+07
 1230000,2026-09-24T03:44:28.949+02:00, 0.263E-02, 3527.9134, 0.15147E+07
 1230100,2026-09-24T03:44:39.711+02:00, 0.272E-02, 3528.1818, 0.15149E+07
 1230200,2026-09-24T03:44:49.987+02:00, 0.252E-02, 3528.4553, 0.15150E+07
 1230300,2026-09-24T03:45:00.725+02:00, 0.300E-02, 3528.7371, 0.15151E+07
 1230400,2026-09-24T03:45:11.628+02:00, 0.279E-02, 3529.0147, 0.15153E+07
 1230500,2026-09-24T03:45:22.744+02:00, 0.279E-02, 3529.2937, 0.15154E+07
 1230600,2026-09-24T03:45:33.850+02:00, 0.269E-02, 3529.5703, 0.15155E+07
 1230700,2026-09-24T03:45:45.132+02:00, 0.283E-02, 3529.8524, 0.15156E+07
 1230800,2026-09-24T03:45:56.401+02:00, 0.283E-02, 3530.1357, 0.15158E+07
 1230900,2026-09-24T03:46:07.967+02:00, 0.274E-02, 3530.4094, 0.15159E+07
 1231000,2026-09-24T03:46:19.651+02:00, 0.261E-02, 3530.6719, 0.15161E+07
 1231100,2026-09-24T03:46:31.160+02:00, 0.273E-02, 3530.9321, 0.15162E+07
 1231200,2026-09-24T03:46:42.287+02:00, 0.281E-02, 3531.2161, 0.15163E+07
 1231300,2026-09-24T03:46:53.596+02:00, 0.281E-02, 3531.4976, 0.15165E+07
 1231400,2026-09-24T03:47:05.298+02:00, 0.238E-02, 3531.7699, 0.15166E+07
 1231500,2026-09-24T03:47:17.343+02:00, 0.273E-02, 3532.0337, 0.15167E+07
 1231600,2026-09-24T03:47:29.600+02:00, 0.261E-02, 3532.2969, 0.15169E+07
 1231700,2026-09-24T03:47:41.125+02:00, 0.264E-02, 3532.5629, 0.15170E+07
 1231800,2026-09-24T03:47:52.572+02:00, 0.262E-02, 3532.8315, 0.15172E+07
 1231900,2026-09-24T03:48:04.765+02:00, 0.288E-02, 3533.1152, 0.15173E+07
 1232000,2026-09-24T03:48:16.121+02:00, 0.280E-02, 3533.3946, 0.15174E+07
 1232100,2026-09-24T03:48:27.653+02:00, 0.268E-02, 3533.6653, 0.15176E+07
 1232200,2026-09-24T03:48:39.052+02:00, 0.287E-02, 3533.9284, 0.15177E+07
 1232300,2026-09-24T03:48:51.052+02:00, 0.246E-02, 3534.2019, 0.15178E+07
 1232400,2026-09-24T03:49:02.948+02:00, 0.271E-02, 3534.4730, 0.15180E+07
 1232500,2026-09-24T03:49:14.644+02:00, 0.271E-02, 3534.7437, 0.15181E+07
 1232600,2026-09-24T03:49:26.235+02:00, 0.268E-02, 3535.0193, 0.15182E+07
 1232700,2026-09-24T03:49:37.659+02:00, 0.259E-02, 3535.2785, 0.15184E+07
 1232800,2026-09-24T03:49:48.591+02:00, 0.295E-02, 3535.5491, 0.15185E+07
 1232900,2026-09-24T03:49:59.350+02:00, 0.242E-02, 3535.8281, 0.15186E+07
 1233000,2026-09-24T03:50:10.548+02:00, 0.266E-02, 3536.0936, 0.15188E+07
 1233100,2026-09-24T03:50:21.887+02:00, 0.234E-02, 3536.3537, 0.15189E+07
 1233200,2026-09-24T03:50:33.607+02:00, 0.284E-02, 3536.6226, 0.15190E+07
 1233300,2026-09-24T03:50:45.595+02:00, 0.256E-02, 3536.8937, 0.15192E+07
 1233400,2026-09-24T03:50:57.228+02:00, 0.290E-02, 3537.1716, 0.15193E+07
 1233500,2026-09-24T03:51:08.702+02:00, 0.276E-02, 3537.4498, 0.15195E+07
 1233600,2026-09-24T03:51:20.161+02:00, 0.256E-02, 3537.7195, 0.15196E+07
 1233700,2026-09-24T03:51:31.442+02:00, 0.247E-02, 3537.9984, 0.15197E+07
 1233800,2026-09-24T03:51:43.346+02:00, 0.273E-02, 3538.2677, 0.15199E+07
 1233900,2026-09-24T03:51:54.761+02:00, 0.293E-02, 3538.5394, 0.15200E+07
 1234000,2026-09-24T03:52:06.124+02:00, 0.286E-02, 3538.8092, 0.15201E+07
 1234100,2026-09-24T03:52:17.996+02:00, 0.274E-02, 3539.0827, 0.15203E+07
 1234200,2026-09-24T03:52:29.863+02:00, 0.230E-02, 3539.3514, 0.15204E+07
 1234300,2026-09-24T03:52:41.489+02:00, 0.271E-02, 3539.6204, 0.15205E+07
 1234400,2026-09-24T03:52:53.297+02:00, 0.298E-02, 3539.9014, 0.15207E+07
 1234500,2026-09-24T03:53:04.878+02:00, 0.289E-02, 3540.1892, 0.15208E+07
 1234600,2026-09-24T03:53:16.576+02:00, 0.285E-02, 3540.4720, 0.15210E+07
 1234700,2026-09-24T03:53:28.216+02:00, 0.249E-02, 3540.7500, 0.15211E+07
 1234800,2026-09-24T03:53:39.358+02:00, 0.259E-02, 3541.0361, 0.15212E+07
 1234900,2026-09-24T03:53:50.639+02:00, 0.253E-02, 3541.3160, 0.15214E+07
 1235000,2026-09-24T03:54:01.525+02:00, 0.289E-02, 3541.5827, 0.15215E+07
 1235100,2026-09-24T03:54:12.813+02:00, 0.273E-02, 3541.8522, 0.15216E+07
 1235200,2026-09-24T03:54:24.545+02:00, 0.271E-02, 3542.1198, 0.15218E+07
 1235300,2026-09-24T03:54:36.119+02:00, 0.264E-02, 3542.3888, 0.15219E+07
 1235400,2026-09-24T03:54:47.411+02:00, 0.271E-02, 3542.6486, 0.15220E+07
 1235500,2026-09-24T03:54:59.246+02:00, 0.258E-02, 3542.9154, 0.15222E+07
 1235600,2026-09-24T03:55:10.025+02:00, 0.273E-02, 3543.1855, 0.15223E+07
 1235700,2026-09-24T03:55:21.666+02:00, 0.260E-02, 3543.4432, 0.15224E+07
 1235800,2026-09-24T03:55:33.511+02:00, 0.287E-02, 3543.7212, 0.15226E+07
 1235900,2026-09-24T03:55:44.788+02:00, 0.257E-02, 3544.0074, 0.15227E+07
 1236000,2026-09-24T03:55:55.440+02:00, 0.255E-02, 3544.2659, 0.15228E+07
 1236100,2026-09-24T03:56:06.183+02:00, 0.244E-02, 3544.5345, 0.15230E+07
 1236200,2026-09-24T03:56:16.992+02:00, 0.296E-02, 3544.8075, 0.15231E+07
 1236300,2026-09-24T03:56:27.931+02:00, 0.278E-02, 3545.0850, 0.15232E+07
 1236400,2026-09-24T03:56:38.527+02:00, 0.265E-02, 3545.3812, 0.15233E+07
 1236500,2026-09-24T03:56:49.227+02:00, 0.259E-02, 3545.6639, 0.15235E+07
 1236600,2026-09-24T03:56:59.954+02:00, 0.240E-02, 3545.9342, 0.15236E+07
 1236700,2026-09-24T03:57:10.261+02:00, 0.278E-02, 3546.2006, 0.15237E+07
 1236800,2026-09-24T03:57:20.669+02:00, 0.286E-02, 3546.4604, 0.15238E+07
 1236900,2026-09-24T03:57:31.465+02:00, 0.279E-02, 3546.7392, 0.15240E+07
 1237000,2026-09-24T03:57:41.843+02:00, 0.250E-02, 3547.0177, 0.15241E+07
 1237100,2026-09-24T03:57:52.542+02:00, 0.262E-02, 3547.2822, 0.15242E+07
 1237200,2026-09-24T03:58:03.829+02:00, 0.248E-02, 3547.5426, 0.15244E+07
 1237300,2026-09-24T03:58:14.581+02:00, 0.273E-02, 3547.8090, 0.15245E+07
 1237400,2026-09-24T03:58:25.688+02:00, 0.239E-02, 3548.0844, 0.15246E+07
 1237500,2026-09-24T03:58:36.907+02:00, 0.275E-02, 3548.3460, 0.15247E+07
 1237600,2026-09-24T03:58:48.391+02:00, 0.286E-02, 3548.6213, 0.15249E+07
 1237700,2026-09-24T03:58:59.345+02:00, 0.244E-02, 3548.8959, 0.15250E+07
 1237800,2026-09-24T03:59:10.222+02:00, 0.258E-02, 3549.1641, 0.15251E+07
 1237900,2026-09-24T03:59:20.474+02:00, 0.272E-02, 3549.4457, 0.15253E+07
 1238000,2026-09-24T03:59:31.213+02:00, 0.256E-02, 3549.7344, 0.15254E+07
 1238100,2026-09-24T03:59:42.861+02:00, 0.245E-02, 3550.0036, 0.15255E+07
 1238200,2026-09-24T03:59:53.568+02:00, 0.289E-02, 3550.2725, 0.15257E+07
 1238300,2026-09-24T04:00:04.058+02:00, 0.268E-02, 3550.5411, 0.15258E+07
 1238400,2026-09-24T04:00:15.154+02:00, 0.262E-02, 3550.8117, 0.15259E+07
 1238500,2026-09-24T04:00:25.841+02:00, 0.232E-02, 3551.0705, 0.15260E+07
 1238600,2026-09-24T04:00:36.673+02:00, 0.283E-02, 3551.3457, 0.15262E+07
 1238700,2026-09-24T04:00:47.471+02:00, 0.271E-02, 3551.6134, 0.15263E+07
 1238800,2026-09-24T04:00:58.756+02:00, 0.260E-02, 3551.8780, 0.15264E+07
 1238900,2026-09-24T04:01:10.529+02:00, 0.253E-02, 3552.1505, 0.15266E+07
 1239000,2026-09-24T04:01:21.939+02:00, 0.285E-02, 3552.4306, 0.15267E+07
 1239100,2026-09-24T04:01:32.295+02:00, 0.275E-02, 3552.7100, 0.15268E+07
 1239200,2026-09-24T04:01:42.745+02:00, 0.268E-02, 3552.9802, 0.15269E+07
 1239300,2026-09-24T04:01:53.746+02:00, 0.283E-02, 3553.2638, 0.15271E+07
 1239400,2026-09-24T04:02:04.507+02:00, 0.283E-02, 3553.5468, 0.15272E+07
 1239500,2026-09-24T04:02:15.092+02:00, 0.277E-02, 3553.8230, 0.15273E+07
 1239600,2026-09-24T04:02:26.191+02:00, 0.270E-02, 3554.0944, 0.15275E+07
 1239700,2026-09-24T04:02:37.435+02:00, 0.290E-02, 3554.3844, 0.15276E+07
 1239800,2026-09-24T04:02:47.625+02:00, 0.277E-02, 3554.6627, 0.15277E+07
 1239900,2026-09-24T04:02:58.137+02:00, 0.287E-02, 3554.9321, 0.15278E+07
 1240000,2026-09-24T04:03:08.705+02:00, 0.282E-02, 3555.2115, 0.15280E+07
 1240100,2026-09-24T04:03:19.499+02:00, 0.282E-02, 3555.4934, 0.15281E+07
 1240200,2026-09-24T04:03:29.837+02:00, 0.282E-02, 3555.7753, 0.15282E+07
 1240300,2026-09-24T04:03:40.910+02:00, 0.282E-02, 3556.0572, 0.15283E+07
 1240400,2026-09-24T04:03:51.137+02:00, 0.282E-02, 3556.3391, 0.15285E+07
 1240500,2026-09-24T04:04:01.548+02:00, 0.282E-02, 3556.6210, 0.15286E+07
 1240600,2026-09-24T04:04:11.790+02:00, 0.294E-02, 3556.8879, 0.15287E+07
 1240700,2026-09-24T04:04:22.969+02:00, 0.280E-02, 3557.1586, 0.15288E+07
 1240800,2026-09-24T04:04:34.280+02:00, 0.274E-02, 3557.4301, 0.15290E+07
 1240900,2026-09-24T04:04:45.874+02:00, 0.282E-02, 3557.7146, 0.15291E+07
 1241000,2026-09-24T04:04:56.594+02:00, 0.246E-02, 3557.9952, 0.15292E+07
 1241100,2026-09-24T04:05:07.220+02:00, 0.264E-02, 3558.2670, 0.15294E+07
 1241200,2026-09-24T04:05:17.860+02:00, 0.291E-02, 3558.5362, 0.15295E+07
 1241300,2026-09-24T04:05:28.456+02:00, 0.285E-02, 3558.8218, 0.15296E+07
 1241400,2026-09-24T04:05:39.565+02:00, 0.267E-02, 3559.0971, 0.15298E+07
 1241500,2026-09-24T04:05:50.877+02:00, 0.284E-02, 3559.3626, 0.15299E+07
 1241600,2026-09-24T04:06:01.814+02:00, 0.280E-02, 3559.6367, 0.15300E+07
 1241700,2026-09-24T04:06:12.424+02:00, 0.277E-02, 3559.9140, 0.15302E+07
 1241800,2026-09-24T04:06:23.342+02:00, 0.291E-02, 3560.1932, 0.15303E+07
 1241900,2026-09-24T04:06:33.984+02:00, 0.251E-02, 3560.4754, 0.15304E+07
 1242000,2026-09-24T04:06:44.784+02:00, 0.239E-02, 3560.7466, 0.15305E+07
 1242100,2026-09-24T04:06:56.595+02:00, 0.262E-02, 3561.0128, 0.15307E+07
 1242200,2026-09-24T04:07:07.876+02:00, 0.275E-02, 3561.2783, 0.15308E+07
 1242300,2026-09-24T04:07:18.607+02:00, 0.275E-02, 3561.5494, 0.15309E+07
 1242400,2026-09-24T04:07:29.881+02:00, 0.266E-02, 3561.8181, 0.15311E+07
 1242500,2026-09-24T04:07:40.393+02:00, 0.282E-02, 3562.0970, 0.15312E+07
 1242600,2026-09-24T04:07:50.354+02:00, 0.291E-02, 3562.3794, 0.15313E+07
 1242700,2026-09-24T04:08:01.733+02:00, 0.279E-02, 3562.6573, 0.15314E+07
 1242800,2026-09-24T04:08:13.024+02:00, 0.283E-02, 3562.9294, 0.15316E+07
 1242900,2026-09-24T04:08:24.532+02:00, 0.276E-02, 3563.1951, 0.15317E+07
 1243000,2026-09-24T04:08:35.577+02:00, 0.251E-02, 3563.4672, 0.15318E+07
 1243100,2026-09-24T04:08:46.715+02:00, 0.273E-02, 3563.7274, 0.15320E+07
 1243200,2026-09-24T04:08:57.897+02:00, 0.267E-02, 3563.9970, 0.15321E+07
 1243300,2026-09-24T04:09:08.449+02:00, 0.282E-02, 3564.2782, 0.15322E+07
 1243400,2026-09-24T04:09:19.356+02:00, 0.241E-02, 3564.5588, 0.15324E+07
 1243500,2026-09-24T04:09:30.222+02:00, 0.261E-02, 3564.8333, 0.15325E+07
 1243600,2026-09-24T04:09:40.580+02:00, 0.276E-02, 3565.1038, 0.15326E+07
 1243700,2026-09-24T04:09:51.321+02:00, 0.276E-02, 3565.3795, 0.15327E+07
 1243800,2026-09-24T04:10:02.419+02:00, 0.242E-02, 3565.6438, 0.15329E+07
 1243900,2026-09-24T04:10:13.600+02:00, 0.263E-02, 3565.9154, 0.15330E+07
 1244000,2026-09-24T04:10:25.403+02:00, 0.275E-02, 3566.1925, 0.15331E+07
 1244100,2026-09-24T04:10:36.123+02:00, 0.265E-02, 3566.4635, 0.15333E+07
 1244200,2026-09-24T04:10:47.476+02:00, 0.267E-02, 3566.7368, 0.15334E+07
 1244300,2026-09-24T04:10:58.138+02:00, 0.277E-02, 3567.0140, 0.15335E+07
 1244400,2026-09-24T04:11:09.672+02:00, 0.268E-02, 3567.2776, 0.15337E+07
 1244500,2026-09-24T04:11:20.593+02:00, 0.256E-02, 3567.5446, 0.15338E+07
 1244600,2026-09-24T04:11:31.472+02:00, 0.274E-02, 3567.8100, 0.15339E+07
 1244700,2026-09-24T04:11:42.444+02:00, 0.237E-02, 3568.0684, 0.15341E+07
 1244800,2026-09-24T04:11:53.649+02:00, 0.250E-02, 3568.3255, 0.15342E+07
 1244900,2026-09-24T04:12:04.449+02:00, 0.235E-02, 3568.5880, 0.15343E+07
 1245000,2026-09-24T04:12:15.607+02:00, 0.270E-02, 3568.8418, 0.15345E+07
 1245100,2026-09-24T04:12:27.017+02:00, 0.265E-02, 3569.1002, 0.15346E+07
 1245200,2026-09-24T04:12:38.061+02:00, 0.267E-02, 3569.3633, 0.15347E+07
 1245300,2026-09-24T04:12:49.837+02:00, 0.278E-02, 3569.6273, 0.15349E+07
 1245400,2026-09-24T04:13:01.686+02:00, 0.276E-02, 3569.8949, 0.15350E+07
 1245500,2026-09-24T04:13:13.157+02:00, 0.227E-02, 3570.1557, 0.15351E+07
 1245600,2026-09-24T04:13:24.429+02:00, 0.274E-02, 3570.4169, 0.15353E+07
 1245700,2026-09-24T04:13:36.481+02:00, 0.282E-02, 3570.6871, 0.15354E+07
 1245800,2026-09-24T04:13:47.662+02:00, 0.266E-02, 3570.9481, 0.15355E+07
 1245900,2026-09-24T04:13:58.882+02:00, 0.242E-02, 3571.2178, 0.15357E+07
 1246000,2026-09-24T04:14:10.155+02:00, 0.280E-02, 3571.4871, 0.15358E+07
 1246100,2026-09-24T04:14:21.293+02:00, 0.249E-02, 3571.7547, 0.15359E+07
 1246200,2026-09-24T04:14:32.356+02:00, 0.279E-02, 3572.0276, 0.15361E+07
 1246300,2026-09-24T04:14:43.359+02:00, 0.266E-02, 3572.2974, 0.15362E+07
 1246400,2026-09-24T04:14:55.193+02:00, 0.275E-02, 3572.5685, 0.15363E+07
 1246500,2026-09-24T04:15:05.735+02:00, 0.275E-02, 3572.8432, 0.15365E+07
 1246600,2026-09-24T04:15:16.833+02:00, 0.289E-02, 3573.1121, 0.15366E+07
 1246700,2026-09-24T04:15:28.160+02:00, 0.290E-02, 3573.3787, 0.15367E+07
 1246800,2026-09-24T04:15:39.800+02:00, 0.239E-02, 3573.6373, 0.15369E+07
 1246900,2026-09-24T04:15:50.260+02:00, 0.278E-02, 3573.8976, 0.15370E+07
 1247000,2026-09-24T04:16:00.697+02:00, 0.286E-02, 3574.1735, 0.15371E+07
 1247100,2026-09-24T04:16:11.461+02:00, 0.249E-02, 3574.4591, 0.15373E+07
 1247200,2026-09-24T04:16:21.853+02:00, 0.280E-02, 3574.7222, 0.15374E+07
 1247300,2026-09-24T04:16:33.298+02:00, 0.275E-02, 3574.9952, 0.15375E+07
 1247400,2026-09-24T04:16:44.331+02:00, 0.261E-02, 3575.2664, 0.15376E+07
 1247500,2026-09-24T04:16:55.157+02:00, 0.287E-02, 3575.5301, 0.15378E+07
 1247600,2026-09-24T04:17:05.349+02:00, 0.241E-02, 3575.7996, 0.15379E+07
 1247700,2026-09-24T04:17:15.741+02:00, 0.239E-02, 3576.0627, 0.15380E+07
 1247800,2026-09-24T04:17:26.596+02:00, 0.281E-02, 3576.3287, 0.15381E+07
 1247900,2026-09-24T04:17:37.784+02:00, 0.263E-02, 3576.5973, 0.15383E+07
 1248000,2026-09-24T04:17:48.977+02:00, 0.243E-02, 3576.8627, 0.15384E+07
 1248100,2026-09-24T04:17:59.372+02:00, 0.280E-02, 3577.1299, 0.15385E+07
 1248200,2026-09-24T04:18:10.067+02:00, 0.291E-02, 3577.4028, 0.15387E+07
 1248300,2026-09-24T04:18:20.219+02:00, 0.282E-02, 3577.6894, 0.15388E+07
 1248400,2026-09-24T04:18:30.579+02:00, 0.265E-02, 3577.9755, 0.15389E+07
 1248500,2026-09-24T04:18:41.248+02:00, 0.287E-02, 3578.2495, 0.15390E+07
 1248600,2026-09-24T04:18:51.722+02:00, 0.254E-02, 3578.5197, 0.15392E+07
 1248700,2026-09-24T04:19:02.775+02:00, 0.269E-02, 3578.7872, 0.15393E+07
 1248800,2026-09-24T04:19:13.670+02:00, 0.292E-02, 3579.0559, 0.15394E+07
 1248900,2026-09-24T04:19:25.028+02:00, 0.271E-02, 3579.3323, 0.15395E+07
 1249000,2026-09-24T04:19:35.436+02:00, 0.275E-02, 3579.6072, 0.15397E+07
 1249100,2026-09-24T04:19:46.491+02:00, 0.262E-02, 3579.8869, 0.15398E+07
 1249200,2026-09-24T04:19:57.036+02:00, 0.278E-02, 3580.1562, 0.15399E+07
 1249300,2026-09-24T04:20:07.494+02:00, 0.249E-02, 3580.4326, 0.15401E+07
 1249400,2026-09-24T04:20:18.308+02:00, 0.288E-02, 3580.6971, 0.15402E+07
 1249500,2026-09-24T04:20:28.877+02:00, 0.272E-02, 3580.9712, 0.15403E+07
 1249600,2026-09-24T04:20:39.950+02:00, 0.290E-02, 3581.2357, 0.15404E+07
 1249700,2026-09-24T04:20:50.970+02:00, 0.273E-02, 3581.5084, 0.15406E+07
 1249800,2026-09-24T04:21:02.168+02:00, 0.267E-02, 3581.8054, 0.15407E+07
 1249900,2026-09-24T04:21:13.148+02:00, 0.285E-02, 3582.0801, 0.15408E+07
 1250000,2026-09-24T04:21:24.015+02:00, 0.243E-02, 3582.3482, 0.15410E+07
 1250100,2026-09-24T04:21:34.946+02:00, 0.274E-02, 3582.6127, 0.15411E+07
 1250200,2026-09-24T04:21:45.553+02:00, 0.248E-02, 3582.8779, 0.15412E+07
 1250300,2026-09-24T04:21:56.175+02:00, 0.269E-02, 3583.1435, 0.15413E+07
 1250400,2026-09-24T04:22:06.700+02:00, 0.264E-02, 3583.4098, 0.15415E+07
 1250500,2026-09-24T04:22:18.195+02:00, 0.251E-02, 3583.6822, 0.15416E+07
 1250600,2026-09-24T04:22:28.762+02:00, 0.240E-02, 3583.9482, 0.15417E+07
 1250700,2026-09-24T04:22:39.008+02:00, 0.290E-02, 3584.2144, 0.15419E+07
 1250800,2026-09-24T04:22:49.952+02:00, 0.240E-02, 3584.4840, 0.15420E+07
 1250900,2026-09-24T04:23:00.306+02:00, 0.274E-02, 3584.7461, 0.15421E+07
 1251000,2026-09-24T04:23:10.727+02:00, 0.283E-02, 3585.0233, 0.15422E+07
 1251100,2026-09-24T04:23:21.030+02:00, 0.283E-02, 3585.3060, 0.15424E+07
 1251200,2026-09-24T04:23:31.262+02:00, 0.277E-02, 3585.5824, 0.15425E+07
 1251300,2026-09-24T04:23:42.160+02:00, 0.263E-02, 3585.8541, 0.15426E+07
 1251400,2026-09-24T04:23:52.985+02:00, 0.278E-02, 3586.1209, 0.15427E+07
 1251500,2026-09-24T04:24:03.482+02:00, 0.278E-02, 3586.3986, 0.15429E+07
 1251600,2026-09-24T04:24:13.615+02:00, 0.245E-02, 3586.6688, 0.15430E+07
 1251700,2026-09-24T04:24:24.160+02:00, 0.266E-02, 3586.9328, 0.15431E+07
 1251800,2026-09-24T04:24:34.962+02:00, 0.277E-02, 3587.2051, 0.15432E+07
 1251900,2026-09-24T04:24:46.356+02:00, 0.289E-02, 3587.4737, 0.15434E+07
 1252000,2026-09-24T04:24:57.463+02:00, 0.285E-02, 3587.7503, 0.15435E+07
 1252100,2026-09-24T04:25:08.343+02:00, 0.280E-02, 3588.0285, 0.15436E+07
 1252200,2026-09-24T04:25:19.219+02:00, 0.268E-02, 3588.3027, 0.15438E+07
 1252300,2026-09-24T04:25:29.677+02:00, 0.284E-02, 3588.5649, 0.15439E+07
 1252400,2026-09-24T04:25:40.008+02:00, 0.271E-02, 3588.8363, 0.15440E+07
 1252500,2026-09-24T04:25:51.032+02:00, 0.267E-02, 3589.1047, 0.15441E+07
 1252600,2026-09-24T04:26:01.651+02:00, 0.260E-02, 3589.3722, 0.15443E+07
 1252700,2026-09-24T04:26:13.057+02:00, 0.263E-02, 3589.6356, 0.15444E+07
 1252800,2026-09-24T04:26:23.808+02:00, 0.265E-02, 3589.9041, 0.15445E+07
 1252900,2026-09-24T04:26:34.853+02:00, 0.292E-02, 3590.1780, 0.15447E+07
 1253000,2026-09-24T04:26:45.529+02:00, 0.270E-02, 3590.4599, 0.15448E+07
 1253100,2026-09-24T04:26:56.251+02:00, 0.278E-02, 3590.7350, 0.15449E+07
 1253200,2026-09-24T04:27:07.314+02:00, 0.278E-02, 3591.0133, 0.15450E+07
 1253300,2026-09-24T04:27:18.065+02:00, 0.236E-02, 3591.2816, 0.15452E+07
 1253400,2026-09-24T04:27:28.260+02:00, 0.269E-02, 3591.5406, 0.15453E+07
 1253500,2026-09-24T04:27:38.618+02:00, 0.296E-02, 3591.8242, 0.15454E+07
 1253600,2026-09-24T04:27:48.982+02:00, 0.238E-02, 3592.0910, 0.15455E+07
 1253700,2026-09-24T04:27:59.138+02:00, 0.282E-02, 3592.3651, 0.15457E+07
 1253800,2026-09-24T04:28:11.603+02:00, 0.267E-02, 3592.6319, 0.15458E+07
 1253900,2026-09-24T04:28:22.458+02:00, 0.284E-02, 3592.8970, 0.15459E+07
 1254000,2026-09-24T04:28:33.758+02:00, 0.285E-02, 3593.1740, 0.15461E+07
 1254100,2026-09-24T04:28:44.555+02:00, 0.236E-02, 3593.4403, 0.15462E+07
 1254200,2026-09-24T04:28:54.985+02:00, 0.247E-02, 3593.7168, 0.15463E+07
 1254300,2026-09-24T04:29:05.434+02:00, 0.282E-02, 3593.9887, 0.15464E+07
 1254400,2026-09-24T04:29:15.904+02:00, 0.275E-02, 3594.2640, 0.15466E+07
 1254500,2026-09-24T04:29:26.525+02:00, 0.268E-02, 3594.5330, 0.15467E+07
 1254600,2026-09-24T04:29:37.272+02:00, 0.263E-02, 3594.7979, 0.15468E+07
 1254700,2026-09-24T04:29:47.479+02:00, 0.228E-02, 3595.0584, 0.15469E+07
 1254800,2026-09-24T04:29:58.119+02:00, 0.288E-02, 3595.3284, 0.15471E+07
 1254900,2026-09-24T04:30:09.850+02:00, 0.306E-02, 3595.6125, 0.15472E+07
 1255000,2026-09-24T04:30:20.431+02:00, 0.280E-02, 3595.8889, 0.15473E+07
 1255100,2026-09-24T04:30:31.628+02:00, 0.276E-02, 3596.1521, 0.15475E+07
 1255200,2026-09-24T04:30:42.269+02:00, 0.288E-02, 3596.4344, 0.15476E+07
 1255300,2026-09-24T04:30:53.129+02:00, 0.274E-02, 3596.7068, 0.15477E+07
 1255400,2026-09-24T04:31:03.942+02:00, 0.251E-02, 3596.9780, 0.15479E+07
 1255500,2026-09-24T04:31:14.779+02:00, 0.271E-02, 3597.2489, 0.15480E+07
 1255600,2026-09-24T04:31:26.110+02:00, 0.272E-02, 3597.5189, 0.15481E+07
 1255700,2026-09-24T04:31:37.659+02:00, 0.292E-02, 3597.7905, 0.15483E+07
 1255800,2026-09-24T04:31:48.347+02:00, 0.267E-02, 3598.0554, 0.15484E+07
 1255900,2026-09-24T04:31:59.559+02:00, 0.240E-02, 3598.3228, 0.15485E+07
 1256000,2026-09-24T04:32:10.443+02:00, 0.237E-02, 3598.5856, 0.15486E+07
 1256100,2026-09-24T04:32:21.227+02:00, 0.263E-02, 3598.8463, 0.15488E+07
 1256200,2026-09-24T04:32:31.791+02:00, 0.287E-02, 3599.1309, 0.15489E+07
 1256300,2026-09-24T04:32:41.962+02:00, 0.299E-02, 3599.4055, 0.15490E+07
 1256400,2026-09-24T04:32:52.387+02:00, 0.299E-02, 3599.7044, 0.15491E+07
 1256500,2026-09-24T04:33:02.874+02:00, 0.246E-02, 3599.9718, 0.15493E+07
 1256511,2026-09-24T04:33:04.253+02:00, 0.190E-02, 3600.0000, 0.15493E+07
