s,kg/s,kg/s,kg/s,kg/s,kg/s,kg/s,kg/s,C,C,C,C,C,C,C,C,C,C,C,C,C,C,C,C,C,C,C,C
Time,mouth_net_y,mouth_outward_y_negative,mouth_inward_y_positive,mouth_soot_outward_negative,flue_net_z,flue_outward_z_positive,flue_soot_outward_positive,gas_L,gas_R,gas_REAR,gas_FLUE,floor_p1_C,floor_p1_L,floor_p1_R,floor_p1_F,floor_p1_B,vault_p1_F,vault_p1_B,floor_p2_C,floor_p2_L,floor_p2_R,floor_p2_F,floor_p2_B,vault_p2_F,vault_p2_B,hearth,flue_liner
 0.0000000E+000,-2.9112505E-005,-3.1928652E-004, 2.9017401E-004, 0.0000000E+000,-9.9478167E-006, 2.9239531E-005, 0.0000000E+000, 2.5000000E+001, 2.5000000E+001, 2.5000000E+001, 2.5000000E+001, 2.5000000E+001, 2.5000000E+001, 2.5000000E+001, 2.5000000E+001, 2.5000000E+001, 2.5000000E+001, 2.5000000E+001, 2.5000000E+001, 2.5000000E+001, 2.5000000E+001, 2.5000000E+001, 2.5000000E+001, 2.5000000E+001, 2.5000000E+001, 2.5000000E+001, 2.5000000E+001
 1.0005803E+001, 2.8877246E-003,-2.0820262E-003, 4.9697507E-003,-6.1515684E-008, 4.9061156E-003, 4.9103133E-003, 3.1343093E-007, 3.1373966E+001, 3.2000297E+001, 9.0386752E+001, 4.0498637E+001, 2.5049339E+001, 2.5038844E+001, 2.5068836E+001, 2.5032493E+001, 2.5071089E+001, 2.5107875E+001, 2.5183433E+001, 2.5046278E+001, 2.5065063E+001, 2.5038012E+001, 2.5030311E+001, 2.5065754E+001, 2.5101824E+001, 2.5153728E+001, 2.5204651E+001, 2.5038727E+001
 2.0004138E+001, 1.5393682E-002,-3.7585928E-003, 1.9152275E-002,-3.7322753E-007, 1.7016911E-002, 1.7016911E-002, 3.4790536E-006, 5.8014478E+001, 5.8372074E+001, 1.9958186E+002, 1.2077560E+002, 2.5276850E+001, 2.5214509E+001, 2.5363337E+001, 2.5190574E+001, 2.5380495E+001, 2.6104893E+001, 2.6623191E+001, 2.5261894E+001, 2.5347170E+001, 2.5216174E+001, 2.5182177E+001, 2.5354562E+001, 2.6074568E+001, 2.6503506E+001, 2.5960195E+001, 2.5943586E+001
 3.0003136E+001, 1.7620148E-002,-5.2173366E-003, 2.2837484E-002,-7.8203983E-007, 1.9100581E-002, 1.9100581E-002, 6.4919902E-006, 9.7149417E+001, 9.2524678E+001, 2.6748445E+002, 1.7886007E+002, 2.5667572E+001, 2.5515911E+001, 2.5853179E+001, 2.5475124E+001, 2.5890456E+001, 2.8155970E+001, 2.9499197E+001, 2.5648203E+001, 2.5832545E+001, 2.5539308E+001, 2.5469377E+001, 2.5852594E+001, 2.8172056E+001, 2.9330385E+001, 2.7083321E+001, 2.8248166E+001
 4.0003872E+001, 1.8589332E-002,-6.1576288E-003, 2.4746961E-002,-1.1907426E-006, 1.9983184E-002, 1.9983184E-002, 9.4182971E-006, 1.1274210E+002, 1.1284326E+002, 3.4753497E+002, 2.3465932E+002, 2.6285493E+001, 2.5983462E+001, 2.6611896E+001, 2.5938254E+001, 2.6671491E+001, 3.1141552E+001, 3.3769276E+001, 2.6231988E+001, 2.6561272E+001, 2.6020799E+001, 2.5914941E+001, 2.6583447E+001, 3.1345869E+001, 3.3514905E+001, 2.8590769E+001, 3.1815752E+001
 5.0000617E+001, 1.8639084E-002,-6.3988586E-003, 2.5037942E-002,-1.5262625E-006, 2.0155680E-002, 2.0155680E-002, 1.2188374E-005, 1.2541133E+002, 1.3406244E+002, 3.8818894E+002, 2.9154341E+002, 2.7170908E+001, 2.6640670E+001, 2.7697668E+001, 2.6616119E+001, 2.7759092E+001, 3.5284410E+001, 3.9571098E+001, 2.7173123E+001, 2.7694877E+001, 2.6779948E+001, 2.6638024E+001, 2.7732162E+001, 3.5631277E+001, 3.9376284E+001, 3.0451715E+001, 3.6557726E+001
 6.0000255E+001, 1.8552313E-002,-6.9516092E-003, 2.5503922E-002,-2.0086507E-006, 2.0242717E-002, 2.0242717E-002, 1.4859424E-005, 1.5296982E+002, 1.5384574E+002, 5.2200568E+002, 3.4426974E+002, 2.8525475E+001, 2.7632127E+001, 2.9297410E+001, 2.7663024E+001, 2.9372693E+001, 4.0766505E+001, 4.7563500E+001, 2.8469919E+001, 2.9276276E+001, 2.7793699E+001, 2.7678007E+001, 2.9242867E+001, 4.1522419E+001, 4.7297841E+001, 3.2811644E+001, 4.2514497E+001
 7.0000315E+001, 1.8891939E-002,-6.9622416E-003, 2.5854180E-002,-2.1495577E-006, 2.0174256E-002, 2.0174256E-002, 1.6774186E-005, 1.7071085E+002, 1.6668618E+002, 5.0735544E+002, 3.8452649E+002, 3.0070279E+001, 2.8747956E+001, 3.1114648E+001, 2.8890576E+001, 3.1158183E+001, 4.7928255E+001, 5.7937956E+001, 2.9936920E+001, 3.1054669E+001, 2.8945917E+001, 2.8874057E+001, 3.0912660E+001, 4.8772357E+001, 5.6686218E+001, 3.5185630E+001, 4.9560518E+001
 8.0001550E+001, 1.8915011E-002,-7.1355162E-003, 2.6050527E-002,-2.2356049E-006, 2.0126714E-002, 2.0126714E-002, 1.6715867E-005, 1.7261261E+002, 1.6268310E+002, 5.2212520E+002, 3.8495640E+002, 3.1232275E+001, 2.9626079E+001, 3.2450216E+001, 2.9808802E+001, 3.2522490E+001, 5.5293372E+001, 6.8458817E+001, 3.1019478E+001, 3.2369168E+001, 2.9801056E+001, 2.9763672E+001, 3.2146847E+001, 5.6246689E+001, 6.6046353E+001, 3.7177502E+001, 5.6622358E+001
 9.0000278E+001, 1.8735713E-002,-7.2621433E-003, 2.5997857E-002,-2.2536236E-006, 2.0162602E-002, 2.0162602E-002, 1.6551187E-005, 1.6682948E+002, 1.7485906E+002, 5.1932849E+002, 3.8367144E+002, 3.2252068E+001, 3.0394840E+001, 3.3617916E+001, 3.0615253E+001, 3.3721268E+001, 6.2445083E+001, 7.8796696E+001, 3.1915470E+001, 3.3459201E+001, 3.0522486E+001, 3.0488345E+001, 3.3187180E+001, 6.3199672E+001, 7.4809552E+001, 3.8941567E+001, 6.3377434E+001
 1.0000015E+002, 1.9005757E-002,-7.3163919E-003, 2.6322149E-002,-2.2028403E-006, 2.0177777E-002, 2.0177777E-002, 1.6804231E-005, 1.7165258E+002, 1.8322135E+002, 4.8525153E+002, 3.8955813E+002, 3.3032520E+001, 3.0953483E+001, 3.4628317E+001, 3.1243974E+001, 3.4624199E+001, 6.9005461E+001, 8.7763042E+001, 3.3065234E+001, 3.4723383E+001, 3.1468664E+001, 3.1409248E+001, 3.4523513E+001, 7.0501728E+001, 8.4903818E+001, 4.0171840E+001, 6.9795281E+001
 1.1000219E+002, 1.8876815E-002,-7.3620387E-003, 2.6238854E-002,-2.2068758E-006, 2.0156719E-002, 2.0156719E-002, 1.6620171E-005, 1.7136036E+002, 1.7226253E+002, 4.9409651E+002, 3.8953742E+002, 3.3962913E+001, 3.1620623E+001, 3.5725593E+001, 3.1973225E+001, 3.5712617E+001, 7.5539838E+001, 9.6946474E+001, 3.3894355E+001, 3.5757210E+001, 3.2121118E+001, 3.2075123E+001, 3.5475964E+001, 7.7504794E+001, 9.3944186E+001, 4.1654599E+001, 7.6016532E+001
 1.2000241E+002, 1.8809925E-002,-7.4553755E-003, 2.6265300E-002,-2.2399983E-006, 2.0094269E-002, 2.0094269E-002, 1.6679770E-005, 1.7191230E+002, 1.8326470E+002, 5.0621417E+002, 3.9538233E+002, 3.4868027E+001, 3.2272429E+001, 3.6822781E+001, 3.2699125E+001, 3.6762695E+001, 8.2090618E+001, 1.0578982E+002, 3.4796866E+001, 3.6803968E+001, 3.2864643E+001, 3.2774989E+001, 3.6549620E+001, 8.4031580E+001, 1.0305268E+002, 4.3117933E+001, 8.1873830E+001
 1.3000167E+002, 1.8924137E-002,-7.2987087E-003, 2.6222845E-002,-2.2608012E-006, 2.0111227E-002, 2.0111227E-002, 1.6777537E-005, 1.8125329E+002, 1.8531639E+002, 4.5914228E+002, 3.9787973E+002, 3.5729962E+001, 3.2925383E+001, 3.7845735E+001, 3.3355461E+001, 3.7795871E+001, 8.8345919E+001, 1.1485046E+002, 3.5648427E+001, 3.7844375E+001, 3.3552745E+001, 3.3449048E+001, 3.7538748E+001, 9.0324731E+001, 1.1137566E+002, 4.4659664E+001, 8.7372804E+001
 1.4000304E+002, 1.8800051E-002,-7.3502721E-003, 2.6150323E-002,-2.2203770E-006, 2.0107295E-002, 2.0107295E-002, 1.6634825E-005, 1.6959077E+002, 1.8874374E+002, 5.0528575E+002, 3.9551691E+002, 3.6525888E+001, 3.3508292E+001, 3.8836679E+001, 3.3975746E+001, 3.8739742E+001, 9.3963620E+001, 1.2286053E+002, 3.6573104E+001, 3.8919669E+001, 3.4310351E+001, 3.4175308E+001, 3.8629426E+001, 9.6728566E+001, 1.1997746E+002, 4.6078950E+001, 9.2564199E+001
 1.5000166E+002, 1.8819845E-002,-7.3729926E-003, 2.6192838E-002,-2.2345237E-006, 2.0077210E-002, 2.0077210E-002, 1.6572571E-005, 1.7535735E+002, 1.7411630E+002, 4.8476435E+002, 3.9927681E+002, 3.7549329E+001, 3.4241888E+001, 4.0013090E+001, 3.4780688E+001, 3.9930751E+001, 9.9991260E+001, 1.3163124E+002, 3.7445099E+001, 3.9972068E+001, 3.4990029E+001, 3.4868816E+001, 3.9636303E+001, 1.0335640E+002, 1.2879341E+002, 4.7639976E+001, 9.7368563E+001
 1.6000042E+002, 1.8776404E-002,-7.2951583E-003, 2.6071562E-002,-2.1563404E-006, 1.9994998E-002, 1.9994998E-002, 1.6814435E-005, 1.7279526E+002, 1.7496749E+002, 4.4888232E+002, 4.0358298E+002, 3.8462295E+001, 3.4919369E+001, 4.1117525E+001, 3.5502492E+001, 4.1004409E+001, 1.0606421E+002, 1.3997524E+002, 3.8243344E+001, 4.0972190E+001, 3.5628312E+001, 3.5493775E+001, 4.0577667E+001, 1.0932723E+002, 1.3648991E+002, 4.9230048E+001, 1.0192350E+002
 1.7000068E+002, 1.8732460E-002,-7.3470557E-003, 2.6079515E-002,-2.2361150E-006, 2.0063415E-002, 2.0063415E-002, 1.6527300E-005, 1.7870874E+002, 1.8515929E+002, 5.1751253E+002, 4.0045814E+002, 3.9313729E+001, 3.5584180E+001, 4.2137469E+001, 3.6149779E+001, 4.2046865E+001, 1.1172893E+002, 1.4751333E+002, 3.9133202E+001, 4.2078668E+001, 3.6332418E+001, 3.6194141E+001, 4.1624899E+001, 1.1518843E+002, 1.4385695E+002, 5.0873477E+001, 1.0630548E+002
 1.8000127E+002, 1.8879263E-002,-7.5317933E-003, 2.6411057E-002,-2.2502263E-006, 2.0064274E-002, 2.0064274E-002, 1.6747522E-005, 1.7267425E+002, 1.8463581E+002, 5.0221849E+002, 4.0617770E+002, 4.0269560E+001, 3.6257193E+001, 4.3295129E+001, 3.6892644E+001, 4.3168688E+001, 1.1731775E+002, 1.5533080E+002, 4.0056450E+001, 4.3185915E+001, 3.7077923E+001, 3.6905770E+001, 4.2726502E+001, 1.2110620E+002, 1.5120742E+002, 5.2371314E+001, 1.1027495E+002
 1.9000074E+002, 1.8551382E-002,-7.5161183E-003, 2.6067501E-002,-2.2893170E-006, 1.9990076E-002, 1.9990076E-002, 1.6504178E-005, 1.7950660E+002, 1.8621391E+002, 4.7697676E+002, 4.0295088E+002, 4.1171637E+001, 3.6907320E+001, 4.4395436E+001, 3.7584942E+001, 4.4249488E+001, 1.2272513E+002, 1.6283957E+002, 4.0978433E+001, 4.4262030E+001, 3.7829188E+001, 3.7624558E+001, 4.3826762E+001, 1.2685961E+002, 1.5874061E+002, 5.3917620E+001, 1.1409601E+002
 2.0000060E+002, 1.8916554E-002,-7.4493082E-003, 2.6365862E-002,-2.1838731E-006, 2.0036336E-002, 2.0036336E-002, 1.6767989E-005, 1.8007075E+002, 1.8265244E+002, 4.7487406E+002, 4.1302771E+002, 4.2197743E+001, 3.7672566E+001, 4.5607749E+001, 3.8370512E+001, 4.5471626E+001, 1.2812482E+002, 1.7039682E+002, 4.1861960E+001, 4.5398694E+001, 3.8521739E+001, 3.8330526E+001, 4.4844170E+001, 1.3247682E+002, 1.6567766E+002, 5.5693530E+001, 1.1771310E+002
 2.1000275E+002, 1.8786167E-002,-7.5516899E-003, 2.6337856E-002,-2.2613119E-006, 2.0001125E-002, 2.0001125E-002, 1.6617731E-005, 1.7247663E+002, 1.9202979E+002, 4.8702853E+002, 4.1094350E+002, 4.3087328E+001, 3.8318916E+001, 4.6707397E+001, 3.9056941E+001, 4.6535393E+001, 1.3331805E+002, 1.7734677E+002, 4.2921370E+001, 4.6648767E+001, 3.9373659E+001, 3.9150467E+001, 4.6097800E+001, 1.3805697E+002, 1.7283718E+002, 5.7194733E+001, 1.2129171E+002
 2.2000093E+002, 1.8680367E-002,-7.7644632E-003, 2.6444831E-002,-2.2692887E-006, 1.9995101E-002, 1.9995101E-002, 1.6725487E-005, 1.7844082E+002, 1.8295539E+002, 5.0642695E+002, 4.1273987E+002, 4.4014690E+001, 3.9011909E+001, 4.7829542E+001, 3.9766560E+001, 4.7644571E+001, 1.3823983E+002, 1.8385886E+002, 4.3957845E+001, 4.7858899E+001, 4.0204337E+001, 3.9955143E+001, 4.7322034E+001, 1.4374919E+002, 1.8046994E+002, 5.8820718E+001, 1.2477510E+002
 2.3000080E+002, 1.8649726E-002,-7.4821139E-003, 2.6131840E-002,-2.2054717E-006, 1.9911086E-002, 1.9911086E-002, 1.6650307E-005, 1.7754453E+002, 1.8859769E+002, 4.8596196E+002, 4.1536824E+002, 4.5077755E+001, 3.9775240E+001, 4.9118034E+001, 4.0587364E+001, 4.8890298E+001, 1.4340487E+002, 1.9097170E+002, 4.4872988E+001, 4.9012473E+001, 4.0937396E+001, 4.0659205E+001, 4.8416760E+001, 1.4892475E+002, 1.8693540E+002, 6.0487337E+001, 1.2775819E+002
 2.4000175E+002, 1.8725102E-002,-7.3357870E-003, 2.6060889E-002,-2.2254563E-006, 1.9977666E-002, 1.9977666E-002, 1.6614266E-005, 1.8150482E+002, 1.9105800E+002, 5.2165296E+002, 4.1865419E+002, 4.6047353E+001, 4.0504645E+001, 5.0292153E+001, 4.1327611E+001, 5.0065720E+001, 1.4826516E+002, 1.9730481E+002, 4.5837989E+001, 5.0179217E+001, 4.1717886E+001, 4.1403625E+001, 4.9569046E+001, 1.5391081E+002, 1.9331214E+002, 6.2298067E+001, 1.3060118E+002
 2.5000241E+002, 1.8741498E-002,-7.5081414E-003, 2.6249639E-002,-2.2085925E-006, 1.9931858E-002, 1.9931858E-002, 1.6710337E-005, 1.8197848E+002, 1.7852953E+002, 4.9941847E+002, 4.2003595E+002, 4.7148797E+001, 4.1308714E+001, 5.1571287E+001, 4.2176196E+001, 5.1366400E+001, 1.5331803E+002, 2.0427951E+002, 4.6797679E+001, 5.1393555E+001, 4.2465158E+001, 4.2173340E+001, 5.0676299E+001, 1.5889137E+002, 1.9902201E+002, 6.4070014E+001, 1.3340636E+002
 2.6000075E+002, 1.8565283E-002,-7.6365520E-003, 2.6201835E-002,-2.2130813E-006, 1.9933034E-002, 1.9933034E-002, 1.6660960E-005, 1.7132675E+002, 1.8355673E+002, 5.1002907E+002, 4.2064824E+002, 4.8068493E+001, 4.1965305E+001, 5.2737038E+001, 4.2895319E+001, 5.2453015E+001, 1.5795720E+002, 2.1011943E+002, 4.7901344E+001, 5.2662196E+001, 4.3374901E+001, 4.3022921E+001, 5.1992050E+001, 1.6397348E+002, 2.0545285E+002, 6.5624245E+001, 1.3605520E+002
 2.7000186E+002, 1.8700445E-002,-7.4902675E-003, 2.6190713E-002,-2.1715236E-006, 1.9955926E-002, 1.9955926E-002, 1.6690426E-005, 1.6740711E+002, 1.8834334E+002, 4.8485111E+002, 4.2337271E+002, 4.9125978E+001, 4.2733550E+001, 5.3994564E+001, 4.3725040E+001, 5.3694633E+001, 1.6260387E+002, 2.1569759E+002, 4.8895718E+001, 5.3874356E+001, 4.4171146E+001, 4.3805016E+001, 5.3152466E+001, 1.6883332E+002, 2.1136837E+002, 6.7374382E+001, 1.3865128E+002
 2.8000023E+002, 1.8678776E-002,-7.6419913E-003, 2.6320767E-002,-2.3020008E-006, 1.9924986E-002, 1.9924986E-002, 1.6638832E-005, 1.8030784E+002, 2.0278127E+002, 5.1123196E+002, 4.2075092E+002, 5.0117781E+001, 4.3494549E+001, 5.5178597E+001, 4.4490298E+001, 5.4882671E+001, 1.6708761E+002, 2.2133163E+002, 4.9914654E+001, 5.5066563E+001, 4.5012144E+001, 4.4603962E+001, 5.4362592E+001, 1.7344602E+002, 2.1688982E+002, 6.9159603E+001, 1.4083796E+002
 2.9000244E+002, 1.8621714E-002,-7.8751409E-003, 2.6496855E-002,-2.2852572E-006, 1.9902074E-002, 1.9902074E-002, 1.6623281E-005, 1.8802129E+002, 1.9208646E+002, 5.1969296E+002, 4.2383385E+002, 5.1177967E+001, 4.4263967E+001, 5.6471885E+001, 4.5302008E+001, 5.6134201E+001, 1.7106733E+002, 2.2648688E+002, 5.0968624E+001, 5.6361574E+001, 4.5847640E+001, 4.5420812E+001, 5.5601477E+001, 1.7792708E+002, 2.2244134E+002, 7.0851837E+001, 1.4292496E+002
 3.0000066E+002, 1.8620400E-002,-7.6722877E-003, 2.6292687E-002,-2.2839441E-006, 1.9860509E-002, 1.9860509E-002, 1.6549837E-005, 1.8991778E+002, 1.8781996E+002, 4.6991694E+002, 4.2590317E+002, 5.2341527E+001, 4.5165321E+001, 5.7790635E+001, 4.6206466E+001, 5.7513589E+001, 1.7544326E+002, 2.3224883E+002, 5.1930376E+001, 5.7547406E+001, 4.6614306E+001, 4.6189589E+001, 5.6718819E+001, 1.8230082E+002, 2.2715045E+002, 7.2866731E+001, 1.4469848E+002
 3.1000072E+002, 1.8638733E-002,-7.6117702E-003, 2.6250503E-002,-2.2873188E-006, 1.9901586E-002, 1.9901586E-002, 1.6592782E-005, 1.7832993E+002, 1.9997503E+002, 4.8710287E+002, 4.2578041E+002, 5.3345767E+001, 4.5898148E+001, 5.8999042E+001, 4.6989502E+001, 5.8709701E+001, 1.7964053E+002, 2.3759862E+002, 5.3006634E+001, 5.8777692E+001, 4.7498261E+001, 4.7044192E+001, 5.7976766E+001, 1.8678360E+002, 2.3203291E+002, 7.4593567E+001, 1.4647645E+002
 3.2000255E+002, 1.8608267E-002,-7.6056777E-003, 2.6213944E-002,-2.1946398E-006, 1.9895074E-002, 1.9895074E-002, 1.6747196E-005, 1.7913552E+002, 1.9444503E+002, 5.1459904E+002, 4.2996021E+002, 5.4476419E+001, 4.6721075E+001, 6.0337310E+001, 4.7873129E+001, 6.0032819E+001, 1.8389679E+002, 2.4268448E+002, 5.4060749E+001, 6.0080931E+001, 4.8326599E+001, 4.7875317E+001, 5.9197089E+001, 1.9106020E+002, 2.3661693E+002, 7.6340354E+001, 1.4824495E+002
 3.3000079E+002, 1.8647999E-002,-7.7399967E-003, 2.6387996E-002,-2.2638784E-006, 1.9869143E-002, 1.9869143E-002, 1.6623210E-005, 1.8633625E+002, 1.8155028E+002, 5.0148457E+002, 4.3113901E+002, 5.5622644E+001, 4.7563761E+001, 6.1688110E+001, 4.8764170E+001, 6.1370038E+001, 1.8817861E+002, 2.4798029E+002, 5.5138908E+001, 6.1405249E+001, 4.9172386E+001, 4.8734350E+001, 6.0445387E+001, 1.9518095E+002, 2.4138396E+002, 7.8105645E+001, 1.5001080E+002
 3.4000149E+002, 1.8541936E-002,-7.8054987E-003, 2.6347435E-002,-2.2237625E-006, 1.9876775E-002, 1.9876775E-002, 1.6585490E-005, 1.8302349E+002, 1.9337616E+002, 4.6850375E+002, 4.3336899E+002, 5.6734081E+001, 4.8399487E+001, 6.3004037E+001, 4.9622799E+001, 6.2686730E+001, 1.9236923E+002, 2.5273801E+002, 5.6147735E+001, 6.2666382E+001, 4.9989871E+001, 4.9528643E+001, 6.1625367E+001, 1.9898515E+002, 2.4552306E+002, 7.9969895E+001, 1.5165607E+002
 3.5000299E+002, 1.8636458E-002,-7.7934956E-003, 2.6429953E-002,-2.2549075E-006, 1.9878532E-002, 1.9878532E-002, 1.6693736E-005, 1.8074335E+002, 1.8902948E+002, 4.6589305E+002, 4.3402625E+002, 5.7744298E+001, 4.9147334E+001, 6.4232789E+001, 5.0421088E+001, 6.3865069E+001, 1.9616626E+002, 2.5730942E+002, 5.7280761E+001, 6.3982508E+001, 5.0936189E+001, 5.0426343E+001, 6.2950442E+001, 2.0285011E+002, 2.4953684E+002, 8.1600857E+001, 1.5330971E+002
 3.6000196E+002, 1.8483320E-002,-7.6850470E-003, 2.6168367E-002,-2.2713098E-006, 1.9809922E-002, 1.9809922E-002, 1.6532084E-005, 1.8945230E+002, 1.9329523E+002, 5.5542682E+002, 4.3125909E+002, 5.8870037E+001, 5.0011700E+001, 6.5561833E+001, 5.1289827E+001, 6.5190579E+001, 1.9980998E+002, 2.6133573E+002, 5.8451247E+001, 6.5335471E+001, 5.1884299E+001, 5.1357506E+001, 6.4294273E+001, 2.0695907E+002, 2.5435285E+002, 8.3436176E+001, 1.5477654E+002
 3.7000098E+002, 1.8745493E-002,-7.7451422E-003, 2.6490635E-002,-2.2059619E-006, 1.9882392E-002, 1.9882392E-002, 1.6780387E-005, 1.8203053E+002, 1.8554194E+002, 4.9462265E+002, 4.3840046E+002, 5.9919215E+001, 5.0781380E+001, 6.6862539E+001, 5.2110650E+001, 6.6417832E+001, 2.0313916E+002, 2.6519733E+002, 5.9551963E+001, 6.6677155E+001, 5.2765018E+001, 5.2233564E+001, 6.5568556E+001, 2.1095140E+002, 2.5853999E+002, 8.5127936E+001, 1.5610964E+002
 3.8000211E+002, 1.8513885E-002,-7.8228287E-003, 2.6336714E-002,-2.2812446E-006, 1.9860528E-002, 1.9860528E-002, 1.6469818E-005, 1.8220951E+002, 1.9475258E+002, 5.2213330E+002, 4.3685365E+002, 6.1033668E+001, 5.1586596E+001, 6.8168891E+001, 5.2980458E+001, 6.7715801E+001, 2.0665783E+002, 2.6909774E+002, 6.0646661E+001, 6.7971118E+001, 5.3668142E+001, 5.3089402E+001, 6.6857575E+001, 2.1448479E+002, 2.6257050E+002, 8.6838879E+001, 1.5755071E+002
 3.9000043E+002, 1.8628188E-002,-7.7452109E-003, 2.6373399E-002,-2.2637105E-006, 1.9818238E-002, 1.9818238E-002, 1.6713468E-005, 1.8288058E+002, 1.9247722E+002, 4.8707235E+002, 4.3776117E+002, 6.2158984E+001, 5.2422814E+001, 6.9489395E+001, 5.3874916E+001, 6.9023376E+001, 2.1028405E+002, 2.7305074E+002, 6.1703264E+001, 6.9241406E+001, 5.4524042E+001, 5.3939362E+001, 6.8073757E+001, 2.1775228E+002, 2.6606408E+002, 8.8596066E+001, 1.5883597E+002
 4.0000255E+002, 1.8542847E-002,-8.0298071E-003, 2.6572654E-002,-2.3102422E-006, 1.9872915E-002, 1.9872915E-002, 1.6540400E-005, 1.8062134E+002, 2.0018087E+002, 5.0308913E+002, 4.3665904E+002, 6.3214321E+001, 5.3248281E+001, 7.0732142E+001, 5.4700286E+001, 7.0269733E+001, 2.1372636E+002, 2.7657108E+002, 6.2922218E+001, 7.0605037E+001, 5.5558129E+001, 5.4905892E+001, 6.9492983E+001, 2.2149001E+002, 2.7054694E+002, 9.0342660E+001, 1.5998795E+002
 4.1000282E+002, 1.8640069E-002,-7.7470215E-003, 2.6387090E-002,-2.2910338E-006, 1.9816919E-002, 1.9816919E-002, 1.6622744E-005, 1.8871119E+002, 1.8907155E+002, 4.6322206E+002, 4.3957334E+002, 6.4376966E+001, 5.4148409E+001, 7.2067508E+001, 5.5622350E+001, 7.1620399E+001, 2.1712353E+002, 2.8034589E+002, 6.4033007E+001, 7.1922836E+001, 5.6445063E+001, 5.5798165E+001, 7.0761960E+001, 2.2502685E+002, 2.7422200E+002, 9.2127693E+001, 1.6111579E+002
 4.2000312E+002, 1.8353869E-002,-7.5451426E-003, 2.5899012E-002,-2.1715051E-006, 1.9737240E-002, 1.9737240E-002, 1.6605554E-005, 1.8536649E+002, 1.8655258E+002, 4.7664594E+002, 4.4064970E+002, 6.5535257E+001, 5.4972083E+001, 7.3468883E+001, 5.6548839E+001, 7.2938146E+001, 2.2051947E+002, 2.8372660E+002, 6.5125178E+001, 7.3259209E+001, 5.7298776E+001, 5.6682876E+001, 7.1996721E+001, 2.2842951E+002, 2.7744623E+002, 9.3808278E+001, 1.6211262E+002
 4.3000203E+002, 1.8564259E-002,-7.5781513E-003, 2.6142411E-002,-2.2009147E-006, 1.9725356E-002, 1.9725356E-002, 1.6760733E-005, 1.6824002E+002, 1.9224949E+002, 4.2156811E+002, 4.4474659E+002, 6.6564799E+001, 5.5720896E+001, 7.4732799E+001, 5.7382003E+001, 7.4108414E+001, 2.2380965E+002, 2.8663209E+002, 6.6319507E+001, 7.4612786E+001, 5.8302110E+001, 5.7632999E+001, 7.3390529E+001, 2.3189767E+002, 2.8116027E+002, 9.5330009E+001, 1.6298130E+002
 4.4000057E+002, 1.8419343E-002,-7.6597053E-003, 2.6079048E-002,-2.1883479E-006, 1.9712904E-002, 1.9712904E-002, 1.6667526E-005, 1.8747481E+002, 1.8571333E+002, 4.8705088E+002, 4.4392515E+002, 6.7660837E+001, 5.6540071E+001, 7.6060266E+001, 5.8241374E+001, 7.5379993E+001, 2.2642623E+002, 2.8891870E+002, 6.7537184E+001, 7.6058458E+001, 5.9273776E+001, 5.8622340E+001, 7.4763044E+001, 2.3553013E+002, 2.8512711E+002, 9.6993086E+001, 1.6396698E+002
 4.5000073E+002, 1.8563023E-002,-7.7720080E-003, 2.6335031E-002,-2.1386198E-006, 1.9765579E-002, 1.9765579E-002, 1.6803881E-005, 1.8514938E+002, 1.8277524E+002, 4.2059225E+002, 4.4857034E+002, 6.8770486E+001, 5.7381855E+001, 7.7400791E+001, 5.9133894E+001, 7.6654936E+001, 2.2925053E+002, 2.9150537E+002, 6.8653664E+001, 7.7398632E+001, 6.0176498E+001, 5.9540866E+001, 7.6025232E+001, 2.3916201E+002, 2.8827477E+002, 9.8700272E+001, 1.6495009E+002
 4.6000182E+002, 1.8510731E-002,-7.8596815E-003, 2.6370412E-002,-2.2389312E-006, 1.9832817E-002, 1.9832817E-002, 1.6583374E-005, 1.7742528E+002, 1.8924299E+002, 4.7465463E+002, 4.4515602E+002, 6.9951095E+001, 5.8309141E+001, 7.8727766E+001, 6.0068588E+001, 7.8029335E+001, 2.3215584E+002, 2.9434195E+002, 6.9683102E+001, 7.8637269E+001, 6.1026403E+001, 6.0367211E+001, 7.7211160E+001, 2.4175267E+002, 2.9065812E+002, 1.0062006E+002, 1.6593512E+002
 4.7000004E+002, 1.8470659E-002,-7.9732568E-003, 2.6443916E-002,-2.2890914E-006, 1.9790976E-002, 1.9790976E-002, 1.6479467E-005, 1.8726792E+002, 1.9195008E+002, 4.6815936E+002, 4.4234435E+002, 7.0998472E+001, 5.9133657E+001, 7.9961374E+001, 6.0901563E+001, 7.9248643E+001, 2.3479166E+002, 2.9697637E+002, 7.0977074E+001, 8.0045372E+001, 6.2130400E+001, 6.1397267E+001, 7.8716512E+001, 2.4489433E+002, 2.9430907E+002, 1.0227605E+002, 1.6674328E+002
 4.8000306E+002, 1.8587572E-002,-7.6282640E-003, 2.6215836E-002,-2.2004783E-006, 1.9815094E-002, 1.9815094E-002, 1.6726622E-005, 1.8408069E+002, 1.9894793E+002, 4.9627201E+002, 4.5041498E+002, 7.2160474E+001, 6.0014178E+001, 8.1328767E+001, 6.1844516E+001, 8.0559335E+001, 2.3751046E+002, 2.9920452E+002, 7.2184805E+001, 8.1454580E+001, 6.3122013E+001, 6.2361300E+001, 8.0092210E+001, 2.4784920E+002, 2.9796459E+002, 1.0391680E+002, 1.6757708E+002
 4.9000012E+002, 1.8510423E-002,-7.8884837E-003, 2.6398907E-002,-2.3561300E-006, 1.9815366E-002, 1.9815366E-002, 1.6475907E-005, 1.8887866E+002, 1.8878887E+002, 4.9612354E+002, 4.4759452E+002, 7.3142093E+001, 6.0816990E+001, 8.2504728E+001, 6.2627179E+001, 8.1705845E+001, 2.3981358E+002, 3.0108603E+002, 7.3450259E+001, 8.2823256E+001, 6.4201138E+001, 6.3372123E+001, 8.1553152E+001, 2.5097506E+002, 3.0177650E+002, 1.0556431E+002, 1.6837856E+002
 5.0000282E+002, 1.8651240E-002,-7.8242911E-003, 2.6475531E-002,-2.2445398E-006, 1.9788549E-002, 1.9788549E-002, 1.6716148E-005, 1.7403613E+002, 1.9012423E+002, 4.5714065E+002, 4.5079683E+002, 7.4348378E+001, 6.1750785E+001, 8.3856570E+001, 6.3585442E+001, 8.3107447E+001, 2.4234969E+002, 3.0355251E+002, 7.4391837E+001, 8.3982749E+001, 6.4980218E+001, 6.4147803E+001, 8.2630228E+001, 2.5360931E+002, 3.0445019E+002, 1.0744942E+002, 1.6907960E+002
 5.1000129E+002, 1.8395693E-002,-7.7293292E-003, 2.6125022E-002,-2.2449401E-006, 1.9752647E-002, 1.9752647E-002, 1.6517000E-005, 1.8494325E+002, 1.9673290E+002, 5.0097926E+002, 4.4744669E+002, 7.5523021E+001, 6.2640744E+001, 8.5207504E+001, 6.4505128E+001, 8.4464564E+001, 2.4488510E+002, 3.0641676E+002, 7.5471364E+001, 8.5274925E+001, 6.5889982E+001, 6.5012784E+001, 8.3873345E+001, 2.5561745E+002, 3.0590710E+002, 1.0917162E+002, 1.6978355E+002
 5.2000217E+002, 1.8391800E-002,-7.7096047E-003, 2.6101404E-002,-2.2399534E-006, 1.9736075E-002, 1.9736075E-002, 1.6614331E-005, 1.8579652E+002, 1.9619077E+002, 5.1437518E+002, 4.4921140E+002, 7.6742400E+001, 6.3594229E+001, 8.6579639E+001, 6.5484255E+001, 8.5861429E+001, 2.4744037E+002, 3.0948282E+002, 7.6625294E+001, 8.6610586E+001, 6.6851949E+001, 6.5957041E+001, 8.5176916E+001, 2.5808070E+002, 3.0820249E+002, 1.1093424E+002, 1.7021511E+002
 5.3000221E+002, 1.8637959E-002,-7.9369757E-003, 2.6574934E-002,-2.2789696E-006, 1.9767768E-002, 1.9767768E-002, 1.6690250E-005, 1.8372259E+002, 1.9491662E+002, 5.1788368E+002, 4.5319540E+002, 7.7925662E+001, 6.4515103E+001, 8.7943730E+001, 6.6444577E+001, 8.7207474E+001, 2.5017701E+002, 3.1260227E+002, 7.7758261E+001, 8.7925672E+001, 6.7769479E+001, 6.6888715E+001, 8.6450125E+001, 2.6064519E+002, 3.1040037E+002, 1.1266537E+002, 1.7085541E+002
 5.4000063E+002, 1.8517852E-002,-7.9498944E-003, 2.6467746E-002,-2.2653792E-006, 1.9812368E-002, 1.9812368E-002, 1.6485018E-005, 1.9125068E+002, 1.9251756E+002, 4.7075170E+002, 4.5339189E+002, 7.9075888E+001, 6.5394597E+001, 8.9261399E+001, 6.7369098E+001, 8.8525384E+001, 2.5279673E+002, 3.1529178E+002, 7.8907166E+001, 8.9234828E+001, 6.8743352E+001, 6.7813636E+001, 8.7758491E+001, 2.6293202E+002, 3.1289830E+002, 1.1436455E+002, 1.7169267E+002
 5.5000066E+002, 1.8491339E-002,-7.7825487E-003, 2.6273888E-002,-2.1545733E-006, 1.9694073E-002, 1.9694073E-002, 1.6832024E-005, 1.7838235E+002, 1.8874712E+002, 4.3313202E+002, 4.5729334E+002, 8.0120134E+001, 6.6191823E+001, 9.0533862E+001, 6.8218685E+001, 8.9706795E+001, 2.5505595E+002, 3.1744275E+002, 8.0201111E+001, 9.0720522E+001, 6.9804551E+001, 6.8895665E+001, 8.9183950E+001, 2.6557746E+002, 3.1542212E+002, 1.1584648E+002, 1.7243684E+002
 5.6000010E+002, 1.8319583E-002,-7.7028712E-003, 2.6022454E-002,-2.1936970E-006, 1.9721526E-002, 1.9721526E-002, 1.6566455E-005, 1.9782561E+002, 1.8836141E+002, 4.7741645E+002, 4.5391981E+002, 8.1251406E+001, 6.7095159E+001, 9.1812969E+001, 6.9122850E+001, 9.1012311E+001, 2.5717487E+002, 3.1922448E+002, 8.1266725E+001, 9.1968017E+001, 7.0681353E+001, 6.9764059E+001, 9.0394238E+001, 2.6798025E+002, 3.1728502E+002, 1.1762805E+002, 1.7281294E+002
 5.7000268E+002, 1.8492228E-002,-7.8388225E-003, 2.6331050E-002,-2.2252519E-006, 1.9772313E-002, 1.9772313E-002, 1.6617400E-005, 1.8740799E+002, 1.9452176E+002, 4.3788642E+002, 4.5845357E+002, 8.2461478E+001, 6.8019864E+001, 9.3218678E+001, 7.0106874E+001, 9.2381595E+001, 2.5957087E+002, 3.2124771E+002, 8.2358571E+001, 9.3294752E+001, 7.1587496E+001, 7.0651919E+001, 9.1627022E+001, 2.7010649E+002, 3.1903066E+002, 1.1935736E+002, 1.7342088E+002
 5.8000271E+002, 1.8458662E-002,-7.8560021E-003, 2.6314664E-002,-2.2490002E-006, 1.9799944E-002, 1.9799944E-002, 1.6630178E-005, 1.8930838E+002, 1.8654190E+002, 5.0606671E+002, 4.5573756E+002, 8.3510072E+001, 6.8853069E+001, 9.4461031E+001, 7.0960107E+001, 9.3574301E+001, 2.6157758E+002, 3.2278487E+002, 8.3561014E+001, 9.4619944E+001, 7.2629994E+001, 7.1638184E+001, 9.2997002E+001, 2.7240467E+002, 3.2107838E+002, 1.2090905E+002, 1.7412089E+002
 5.9000105E+002, 1.8554361E-002,-7.8231263E-003, 2.6377487E-002,-2.2700404E-006, 1.9751219E-002, 1.9751219E-002, 1.6586386E-005, 1.8804997E+002, 2.0000407E+002, 4.8422575E+002, 4.5530611E+002, 8.4607880E+001, 6.9736956E+001, 9.5706912E+001, 7.1852833E+001, 9.4832225E+001, 2.6354894E+002, 3.2427672E+002, 8.4644113E+001, 9.5841650E+001, 7.3569141E+001, 7.2520388E+001, 9.4235162E+001, 2.7427049E+002, 3.2271775E+002, 1.2262243E+002, 1.7464718E+002
 6.0000144E+002, 1.8521779E-002,-8.1143183E-003, 2.6636098E-002,-2.2882962E-006, 1.9770212E-002, 1.9770212E-002, 1.6675875E-005, 1.8912379E+002, 1.9780616E+002, 4.3701359E+002, 4.5717109E+002, 8.5579307E+001, 7.0484408E+001, 9.6906894E+001, 7.2653247E+001, 9.5925604E+001, 2.6497567E+002, 3.2497700E+002, 8.5951839E+001, 9.7243395E+001, 7.4697582E+001, 7.3591713E+001, 9.5717001E+001, 2.7654620E+002, 3.2501591E+002, 1.2402912E+002, 1.7513790E+002
 6.1000104E+002, 1.8402313E-002,-7.9033933E-003, 2.6305706E-002,-2.2422352E-006, 1.9733702E-002, 1.9733702E-002, 1.6501297E-005, 1.7869703E+002, 1.9723993E+002, 5.0850185E+002, 4.5765449E+002, 8.6880694E+001, 7.1527200E+001, 9.8328103E+001, 7.3707766E+001, 9.7400644E+001, 2.6704706E+002, 3.2697064E+002, 8.6964808E+001, 9.8499407E+001, 7.5504125E+001, 7.4456742E+001, 9.6823365E+001, 2.7853234E+002, 3.2658489E+002, 1.2586358E+002, 1.7563715E+002
 6.2000192E+002, 1.8591117E-002,-7.8813796E-003, 2.6472496E-002,-2.2560411E-006, 1.9740220E-002, 1.9740220E-002, 1.6665112E-005, 1.8030428E+002, 1.8872066E+002, 4.9711472E+002, 4.5951814E+002, 8.8120463E+001, 7.2504429E+001, 9.9730208E+001, 7.4722513E+001, 9.8789214E+001, 2.6920578E+002, 3.2945280E+002, 8.8117867E+001, 9.9850364E+001, 7.6473969E+001, 7.5411397E+001, 9.8114467E+001, 2.8040752E+002, 3.2793828E+002, 1.2752023E+002, 1.7608093E+002
 6.3000122E+002, 1.8309792E-002,-7.9606669E-003, 2.6270459E-002,-2.3206884E-006, 1.9721679E-002, 1.9721679E-002, 1.6478647E-005, 1.9383412E+002, 1.9583012E+002, 5.1492083E+002, 4.5604821E+002, 8.9154330E+001, 7.3333115E+001, 1.0091979E+002, 7.5555643E+001, 9.9976982E+001, 2.7109638E+002, 3.3106145E+002, 8.9316675E+001, 1.0114403E+002, 7.7528610E+001, 7.6377996E+001, 9.9499615E+001, 2.8233282E+002, 3.2993378E+002, 1.2913509E+002, 1.7649701E+002
 6.4000051E+002, 1.8467829E-002,-7.9127523E-003, 2.6380582E-002,-2.2651269E-006, 1.9705008E-002, 1.9705008E-002, 1.6629166E-005, 1.8799763E+002, 2.0065271E+002, 4.6381921E+002, 4.5931143E+002, 9.0237965E+001, 7.4205071E+001, 1.0216314E+002, 7.6461042E+001, 1.0118679E+002, 2.7272689E+002, 3.3247980E+002, 9.0460998E+001, 1.0244804E+002, 7.8486625E+001, 7.7337230E+001, 1.0077308E+002, 2.8444261E+002, 3.3163559E+002, 1.3069497E+002, 1.7686799E+002
 6.5000302E+002, 1.8309426E-002,-8.0012669E-003, 2.6310693E-002,-2.2539934E-006, 1.9734930E-002, 1.9734930E-002, 1.6571475E-005, 1.8722276E+002, 1.9439340E+002, 5.3311345E+002, 4.5854091E+002, 9.1366394E+001, 7.5155910E+001, 1.0341938E+002, 7.7369171E+001, 1.0249459E+002, 2.7435711E+002, 3.3377920E+002, 9.1555734E+001, 1.0370667E+002, 7.9418687E+001, 7.8247115E+001, 1.0199522E+002, 2.8638881E+002, 3.3309983E+002, 1.3246804E+002, 1.7723232E+002
 6.6000080E+002, 1.8544255E-002,-7.9680569E-003, 2.6512312E-002,-2.2772864E-006, 1.9735439E-002, 1.9735439E-002, 1.6614173E-005, 1.8478213E+002, 2.0325295E+002, 5.1171848E+002, 4.5939022E+002, 9.2539667E+001, 7.6083529E+001, 1.0472840E+002, 7.8331084E+001, 1.0381133E+002, 2.7609032E+002, 3.3565060E+002, 9.2638433E+001, 1.0494963E+002, 8.0336804E+001, 7.9147766E+001, 1.0321046E+002, 2.8807055E+002, 3.3423977E+002, 1.3411953E+002, 1.7764046E+002
 6.7000129E+002, 1.8498662E-002,-7.8476890E-003, 2.6346351E-002,-2.2069470E-006, 1.9757919E-002, 1.9757919E-002, 1.6665041E-005, 1.8863933E+002, 1.9727414E+002, 4.7006563E+002, 4.6338760E+002, 9.3711369E+001, 7.7016233E+001, 1.0604224E+002, 7.9297456E+001, 1.0512481E+002, 2.7814351E+002, 3.3739295E+002, 9.3687960E+001, 1.0615855E+002, 8.1257595E+001, 8.0007988E+001, 1.0440629E+002, 2.8921393E+002, 3.3472543E+002, 1.3574979E+002, 1.7799896E+002
 6.8000110E+002, 1.8581286E-002,-8.0169829E-003, 2.6598269E-002,-2.2677699E-006, 1.9734000E-002, 1.9734000E-002, 1.6690790E-005, 1.8684879E+002, 1.8465621E+002, 5.0317278E+002, 4.6245026E+002, 9.4868065E+001, 7.7964195E+001, 1.0732312E+002, 8.0242764E+001, 1.0643442E+002, 2.8008383E+002, 3.3900136E+002, 9.4813852E+001, 1.0745315E+002, 8.2195706E+001, 8.0958019E+001, 1.0565585E+002, 2.9068338E+002, 3.3585604E+002, 1.3745186E+002, 1.7850404E+002
 6.9000189E+002, 1.8314754E-002,-8.0232614E-003, 2.6338015E-002,-2.2806554E-006, 1.9708182E-002, 1.9708182E-002, 1.6530656E-005, 1.9316312E+002, 1.9294213E+002, 4.7549256E+002, 4.5968306E+002, 9.5965161E+001, 7.8854762E+001, 1.0857932E+002, 8.1134156E+001, 1.0768763E+002, 2.8151949E+002, 3.4051451E+002, 9.6024242E+001, 1.0878450E+002, 8.3223975E+001, 8.1972571E+001, 1.0699481E+002, 2.9244896E+002, 3.3735729E+002, 1.3902932E+002, 1.7889161E+002
 7.0000218E+002, 1.8501683E-002,-8.0275782E-003, 2.6529261E-002,-2.2022724E-006, 1.9703785E-002, 1.9703785E-002, 1.6681790E-005, 1.8459974E+002, 1.9926063E+002, 4.3992701E+002, 4.6826398E+002, 9.7056239E+001, 7.9727539E+001, 1.0985116E+002, 8.2050872E+001, 1.0889394E+002, 2.8300032E+002, 3.4161120E+002, 9.7138452E+001, 1.1007246E+002, 8.4160729E+001, 8.2890416E+001, 1.0825335E+002, 2.9423701E+002, 3.3874825E+002, 1.4052855E+002, 1.7922176E+002
 7.1000221E+002, 1.8421893E-002,-8.1156446E-003, 2.6537538E-002,-2.2211385E-006, 1.9719085E-002, 1.9719085E-002, 1.6589358E-005, 1.9996854E+002, 1.8883624E+002, 4.5646973E+002, 4.6374130E+002, 9.8064248E+001, 8.0543587E+001, 1.1104717E+002, 8.2883048E+001, 1.1003477E+002, 2.8424428E+002, 3.4205404E+002, 9.8320524E+001, 1.1139086E+002, 8.5190910E+001, 8.3873394E+001, 1.0958667E+002, 2.9580182E+002, 3.4002369E+002, 1.4202346E+002, 1.7959049E+002
 7.2000161E+002, 1.8381680E-002,-7.9940273E-003, 2.6375707E-002,-2.3911955E-006, 1.9709749E-002, 1.9709749E-002, 1.6467909E-005, 1.8144029E+002, 1.9850318E+002, 4.6280436E+002, 4.6090822E+002, 9.9152801E+001, 8.1483546E+001, 1.1222656E+002, 8.3765491E+001, 1.1129913E+002, 2.8540696E+002, 3.4276184E+002, 9.9412257E+001, 1.1255743E+002, 8.6181476E+001, 8.4753793E+001, 1.1085554E+002, 2.9716028E+002, 3.4137252E+002, 1.4379910E+002, 1.7975086E+002
 7.3000249E+002, 1.8365520E-002,-8.0810285E-003, 2.6446548E-002,-2.3279530E-006, 1.9693823E-002, 1.9693823E-002, 1.6560310E-005, 1.8452348E+002, 1.9824595E+002, 5.4771497E+002, 4.6244653E+002, 1.0025095E+002, 8.2362432E+001, 1.1346329E+002, 8.4675769E+001, 1.1251413E+002, 2.8669248E+002, 3.4374723E+002, 1.0069770E+002, 1.1394466E+002, 8.7304051E+001, 8.5832241E+001, 1.1226904E+002, 2.9888479E+002, 3.4357404E+002, 1.4521026E+002, 1.7998511E+002
 7.4000242E+002, 1.8407516E-002,-8.0941612E-003, 2.6501678E-002,-2.2903477E-006, 1.9681007E-002, 1.9681007E-002, 1.6550761E-005, 1.9538999E+002, 1.9358916E+002, 4.6121437E+002, 4.6782791E+002, 1.0133886E+002, 8.3211837E+001, 1.1471567E+002, 8.5570637E+001, 1.1373215E+002, 2.8785917E+002, 3.4474327E+002, 1.0185919E+002, 1.1524107E+002, 8.8305043E+001, 8.6786931E+001, 1.1358136E+002, 3.0070980E+002, 3.4537975E+002, 1.4671126E+002, 1.8021328E+002
 7.5000197E+002, 1.8451843E-002,-7.8496843E-003, 2.6301527E-002,-2.1921636E-006, 1.9707894E-002, 1.9707894E-002, 1.6507273E-005, 2.0184618E+002, 1.8869833E+002, 4.2885564E+002, 4.6940243E+002, 1.0244604E+002, 8.4137758E+001, 1.1595689E+002, 8.6478654E+001, 1.1499397E+002, 2.8927770E+002, 3.4550173E+002, 1.0286649E+002, 1.1644439E+002, 8.9161444E+001, 8.7620059E+001, 1.1470469E+002, 3.0162189E+002, 3.4599821E+002, 1.4845129E+002, 1.8049784E+002
 7.6000301E+002, 1.8413910E-002,-7.9818146E-003, 2.6395725E-002,-2.3181885E-006, 1.9663975E-002, 1.9663975E-002, 1.6663936E-005, 1.9598591E+002, 2.0392342E+002, 4.3374525E+002, 4.6904783E+002, 1.0358940E+002, 8.5097873E+001, 1.1719353E+002, 8.7415881E+001, 1.1628965E+002, 2.9055417E+002, 3.4665200E+002, 1.0400777E+002, 1.1773909E+002, 9.0146143E+001, 8.8594770E+001, 1.1595676E+002, 3.0284282E+002, 3.4668339E+002, 1.5010182E+002, 1.8073699E+002
 7.7000048E+002, 1.8484365E-002,-8.0405471E-003, 2.6524912E-002,-2.2403907E-006, 1.9690497E-002, 1.9690497E-002, 1.6621580E-005, 1.8548472E+002, 1.9671696E+002, 4.7260919E+002, 4.6941730E+002, 1.0471616E+002, 8.5992338E+001, 1.1849399E+002, 8.8355959E+001, 1.1753502E+002, 2.9210486E+002, 3.4792108E+002, 1.0510237E+002, 1.1898034E+002, 9.1093858E+001, 8.9512185E+001, 1.1718081E+002, 3.0425333E+002, 3.4696738E+002, 1.5156267E+002, 1.8089652E+002
 7.8000150E+002, 1.8433174E-002,-8.0561048E-003, 2.6489278E-002,-2.2414937E-006, 1.9710862E-002, 1.9710862E-002, 1.6701969E-005, 1.9190889E+002, 1.9011895E+002, 4.4546320E+002, 4.7005506E+002, 1.0567279E+002, 8.6778445E+001, 1.1964646E+002, 8.9160591E+001, 1.1860540E+002, 2.9309894E+002, 3.4794379E+002, 1.0639035E+002, 1.2032946E+002, 9.2216125E+001, 9.0550194E+001, 1.1864395E+002, 3.0567678E+002, 3.4902673E+002, 1.5296871E+002, 1.8121757E+002
 7.9000182E+002, 1.8335198E-002,-7.9266013E-003, 2.6261800E-002,-2.0830599E-006, 1.9683439E-002, 1.9683439E-002, 1.6731057E-005, 1.8694327E+002, 1.8535074E+002, 4.0134486E+002, 4.7591958E+002, 1.0683043E+002, 8.7675572E+001, 1.2097479E+002, 9.0127304E+001, 1.1988938E+002, 2.9453150E+002, 3.4842869E+002, 1.0742108E+002, 1.2158775E+002, 9.3068983E+001, 9.1418725E+001, 1.1978158E+002, 3.0694817E+002, 3.5018208E+002, 1.5452162E+002, 1.8162901E+002
 8.0000285E+002, 1.8449455E-002,-8.0094721E-003, 2.6458927E-002,-2.1958705E-006, 1.9658774E-002, 1.9658774E-002, 1.6742264E-005, 1.8968982E+002, 1.9111391E+002, 4.4370592E+002, 4.7199340E+002, 1.0785733E+002, 8.8524044E+001, 1.2215874E+002, 9.0976327E+001, 1.2104410E+002, 2.9547184E+002, 3.4899760E+002, 1.0865362E+002, 1.2290199E+002, 9.4152010E+001, 9.2435797E+001, 1.2116835E+002, 3.0824049E+002, 3.5170453E+002, 1.5596795E+002, 1.8201170E+002
 8.1000226E+002, 1.8305136E-002,-7.9465787E-003, 2.6251714E-002,-2.1927136E-006, 1.9654963E-002, 1.9654963E-002, 1.6524315E-005, 1.9619127E+002, 1.9282069E+002, 4.3799587E+002, 4.6931444E+002, 1.0905626E+002, 8.9494673E+001, 1.2349028E+002, 9.1961706E+001, 1.2239192E+002, 2.9658101E+002, 3.5000740E+002, 1.0972976E+002, 1.2413769E+002, 9.5078979E+001, 9.3341657E+001, 1.2237288E+002, 3.0930634E+002, 3.5261501E+002, 1.5761096E+002, 1.8225622E+002
 8.2000278E+002, 1.8444572E-002,-7.9909711E-003, 2.6435543E-002,-2.2194753E-006, 1.9695161E-002, 1.9695161E-002, 1.6674463E-005, 1.9287696E+002, 1.9461960E+002, 4.4235631E+002, 4.7129045E+002, 1.1020994E+002, 9.0450676E+001, 1.2474335E+002, 9.2904654E+001, 1.2370196E+002, 2.9792007E+002, 3.5159784E+002, 1.1081112E+002, 1.2536209E+002, 9.6032697E+001, 9.4249848E+001, 1.2357297E+002, 3.1041294E+002, 3.5342041E+002, 1.5927448E+002, 1.8245145E+002
 8.3000180E+002, 1.8376992E-002,-8.0019024E-003, 2.6378894E-002,-2.3163043E-006, 1.9681625E-002, 1.9681625E-002, 1.6568350E-005, 1.9542133E+002, 2.0370731E+002, 4.9935611E+002, 4.6708101E+002, 1.1135230E+002, 9.1406145E+001, 1.2598271E+002, 9.3852168E+001, 1.2498687E+002, 2.9930425E+002, 3.5294841E+002, 1.1189737E+002, 1.2655842E+002, 9.6987036E+001, 9.5162590E+001, 1.2478580E+002, 3.1148087E+002, 3.5413608E+002, 1.6091511E+002, 1.8265953E+002
 8.4000151E+002, 1.8411430E-002,-7.9925137E-003, 2.6403944E-002,-2.2575305E-006, 1.9702060E-002, 1.9702060E-002, 1.6491155E-005, 1.9703182E+002, 1.9665222E+002, 4.3871185E+002, 4.6813837E+002, 1.1242636E+002, 9.2287509E+001, 1.2721514E+002, 9.4739687E+001, 1.2619616E+002, 3.0061974E+002, 3.5415114E+002, 1.1300914E+002, 1.2780149E+002, 9.7962467E+001, 9.6084972E+001, 1.2603783E+002, 3.1246655E+002, 3.5462466E+002, 1.6244515E+002, 1.8287654E+002
 8.5000009E+002, 1.8451076E-002,-8.2302425E-003, 2.6681319E-002,-2.3745001E-006, 1.9717100E-002, 1.9717100E-002, 1.6567417E-005, 1.9354298E+002, 2.0028914E+002, 4.7118180E+002, 4.6857286E+002, 1.1348595E+002, 9.3215779E+001, 1.2835686E+002, 9.5605843E+001, 1.2740954E+002, 3.0157692E+002, 3.5508591E+002, 1.1415380E+002, 1.2898546E+002, 9.9000943E+001, 9.7024014E+001, 1.2734519E+002, 3.1367256E+002, 3.5605210E+002, 1.6404290E+002, 1.8305309E+002
 8.6000136E+002, 1.8427179E-002,-8.2335517E-003, 2.6660730E-002,-2.2285653E-006, 1.9684180E-002, 1.9684180E-002, 1.6673840E-005, 1.9626460E+002, 1.8938554E+002, 5.0783758E+002, 4.7338328E+002, 1.1453234E+002, 9.4040612E+001, 1.2959900E+002, 9.6491385E+001, 1.2854873E+002, 3.0236435E+002, 3.5569610E+002, 1.1527299E+002, 1.3026606E+002, 9.9947374E+001, 9.7987325E+001, 1.2855442E+002, 3.1474318E+002, 3.5675141E+002, 1.6538593E+002, 1.8337551E+002
 8.7000295E+002, 1.8284499E-002,-8.0286787E-003, 2.6313178E-002,-2.3039323E-006, 1.9643396E-002, 1.9643396E-002, 1.6499453E-005, 2.0067542E+002, 1.9747392E+002, 4.7624790E+002, 4.6879269E+002, 1.1573087E+002, 9.5027542E+001, 1.3089980E+002, 9.7479358E+001, 1.2989828E+002, 3.0339333E+002, 3.5678593E+002, 1.1636019E+002, 1.3147170E+002, 1.0090425E+002, 9.8919208E+001, 1.2974639E+002, 3.1607015E+002, 3.5761195E+002, 1.6701577E+002, 1.8347354E+002
 8.8000189E+002, 1.8375588E-002,-7.9861574E-003, 2.6361745E-002,-2.2250870E-006, 1.9602866E-002, 1.9602866E-002, 1.6656750E-005, 1.8860956E+002, 1.9417751E+002, 4.4699022E+002, 4.7518312E+002, 1.1702887E+002, 9.6094810E+001, 1.3230368E+002, 9.8549186E+001, 1.3134877E+002, 3.0515373E+002, 3.5926463E+002, 1.1737625E+002, 1.3270525E+002, 1.0176879E+002, 9.9795641E+001, 1.3083916E+002, 3.1691408E+002, 3.5753909E+002, 1.6870467E+002, 1.8342176E+002
 8.9000239E+002, 1.8331564E-002,-7.8954393E-003, 2.6227003E-002,-2.1331553E-006, 1.9625800E-002, 1.9625800E-002, 1.6791060E-005, 1.8975734E+002, 1.9379766E+002, 4.3764663E+002, 4.7777554E+002, 1.1795287E+002, 9.6821902E+001, 1.3344311E+002, 9.9342055E+001, 1.3235408E+002, 3.0618367E+002, 3.5962239E+002, 1.1853688E+002, 1.3398805E+002, 1.0278558E+002, 1.0076000E+002, 1.3214366E+002, 3.1769116E+002, 3.5787232E+002, 1.6994015E+002, 1.8370646E+002
 9.0000088E+002, 1.8456338E-002,-7.9564955E-003, 2.6412834E-002,-2.2788500E-006, 1.9662757E-002, 1.9662757E-002, 1.6571600E-005, 1.9592561E+002, 2.0092870E+002, 4.4507848E+002, 4.7386174E+002, 1.1894272E+002, 9.7652208E+001, 1.3455080E+002, 1.0016475E+002, 1.3347008E+002, 3.0683098E+002, 3.5962769E+002, 1.1972159E+002, 1.3522084E+002, 1.0384475E+002, 1.0172949E+002, 1.3349561E+002, 3.1899852E+002, 3.5948384E+002, 1.7142721E+002, 1.8407286E+002
 9.1000244E+002, 1.8353320E-002,-7.9933629E-003, 2.6346683E-002,-2.2892261E-006, 1.9668587E-002, 1.9668587E-002, 1.6535655E-005, 2.0002578E+002, 1.9101885E+002, 4.6900140E+002, 4.7330977E+002, 1.2008645E+002, 9.8654030E+001, 1.3580412E+002, 1.0110322E+002, 1.3476995E+002, 3.0761784E+002, 3.6019645E+002, 1.2069604E+002, 1.3635310E+002, 1.0468890E+002, 1.0255700E+002, 1.3457207E+002, 3.1964401E+002, 3.5986471E+002, 1.7313069E+002, 1.8419872E+002
 9.2000134E+002, 1.8328190E-002,-7.8929133E-003, 2.6221103E-002,-2.1808516E-006, 1.9600263E-002, 1.9600263E-002, 1.6628666E-005, 1.9963096E+002, 1.9583490E+002, 4.4909687E+002, 4.7377607E+002, 1.2112293E+002, 9.9489898E+001, 1.3701460E+002, 1.0196963E+002, 1.3592133E+002, 3.0815239E+002, 3.6047816E+002, 1.2190692E+002, 1.3774095E+002, 1.0568337E+002, 1.0361505E+002, 1.3586424E+002, 3.2147859E+002, 3.6065727E+002, 1.7449987E+002, 1.8445443E+002
 9.3000233E+002, 1.8204444E-002,-8.0556811E-003, 2.6260125E-002,-2.2299476E-006, 1.9627385E-002, 1.9627385E-002, 1.6692199E-005, 1.9837955E+002, 2.0007734E+002, 4.7935266E+002, 4.7452993E+002, 1.2224331E+002, 1.0041707E+002, 1.3824056E+002, 1.0290567E+002, 1.3716829E+002, 3.0880873E+002, 3.6124326E+002, 1.2298183E+002, 1.3892280E+002, 1.0663963E+002, 1.0451670E+002, 1.3706038E+002, 3.2247634E+002, 3.6113405E+002, 1.7602161E+002, 1.8452866E+002
 9.4000049E+002, 1.8441550E-002,-8.1393889E-003, 2.6580939E-002,-2.2837311E-006, 1.9605735E-002, 1.9605735E-002, 1.6621929E-005, 1.8951566E+002, 2.0004510E+002, 4.3790655E+002, 4.7598964E+002, 1.2323286E+002, 1.0121101E+002, 1.3940066E+002, 1.0374573E+002, 1.3825463E+002, 3.0950865E+002, 3.6172742E+002, 1.2424978E+002, 1.4022096E+002, 1.0778902E+002, 1.0556920E+002, 1.3847673E+002, 3.2379816E+002, 3.6285942E+002, 1.7731200E+002, 1.8464091E+002
 9.5000086E+002, 1.8195860E-002,-8.1219879E-003, 2.6317848E-002,-2.2505843E-006, 1.9652492E-002, 1.9652492E-002, 1.6496824E-005, 1.9427798E+002, 2.0840368E+002, 4.4282814E+002, 4.7496981E+002, 1.2421591E+002, 1.0201199E+002, 1.4055174E+002, 1.0458330E+002, 1.3932798E+002, 3.0996432E+002, 3.6129113E+002, 1.2541174E+002, 1.4150363E+002, 1.0880206E+002, 1.0655744E+002, 1.3975400E+002, 3.2510390E+002, 3.6433081E+002, 1.7863943E+002, 1.8492472E+002
 9.6000060E+002, 1.8471182E-002,-7.9924522E-003, 2.6463634E-002,-2.1635794E-006, 1.9580935E-002, 1.9580935E-002, 1.6782928E-005, 1.9515576E+002, 1.9525279E+002, 3.9408107E+002, 4.7945391E+002, 1.2526624E+002, 1.0288269E+002, 1.4175353E+002, 1.0545820E+002, 1.4050344E+002, 3.1049846E+002, 3.6127538E+002, 1.2652579E+002, 1.4276395E+002, 1.0976278E+002, 1.0750648E+002, 1.4098373E+002, 3.2614456E+002, 3.6527714E+002, 1.8008936E+002, 1.8511436E+002
 9.7000142E+002, 1.8232879E-002,-8.0995701E-003, 2.6332449E-002,-2.1831775E-006, 1.9616429E-002, 1.9616429E-002, 1.6501846E-005, 1.9354636E+002, 1.9287041E+002, 4.2915040E+002, 4.7723358E+002, 1.2634297E+002, 1.0376869E+002, 1.4297382E+002, 1.0635859E+002, 1.4169709E+002, 3.1123978E+002, 3.6142460E+002, 1.2758780E+002, 1.4400151E+002, 1.1067098E+002, 1.0840070E+002, 1.4215811E+002, 3.2704744E+002, 3.6554216E+002, 1.8152475E+002, 1.8555107E+002
 9.8000239E+002, 1.8429198E-002,-8.2280439E-003, 2.6657242E-002,-2.2877366E-006, 1.9651871E-002, 1.9651871E-002, 1.6672031E-005, 1.9332396E+002, 2.0025426E+002, 4.3683820E+002, 4.7668675E+002, 1.2758066E+002, 1.0483415E+002, 1.4425656E+002, 1.0737231E+002, 1.4309343E+002, 3.1264183E+002, 3.6310289E+002, 1.2856026E+002, 1.4509045E+002, 1.1156529E+002, 1.0920944E+002, 1.4326333E+002, 3.2738281E+002, 3.6558125E+002, 1.8323002E+002, 1.8565153E+002
 9.9000250E+002, 1.8156666E-002,-7.9517351E-003, 2.6108401E-002,-2.2290467E-006, 1.9605198E-002, 1.9605198E-002, 1.6529200E-005, 1.9730736E+002, 1.9788513E+002, 4.6563927E+002, 4.7599530E+002, 1.2873399E+002, 1.0577613E+002, 1.4554551E+002, 1.0833330E+002, 1.4437161E+002, 3.1388623E+002, 3.6456792E+002, 1.2963652E+002, 1.4631104E+002, 1.1249969E+002, 1.1012630E+002, 1.4443806E+002, 3.2782994E+002, 3.6566834E+002, 1.8471036E+002, 1.8560516E+002
 1.0000025E+003, 1.8454638E-002,-8.0716252E-003, 2.6526263E-002,-2.2742219E-006, 1.9628751E-002, 1.9628751E-002, 1.6672187E-005, 1.9934186E+002, 2.0710224E+002, 4.6473153E+002, 4.8107454E+002, 1.2971628E+002, 1.0661640E+002, 1.4664076E+002, 1.0916462E+002, 1.4547330E+002, 3.1472730E+002, 3.6524640E+002, 1.3081089E+002, 1.4754006E+002, 1.1356246E+002, 1.1110856E+002, 1.4575194E+002, 3.2881845E+002, 3.6693151E+002, 1.8613452E+002, 1.8579936E+002
 1.0100022E+003, 1.8354284E-002,-8.0379240E-003, 2.6392208E-002,-2.1566539E-006, 1.9592939E-002, 1.9592939E-002, 1.6767827E-005, 1.9587701E+002, 1.8581972E+002, 4.1085483E+002, 4.8085371E+002, 1.3081219E+002, 1.0750400E+002, 1.4788733E+002, 1.1008374E+002, 1.4667845E+002, 3.1567631E+002, 3.6601328E+002, 1.3189516E+002, 1.4880304E+002, 1.1448508E+002, 1.1203069E+002, 1.4693686E+002, 3.2963107E+002, 3.6755565E+002, 1.8751823E+002, 1.8608213E+002
 1.0200018E+003, 1.8227320E-002,-7.9981745E-003, 2.6225494E-002,-2.1498119E-006, 1.9634238E-002, 1.9634238E-002, 1.6620068E-005, 1.8726253E+002, 1.9748500E+002, 4.2497023E+002, 4.8125987E+002, 1.3179255E+002, 1.0828699E+002, 1.4905106E+002, 1.1091650E+002, 1.4775657E+002, 3.1640281E+002, 3.6599246E+002, 1.3300756E+002, 1.5002949E+002, 1.1546165E+002, 1.1296331E+002, 1.4817205E+002, 3.3024556E+002, 3.6811995E+002, 1.8881630E+002, 1.8654163E+002
 1.0300018E+003, 1.8447638E-002,-7.9988944E-003, 2.6446533E-002,-2.1786072E-006, 1.9626997E-002, 1.9626997E-002, 1.6715003E-005, 1.9885760E+002, 1.9800610E+002, 4.1609670E+002, 4.8321846E+002, 1.3281313E+002, 1.0916350E+002, 1.5016921E+002, 1.1177023E+002, 1.4890546E+002, 3.1696328E+002, 3.6617960E+002, 1.3411272E+002, 1.5126625E+002, 1.1642685E+002, 1.1389831E+002, 1.4939755E+002, 3.3121745E+002, 3.6896455E+002, 1.9026370E+002, 1.8683188E+002
 1.0400025E+003, 1.8247803E-002,-8.1898552E-003, 2.6437658E-002,-2.3105073E-006, 1.9646083E-002, 1.9646083E-002, 1.6505093E-005, 2.0635290E+002, 1.9947098E+002, 4.8264406E+002, 4.7423362E+002, 1.3400079E+002, 1.1019149E+002, 1.5138142E+002, 1.1274454E+002, 1.5024975E+002, 3.1790665E+002, 3.6771224E+002, 1.3508014E+002, 1.5233254E+002, 1.1730963E+002, 1.1471656E+002, 1.5048111E+002, 3.3143300E+002, 3.6890703E+002, 1.9194453E+002, 1.8692394E+002
 1.0500001E+003, 1.8451892E-002,-8.0950654E-003, 2.6546958E-002,-2.2260482E-006, 1.9657332E-002, 1.9657332E-002, 1.6617555E-005, 2.0302067E+002, 1.9872588E+002, 4.6582361E+002, 4.8003456E+002, 1.3512166E+002, 1.1116123E+002, 1.5259729E+002, 1.1367183E+002, 1.5150950E+002, 3.1882460E+002, 3.6907606E+002, 1.3608885E+002, 1.5348589E+002, 1.1818435E+002, 1.1557406E+002, 1.5159052E+002, 3.3180807E+002, 3.6888210E+002, 1.9349179E+002, 1.8716580E+002
 1.0600002E+003, 1.8253863E-002,-8.0383399E-003, 2.6292203E-002,-2.2959557E-006, 1.9610250E-002, 1.9610250E-002, 1.6551028E-005, 2.0599600E+002, 1.9503897E+002, 5.1024957E+002, 4.7696043E+002, 1.3622892E+002, 1.1208181E+002, 1.5381770E+002, 1.1459031E+002, 1.5274506E+002, 3.1968100E+002, 3.7038542E+002, 1.3719948E+002, 1.5471699E+002, 1.1916793E+002, 1.1653697E+002, 1.5279747E+002, 3.3261571E+002, 3.6912405E+002, 1.9495537E+002, 1.8729887E+002
 1.0700020E+003, 1.8362611E-002,-8.0752359E-003, 2.6437847E-002,-2.1635135E-006, 1.9623213E-002, 1.9623213E-002, 1.6749225E-005, 1.9229888E+002, 1.8961835E+002, 4.1831093E+002, 4.8478846E+002, 1.3732861E+002, 1.1298749E+002, 1.5506562E+002, 1.1552770E+002, 1.5394430E+002, 3.2059609E+002, 3.7105277E+002, 1.3821041E+002, 1.5585701E+002, 1.2006070E+002, 1.1738107E+002, 1.5392131E+002, 3.3298852E+002, 3.6963981E+002, 1.9640661E+002, 1.8736600E+002
 1.0800009E+003, 1.8374233E-002,-8.0517041E-003, 2.6425937E-002,-2.2237961E-006, 1.9614759E-002, 1.9614759E-002, 1.6638223E-005, 1.9973930E+002, 1.9666247E+002, 3.9926598E+002, 4.8206603E+002, 1.3827384E+002, 1.1377040E+002, 1.5613689E+002, 1.1633436E+002, 1.5498535E+002, 3.2139964E+002, 3.7123068E+002, 1.3937518E+002, 1.5706776E+002, 1.2111313E+002, 1.1835019E+002, 1.5522076E+002, 3.3358941E+002, 3.7061676E+002, 1.9766218E+002, 1.8767633E+002
 1.0900028E+003, 1.8331859E-002,-7.9721243E-003, 2.6303983E-002,-2.1654606E-006, 1.9637607E-002, 1.9637607E-002, 1.6681827E-005, 2.0294417E+002, 1.9038736E+002, 4.4810925E+002, 4.8449996E+002, 1.3921981E+002, 1.1456972E+002, 1.5722280E+002, 1.1713030E+002, 1.5603781E+002, 3.2152598E+002, 3.7082388E+002, 1.4043376E+002, 1.5828691E+002, 1.2203090E+002, 1.1924914E+002, 1.5638876E+002, 3.3413768E+002, 3.7117756E+002, 1.9899366E+002, 1.8797373E+002
 1.1000001E+003, 1.8234762E-002,-8.1752559E-003, 2.6410018E-002,-2.2497765E-006, 1.9624675E-002, 1.9624675E-002, 1.6581667E-005, 1.9870388E+002, 1.9957215E+002, 4.1517767E+002, 4.8157443E+002, 1.4027877E+002, 1.1543761E+002, 1.5839275E+002, 1.1802480E+002, 1.5721057E+002, 3.2203774E+002, 3.7102935E+002, 1.4154929E+002, 1.5947300E+002, 1.2299893E+002, 1.2019676E+002, 1.5762017E+002, 3.3507930E+002, 3.7199929E+002, 2.0037117E+002, 1.8819469E+002
 1.1100006E+003, 1.8354084E-002,-8.0710007E-003, 2.6425085E-002,-2.1706131E-006, 1.9605329E-002, 1.9605329E-002, 1.6684817E-005, 2.0464878E+002, 1.9567398E+002, 4.4630592E+002, 4.8193165E+002, 1.4125707E+002, 1.1624778E+002, 1.5954137E+002, 1.1884947E+002, 1.5829264E+002, 3.2219698E+002, 3.7089996E+002, 1.4259956E+002, 1.6065625E+002, 1.2393038E+002, 1.2110038E+002, 1.5876465E+002, 3.3580499E+002, 3.7246231E+002, 2.0168230E+002, 1.8844978E+002
 1.1200012E+003, 1.8238830E-002,-8.1089292E-003, 2.6347759E-002,-2.1905185E-006, 1.9582500E-002, 1.9582500E-002, 1.6641074E-005, 1.9888626E+002, 1.9365815E+002, 4.1776052E+002, 4.8398043E+002, 1.4236894E+002, 1.1717785E+002, 1.6074355E+002, 1.1977182E+002, 1.5952903E+002, 3.2274011E+002, 3.7167196E+002, 1.4364500E+002, 1.6187687E+002, 1.2480762E+002, 1.2201302E+002, 1.5988094E+002, 3.3663383E+002, 3.7242649E+002, 2.0315429E+002, 1.8871366E+002
 1.1300009E+003, 1.8274717E-002,-8.0910052E-003, 2.6365722E-002,-2.1877174E-006, 1.9593883E-002, 1.9593883E-002, 1.6664928E-005, 1.9256298E+002, 1.9545539E+002, 4.2422211E+002, 4.8569280E+002, 1.4337331E+002, 1.1803654E+002, 1.6187316E+002, 1.2061762E+002, 1.6064676E+002, 3.2319226E+002, 3.7215130E+002, 1.4474024E+002, 1.6303524E+002, 1.2579287E+002, 1.2291202E+002, 1.6111709E+002, 3.3720624E+002, 3.7321887E+002, 2.0452828E+002, 1.8896470E+002
 1.1400028E+003, 1.8303970E-002,-8.0282596E-003, 2.6332230E-002,-2.2949758E-006, 1.9622411E-002, 1.9622411E-002, 1.6491259E-005, 2.0926849E+002, 2.1187782E+002, 4.6125766E+002, 4.8139469E+002, 1.4453469E+002, 1.1904225E+002, 1.6308810E+002, 1.2157817E+002, 1.6195930E+002, 3.2406236E+002, 3.7302220E+002, 1.4568062E+002, 1.6411230E+002, 1.2663524E+002, 1.2371831E+002, 1.6214943E+002, 3.3754973E+002, 3.7372017E+002, 2.0616708E+002, 1.8903982E+002
 1.1500001E+003, 1.8278247E-002,-8.0226300E-003, 2.6300877E-002,-2.1708741E-006, 1.9581354E-002, 1.9581354E-002, 1.6671613E-005, 2.0522192E+002, 1.9342798E+002, 4.1838250E+002, 4.8767183E+002, 1.4562741E+002, 1.1996838E+002, 1.6428890E+002, 1.2251427E+002, 1.6314650E+002, 3.2498374E+002, 3.7431540E+002, 1.4670991E+002, 1.6529743E+002, 1.2750778E+002, 1.2462699E+002, 1.6325142E+002, 3.3809660E+002, 3.7343397E+002, 2.0754557E+002, 1.8908812E+002
 1.1600021E+003, 1.8326390E-002,-8.0698305E-003, 2.6396220E-002,-2.2003784E-006, 1.9627074E-002, 1.9627074E-002, 1.6668617E-005, 1.9653510E+002, 1.9436383E+002, 3.8280935E+002, 4.8569542E+002, 1.4654854E+002, 1.2075011E+002, 1.6533800E+002, 1.2329918E+002, 1.6416390E+002, 3.2550679E+002, 3.7448363E+002, 1.4780654E+002, 1.6646259E+002, 1.2850963E+002, 1.2553829E+002, 1.6448400E+002, 3.3875850E+002, 3.7407248E+002, 2.0882561E+002, 1.8933520E+002
 1.1700029E+003, 1.8413219E-002,-8.2058000E-003, 2.6619019E-002,-2.2720681E-006, 1.9594896E-002, 1.9594896E-002, 1.6658429E-005, 2.1044368E+002, 1.9513281E+002, 4.7215445E+002, 4.8143458E+002, 1.4749566E+002, 1.2156026E+002, 1.6638908E+002, 1.2409652E+002, 1.6521708E+002, 3.2590129E+002, 3.7466973E+002, 1.4897063E+002, 1.6766214E+002, 1.2956803E+002, 1.2651591E+002, 1.6577468E+002, 3.3935158E+002, 3.7481668E+002, 2.1009545E+002, 1.8942322E+002
 1.1800027E+003, 1.8288672E-002,-8.1053069E-003, 2.6393979E-002,-2.1775476E-006, 1.9618489E-002, 1.9618489E-002, 1.6651025E-005, 2.0556372E+002, 1.9992087E+002, 4.2724324E+002, 4.8725377E+002, 1.4847595E+002, 1.2236122E+002, 1.6751806E+002, 1.2493821E+002, 1.6628545E+002, 3.2618052E+002, 3.7451704E+002, 1.5016256E+002, 1.6893932E+002, 1.3060283E+002, 1.2756314E+002, 1.6704251E+002, 3.4119172E+002, 3.7649247E+002, 2.1133783E+002, 1.8969933E+002
 1.1900022E+003, 1.8221256E-002,-8.0508709E-003, 2.6272127E-002,-2.1776644E-006, 1.9555593E-002, 1.9555593E-002, 1.6707078E-005, 1.9590544E+002, 1.9630764E+002, 4.3634114E+002, 4.8340789E+002, 1.4947455E+002, 1.2319949E+002, 1.6867121E+002, 1.2579358E+002, 1.6738340E+002, 3.2687171E+002, 3.7446941E+002, 1.5124324E+002, 1.7010581E+002, 1.3156882E+002, 1.2847039E+002, 1.6824409E+002, 3.4207602E+002, 3.7749612E+002, 2.1263864E+002, 1.8986218E+002
 1.2000008E+003, 1.8354661E-002,-8.0898727E-003, 2.6444533E-002,-2.2240083E-006, 1.9603681E-002, 1.9603681E-002, 1.6554125E-005, 2.0785644E+002, 2.0334820E+002, 4.5177366E+002, 4.8357646E+002, 1.5050543E+002, 1.2407742E+002, 1.6977725E+002, 1.2665648E+002, 1.6853049E+002, 3.2744710E+002, 3.7473339E+002, 1.5230723E+002, 1.7125423E+002, 1.3254106E+002, 1.2936078E+002, 1.6942827E+002, 3.4263425E+002, 3.7864616E+002, 2.1401082E+002, 1.8997014E+002
 1.2100022E+003, 1.8284098E-002,-8.1252846E-003, 2.6409383E-002,-2.1704516E-006, 1.9576211E-002, 1.9576211E-002, 1.6722442E-005, 2.0858182E+002, 2.0342240E+002, 4.3274997E+002, 4.8887334E+002, 1.5158681E+002, 1.2499996E+002, 1.7098119E+002, 1.2756132E+002, 1.6973023E+002, 3.2802892E+002, 3.7538929E+002, 1.5328082E+002, 1.7241023E+002, 1.3336985E+002, 1.3021075E+002, 1.7046675E+002, 3.4302492E+002, 3.7881485E+002, 2.1547226E+002, 1.9008082E+002
 1.2200002E+003, 1.8256899E-002,-8.0651667E-003, 2.6322066E-002,-2.2256473E-006, 1.9624323E-002, 1.9624323E-002, 1.6641078E-005, 2.0527471E+002, 2.0549713E+002, 4.2866428E+002, 4.8769595E+002, 1.5262605E+002, 1.2585593E+002, 1.7214886E+002, 1.2844150E+002, 1.7086568E+002, 3.2877806E+002, 3.7598376E+002, 1.5430050E+002, 1.7355242E+002, 1.3427662E+002, 1.3106241E+002, 1.7161277E+002, 3.4319808E+002, 3.7887967E+002, 2.1677084E+002, 1.9014452E+002
 1.2300026E+003, 1.8249889E-002,-8.1470423E-003, 2.6396931E-002,-2.2340028E-006, 1.9589389E-002, 1.9589389E-002, 1.6566417E-005, 2.1101785E+002, 2.0697615E+002, 4.4286547E+002, 4.8521010E+002, 1.5356455E+002, 1.2665945E+002, 1.7320989E+002, 1.2924773E+002, 1.7188980E+002, 3.2931780E+002, 3.7609804E+002, 1.5541541E+002, 1.7475348E+002, 1.3530744E+002, 1.3200637E+002, 1.7284452E+002, 3.4367616E+002, 3.7960863E+002, 2.1797087E+002, 1.9028069E+002
 1.2400009E+003, 1.8459393E-002,-8.1000511E-003, 2.6559444E-002,-2.1633801E-006, 1.9604267E-002, 1.9604267E-002, 1.6750276E-005, 2.1148182E+002, 1.9084040E+002, 3.8793228E+002, 4.9535000E+002, 1.5456684E+002, 1.2752028E+002, 1.7432223E+002, 1.3010557E+002, 1.7298871E+002, 3.2978383E+002, 3.7580284E+002, 1.5640133E+002, 1.7584651E+002, 1.3619197E+002, 1.3285162E+002, 1.7392158E+002, 3.4406352E+002, 3.7999089E+002, 2.1932397E+002, 1.9044115E+002
 1.2500004E+003, 1.8263126E-002,-8.0536422E-003, 2.6316768E-002,-2.1502833E-006, 1.9554093E-002, 1.9554093E-002, 1.6685653E-005, 2.0350819E+002, 1.9170214E+002, 4.0953079E+002, 4.9058063E+002, 1.5553868E+002, 1.2834415E+002, 1.7542214E+002, 1.3092722E+002, 1.7406138E+002, 3.3026457E+002, 3.7595610E+002, 1.5751000E+002, 1.7705816E+002, 1.3714272E+002, 1.3379734E+002, 1.7512260E+002, 3.4448416E+002, 3.8042537E+002, 2.2059515E+002, 1.9056216E+002
 1.2600024E+003, 1.8196812E-002,-8.0189226E-003, 2.6215735E-002,-2.1076044E-006, 1.9574023E-002, 1.9574023E-002, 1.6702804E-005, 1.9650172E+002, 1.9645458E+002, 3.9580933E+002, 4.9426847E+002, 1.5663598E+002, 1.2926460E+002, 1.7664826E+002, 1.3184321E+002, 1.7527578E+002, 3.3071164E+002, 3.7637876E+002, 1.5846109E+002, 1.7821361E+002, 1.3793539E+002, 1.3461960E+002, 1.7614983E+002, 3.4505289E+002, 3.8042443E+002, 2.2200518E+002, 1.9078377E+002
 1.2700008E+003, 1.8297261E-002,-8.0845367E-003, 2.6381797E-002,-2.2298048E-006, 1.9593578E-002, 1.9593578E-002, 1.6636422E-005, 1.9933884E+002, 1.9225133E+002, 4.2241607E+002, 4.9048604E+002, 1.5762345E+002, 1.3010532E+002, 1.7773801E+002, 1.3269696E+002, 1.7635232E+002, 3.3136041E+002, 3.7659045E+002, 1.5954657E+002, 1.7935475E+002, 1.3891283E+002, 1.3554908E+002, 1.7733669E+002, 3.4538166E+002, 3.8084122E+002, 2.2328333E+002, 1.9094992E+002
 1.2800009E+003, 1.8239100E-002,-7.9935939E-003, 2.6232693E-002,-2.0936986E-006, 1.9563735E-002, 1.9563735E-002, 1.6722068E-005, 2.0737421E+002, 1.9579937E+002, 3.8216266E+002, 4.9486704E+002, 1.5864459E+002, 1.3097740E+002, 1.7886179E+002, 1.3357655E+002, 1.7746124E+002, 3.3211008E+002, 3.7709129E+002, 1.6054456E+002, 1.8047876E+002, 1.3979462E+002, 1.3640774E+002, 1.7842274E+002, 3.4569490E+002, 3.8114221E+002, 2.2456535E+002, 1.9109883E+002
 1.2900025E+003, 1.8323980E-002,-8.0926695E-003, 2.6416649E-002,-2.1318782E-006, 1.9578816E-002, 1.9578816E-002, 1.6754378E-005, 2.0004520E+002, 1.9647878E+002, 4.5124296E+002, 4.9290170E+002, 1.5967765E+002, 1.3183174E+002, 1.8003159E+002, 1.3445465E+002, 1.7858816E+002, 3.3275694E+002, 3.7730066E+002, 1.6154621E+002, 1.8162750E+002, 1.4064956E+002, 1.3727627E+002, 1.7949911E+002, 3.4628133E+002, 3.8107141E+002, 2.2589275E+002, 1.9130338E+002
 1.3000008E+003, 1.8220737E-002,-7.9904929E-003, 2.6211230E-002,-2.2161310E-006, 1.9596604E-002, 1.9596604E-002, 1.6505445E-005, 2.0836504E+002, 2.1000673E+002, 4.5769186E+002, 4.8510351E+002, 1.6069602E+002, 1.3269145E+002, 1.8111689E+002, 1.3530507E+002, 1.7973158E+002, 3.3322518E+002, 3.7777646E+002, 1.6257255E+002, 1.8271021E+002, 1.4159725E+002, 1.3815427E+002, 1.8063916E+002, 3.4679905E+002, 3.8126251E+002, 2.2730490E+002, 1.9131763E+002
 1.3100020E+003, 1.8322369E-002,-8.1692783E-003, 2.6491647E-002,-2.2529740E-006, 1.9573101E-002, 1.9573101E-002, 1.6701125E-005, 2.0504765E+002, 2.0231689E+002, 4.1504187E+002, 4.9059719E+002, 1.6168918E+002, 1.3353895E+002, 1.8223401E+002, 1.3615691E+002, 1.8081264E+002, 3.3387466E+002, 3.7831358E+002, 1.6358919E+002, 1.8380843E+002, 1.4253172E+002, 1.3900680E+002, 1.8176491E+002, 3.4698306E+002, 3.8168115E+002, 2.2857292E+002, 1.9136815E+002
 1.3200006E+003, 1.8151774E-002,-8.2373052E-003, 2.6389079E-002,-2.2227446E-006, 1.9572719E-002, 1.9572719E-002, 1.6621501E-005, 2.0893889E+002, 2.0621753E+002, 4.6378077E+002, 4.8667857E+002, 1.6268494E+002, 1.3440356E+002, 1.8329589E+002, 1.3699093E+002, 1.8191679E+002, 3.3429321E+002, 3.7880956E+002, 1.6461277E+002, 1.8492275E+002, 1.4348168E+002, 1.3988960E+002, 1.8287666E+002, 3.4734459E+002, 3.8205041E+002, 2.2985748E+002, 1.9148710E+002
 1.3300028E+003, 1.8431014E-002,-8.0967561E-003, 2.6527770E-002,-2.1881587E-006, 1.9580555E-002, 1.9580555E-002, 1.6729229E-005, 2.0743864E+002, 2.0385949E+002, 4.5127848E+002, 4.9447230E+002, 1.6384479E+002, 1.3537653E+002, 1.8455023E+002, 1.3796979E+002, 1.8317985E+002, 3.3519834E+002, 3.8029717E+002, 1.6560289E+002, 1.8602121E+002, 1.4432119E+002, 1.4075395E+002, 1.8393480E+002, 3.4794664E+002, 3.8202846E+002, 2.3125008E+002, 1.9150965E+002
 1.3400022E+003, 1.8308983E-002,-7.9643326E-003, 2.6273316E-002,-2.1395356E-006, 1.9574397E-002, 1.9574397E-002, 1.6754235E-005, 1.9983746E+002, 1.9651780E+002, 4.1046377E+002, 4.9005507E+002, 1.6472743E+002, 1.3609202E+002, 1.8558906E+002, 1.3873401E+002, 1.8413318E+002, 3.3572721E+002, 3.8033478E+002, 1.6677128E+002, 1.8724030E+002, 1.4534659E+002, 1.4173070E+002, 1.8522495E+002, 3.4885436E+002, 3.8313678E+002, 2.3234630E+002, 1.9170792E+002
 1.3500006E+003, 1.8173674E-002,-8.1297747E-003, 2.6303448E-002,-2.1316590E-006, 1.9561698E-002, 1.9561698E-002, 1.6647937E-005, 2.0343259E+002, 2.0062657E+002, 4.1402985E+002, 4.9050172E+002, 1.6577124E+002, 1.3696828E+002, 1.8674419E+002, 1.3961478E+002, 1.8527952E+002, 3.3616637E+002, 3.8075273E+002, 1.6775066E+002, 1.8834146E+002, 1.4620952E+002, 1.4256822E+002, 1.8629582E+002, 3.4965066E+002, 3.8403397E+002, 2.3367148E+002, 1.9192296E+002
 1.3600001E+003, 1.8272482E-002,-7.9589845E-003, 2.6231466E-002,-2.1261473E-006, 1.9550530E-002, 1.9550530E-002, 1.6695035E-005, 2.1069255E+002, 2.0299261E+002, 3.9166723E+002, 4.9305605E+002, 1.6672148E+002, 1.3777314E+002, 1.8781975E+002, 1.4043340E+002, 1.8631217E+002, 3.3644127E+002, 3.8065312E+002, 1.6878939E+002, 1.8949308E+002, 1.4713473E+002, 1.4345133E+002, 1.8743593E+002, 3.4989668E+002, 3.8445745E+002, 2.3488648E+002, 1.9222968E+002
 1.3700015E+003, 1.8280569E-002,-8.0768573E-003, 2.6357427E-002,-2.1718346E-006, 1.9561994E-002, 1.9561994E-002, 1.6692003E-005, 2.0399413E+002, 2.0385341E+002, 4.2070963E+002, 4.9113894E+002, 1.6772691E+002, 1.3866661E+002, 1.8890638E+002, 1.4127603E+002, 1.8743598E+002, 3.3675734E+002, 3.8101441E+002, 1.6972548E+002, 1.9051318E+002, 1.4798903E+002, 1.4423564E+002, 1.8848001E+002, 3.4993654E+002, 3.8456293E+002, 2.3628645E+002, 1.9229141E+002
 1.3800004E+003, 1.8222763E-002,-8.1102160E-003, 2.6332979E-002,-2.1838053E-006, 1.9588095E-002, 1.9588095E-002, 1.6587194E-005, 2.0613280E+002, 2.0195448E+002, 4.0703518E+002, 4.9298997E+002, 1.6866087E+002, 1.3944364E+002, 1.8996780E+002, 1.4208749E+002, 1.8844008E+002, 3.3717742E+002, 3.8110528E+002, 1.7074793E+002, 1.9162845E+002, 1.4892646E+002, 1.4511351E+002, 1.8959597E+002, 3.4999722E+002, 3.8461188E+002, 2.3743270E+002, 1.9242016E+002
 1.3900007E+003, 1.8271956E-002,-8.1486382E-003, 2.6420594E-002,-2.1857360E-006, 1.9594954E-002, 1.9594954E-002, 1.6687183E-005, 2.0933382E+002, 2.0108427E+002, 4.0106621E+002, 4.9342903E+002, 1.6963982E+002, 1.4027193E+002, 1.9106172E+002, 1.4291741E+002, 1.8951611E+002, 3.3746168E+002, 3.8134650E+002, 1.7179935E+002, 1.9275549E+002, 1.4986741E+002, 1.4602095E+002, 1.9073371E+002, 3.5057532E+002, 3.8493373E+002, 2.3868165E+002, 1.9249118E+002
 1.4000003E+003, 1.8317505E-002,-8.0380754E-003, 2.6355581E-002,-2.0860520E-006, 1.9543480E-002, 1.9543480E-002, 1.6829962E-005, 2.0521510E+002, 1.9537246E+002, 3.8056092E+002, 4.9719656E+002, 1.7054348E+002, 1.4105155E+002, 1.9212760E+002, 1.4371826E+002, 1.9047858E+002, 3.3782486E+002, 3.8121494E+002, 1.7286435E+002, 1.9393088E+002, 1.5080210E+002, 1.4695093E+002, 1.9187937E+002, 3.5139446E+002, 3.8566748E+002, 2.3975977E+002, 1.9262557E+002
 1.4100010E+003, 1.8215597E-002,-8.3330455E-003, 2.6548642E-002,-2.2540094E-006, 1.9595877E-002, 1.9595877E-002, 1.6482789E-005, 2.0973833E+002, 1.9739741E+002, 4.7709459E+002, 4.8833715E+002, 1.7160771E+002, 1.4197094E+002, 1.9326659E+002, 1.4460472E+002, 1.9166059E+002, 3.3819522E+002, 3.8133086E+002, 1.7385174E+002, 1.9503253E+002, 1.5167728E+002, 1.4779497E+002, 1.9295793E+002, 3.5217373E+002, 3.8617793E+002, 2.4113733E+002, 1.9278189E+002
 1.4200001E+003, 1.8274673E-002,-8.3297610E-003, 2.6604434E-002,-2.2736666E-006, 1.9549166E-002, 1.9549166E-002, 1.6661853E-005, 2.0700404E+002, 2.0420513E+002, 4.2718869E+002, 4.9084284E+002, 1.7257761E+002, 1.4279179E+002, 1.9429584E+002, 1.4543494E+002, 1.9272369E+002, 3.3892474E+002, 3.8253015E+002, 1.7487050E+002, 1.9608505E+002, 1.5262499E+002, 1.4866983E+002, 1.9407929E+002, 3.5268441E+002, 3.8686730E+002, 2.4237547E+002, 1.9276337E+002
 1.4300002E+003, 1.8220355E-002,-8.1841111E-003, 2.6404466E-002,-2.1654572E-006, 1.9571239E-002, 1.9571239E-002, 1.6667981E-005, 2.1115508E+002, 2.0730178E+002, 3.9694697E+002, 4.9569937E+002, 1.7353196E+002, 1.4359504E+002, 1.9540787E+002, 1.4626301E+002, 1.9374989E+002, 3.3915002E+002, 3.8259050E+002, 1.7591542E+002, 1.9724225E+002, 1.5351509E+002, 1.4957320E+002, 1.9519471E+002, 3.5346612E+002, 3.8749266E+002, 2.4353128E+002, 1.9286604E+002
 1.4400018E+003, 1.8227188E-002,-8.1431285E-003, 2.6370316E-002,-2.1154176E-006, 1.9512834E-002, 1.9512834E-002, 1.6726887E-005, 2.0361615E+002, 2.0137129E+002, 4.1202631E+002, 4.9367181E+002, 1.7448822E+002, 1.4438138E+002, 1.9650412E+002, 1.4709484E+002, 1.9477467E+002, 3.3968402E+002, 3.8267964E+002, 1.7701252E+002, 1.9840506E+002, 1.5449727E+002, 1.5052316E+002, 1.9636531E+002, 3.5433774E+002, 3.8835108E+002, 2.4468106E+002, 1.9305066E+002
 1.4500003E+003, 1.8222298E-002,-8.1223130E-003, 2.6344611E-002,-2.1787634E-006, 1.9553198E-002, 1.9553198E-002, 1.6633669E-005, 2.0644357E+002, 2.0089005E+002, 4.3427983E+002, 4.9561211E+002, 1.7555335E+002, 1.4531398E+002, 1.9760285E+002, 1.4799286E+002, 1.9594771E+002, 3.4034425E+002, 3.8353011E+002, 1.7795599E+002, 1.9945351E+002, 1.5529850E+002, 1.5135322E+002, 1.9737141E+002, 3.5511244E+002, 3.8874754E+002, 2.4605176E+002, 1.9316956E+002
 1.4600007E+003, 1.8249741E-002,-8.0523070E-003, 2.6302048E-002,-2.2620270E-006, 1.9600819E-002, 1.9600819E-002, 1.6553261E-005, 2.1464407E+002, 2.0137627E+002, 4.6400541E+002, 4.9314121E+002, 1.7654820E+002, 1.4618068E+002, 1.9868036E+002, 1.4883893E+002, 1.9704259E+002, 3.4115023E+002, 3.8441423E+002, 1.7896913E+002, 2.0048452E+002, 1.5624966E+002, 1.5220067E+002, 1.9850916E+002, 3.5560033E+002, 3.8961566E+002, 2.4734059E+002, 1.9320825E+002
 1.4700006E+003, 1.8318032E-002,-8.2421028E-003, 2.6560134E-002,-2.2296422E-006, 1.9514492E-002, 1.9514492E-002, 1.6709854E-005, 2.1158761E+002, 2.0680017E+002, 4.2983078E+002, 4.9550210E+002, 1.7755588E+002, 1.4703054E+002, 1.9976558E+002, 1.4969422E+002, 1.9814405E+002, 3.4186575E+002, 3.8538121E+002, 1.7996554E+002, 2.0157448E+002, 1.5716970E+002, 1.5306861E+002, 1.9957765E+002, 3.5613042E+002, 3.9039388E+002, 2.4855655E+002, 1.9334225E+002
 1.4800016E+003, 1.8320470E-002,-8.1353829E-003, 2.6455853E-002,-2.1847143E-006, 1.9547078E-002, 1.9547078E-002, 1.6701194E-005, 2.0951973E+002, 2.0149284E+002, 4.1749466E+002, 4.9562707E+002, 1.7857462E+002, 1.4789004E+002, 2.0088376E+002, 1.5056084E+002, 1.9924898E+002, 3.4233763E+002, 3.8591375E+002, 1.8089178E+002, 2.0263527E+002, 1.5798405E+002, 1.5388713E+002, 2.0055698E+002, 3.5638674E+002, 3.9034309E+002, 2.4984037E+002, 1.9350532E+002
 1.4900022E+003, 1.8252491E-002,-8.0628157E-003, 2.6315307E-002,-2.1128071E-006, 1.9551710E-002, 1.9551710E-002, 1.6766120E-005, 2.0932340E+002, 1.9670690E+002, 4.1255452E+002, 5.0089384E+002, 1.7951601E+002, 1.4870597E+002, 2.0192608E+002, 1.5136928E+002, 2.0027374E+002, 3.4285836E+002, 3.8631851E+002, 1.8181859E+002, 2.0369201E+002, 1.5880843E+002, 1.5466801E+002, 2.0157668E+002, 3.5643768E+002, 3.9027530E+002, 2.5106337E+002, 1.9362612E+002
 1.5000015E+003, 1.8154364E-002,-8.0269678E-003, 2.6181332E-002,-2.0771181E-006, 1.9512814E-002, 1.9512814E-002, 1.6768631E-005, 2.0682088E+002, 1.9743319E+002, 4.2230077E+002, 4.9753241E+002, 1.8044610E+002, 1.4947501E+002, 2.0301474E+002, 1.5218395E+002, 2.0125068E+002, 3.4317723E+002, 3.8619221E+002, 1.8288571E+002, 2.0488760E+002, 1.5973465E+002, 1.5560799E+002, 2.0270472E+002, 3.5696753E+002, 3.9040837E+002, 2.5205305E+002, 1.9385552E+002
 1.5100009E+003, 1.8162276E-002,-8.1245970E-003, 2.6286873E-002,-2.1221931E-006, 1.9526811E-002, 1.9526811E-002, 1.6544109E-005, 2.1028038E+002, 2.0567225E+002, 3.8217214E+002, 4.9613893E+002, 1.8139383E+002, 1.5027640E+002, 2.0407005E+002, 1.5299890E+002, 2.0228294E+002, 3.4346634E+002, 3.8634208E+002, 1.8379498E+002, 2.0590721E+002, 1.6056754E+002, 1.5639349E+002, 2.0369550E+002, 3.5699438E+002, 3.8993640E+002, 2.5324664E+002, 1.9405270E+002
 1.5200006E+003, 1.8321148E-002,-8.2033155E-003, 2.6524463E-002,-2.1607166E-006, 1.9533041E-002, 1.9533041E-002, 1.6879112E-005, 2.0662106E+002, 1.9696772E+002, 4.0337839E+002, 5.0314196E+002, 1.8236989E+002, 1.5111320E+002, 2.0512965E+002, 1.5384663E+002, 2.0332992E+002, 3.4397482E+002, 3.8683386E+002, 1.8484222E+002, 2.0701395E+002, 1.6149301E+002, 1.5730016E+002, 2.0482186E+002, 3.5743707E+002, 3.9061602E+002, 2.5442558E+002, 1.9420467E+002
 1.5300000E+003, 1.8141047E-002,-8.2108742E-003, 2.6351922E-002,-2.1590751E-006, 1.9551243E-002, 1.9551243E-002, 1.6526657E-005, 2.1041763E+002, 2.0035434E+002, 4.1764388E+002, 4.9709211E+002, 1.8330830E+002, 1.5193457E+002, 2.0617827E+002, 1.5464324E+002, 2.0435888E+002, 3.4413042E+002, 3.8694098E+002, 1.8583128E+002, 2.0811145E+002, 1.6236767E+002, 1.5814325E+002, 2.0589360E+002, 3.5788607E+002, 3.9114751E+002, 2.5564857E+002, 1.9429224E+002
 1.5400015E+003, 1.8297679E-002,-8.2070551E-003, 2.6504734E-002,-2.2886977E-006, 1.9558836E-002, 1.9558836E-002, 1.6659345E-005, 2.1537094E+002, 2.1376586E+002, 4.1297811E+002, 4.9407880E+002, 1.8428640E+002, 1.5280956E+002, 2.0717489E+002, 1.5547108E+002, 2.0544684E+002, 3.4448771E+002, 3.8765118E+002, 1.8670783E+002, 2.0903109E+002, 1.6323908E+002, 1.5890632E+002, 2.0686491E+002, 3.5782757E+002, 3.9144763E+002, 2.5698532E+002, 1.9423768E+002
 1.5500017E+003, 1.8121353E-002,-8.2031720E-003, 2.6324525E-002,-2.1530374E-006, 1.9492884E-002, 1.9492884E-002, 1.6618284E-005, 2.0655732E+002, 1.9942096E+002, 4.1397425E+002, 4.9613049E+002, 1.8533602E+002, 1.5367988E+002, 2.0831498E+002, 1.5638431E+002, 2.0655737E+002, 3.4526910E+002, 3.8856316E+002, 1.8771976E+002, 2.1013600E+002, 1.6413724E+002, 1.5979380E+002, 2.0794043E+002, 3.5834302E+002, 3.9189160E+002, 2.5810484E+002, 1.9421293E+002
 1.5600023E+003, 1.8319760E-002,-8.1390874E-003, 2.6458848E-002,-2.1618199E-006, 1.9524681E-002, 1.9524681E-002, 1.6717884E-005, 2.1476812E+002, 2.0119938E+002, 3.8626195E+002, 5.0030000E+002, 1.8622409E+002, 1.5443869E+002, 2.0931430E+002, 1.5716817E+002, 2.0750346E+002, 3.4590905E+002, 3.8874128E+002, 1.8874973E+002, 2.1121720E+002, 1.6506354E+002, 1.6068058E+002, 2.0905920E+002, 3.5887539E+002, 3.9258510E+002, 2.5916216E+002, 1.9436042E+002
 1.5700016E+003, 1.8165085E-002,-8.2440196E-003, 2.6409105E-002,-2.2209102E-006, 1.9516384E-002, 1.9516384E-002, 1.6564335E-005, 2.1301609E+002, 2.0199819E+002, 3.9792320E+002, 4.9400493E+002, 1.8708296E+002, 1.5522387E+002, 2.1025656E+002, 1.5789939E+002, 2.0845802E+002, 3.4619709E+002, 3.8879108E+002, 1.8970461E+002, 2.1226159E+002, 1.6591794E+002, 1.6151065E+002, 2.1009685E+002, 3.5952708E+002, 3.9301146E+002, 2.6034436E+002, 1.9453183E+002
 1.5800017E+003, 1.8172695E-002,-8.1292497E-003, 2.6301945E-002,-2.1261489E-006, 1.9508971E-002, 1.9508971E-002, 1.6812317E-005, 2.0690055E+002, 2.0081071E+002, 3.8975737E+002, 4.9926520E+002, 1.8805018E+002, 1.5602590E+002, 2.1131427E+002, 1.5873560E+002, 2.0949204E+002, 3.4652826E+002, 3.8915830E+002, 1.9072798E+002, 2.1338300E+002, 1.6682886E+002, 1.6240101E+002, 2.1118967E+002, 3.6005400E+002, 3.9361809E+002, 2.6143330E+002, 1.9474037E+002
 1.5900017E+003, 1.8228259E-002,-8.2964708E-003, 2.6524730E-002,-2.2354240E-006, 1.9551696E-002, 1.9551696E-002, 1.6567610E-005, 2.1201468E+002, 2.0033955E+002, 4.5047942E+002, 4.9901910E+002, 1.8907662E+002, 1.5692236E+002, 2.1240831E+002, 1.5961610E+002, 2.1060383E+002, 3.4716555E+002, 3.8975608E+002, 1.9165719E+002, 2.1437770E+002, 1.6763643E+002, 1.6322511E+002, 2.1218164E+002, 3.6055647E+002, 3.9386027E+002, 2.6268542E+002, 1.9491608E+002
 1.6000019E+003, 1.8222300E-002,-8.1493997E-003, 2.6371700E-002,-2.2421457E-006, 1.9531155E-002, 1.9531155E-002, 1.6590346E-005, 2.1165339E+002, 2.0672787E+002, 4.3497471E+002, 4.9641958E+002, 1.9004918E+002, 1.5775919E+002, 2.1343675E+002, 1.6044420E+002, 2.1166727E+002, 3.4796057E+002, 3.9082366E+002, 1.9262611E+002, 2.1540059E+002, 1.6853330E+002, 1.6405604E+002, 2.1324004E+002, 3.6106741E+002, 3.9456574E+002, 2.6387435E+002, 1.9496389E+002
 1.6100029E+003, 1.8235855E-002,-8.3020109E-003, 2.6537865E-002,-2.1746746E-006, 1.9537125E-002, 1.9537125E-002, 1.6704223E-005, 2.1378641E+002, 2.0529608E+002, 4.0854526E+002, 5.0255218E+002, 1.9094217E+002, 1.5853314E+002, 2.1443326E+002, 1.6122469E+002, 2.1262583E+002, 3.4840859E+002, 3.9118481E+002, 1.9352253E+002, 2.1639346E+002, 1.6937080E+002, 1.6484458E+002, 2.1419782E+002, 3.6128477E+002, 3.9460174E+002, 2.6500169E+002, 1.9507872E+002
 1.6200007E+003, 1.8249022E-002,-8.2135861E-003, 2.6462608E-002,-2.0964751E-006, 1.9520082E-002, 1.9520082E-002, 1.6772889E-005, 2.2226162E+002, 2.0149134E+002, 3.8272845E+002, 5.0503778E+002, 1.9185539E+002, 1.5931025E+002, 2.1549560E+002, 1.6200821E+002, 2.1361052E+002, 3.4840377E+002, 3.9080002E+002, 1.9444448E+002, 2.1746670E+002, 1.7017255E+002, 1.6563085E+002, 2.1520041E+002, 3.6127434E+002, 3.9449949E+002, 2.6609493E+002, 1.9524793E+002
 1.6300017E+003, 1.8213977E-002,-8.1057034E-003, 2.6319680E-002,-2.1270261E-006, 1.9520289E-002, 1.9520289E-002, 1.6765803E-005, 2.1242558E+002, 2.0321096E+002, 3.7174394E+002, 5.0423763E+002, 1.9282950E+002, 1.6013651E+002, 2.1655054E+002, 1.6285337E+002, 2.1464829E+002, 3.4884219E+002, 3.9110539E+002, 1.9536805E+002, 2.1850104E+002, 1.7100959E+002, 1.6643271E+002, 2.1619041E+002, 3.6120639E+002, 3.9428325E+002, 2.6724102E+002, 1.9523406E+002
 1.6400016E+003, 1.8213511E-002,-8.2509050E-003, 2.6464416E-002,-2.0964204E-006, 1.9486155E-002, 1.9486155E-002, 1.6715075E-005, 2.1005214E+002, 2.0307397E+002, 3.7733303E+002, 5.0237418E+002, 1.9366467E+002, 1.6083858E+002, 2.1752468E+002, 1.6358162E+002, 2.1554811E+002, 3.4887828E+002, 3.9057486E+002, 1.9634398E+002, 2.1957509E+002, 1.7187005E+002, 1.6729751E+002, 2.1721904E+002, 3.6159039E+002, 3.9388847E+002, 2.6830688E+002, 1.9545784E+002
 1.6500005E+003, 1.8187410E-002,-8.4794092E-003, 2.6666819E-002,-2.2373111E-006, 1.9557264E-002, 1.9557264E-002, 1.6501123E-005, 2.1523683E+002, 2.0277727E+002, 4.3898272E+002, 4.9669889E+002, 1.9461383E+002, 1.6166972E+002, 2.1855613E+002, 1.6439031E+002, 2.1659090E+002, 3.4909606E+002, 3.9058262E+002, 1.9733290E+002, 2.2055259E+002, 1.7276062E+002, 1.6813428E+002, 2.1830585E+002, 3.6199329E+002, 3.9458561E+002, 2.6951427E+002, 1.9551269E+002
 1.6600006E+003, 1.8182187E-002,-8.3608747E-003, 2.6543062E-002,-2.1344391E-006, 1.9499791E-002, 1.9499791E-002, 1.6779940E-005, 2.1460033E+002, 2.0572339E+002, 3.7541867E+002, 5.0433151E+002, 1.9548094E+002, 1.6240682E+002, 2.1954519E+002, 1.6515687E+002, 2.1750921E+002, 3.4941407E+002, 3.9060109E+002, 1.9831666E+002, 2.2163756E+002, 1.7366405E+002, 1.6900706E+002, 2.1935305E+002, 3.6251729E+002, 3.9513452E+002, 2.7048813E+002, 1.9557686E+002
 1.6700003E+003, 1.8224533E-002,-8.3073231E-003, 2.6531857E-002,-2.2132055E-006, 1.9553907E-002, 1.9553907E-002, 1.6586229E-005, 2.1621483E+002, 2.1109654E+002, 4.2708281E+002, 4.9954988E+002, 1.9639576E+002, 1.6319869E+002, 2.2052249E+002, 1.6595431E+002, 2.1848969E+002, 3.4965909E+002, 3.9051787E+002, 1.9928063E+002, 2.2267575E+002, 1.7456241E+002, 1.6985271E+002, 2.2040013E+002, 3.6289420E+002, 3.9554001E+002, 2.7158038E+002, 1.9559224E+002
 1.6800025E+003, 1.8131614E-002,-8.1228363E-003, 2.6254450E-002,-2.1592690E-006, 1.9522035E-002, 1.9522035E-002, 1.6650813E-005, 2.0993761E+002, 2.0003341E+002, 4.0871852E+002, 5.0196779E+002, 1.9731342E+002, 1.6398912E+002, 2.2154549E+002, 1.6675600E+002, 2.1947527E+002, 3.4998932E+002, 3.9074354E+002, 2.0029168E+002, 2.2371244E+002, 1.7547635E+002, 1.7071596E+002, 2.2148601E+002, 3.6358658E+002, 3.9665712E+002, 2.7268705E+002, 1.9565835E+002
 1.6900008E+003, 1.8319338E-002,-8.3734382E-003, 2.6692776E-002,-2.1965591E-006, 1.9538425E-002, 1.9538425E-002, 1.6774432E-005, 2.1174565E+002, 2.0956371E+002, 3.8191492E+002, 5.0375938E+002, 1.9820026E+002, 1.6479748E+002, 2.2250764E+002, 1.6753237E+002, 2.2042859E+002, 3.5036109E+002, 3.9090084E+002, 2.0116493E+002, 2.2465660E+002, 1.7629714E+002, 1.7147138E+002, 2.2245220E+002, 3.6379928E+002, 3.9693084E+002, 2.7379586E+002, 1.9567179E+002
 1.7000005E+003, 1.8205788E-002,-8.3248163E-003, 2.6530605E-002,-2.2003935E-006, 1.9547442E-002, 1.9547442E-002, 1.6516379E-005, 2.1918057E+002, 2.0561855E+002, 4.2730315E+002, 4.9961551E+002, 1.9918553E+002, 1.6566103E+002, 2.2354983E+002, 1.6837920E+002, 2.2149706E+002, 3.5095929E+002, 3.9136255E+002, 2.0202485E+002, 2.2560879E+002, 1.7707157E+002, 1.7222833E+002, 2.2337326E+002, 3.6385134E+002, 3.9686780E+002, 2.7499717E+002, 1.9583372E+002
 1.7100006E+003, 1.8196449E-002,-8.2069676E-003, 2.6403417E-002,-2.1050754E-006, 1.9501018E-002, 1.9501018E-002, 1.6831658E-005, 2.0675059E+002, 2.0080338E+002, 3.8929534E+002, 5.0564856E+002, 2.0008284E+002, 1.6641670E+002, 2.2455989E+002, 1.6916810E+002, 2.2243856E+002, 3.5142746E+002, 3.9208667E+002, 2.0299773E+002, 2.2667375E+002, 1.7792601E+002, 1.7308728E+002, 2.2439417E+002, 3.6431930E+002, 3.9725856E+002, 2.7598978E+002, 1.9599114E+002
 1.7200022E+003, 1.8231329E-002,-8.1644233E-003, 2.6395752E-002,-2.1802527E-006, 1.9545028E-002, 1.9545028E-002, 1.6658124E-005, 2.1256081E+002, 2.0707622E+002, 3.9378596E+002, 5.0327192E+002, 2.0102006E+002, 1.6725823E+002, 2.2553045E+002, 1.6996255E+002, 2.2348432E+002, 3.5189040E+002, 3.9260583E+002, 2.0381802E+002, 2.2757539E+002, 1.7868774E+002, 1.7380052E+002, 2.2529068E+002, 3.6429037E+002, 3.9704256E+002, 2.7726786E+002, 1.9600376E+002
 1.7300016E+003, 1.8170928E-002,-8.2781621E-003, 2.6449090E-002,-2.1873131E-006, 1.9516828E-002, 1.9516828E-002, 1.6595128E-005, 2.1045699E+002, 2.0527121E+002, 4.1370683E+002, 4.9969423E+002, 2.0180608E+002, 1.6793241E+002, 2.2642019E+002, 1.7066539E+002, 2.2431718E+002, 3.5193962E+002, 3.9240887E+002, 2.0495664E+002, 2.2870919E+002, 1.7973372E+002, 1.7479388E+002, 2.2650173E+002, 3.6521712E+002, 3.9825499E+002, 2.7813466E+002, 1.9614951E+002
 1.7400018E+003, 1.8183598E-002,-8.2346724E-003, 2.6418271E-002,-2.0955520E-006, 1.9501426E-002, 1.9501426E-002, 1.6783712E-005, 2.1407425E+002, 2.0932374E+002, 3.7886815E+002, 5.0634570E+002, 2.0273879E+002, 1.6876268E+002, 2.2747754E+002, 1.7148259E+002, 2.2530896E+002, 3.5220869E+002, 3.9242396E+002, 2.0580909E+002, 2.2968011E+002, 1.8049715E+002, 1.7554412E+002, 2.2740794E+002, 3.6562067E+002, 3.9846312E+002, 2.7923668E+002, 1.9629280E+002
 1.7500005E+003, 1.8248309E-002,-8.3017329E-003, 2.6550042E-002,-2.2508475E-006, 1.9556163E-002, 1.9556163E-002, 1.6584700E-005, 2.1244117E+002, 2.1167625E+002, 4.0671389E+002, 5.0252708E+002, 2.0363582E+002, 1.6956803E+002, 2.2842662E+002, 1.7225203E+002, 2.2629219E+002, 3.5262403E+002, 3.9287170E+002, 2.0678869E+002, 2.3063044E+002, 1.8140687E+002, 1.7636900E+002, 2.2849020E+002, 3.6604020E+002, 3.9916534E+002, 2.8038434E+002, 1.9634814E+002
 1.7600013E+003, 1.8229684E-002,-8.1982706E-003, 2.6427954E-002,-2.1418205E-006, 1.9499203E-002, 1.9499203E-002, 1.6846430E-005, 2.1043684E+002, 2.1100108E+002, 3.7072468E+002, 5.1182516E+002, 2.0449524E+002, 1.7031727E+002, 2.2940233E+002, 1.7302689E+002, 2.2717347E+002, 3.5288482E+002, 3.9276071E+002, 2.0778213E+002, 2.3169815E+002, 1.8231676E+002, 1.7725352E+002, 2.2953518E+002, 3.6686829E+002, 4.0072060E+002, 2.8130344E+002, 1.9641023E+002
 1.7700006E+003, 1.8115547E-002,-8.1205478E-003, 2.6236094E-002,-2.1361759E-006, 1.9507028E-002, 1.9507028E-002, 1.6520390E-005, 2.0836981E+002, 2.0416980E+002, 3.9225498E+002, 5.0160225E+002, 2.0534198E+002, 1.7103790E+002, 2.3035641E+002, 1.7377094E+002, 2.2808020E+002, 3.5297544E+002, 3.9245982E+002, 2.0873267E+002, 2.3276159E+002, 1.8313375E+002, 1.7810477E+002, 2.3052344E+002, 3.6764572E+002, 4.0096976E+002, 2.8232398E+002, 1.9659011E+002
 1.7800015E+003, 1.8272744E-002,-8.4557161E-003, 2.6728460E-002,-2.1875308E-006, 1.9509275E-002, 1.9509275E-002, 1.6756327E-005, 2.2280485E+002, 2.1530056E+002, 3.7844013E+002, 5.0676583E+002, 2.0636138E+002, 1.7196819E+002, 2.3139984E+002, 1.7464353E+002, 2.2919900E+002, 3.5353209E+002, 3.9344061E+002, 2.0954611E+002, 2.3368248E+002, 1.8388124E+002, 1.7881443E+002, 2.3139816E+002, 3.6792376E+002, 4.0121844E+002, 2.8360536E+002, 1.9669032E+002
 1.7900017E+003, 1.8117679E-002,-8.2762232E-003, 2.6393903E-002,-2.1984899E-006, 1.9474949E-002, 1.9474949E-002, 1.6648597E-005, 2.1160749E+002, 2.0603042E+002, 3.8975473E+002, 5.0257400E+002, 2.0717117E+002, 1.7266357E+002, 2.3230470E+002, 1.7535929E+002, 2.3005306E+002, 3.5382954E+002, 3.9370027E+002, 2.1051055E+002, 2.3470153E+002, 1.8476461E+002, 1.7966435E+002, 2.3242770E+002, 3.6811481E+002, 4.0138787E+002, 2.8453842E+002, 1.9687622E+002
 1.8000020E+003, 1.8229830E-002,-8.2466711E-003, 2.6476501E-002,-2.2487621E-006, 1.9547687E-002, 1.9547687E-002, 1.6467116E-005, 2.1950217E+002, 2.0538452E+002, 4.3905450E+002, 5.0039035E+002, 2.0803509E+002, 1.7344687E+002, 2.3322219E+002, 1.7611247E+002, 2.3098534E+002, 3.5412082E+002, 3.9389368E+002, 2.1145633E+002, 2.3562642E+002, 1.8566938E+002, 1.8049105E+002, 2.3345347E+002, 3.6876280E+002, 4.0197824E+002, 2.8562811E+002, 1.9699760E+002
 1.8100028E+003, 1.8171240E-002,-8.4201159E-003, 2.6591356E-002,-2.3055675E-006, 1.9552200E-002, 1.9552200E-002, 1.6531133E-005, 2.1789757E+002, 2.1511522E+002, 4.6363792E+002, 5.0171277E+002, 2.0893280E+002, 1.7430155E+002, 2.3410933E+002, 1.7687854E+002, 2.3199070E+002, 3.5456864E+002, 3.9499342E+002, 2.1229753E+002, 2.3648179E+002, 1.8648895E+002, 1.8122866E+002, 2.3436323E+002, 3.6897355E+002, 4.0246310E+002, 2.8688339E+002, 1.9695486E+002
 1.8200026E+003, 1.8259851E-002,-8.1164285E-003, 2.6376279E-002,-2.1576363E-006, 1.9505838E-002, 1.9505838E-002, 1.6816054E-005, 2.1053797E+002, 2.1153609E+002, 3.6943117E+002, 5.0789167E+002, 2.0982227E+002, 1.7506655E+002, 2.3509195E+002, 1.7767106E+002, 2.3291219E+002, 3.5499741E+002, 3.9545203E+002, 2.1324436E+002, 2.3751592E+002, 1.8732988E+002, 1.8207107E+002, 2.3535597E+002, 3.6963355E+002, 4.0302095E+002, 2.8778506E+002, 1.9706508E+002
 1.8300020E+003, 1.8247604E-002,-8.2035275E-003, 2.6451131E-002,-2.2273395E-006, 1.9483976E-002, 1.9483976E-002, 1.6714154E-005, 2.1175271E+002, 2.0382077E+002, 4.0159112E+002, 5.0539285E+002, 2.1073489E+002, 1.7586706E+002, 2.3609502E+002, 1.7847494E+002, 2.3387257E+002, 3.5543396E+002, 3.9601862E+002, 2.1425673E+002, 2.3860214E+002, 1.8821079E+002, 1.8296577E+002, 2.3641731E+002, 3.7027621E+002, 4.0355163E+002, 2.8872573E+002, 1.9715155E+002
 1.8400026E+003, 1.8113245E-002,-8.2447584E-003, 2.6358003E-002,-2.1735791E-006, 1.9501572E-002, 1.9501572E-002, 1.6555064E-005, 2.1921451E+002, 2.0253124E+002, 4.3467750E+002, 5.0538855E+002, 2.1171882E+002, 1.7668725E+002, 2.3715077E+002, 1.7932895E+002, 2.3491287E+002, 3.5612894E+002, 3.9682527E+002, 2.1518884E+002, 2.3956034E+002, 1.8906524E+002, 1.8378022E+002, 2.3741150E+002, 3.7100728E+002, 4.0456125E+002, 2.8976032E+002, 1.9716518E+002
 1.8500028E+003, 1.8127673E-002,-8.1663631E-003, 2.6294036E-002,-2.2308030E-006, 1.9501381E-002, 1.9501381E-002, 1.6629178E-005, 2.1950309E+002, 2.1866491E+002, 3.9781103E+002, 5.0173023E+002, 2.1259730E+002, 1.7748382E+002, 2.3807388E+002, 1.8008670E+002, 2.3587732E+002, 3.5670576E+002, 3.9751925E+002, 2.1596262E+002, 2.4038973E+002, 1.8981290E+002, 1.8444681E+002, 2.3827451E+002, 3.7080544E+002, 4.0453548E+002, 2.9094838E+002, 1.9703794E+002
 1.8600017E+003, 1.8242210E-002,-8.4313588E-003, 2.6673569E-002,-2.2281506E-006, 1.9507847E-002, 1.9507847E-002, 1.6576859E-005, 2.1582204E+002, 2.0881795E+002, 4.1847770E+002, 5.0468210E+002, 2.1348690E+002, 1.7824158E+002, 2.3902086E+002, 1.8085797E+002, 2.3683012E+002, 3.5713114E+002, 3.9819524E+002, 2.1688151E+002, 2.4133991E+002, 1.9067565E+002, 1.8526631E+002, 2.3925536E+002, 3.7090043E+002, 4.0459377E+002, 2.9197931E+002, 1.9691165E+002
 1.8700026E+003, 1.8283828E-002,-8.2924163E-003, 2.6576244E-002,-2.1825727E-006, 1.9517999E-002, 1.9517999E-002, 1.6753394E-005, 2.1698441E+002, 2.1273703E+002, 4.0357293E+002, 5.1141982E+002, 2.1434157E+002, 1.7897724E+002, 2.3997754E+002, 1.8160664E+002, 2.3772663E+002, 3.5730412E+002, 3.9822584E+002, 2.1786963E+002, 2.4235930E+002, 1.9159507E+002, 1.8610890E+002, 2.4032742E+002, 3.7145234E+002, 4.0578319E+002, 2.9291930E+002, 1.9688555E+002
 1.8800004E+003, 1.8096311E-002,-8.2109403E-003, 2.6307252E-002,-2.2387004E-006, 1.9514425E-002, 1.9514425E-002, 1.6497676E-005, 2.2127496E+002, 2.1025482E+002, 4.1375300E+002, 5.0213135E+002, 2.1520066E+002, 1.7976245E+002, 2.4088306E+002, 1.8235900E+002, 2.3864647E+002, 3.5753516E+002, 3.9828321E+002, 2.1875959E+002, 2.4328894E+002, 1.9238797E+002, 1.8689828E+002, 2.4127760E+002, 3.7188754E+002, 4.0611341E+002, 2.9395867E+002, 1.9699621E+002
 1.8900015E+003, 1.8201776E-002,-8.3709105E-003, 2.6572686E-002,-2.1900853E-006, 1.9428492E-002, 1.9428492E-002, 1.6758762E-005, 2.1844103E+002, 2.0640534E+002, 3.7742545E+002, 5.0378512E+002, 2.1597720E+002, 1.8046482E+002, 2.4174249E+002, 1.8306212E+002, 2.3945647E+002, 3.5768469E+002, 3.9840979E+002, 2.1974422E+002, 2.4432825E+002, 1.9329942E+002, 1.8777997E+002, 2.4231133E+002, 3.7257338E+002, 4.0676856E+002, 2.9476281E+002, 1.9711127E+002
 1.9000027E+003, 1.8253140E-002,-8.2626431E-003, 2.6515783E-002,-2.1212069E-006, 1.9490195E-002, 1.9490195E-002, 1.6762618E-005, 2.1886974E+002, 2.0542663E+002, 3.8491134E+002, 5.1562513E+002, 2.1692452E+002, 1.8126812E+002, 2.4276155E+002, 1.8388776E+002, 2.4046730E+002, 3.5810753E+002, 3.9884090E+002, 2.2059068E+002, 2.4526391E+002, 1.9404522E+002, 1.8853556E+002, 2.4317850E+002, 3.7308871E+002, 4.0674373E+002, 2.9585645E+002, 1.9725573E+002
 1.9100011E+003, 1.8210946E-002,-8.1530240E-003, 2.6363970E-002,-2.1349256E-006, 1.9487963E-002, 1.9487963E-002, 1.6799560E-005, 2.2113529E+002, 2.0402594E+002, 3.7902166E+002, 5.1171235E+002, 2.1792649E+002, 1.8215357E+002, 2.4381531E+002, 1.8474424E+002, 2.4154274E+002, 3.5870677E+002, 3.9983292E+002, 2.2135556E+002, 2.4618525E+002, 1.9472398E+002, 1.8922422E+002, 2.4397592E+002, 3.7299850E+002, 4.0596741E+002, 2.9700509E+002, 1.9733778E+002
 1.9200003E+003, 1.8081684E-002,-8.2083930E-003, 2.6290077E-002,-2.1009995E-006, 1.9482035E-002, 1.9482035E-002, 1.6677727E-005, 2.1934705E+002, 2.0399234E+002, 3.9086031E+002, 5.0973904E+002, 2.1881474E+002, 1.8290445E+002, 2.4481330E+002, 1.8552744E+002, 2.4249403E+002, 3.5948826E+002, 4.0034977E+002, 2.2221224E+002, 2.4712094E+002, 1.9549081E+002, 1.8996261E+002, 2.4489560E+002, 3.7295027E+002, 4.0535885E+002, 2.9805024E+002, 1.9751899E+002
 1.9300026E+003, 1.8120812E-002,-8.1168522E-003, 2.6237664E-002,-2.0953046E-006, 1.9510736E-002, 1.9510736E-002, 1.6615376E-005, 2.1474835E+002, 2.1637431E+002, 3.6383084E+002, 5.0940899E+002, 2.1972435E+002, 1.8371733E+002, 2.4578615E+002, 1.8631292E+002, 2.4346344E+002, 3.5989330E+002, 4.0058857E+002, 2.2306954E+002, 2.4809785E+002, 1.9627418E+002, 1.9074276E+002, 2.4578643E+002, 3.7315464E+002, 4.0516132E+002, 2.9907683E+002, 1.9763810E+002
 1.9400012E+003, 1.8195523E-002,-8.2687490E-003, 2.6464272E-002,-2.3105521E-006, 1.9494422E-002, 1.9494422E-002, 1.6583033E-005, 2.1059736E+002, 2.0834995E+002, 4.2937884E+002, 5.0502015E+002, 2.2054535E+002, 1.8442844E+002, 2.4661259E+002, 1.8703717E+002, 2.4434960E+002, 3.6028944E+002, 4.0116269E+002, 2.2400170E+002, 2.4898786E+002, 1.9717533E+002, 1.9154663E+002, 2.4681108E+002, 3.7345042E+002, 4.0584335E+002, 3.0008479E+002, 1.9767982E+002
 1.9500001E+003, 1.8156204E-002,-8.3283067E-003, 2.6484511E-002,-2.1435604E-006, 1.9481394E-002, 1.9481394E-002, 1.6660672E-005, 2.1871346E+002, 2.0677458E+002, 4.1058365E+002, 5.0750411E+002, 2.2134833E+002, 1.8512353E+002, 2.4750499E+002, 1.8775381E+002, 2.4520647E+002, 3.6056682E+002, 4.0126050E+002, 2.2484865E+002, 2.4991063E+002, 1.9794678E+002, 1.9229472E+002, 2.4772912E+002, 3.7368046E+002, 4.0617099E+002, 3.0102547E+002, 1.9772653E+002
 1.9600014E+003, 1.8116498E-002,-8.1509140E-003, 2.6267412E-002,-2.1992523E-006, 1.9472542E-002, 1.9472542E-002, 1.6637326E-005, 2.1866705E+002, 2.1675141E+002, 4.0667562E+002, 5.0762403E+002, 2.2229598E+002, 1.8596126E+002, 2.4848233E+002, 1.8856399E+002, 2.4623505E+002, 3.6092496E+002, 4.0214718E+002, 2.2568666E+002, 2.5081049E+002, 1.9870485E+002, 1.9304980E+002, 2.4860734E+002, 3.7387504E+002, 4.0607677E+002, 3.0213215E+002, 1.9781216E+002
 1.9700010E+003, 1.8186104E-002,-8.0538821E-003, 2.6239986E-002,-2.1728141E-006, 1.9440738E-002, 1.9440738E-002, 1.6759473E-005, 2.1283695E+002, 2.0020665E+002, 3.6309265E+002, 5.1011172E+002, 2.2311771E+002, 1.8667071E+002, 2.4939932E+002, 1.8929769E+002, 2.4709877E+002, 3.6114198E+002, 4.0252574E+002, 2.2665732E+002, 2.5182347E+002, 1.9956362E+002, 1.9390409E+002, 2.4963131E+002, 3.7443426E+002, 4.0666303E+002, 3.0303376E+002, 1.9795888E+002
 1.9800002E+003, 1.8100642E-002,-8.2944443E-003, 2.6395086E-002,-2.2341972E-006, 1.9507789E-002, 1.9507789E-002, 1.6462124E-005, 2.1848757E+002, 2.1608024E+002, 4.4381277E+002, 5.0864694E+002, 2.2395219E+002, 1.8746697E+002, 2.5026230E+002, 1.9003411E+002, 2.4799409E+002, 3.6132614E+002, 4.0261560E+002, 2.2751882E+002, 2.5267922E+002, 2.0037150E+002, 1.9467140E+002, 2.5054166E+002, 3.7507097E+002, 4.0765646E+002, 3.0411318E+002, 1.9809481E+002
 1.9900015E+003, 1.8112689E-002,-8.1777273E-003, 2.6290416E-002,-2.1742819E-006, 1.9474691E-002, 1.9474691E-002, 1.6748218E-005, 2.1673006E+002, 2.0763414E+002, 4.0474187E+002, 5.1145617E+002, 2.2488693E+002, 1.8829893E+002, 2.5123683E+002, 1.9086663E+002, 2.4897830E+002, 3.6210284E+002, 4.0355925E+002, 2.2837286E+002, 2.5355970E+002, 2.0116780E+002, 1.9544368E+002, 2.5142943E+002, 3.7560680E+002, 4.0834254E+002, 3.0513988E+002, 1.9809824E+002
 2.0000009E+003, 1.8201965E-002,-8.2420262E-003, 2.6443991E-002,-2.0810724E-006, 1.9480190E-002, 1.9480190E-002, 1.6764550E-005, 2.1645926E+002, 2.1151118E+002, 3.8847297E+002, 5.1389454E+002, 2.2577562E+002, 1.8905833E+002, 2.5223602E+002, 1.9164413E+002, 2.4990607E+002, 3.6275608E+002, 4.0400456E+002, 2.2915234E+002, 2.5449270E+002, 2.0186117E+002, 1.9612338E+002, 2.5225473E+002, 3.7536142E+002, 4.0757961E+002, 3.0606220E+002, 1.9814662E+002
 2.0100024E+003, 1.8148803E-002,-8.3152011E-003, 2.6464004E-002,-2.0854891E-006, 1.9475730E-002, 1.9475730E-002, 1.6710711E-005, 2.1001285E+002, 2.1010146E+002, 3.5196723E+002, 5.1760697E+002, 2.2656425E+002, 1.8975015E+002, 2.5314069E+002, 1.9235393E+002, 2.5072327E+002, 3.6285855E+002, 4.0357436E+002, 2.3003477E+002, 2.5548134E+002, 2.0266253E+002, 1.9690956E+002, 2.5318084E+002, 3.7545908E+002, 4.0748160E+002, 3.0687498E+002, 1.9840268E+002
 2.0200007E+003, 1.8260260E-002,-8.2562051E-003, 2.6516465E-002,-2.1190297E-006, 1.9473650E-002, 1.9473650E-002, 1.6876404E-005, 2.1256897E+002, 2.0607994E+002, 3.6419838E+002, 5.1820762E+002, 2.2746453E+002, 1.9057617E+002, 2.5409908E+002, 1.9314688E+002, 2.5167783E+002, 3.6328179E+002, 4.0358644E+002, 2.3078025E+002, 2.5628832E+002, 2.0336271E+002, 1.9757850E+002, 2.5396398E+002, 3.7544812E+002, 4.0729376E+002, 3.0793879E+002, 1.9845571E+002
 2.0300013E+003, 1.8106492E-002,-8.2273632E-003, 2.6333855E-002,-2.1420878E-006, 1.9457706E-002, 1.9457706E-002, 1.6697269E-005, 2.1220225E+002, 2.0510167E+002, 3.8119599E+002, 5.1400651E+002, 2.2828202E+002, 1.9127042E+002, 2.5496767E+002, 1.9387963E+002, 2.5251976E+002, 3.6352330E+002, 4.0364383E+002, 2.3176011E+002, 2.5729641E+002, 2.0423968E+002, 1.9845011E+002, 2.5498594E+002, 3.7603912E+002, 4.0795947E+002, 3.0874695E+002, 1.9859573E+002
 2.0400022E+003, 1.8100879E-002,-8.2303244E-003, 2.6331203E-002,-2.1167429E-006, 1.9445301E-002, 1.9445301E-002, 1.6598280E-005, 2.1010808E+002, 2.1093950E+002, 3.8585213E+002, 5.0912232E+002, 2.2911486E+002, 1.9199177E+002, 2.5585981E+002, 1.9462444E+002, 2.5339528E+002, 3.6393948E+002, 4.0374134E+002, 2.3257503E+002, 2.5821274E+002, 2.0500950E+002, 1.9918267E+002, 2.5584766E+002, 3.7642173E+002, 4.0805977E+002, 3.0970882E+002, 1.9879681E+002
 2.0500019E+003, 1.8057295E-002,-8.3951565E-003, 2.6452451E-002,-2.1455123E-006, 1.9488209E-002, 1.9488209E-002, 1.6574031E-005, 2.2407927E+002, 2.0017784E+002, 4.0657292E+002, 5.0964795E+002, 2.2988604E+002, 1.9271423E+002, 2.5673087E+002, 1.9532441E+002, 2.5420583E+002, 3.6403613E+002, 4.0336316E+002, 2.3348944E+002, 2.5915189E+002, 2.0585712E+002, 1.9999366E+002, 2.5681432E+002, 3.7665615E+002, 4.0825346E+002, 3.1055757E+002, 1.9891297E+002
 2.0600008E+003, 1.8245606E-002,-8.1654691E-003, 2.6411075E-002,-2.2538193E-006, 1.9486890E-002, 1.9486890E-002, 1.6780342E-005, 2.1824227E+002, 2.1053137E+002, 4.1560690E+002, 5.0984638E+002, 2.3073809E+002, 1.9352363E+002, 2.5755860E+002, 1.9605254E+002, 2.5514526E+002, 3.6426890E+002, 4.0393512E+002, 2.3432240E+002, 2.5992486E+002, 2.0666353E+002, 2.0069621E+002, 2.5774851E+002, 3.7685816E+002, 4.0901342E+002, 3.1166239E+002, 1.9886649E+002
 2.0700002E+003, 1.8144589E-002,-8.3362503E-003, 2.6480840E-002,-2.1477496E-006, 1.9475833E-002, 1.9475833E-002, 1.6668416E-005, 2.1620585E+002, 2.1292440E+002, 3.7650770E+002, 5.1254900E+002, 2.3160123E+002, 1.9428897E+002, 2.5848872E+002, 1.9680362E+002, 2.5606833E+002, 3.6460674E+002, 4.0467872E+002, 2.3509933E+002, 2.6080161E+002, 2.0737727E+002, 2.0140139E+002, 2.5855286E+002, 3.7675185E+002, 4.0885468E+002, 3.1267228E+002, 1.9895756E+002
 2.0800003E+003, 1.8167183E-002,-8.1577931E-003, 2.6324976E-002,-2.1018441E-006, 1.9454574E-002, 1.9454574E-002, 1.6782200E-005, 2.1577396E+002, 2.0576458E+002, 3.4699828E+002, 5.1567834E+002, 2.3238633E+002, 1.9496487E+002, 2.5941609E+002, 1.9753201E+002, 2.5686282E+002, 3.6490794E+002, 4.0461586E+002, 2.3594461E+002, 2.6177238E+002, 2.0814411E+002, 2.0216181E+002, 2.5943442E+002, 3.7673269E+002, 4.0825762E+002, 3.1343786E+002, 1.9913749E+002
 2.0900021E+003, 1.7952469E-002,-8.1633900E-003, 2.6115859E-002,-2.0341363E-006, 1.9422885E-002, 1.9422885E-002, 1.6767688E-005, 2.1574035E+002, 2.0340515E+002, 3.3592836E+002, 5.1782892E+002, 2.3319351E+002, 1.9566562E+002, 2.6032437E+002, 1.9825593E+002, 2.5770112E+002, 3.6520689E+002, 4.0422467E+002, 2.3676165E+002, 2.6268468E+002, 2.0889292E+002, 2.0289864E+002, 2.6028480E+002, 3.7690535E+002, 4.0803208E+002, 3.1430040E+002, 1.9932566E+002
 2.1000003E+003, 1.8189680E-002,-8.2551093E-003, 2.6444789E-002,-2.1178567E-006, 1.9498460E-002, 1.9498460E-002, 1.6586755E-005, 2.2505680E+002, 2.1336902E+002, 3.8010249E+002, 5.1587419E+002, 2.3402347E+002, 1.9642358E+002, 2.6120879E+002, 1.9898456E+002, 2.5858969E+002, 3.6535929E+002, 4.0405775E+002, 2.3755326E+002, 2.6350323E+002, 2.0963238E+002, 2.0359445E+002, 2.6113252E+002, 3.7678270E+002, 4.0780553E+002, 3.1532387E+002, 1.9933182E+002
 2.1100017E+003, 1.8202257E-002,-8.2154333E-003, 2.6417690E-002,-2.1063619E-006, 1.9446032E-002, 1.9446032E-002, 1.6856318E-005, 2.1641738E+002, 2.0728955E+002, 3.7220158E+002, 5.1731715E+002, 2.3481717E+002, 1.9716051E+002, 2.6204537E+002, 1.9969290E+002, 2.5942801E+002, 3.6533717E+002, 4.0424079E+002, 2.3844317E+002, 2.6445571E+002, 2.1043850E+002, 2.0439110E+002, 2.6206459E+002, 3.7707492E+002, 4.0827761E+002, 3.1623239E+002, 1.9939041E+002
 2.1200001E+003, 1.8026085E-002,-8.3360636E-003, 2.6362148E-002,-2.1119618E-006, 1.9463428E-002, 1.9463428E-002, 1.6727995E-005, 2.1868604E+002, 2.1602886E+002, 3.8009050E+002, 5.1498697E+002, 2.3561758E+002, 1.9784285E+002, 2.6294820E+002, 2.0040747E+002, 2.6026440E+002, 3.6552494E+002, 4.0424724E+002, 2.3928925E+002, 2.6534815E+002, 2.1123741E+002, 2.0514096E+002, 2.6296878E+002, 3.7731876E+002, 4.0860707E+002, 3.1708505E+002, 1.9952046E+002
 2.1300010E+003, 1.8213769E-002,-8.5016084E-003, 2.6715378E-002,-2.2528114E-006, 1.9483458E-002, 1.9483458E-002, 1.6513495E-005, 2.2498424E+002, 2.0454145E+002, 4.1431969E+002, 5.0768262E+002, 2.3641174E+002, 1.9854430E+002, 2.6374036E+002, 2.0111506E+002, 2.6110399E+002, 3.6596094E+002, 4.0476992E+002, 2.4022770E+002, 2.6625152E+002, 2.1214754E+002, 2.0597808E+002, 2.6396036E+002, 3.7797397E+002, 4.0959695E+002, 3.1791522E+002, 1.9970593E+002
 2.1400025E+003, 1.8107647E-002,-8.2801671E-003, 2.6387814E-002,-2.1377860E-006, 1.9411614E-002, 1.9411614E-002, 1.6793155E-005, 2.0629564E+002, 2.0555233E+002, 3.6400640E+002, 5.1278250E+002, 2.3705048E+002, 1.9914138E+002, 2.6447143E+002, 2.0170593E+002, 2.6176717E+002, 3.6593012E+002, 4.0446149E+002, 2.4115834E+002, 2.6720226E+002, 2.1303945E+002, 2.0680449E+002, 2.6495085E+002, 3.7871224E+002, 4.1078212E+002, 3.1865548E+002, 1.9985229E+002
 2.1500007E+003, 1.8164238E-002,-8.4821339E-003, 2.6646372E-002,-2.3015243E-006, 1.9496016E-002, 1.9496016E-002, 1.6522349E-005, 2.2300586E+002, 2.1244647E+002, 4.3114638E+002, 5.1007504E+002, 2.3796099E+002, 1.9999146E+002, 2.6539642E+002, 2.0250926E+002, 2.6274967E+002, 3.6643898E+002, 4.0464685E+002, 2.4195001E+002, 2.6802008E+002, 2.1379154E+002, 2.0749986E+002, 2.6581655E+002, 3.7922224E+002, 4.1164986E+002, 3.1970152E+002, 1.9984665E+002
 2.1600016E+003, 1.8185318E-002,-8.3670129E-003, 2.6552331E-002,-2.0424350E-006, 1.9407554E-002, 1.9407554E-002, 1.6921501E-005, 2.1908506E+002, 2.0860446E+002, 3.5657200E+002, 5.2137079E+002, 2.3881459E+002, 2.0074443E+002, 2.6634596E+002, 2.0328533E+002, 2.6361873E+002, 3.6695106E+002, 4.0537204E+002, 2.4270084E+002, 2.6887796E+002, 2.1445231E+002, 2.0820047E+002, 2.6655014E+002, 3.7938468E+002, 4.1153010E+002, 3.2054433E+002, 1.9996462E+002
 2.1700025E+003, 1.8001070E-002,-8.3180779E-003, 2.6319148E-002,-2.1460077E-006, 1.9448769E-002, 1.9448769E-002, 1.6511821E-005, 2.1152214E+002, 2.0525442E+002, 3.8035854E+002, 5.1160404E+002, 2.3958540E+002, 2.0139566E+002, 2.6720258E+002, 2.0397535E+002, 2.6441336E+002, 3.6712594E+002, 4.0540796E+002, 2.4363591E+002, 2.6987610E+002, 2.1527333E+002, 2.0903867E+002, 2.6750951E+002, 3.8005646E+002, 4.1157804E+002, 3.2135117E+002, 2.0015618E+002
 2.1800006E+003, 1.8045601E-002,-8.3984125E-003, 2.6444014E-002,-2.1853376E-006, 1.9434612E-002, 1.9434612E-002, 1.6661959E-005, 2.1370572E+002, 2.1256474E+002, 4.0160654E+002, 5.1346070E+002, 2.4041857E+002, 2.0212497E+002, 2.6806826E+002, 2.0470192E+002, 2.6529583E+002, 3.6734666E+002, 4.0580111E+002, 2.4451805E+002, 2.7075127E+002, 2.1609062E+002, 2.0980562E+002, 2.6846188E+002, 3.8084872E+002, 4.1241132E+002, 3.2227696E+002, 2.0029513E+002
 2.1900015E+003, 1.8266658E-002,-8.3464791E-003, 2.6613137E-002,-2.2322344E-006, 1.9440981E-002, 1.9440981E-002, 1.6732913E-005, 2.2454417E+002, 2.1149293E+002, 3.6958158E+002, 5.1299975E+002, 2.4109530E+002, 2.0278833E+002, 2.6878840E+002, 2.0531079E+002, 2.6601850E+002, 3.6730523E+002, 4.0569087E+002, 2.4538258E+002, 2.7159500E+002, 2.1693987E+002, 2.1056304E+002, 2.6938921E+002, 3.8142476E+002, 4.1345857E+002, 3.2307670E+002, 2.0031969E+002
 2.2000024E+003, 1.8108078E-002,-8.1982948E-003, 2.6306372E-002,-2.0491715E-006, 1.9428893E-002, 1.9428893E-002, 1.6715243E-005, 2.1538880E+002, 2.0882898E+002, 3.8701282E+002, 5.2119643E+002, 2.4196705E+002, 2.0351297E+002, 2.6976824E+002, 2.0610254E+002, 2.6689221E+002, 3.6751429E+002, 4.0535868E+002, 2.4624527E+002, 2.7254703E+002, 2.1766610E+002, 2.1135485E+002, 2.7025329E+002, 3.8217834E+002, 4.1398561E+002, 3.2383960E+002, 2.0045009E+002
 2.2100019E+003, 1.8125720E-002,-8.3913924E-003, 2.6517112E-002,-2.1024377E-006, 1.9443398E-002, 1.9443398E-002, 1.6782222E-005, 2.1287283E+002, 2.1376228E+002, 3.7153412E+002, 5.2125017E+002, 2.4274128E+002, 2.0422085E+002, 2.7055294E+002, 2.0679432E+002, 2.6771316E+002, 3.6774511E+002, 4.0548861E+002, 2.4706956E+002, 2.7340592E+002, 2.1846055E+002, 2.1206754E+002, 2.7115734E+002, 3.8250393E+002, 4.1466681E+002, 3.2468569E+002, 2.0046955E+002
 2.2200016E+003, 1.8006989E-002,-8.4788853E-003, 2.6485874E-002,-2.1761396E-006, 1.9459145E-002, 1.9459145E-002, 1.6621959E-005, 2.1813757E+002, 2.0807673E+002, 4.0014947E+002, 5.1325473E+002, 2.4359305E+002, 2.0498029E+002, 2.7145182E+002, 2.0755079E+002, 2.6860578E+002, 3.6812654E+002, 4.0588979E+002, 2.4783154E+002, 2.7419025E+002, 2.1917534E+002, 2.1274896E+002, 2.7195732E+002, 3.8254079E+002, 4.1471006E+002, 3.2560185E+002, 2.0049539E+002
 2.2300027E+003, 1.8227814E-002,-8.2954011E-003, 2.6523216E-002,-2.1927599E-006, 1.9435103E-002, 1.9435103E-002, 1.6734337E-005, 2.2408076E+002, 2.1290508E+002, 3.5314407E+002, 5.2060007E+002, 2.4443346E+002, 2.0573217E+002, 2.7235911E+002, 2.0830288E+002, 2.6948803E+002, 3.6885746E+002, 4.0669224E+002, 2.4866873E+002, 2.7504150E+002, 2.1995385E+002, 2.1351022E+002, 2.7282209E+002, 3.8295590E+002, 4.1549674E+002, 3.2653392E+002, 2.0052169E+002
 2.2400019E+003, 1.8025103E-002,-8.4655737E-003, 2.6490677E-002,-2.2022139E-006, 1.9465961E-002, 1.9465961E-002, 1.6533651E-005, 2.2455085E+002, 2.0856021E+002, 3.8829420E+002, 5.1327432E+002, 2.4518290E+002, 2.0644307E+002, 2.7315483E+002, 2.0898818E+002, 2.7027275E+002, 3.6933983E+002, 4.0731611E+002, 2.4940451E+002, 2.7583781E+002, 2.2067293E+002, 2.1419484E+002, 2.7357739E+002, 3.8313022E+002, 4.1536794E+002, 3.2735947E+002, 2.0056029E+002
 2.2500028E+003, 1.8168885E-002,-8.6057959E-003, 2.6774681E-002,-2.2298765E-006, 1.9470985E-002, 1.9470985E-002, 1.6579784E-005, 2.3098869E+002, 2.1596460E+002, 4.1803737E+002, 5.1512159E+002, 2.4597730E+002, 2.0716945E+002, 2.7396478E+002, 2.0969266E+002, 2.7111152E+002, 3.6979974E+002, 4.0799261E+002, 2.5017378E+002, 2.7660314E+002, 2.2143044E+002, 2.1488045E+002, 2.7439503E+002, 3.8327941E+002, 4.1594709E+002, 3.2825109E+002, 2.0059603E+002
 2.2600014E+003, 1.8153020E-002,-8.1593750E-003, 2.6312395E-002,-2.0612761E-006, 1.9440239E-002, 1.9440239E-002, 1.6844942E-005, 2.2265901E+002, 2.0074713E+002, 3.6313643E+002, 5.2466512E+002, 2.4686441E+002, 2.0796810E+002, 2.7489572E+002, 2.1049831E+002, 2.7201787E+002, 3.7047666E+002, 4.0900411E+002, 2.5090731E+002, 2.7743510E+002, 2.2204953E+002, 2.1556241E+002, 2.7512214E+002, 3.8343328E+002, 4.1570169E+002, 3.2914974E+002, 2.0067433E+002
 2.2700004E+003, 1.8143976E-002,-8.3259782E-003, 2.6469954E-002,-2.1948060E-006, 1.9441207E-002, 1.9441207E-002, 1.6679694E-005, 2.1270376E+002, 2.1671192E+002, 3.9490588E+002, 5.1853795E+002, 2.4764954E+002, 2.0864256E+002, 2.7570050E+002, 2.1119211E+002, 2.7284807E+002, 3.7087414E+002, 4.0949131E+002, 2.5172797E+002, 2.7831371E+002, 2.2282182E+002, 2.1630007E+002, 2.7598691E+002, 3.8365316E+002, 4.1570728E+002, 3.2997915E+002, 2.0076815E+002
 2.2800007E+003, 1.8123995E-002,-8.4543801E-003, 2.6578375E-002,-2.1332598E-006, 1.9446089E-002, 1.9446089E-002, 1.6664576E-005, 2.2182127E+002, 2.1203293E+002, 3.7570608E+002, 5.1786570E+002, 2.4836643E+002, 2.0928503E+002, 2.7648981E+002, 2.1184610E+002, 2.7358941E+002, 3.7113673E+002, 4.0946318E+002, 2.5255100E+002, 2.7915749E+002, 2.2363326E+002, 2.1703619E+002, 2.7686134E+002, 3.8382403E+002, 4.1594086E+002, 3.3077583E+002, 2.0089860E+002
 2.2900004E+003, 1.8034270E-002,-8.2472541E-003, 2.6281524E-002,-2.1428824E-006, 1.9441698E-002, 1.9441698E-002, 1.6735427E-005, 2.2078977E+002, 2.1076033E+002, 3.9716290E+002, 5.1912362E+002, 2.4912925E+002, 2.1000664E+002, 2.7732360E+002, 2.1253138E+002, 2.7439403E+002, 3.7134896E+002, 4.0952495E+002, 2.5325931E+002, 2.7994591E+002, 2.2430443E+002, 2.1769054E+002, 2.7759534E+002, 3.8399657E+002, 4.1585916E+002, 3.3166504E+002, 2.0097687E+002
 2.3000017E+003, 1.8255250E-002,-8.3385278E-003, 2.6593777E-002,-2.2614518E-006, 1.9508235E-002, 1.9508235E-002, 1.6512017E-005, 2.2393814E+002, 2.2365556E+002, 4.2524657E+002, 5.1288140E+002, 2.4991682E+002, 2.1073408E+002, 2.7812245E+002, 2.1322608E+002, 2.7524275E+002, 3.7160577E+002, 4.0992370E+002, 2.5409863E+002, 2.8073664E+002, 2.2512912E+002, 2.1842383E+002, 2.7850762E+002, 3.8415923E+002, 4.1634445E+002, 3.3254455E+002, 2.0090994E+002
 2.3100007E+003, 1.8024668E-002,-8.4260603E-003, 2.6450728E-002,-2.1108478E-006, 1.9446102E-002, 1.9446102E-002, 1.6724372E-005, 2.2406366E+002, 2.0761862E+002, 3.7189678E+002, 5.1756357E+002, 2.5067597E+002, 2.1144226E+002, 2.7892016E+002, 2.1391391E+002, 2.7602519E+002, 3.7189472E+002, 4.1017781E+002, 2.5484777E+002, 2.8152613E+002, 2.2581036E+002, 2.1910262E+002, 2.7928236E+002, 3.8416214E+002, 4.1636086E+002, 3.3341534E+002, 2.0098006E+002
 2.3200026E+003, 1.8078541E-002,-8.3461117E-003, 2.6424653E-002,-2.1828158E-006, 1.9432673E-002, 1.9432673E-002, 1.6683145E-005, 2.2564932E+002, 2.1426932E+002, 3.8742015E+002, 5.1585209E+002, 2.5141705E+002, 2.1211011E+002, 2.7969530E+002, 2.1457917E+002, 2.7680906E+002, 3.7209627E+002, 4.1049772E+002, 2.5566606E+002, 2.8230279E+002, 2.2659170E+002, 2.1983058E+002, 2.8015874E+002, 3.8442799E+002, 4.1700447E+002, 3.3424066E+002, 2.0099108E+002
 2.3300000E+003, 1.8120267E-002,-8.3471333E-003, 2.6467400E-002,-2.1803652E-006, 1.9426917E-002, 1.9426917E-002, 1.6633117E-005, 2.1150294E+002, 2.1638089E+002, 3.5665908E+002, 5.1991528E+002, 2.5206273E+002, 2.1270047E+002, 2.8044313E+002, 2.1520241E+002, 2.7744528E+002, 3.7224675E+002, 4.1020601E+002, 2.5650253E+002, 2.8318879E+002, 2.2741887E+002, 2.2057927E+002, 2.8102906E+002, 3.8463047E+002, 4.1743355E+002, 3.3483032E+002, 2.0113686E+002
 2.3400026E+003, 1.8140630E-002,-8.2666718E-003, 2.6407301E-002,-2.0951544E-006, 1.9414825E-002, 1.9414825E-002, 1.6849428E-005, 2.2862345E+002, 2.1158475E+002, 3.8656975E+002, 5.2009969E+002, 2.5286071E+002, 2.1342991E+002, 2.8128685E+002, 2.1590610E+002, 2.7828767E+002, 3.7229188E+002, 4.1001591E+002, 2.5733588E+002, 2.8408980E+002, 2.2812077E+002, 2.2135247E+002, 2.8185315E+002, 3.8523520E+002, 4.1786126E+002, 3.3569709E+002, 2.0132038E+002
 2.3500011E+003, 1.8121668E-002,-8.3935362E-003, 2.6515204E-002,-2.0995303E-006, 1.9455610E-002, 1.9455610E-002, 1.6712521E-005, 2.1824590E+002, 2.0892663E+002, 3.8675886E+002, 5.2162933E+002, 2.5365892E+002, 2.1418000E+002, 2.8211523E+002, 2.1661926E+002, 2.7912091E+002, 3.7260792E+002, 4.1015387E+002, 2.5802463E+002, 2.8485257E+002, 2.2876481E+002, 2.2198477E+002, 2.8256660E+002, 3.8557286E+002, 4.1779278E+002, 3.3660075E+002, 2.0144221E+002
 2.3600003E+003, 1.8134285E-002,-8.4717971E-003, 2.6606083E-002,-2.2021712E-006, 1.9471527E-002, 1.9471527E-002, 1.6657351E-005, 2.3370091E+002, 2.1656187E+002, 3.8845631E+002, 5.2189839E+002, 2.5447433E+002, 2.1493496E+002, 2.8294037E+002, 2.1734934E+002, 2.7998527E+002, 3.7303161E+002, 4.1032034E+002, 2.5869162E+002, 2.8558186E+002, 2.2944119E+002, 2.2258191E+002, 2.8329025E+002, 3.8527683E+002, 4.1741201E+002, 3.3747716E+002, 2.0141568E+002
 2.3700005E+003, 1.8046360E-002,-8.4536018E-003, 2.6499961E-002,-2.0925497E-006, 1.9411988E-002, 1.9411988E-002, 1.6713993E-005, 2.2072000E+002, 2.1333745E+002, 3.6862496E+002, 5.1839518E+002, 2.5522744E+002, 2.1559787E+002, 2.8377055E+002, 2.1804831E+002, 2.8074531E+002, 3.7362418E+002, 4.1095898E+002, 2.5958925E+002, 2.8650818E+002, 2.3027639E+002, 2.2339920E+002, 2.8420155E+002, 3.8580938E+002, 4.1778648E+002, 3.3814461E+002, 2.0151060E+002
 2.3800024E+003, 1.8089243E-002,-8.2736797E-003, 2.6362923E-002,-2.1995924E-006, 1.9464509E-002, 1.9464509E-002, 1.6575264E-005, 2.2299273E+002, 2.1275729E+002, 4.0294782E+002, 5.1875700E+002, 2.5607513E+002, 2.1638664E+002, 2.8462185E+002, 2.1880455E+002, 2.8163523E+002, 3.7423757E+002, 4.1173126E+002, 2.6027338E+002, 2.8720085E+002, 2.3091918E+002, 2.2401531E+002, 2.8492989E+002, 3.8585179E+002, 4.1796238E+002, 3.3913385E+002, 2.0153792E+002
 2.3900007E+003, 1.8107632E-002,-8.5863057E-003, 2.6693938E-002,-2.1556716E-006, 1.9396061E-002, 1.9396061E-002, 1.6782902E-005, 2.2236483E+002, 2.1657722E+002, 3.3553611E+002, 5.2135236E+002, 2.5678790E+002, 2.1702353E+002, 2.8539782E+002, 2.1946117E+002, 2.8236531E+002, 3.7478948E+002, 4.1199349E+002, 2.6098721E+002, 2.8795944E+002, 2.3164508E+002, 2.2466966E+002, 2.8567588E+002, 3.8581821E+002, 4.1779657E+002, 3.3984568E+002, 2.0160775E+002
 2.4000010E+003, 1.8202824E-002,-8.3241221E-003, 2.6526946E-002,-2.0821773E-006, 1.9429659E-002, 1.9429659E-002, 1.6822818E-005, 2.2569981E+002, 2.1125616E+002, 3.4567412E+002, 5.2427183E+002, 2.5751067E+002, 2.1768048E+002, 2.8618604E+002, 2.2010866E+002, 2.8311858E+002, 3.7488612E+002, 4.1192203E+002, 2.6169687E+002, 2.8875507E+002, 2.3229841E+002, 2.2532713E+002, 2.8640120E+002, 3.8595428E+002, 4.1746429E+002, 3.4064907E+002, 2.0170816E+002
 2.4100001E+003, 1.8068518E-002,-8.4624414E-003, 2.6530959E-002,-2.0984331E-006, 1.9408964E-002, 1.9408964E-002, 1.6706523E-005, 2.2710770E+002, 2.1900405E+002, 3.3445561E+002, 5.2181607E+002, 2.5822771E+002, 2.1833670E+002, 2.8692660E+002, 2.2076652E+002, 2.8385424E+002, 3.7492778E+002, 4.1167745E+002, 2.6249290E+002, 2.8961466E+002, 2.3303505E+002, 2.2605840E+002, 2.8722606E+002, 3.8624977E+002, 4.1735129E+002, 3.4138153E+002, 2.0184225E+002
 2.4200019E+003, 1.8043876E-002,-8.2758677E-003, 2.6319744E-002,-2.0132499E-006, 1.9360000E-002, 1.9360000E-002, 1.6855435E-005, 2.2515273E+002, 2.0397584E+002, 3.2557654E+002, 5.2945946E+002, 2.5904393E+002, 2.1905946E+002, 2.8784762E+002, 2.2151379E+002, 2.8467074E+002, 3.7517458E+002, 4.1175740E+002, 2.6320612E+002, 2.9042493E+002, 2.3365653E+002, 2.2672272E+002, 2.8792272E+002, 3.8653304E+002, 4.1683735E+002, 3.4212771E+002, 2.0212693E+002
 2.4300023E+003, 1.8064959E-002,-8.4064903E-003, 2.6471449E-002,-2.1176439E-006, 1.9447455E-002, 1.9447455E-002, 1.6635942E-005, 2.3071306E+002, 2.1202699E+002, 3.3963453E+002, 5.2409935E+002, 2.5985351E+002, 2.1977323E+002, 2.8867012E+002, 2.2224250E+002, 2.8550878E+002, 3.7570617E+002, 4.1217768E+002, 2.6390047E+002, 2.9117065E+002, 2.3432031E+002, 2.2735423E+002, 2.8865200E+002, 3.8655772E+002, 4.1642729E+002, 3.4298220E+002, 2.0231659E+002
 2.4400021E+003, 1.8070507E-002,-8.4565662E-003, 2.6527073E-002,-2.1687264E-006, 1.9399223E-002, 1.9399223E-002, 1.6783706E-005, 2.2383932E+002, 2.1335251E+002, 3.6353255E+002, 5.1951383E+002, 2.6060814E+002, 2.2044771E+002, 2.8945136E+002, 2.2292598E+002, 2.8628382E+002, 3.7618240E+002, 4.1274243E+002, 2.6475620E+002, 2.9204556E+002, 2.3507886E+002, 2.2814901E+002, 2.8951156E+002, 3.8715531E+002, 4.1666670E+002, 3.4373316E+002, 2.0235611E+002
 2.4500012E+003, 1.8133164E-002,-8.3792477E-003, 2.6512412E-002,-2.0051229E-006, 1.9377441E-002, 1.9377441E-002, 1.6814610E-005, 2.2105257E+002, 2.0582292E+002, 3.3717656E+002, 5.2648179E+002, 2.6124350E+002, 2.2103304E+002, 2.9018783E+002, 2.2351575E+002, 2.8693283E+002, 3.7588004E+002, 4.1244758E+002, 2.6548033E+002, 2.9288178E+002, 2.3576171E+002, 2.2880751E+002, 2.9025868E+002, 3.8739407E+002, 4.1654489E+002, 3.4437168E+002, 2.0256574E+002
 2.4600022E+003, 1.8078451E-002,-8.4072731E-003, 2.6485724E-002,-2.0471897E-006, 1.9395251E-002, 1.9395251E-002, 1.6734433E-005, 2.2460930E+002, 2.0882066E+002, 3.2305263E+002, 5.2431742E+002, 2.6194070E+002, 2.2167533E+002, 2.9095770E+002, 2.2416086E+002, 2.8764501E+002, 3.7585884E+002, 4.1214883E+002, 2.6631519E+002, 2.9372936E+002, 2.3653988E+002, 2.2957703E+002, 2.9110670E+002, 3.8786367E+002, 4.1687264E+002, 3.4506373E+002, 2.0281638E+002
 2.4700011E+003, 1.7981016E-002,-8.4330131E-003, 2.6414029E-002,-2.1561811E-006, 1.9424581E-002, 1.9424581E-002, 1.6641328E-005, 2.3464168E+002, 2.0728745E+002, 3.7868470E+002, 5.2407564E+002, 2.6274613E+002, 2.2242371E+002, 2.9174751E+002, 2.2488307E+002, 2.8848269E+002, 3.7604969E+002, 4.1254044E+002, 2.6708736E+002, 2.9446822E+002, 2.3724843E+002, 2.3028083E+002, 2.9190928E+002, 3.8868879E+002, 4.1749724E+002, 3.4591447E+002, 2.0293932E+002
 2.4800028E+003, 1.8123444E-002,-8.5127382E-003, 2.6636183E-002,-2.1354877E-006, 1.9430635E-002, 1.9430635E-002, 1.6778795E-005, 2.2213574E+002, 2.1356701E+002, 3.6650453E+002, 5.2166558E+002, 2.6342010E+002, 2.2304224E+002, 2.9247370E+002, 2.2550401E+002, 2.8917439E+002, 3.7635837E+002, 4.1293951E+002, 2.6781752E+002, 2.9520633E+002, 2.3798497E+002, 2.3093428E+002, 2.9269901E+002, 3.8906486E+002, 4.1845969E+002, 3.4662283E+002, 2.0296777E+002
 2.4900008E+003, 1.8009572E-002,-8.5039837E-003, 2.6513555E-002,-2.1449247E-006, 1.9404006E-002, 1.9404006E-002, 1.6639371E-005, 2.2482845E+002, 2.0593367E+002, 3.4164188E+002, 5.2063552E+002, 2.6409614E+002, 2.2365367E+002, 2.9318050E+002, 2.2611732E+002, 2.8987521E+002, 3.7645242E+002, 4.1307336E+002, 2.6859642E+002, 2.9598334E+002, 2.3874582E+002, 2.3162463E+002, 2.9352733E+002, 3.8906881E+002, 4.1897754E+002, 3.4733154E+002, 2.0301754E+002
 2.5000013E+003, 1.8170596E-002,-8.5687880E-003, 2.6739384E-002,-2.2353821E-006, 1.9442830E-002, 1.9442830E-002, 1.6563522E-005, 2.2726573E+002, 2.2129752E+002, 3.7511452E+002, 5.1983793E+002, 2.6490542E+002, 2.2440402E+002, 2.9398685E+002, 2.2684074E+002, 2.9072737E+002, 3.7701792E+002, 4.1393801E+002, 2.6930530E+002, 2.9668597E+002, 2.3943451E+002, 2.3228383E+002, 2.9424920E+002, 3.8920548E+002, 4.1951991E+002, 3.4824870E+002, 2.0295189E+002
 2.5100026E+003, 1.8145714E-002,-8.2860774E-003, 2.6431791E-002,-2.1423972E-006, 1.9404912E-002, 1.9404912E-002, 1.6820284E-005, 2.1703159E+002, 2.1558878E+002, 3.4796931E+002, 5.2422094E+002, 2.6557056E+002, 2.2501138E+002, 2.9468277E+002, 2.2746231E+002, 2.9140439E+002, 3.7727903E+002, 4.1427352E+002, 2.7009692E+002, 2.9750563E+002, 2.4018797E+002, 2.3300224E+002, 2.9507276E+002, 3.8965287E+002, 4.2025774E+002, 3.4887983E+002, 2.0296495E+002
 2.5200017E+003, 1.7973723E-002,-8.4711172E-003, 2.6444840E-002,-2.0550604E-006, 1.9389697E-002, 1.9389697E-002, 1.6749524E-005, 2.2146424E+002, 2.1560742E+002, 3.5637216E+002, 5.2715947E+002, 2.6631965E+002, 2.2567710E+002, 2.9552334E+002, 2.2814334E+002, 2.9215814E+002, 3.7746768E+002, 4.1429184E+002, 2.7077393E+002, 2.9823287E+002, 2.4079830E+002, 2.3361903E+002, 2.9577175E+002, 3.8965661E+002, 4.2009210E+002, 3.4960156E+002, 2.0318279E+002
 2.5300015E+003, 1.7932194E-002,-8.3803423E-003, 2.6312536E-002,-2.1713695E-006, 1.9419447E-002, 1.9419447E-002, 1.6531077E-005, 2.3303129E+002, 2.1257072E+002, 3.9764474E+002, 5.2160230E+002, 2.6699406E+002, 2.2634976E+002, 2.9617979E+002, 2.2875817E+002, 2.9287507E+002, 3.7771042E+002, 4.1459654E+002, 2.7151857E+002, 2.9899154E+002, 2.4151613E+002, 2.3430211E+002, 2.9653464E+002, 3.8976733E+002, 4.2013475E+002, 3.5039075E+002, 2.0324146E+002
 2.5400021E+003, 1.8348469E-002,-8.4089353E-003, 2.6757405E-002,-2.2226234E-006, 1.9425827E-002, 1.9425827E-002, 1.6790911E-005, 2.3158996E+002, 2.1572145E+002, 3.4955619E+002, 5.1961321E+002, 2.6769604E+002, 2.2703336E+002, 2.9686465E+002, 2.2939148E+002, 2.9361471E+002, 3.7803208E+002, 4.1525317E+002, 2.7226239E+002, 2.9967842E+002, 2.4227454E+002, 2.3498177E+002, 2.9732733E+002, 3.9027808E+002, 4.2072821E+002, 3.5114496E+002, 2.0315714E+002
 2.5500022E+003, 1.8003537E-002,-8.3461617E-003, 2.6349699E-002,-2.0948025E-006, 1.9392581E-002, 1.9392581E-002, 1.6723737E-005, 2.1568396E+002, 2.2037223E+002, 3.6750174E+002, 5.2514626E+002, 2.6839065E+002, 2.2765019E+002, 2.9765878E+002, 2.3004394E+002, 2.9430887E+002, 3.7826341E+002, 4.1499476E+002, 2.7300165E+002, 3.0050796E+002, 2.4293272E+002, 2.3565661E+002, 2.9808628E+002, 3.9055391E+002, 4.2086446E+002, 3.5180448E+002, 2.0323889E+002
 2.5600012E+003, 1.8098227E-002,-8.4629574E-003, 2.6561184E-002,-2.2193331E-006, 1.9416991E-002, 1.9416991E-002, 1.6591760E-005, 2.3306792E+002, 2.1387894E+002, 3.8126886E+002, 5.2008861E+002, 2.6905196E+002, 2.2827583E+002, 2.9831802E+002, 2.3063009E+002, 2.9501679E+002, 3.7811884E+002, 4.1510592E+002, 2.7374103E+002, 3.0124856E+002, 2.4368403E+002, 2.3633899E+002, 2.9884691E+002, 3.9095244E+002, 4.2149268E+002, 3.5254761E+002, 2.0333855E+002
 2.5700027E+003, 1.8061780E-002,-8.4598369E-003, 2.6521617E-002,-2.1741937E-006, 1.9403847E-002, 1.9403847E-002, 1.6665408E-005, 2.2558693E+002, 2.1512904E+002, 3.8036262E+002, 5.2365003E+002, 2.6987677E+002, 2.2903430E+002, 2.9909604E+002, 2.3137928E+002, 2.9586733E+002, 3.7865342E+002, 4.1609957E+002, 2.7439477E+002, 3.0192158E+002, 2.4430722E+002, 2.3694895E+002, 2.9949884E+002, 3.9115448E+002, 4.2175462E+002, 3.5337095E+002, 2.0337252E+002
 2.5800016E+003, 1.7990525E-002,-8.6165421E-003, 2.6607067E-002,-2.2205913E-006, 1.9428873E-002, 1.9428873E-002, 1.6492261E-005, 2.3006680E+002, 2.1724074E+002, 3.9007252E+002, 5.1477312E+002, 2.7048770E+002, 2.2961564E+002, 2.9973761E+002, 2.3194161E+002, 2.9650276E+002, 3.7898786E+002, 4.1657246E+002, 2.7519754E+002, 3.0264118E+002, 2.4512718E+002, 2.3765837E+002, 3.0036509E+002, 3.9125344E+002, 4.2255165E+002, 3.5406939E+002, 2.0329171E+002
 2.5900014E+003, 1.8263866E-002,-8.6530918E-003, 2.6916958E-002,-2.3673148E-006, 1.9444196E-002, 1.9444196E-002, 1.6653286E-005, 2.3992069E+002, 2.2223077E+002, 4.1558118E+002, 5.1999383E+002, 2.7126081E+002, 2.3039658E+002, 3.0046940E+002, 2.3261926E+002, 2.9734927E+002, 3.7923881E+002, 4.1778542E+002, 2.7588688E+002, 3.0326757E+002, 2.4581886E+002, 2.3828004E+002, 3.0111872E+002, 3.9136060E+002, 4.2331051E+002, 3.5497780E+002, 2.0303935E+002
 2.6000020E+003, 1.8034817E-002,-8.4784927E-003, 2.6513309E-002,-2.0959477E-006, 1.9389876E-002, 1.9389876E-002, 1.6747966E-005, 2.1805383E+002, 2.1943482E+002, 3.6327385E+002, 5.2497091E+002, 2.7197231E+002, 2.3104435E+002, 3.0126374E+002, 2.3331157E+002, 2.9802450E+002, 3.7978223E+002, 4.1826901E+002, 2.7658059E+002, 3.0407878E+002, 2.4642007E+002, 2.3893851E+002, 3.0178534E+002, 3.9166788E+002, 4.2337134E+002, 3.5552399E+002, 2.0314624E+002
 2.6100019E+003, 1.7956539E-002,-8.5015909E-003, 2.6458130E-002,-2.0737670E-006, 1.9370545E-002, 1.9370545E-002, 1.6706450E-005, 2.2778059E+002, 2.2024105E+002, 3.3245468E+002, 5.2757217E+002, 2.7268348E+002, 2.3166551E+002, 3.0208734E+002, 2.3396897E+002, 2.9874546E+002, 3.8031870E+002, 4.1808947E+002, 2.7728537E+002, 3.0487327E+002, 2.4708612E+002, 2.3958146E+002, 3.0250543E+002, 3.9188841E+002, 4.2313230E+002, 3.5616400E+002, 2.0335809E+002
 2.6200015E+003, 1.8130940E-002,-8.3884067E-003, 2.6519347E-002,-2.1406301E-006, 1.9429389E-002, 1.9429389E-002, 1.6680891E-005, 2.1892299E+002, 2.1873965E+002, 3.9098448E+002, 5.2660064E+002, 2.7341710E+002, 2.3234439E+002, 3.0278945E+002, 2.3462036E+002, 2.9952561E+002, 3.8056298E+002, 4.1834654E+002, 2.7796123E+002, 3.0555510E+002, 2.4773978E+002, 2.4019817E+002, 3.0321189E+002, 3.9216069E+002, 4.2330774E+002, 3.5703178E+002, 2.0342699E+002
 2.6300019E+003, 1.8003925E-002,-8.6069679E-003, 2.6610893E-002,-2.1309927E-006, 1.9391966E-002, 1.9391966E-002, 1.6689727E-005, 2.1825928E+002, 2.1840168E+002, 3.8807568E+002, 5.2436430E+002, 2.7405829E+002, 2.3296613E+002, 3.0347263E+002, 2.3521536E+002, 3.0018349E+002, 3.8066133E+002, 4.1878967E+002, 2.7867600E+002, 3.0628540E+002, 2.4840906E+002, 2.4085625E+002, 3.0394278E+002, 3.9233266E+002, 4.2344899E+002, 3.5770048E+002, 2.0345836E+002
 2.6400012E+003, 1.8098643E-002,-8.5492962E-003, 2.6647939E-002,-2.1685055E-006, 1.9380469E-002, 1.9380469E-002, 1.6745240E-005, 2.1813408E+002, 2.2091575E+002, 3.7696893E+002, 5.2539125E+002, 2.7470422E+002, 2.3355022E+002, 3.0412926E+002, 2.3583472E+002, 3.0081953E+002, 3.8077623E+002, 4.1849574E+002, 2.7949685E+002, 3.0708563E+002, 2.4920748E+002, 2.4160808E+002, 3.0478431E+002, 3.9324041E+002, 4.2460822E+002, 3.5825497E+002, 2.0368524E+002
 2.6500020E+003, 1.8051526E-002,-8.4731530E-003, 2.6524679E-002,-2.2565892E-006, 1.9421955E-002, 1.9421955E-002, 1.6493201E-005, 2.2664632E+002, 2.1972347E+002, 3.8529503E+002, 5.2123729E+002, 2.7549407E+002, 2.3431127E+002, 3.0487257E+002, 2.3654859E+002, 3.0163646E+002, 3.8137442E+002, 4.1914312E+002, 2.8019062E+002, 3.0778416E+002, 2.4988795E+002, 2.4225648E+002, 3.0549211E+002, 3.9374444E+002, 4.2535314E+002, 3.5904847E+002, 2.0379366E+002
 2.6600019E+003, 1.8047822E-002,-8.2776323E-003, 2.6325455E-002,-2.0264205E-006, 1.9345727E-002, 1.9345727E-002, 1.6875475E-005, 2.1873645E+002, 2.1144695E+002, 3.4585237E+002, 5.2924756E+002, 2.7605181E+002, 2.3485834E+002, 3.0555125E+002, 2.3708499E+002, 3.0218419E+002, 3.8140410E+002, 4.1905589E+002, 2.8095765E+002, 3.0860990E+002, 2.5060729E+002, 2.4293680E+002, 3.0629805E+002, 3.9396744E+002, 4.2574918E+002, 3.5954961E+002, 2.0393450E+002
 2.6700024E+003, 1.8033295E-002,-8.4780537E-003, 2.6511349E-002,-2.0818785E-006, 1.9414905E-002, 1.9414905E-002, 1.6648686E-005, 2.2608645E+002, 2.1074625E+002, 3.5205042E+002, 5.3046861E+002, 2.7675108E+002, 2.3551783E+002, 3.0629536E+002, 2.3773231E+002, 3.0289616E+002, 3.8157633E+002, 4.1884389E+002, 2.8162217E+002, 3.0927115E+002, 2.5119217E+002, 2.4355507E+002, 3.0694067E+002, 3.9428764E+002, 4.2580785E+002, 3.6031025E+002, 2.0405933E+002
 2.6800000E+003, 1.8056037E-002,-8.6178269E-003, 2.6673864E-002,-2.0924929E-006, 1.9402572E-002, 1.9402572E-002, 1.6872208E-005, 2.2013765E+002, 2.1922871E+002, 3.6129304E+002, 5.3274536E+002, 2.7757048E+002, 2.3624443E+002, 3.0710958E+002, 2.3846546E+002, 3.0374157E+002, 3.8206491E+002, 4.1918741E+002, 2.8220869E+002, 3.0995055E+002, 2.5174502E+002, 2.4410398E+002, 3.0754561E+002, 3.9410041E+002, 4.2539929E+002, 3.6114363E+002, 2.0408963E+002
 2.6900025E+003, 1.8039475E-002,-8.5160490E-003, 2.6555524E-002,-2.1385138E-006, 1.9426501E-002, 1.9426501E-002, 1.6696976E-005, 2.1872228E+002, 2.2304745E+002, 3.5772257E+002, 5.3175377E+002, 2.7830257E+002, 2.3696622E+002, 3.0785164E+002, 2.3914194E+002, 3.0450313E+002, 3.8274536E+002, 4.1979815E+002, 2.8282971E+002, 3.1059360E+002, 2.5232947E+002, 2.4470933E+002, 3.0815817E+002, 3.9403381E+002, 4.2528773E+002, 3.6195744E+002, 2.0406756E+002
 2.7000018E+003, 1.8042098E-002,-8.6027971E-003, 2.6644895E-002,-2.1815565E-006, 1.9377506E-002, 1.9377506E-002, 1.6569495E-005, 2.3220868E+002, 2.1951808E+002, 3.8665673E+002, 5.2564002E+002, 2.7890242E+002, 2.3756693E+002, 3.0841352E+002, 2.3970095E+002, 3.0512707E+002, 3.8281821E+002, 4.1985502E+002, 2.8353057E+002, 3.1133712E+002, 2.5300813E+002, 2.4537157E+002, 3.0886774E+002, 3.9424457E+002, 4.2494222E+002, 3.6258070E+002, 2.0420957E+002
 2.7100020E+003, 1.8125995E-002,-8.4324357E-003, 2.6558431E-002,-2.2772130E-006, 1.9456400E-002, 1.9456400E-002, 1.6550399E-005, 2.2359207E+002, 2.2542138E+002, 3.9629277E+002, 5.2211068E+002, 2.7965730E+002, 2.3828325E+002, 3.0914969E+002, 2.4037957E+002, 3.0592460E+002, 3.8316461E+002, 4.2073215E+002, 2.8427975E+002, 3.1200359E+002, 2.5378212E+002, 2.4604017E+002, 3.0967446E+002, 3.9479105E+002, 4.2598013E+002, 3.6338078E+002, 2.0410991E+002
 2.7200001E+003, 1.8085872E-002,-8.3795126E-003, 2.6465384E-002,-2.0562511E-006, 1.9379041E-002, 1.9379041E-002, 1.6903589E-005, 2.1645001E+002, 2.1360913E+002, 3.6762898E+002, 5.3117056E+002, 2.8026890E+002, 2.3884780E+002, 3.0984246E+002, 2.4095606E+002, 3.0653372E+002, 3.8336304E+002, 4.2106285E+002, 2.8497988E+002, 3.1279915E+002, 2.5445193E+002, 2.4668078E+002, 3.1038791E+002, 3.9502358E+002, 4.2638535E+002, 3.6392444E+002, 2.0417481E+002
 2.7300016E+003, 1.8031785E-002,-8.3769228E-003, 2.6408707E-002,-2.1007555E-006, 1.9377600E-002, 1.9377600E-002, 1.6714496E-005, 2.1977087E+002, 2.1400980E+002, 4.2506192E+002, 5.2776471E+002, 2.8090580E+002, 2.3943557E+002, 3.1053488E+002, 2.4156110E+002, 3.0716250E+002, 3.8331645E+002, 4.2063548E+002, 2.8576633E+002, 3.1362255E+002, 2.5517003E+002, 2.4739298E+002, 3.1120321E+002, 3.9537894E+002, 4.2693127E+002, 3.6446772E+002, 2.0432650E+002
 2.7400020E+003, 1.7928815E-002,-8.4432154E-003, 2.6372030E-002,-2.1010198E-006, 1.9378158E-002, 1.9378158E-002, 1.6627770E-005, 2.2720870E+002, 2.1235411E+002, 3.5871591E+002, 5.2705308E+002, 2.8150645E+002, 2.4001971E+002, 3.1121800E+002, 2.4213884E+002, 3.0775329E+002, 3.8337549E+002, 4.2051937E+002, 2.8646609E+002, 3.1429736E+002, 2.5582639E+002, 2.4806787E+002, 3.1188419E+002, 3.9588987E+002, 4.2728033E+002, 3.6504085E+002, 2.0452278E+002
 2.7500007E+003, 1.8049436E-002,-8.4892716E-003, 2.6538708E-002,-2.2353406E-006, 1.9416866E-002, 1.9416866E-002, 1.6589179E-005, 2.3688403E+002, 2.2088733E+002, 3.9596367E+002, 5.3001671E+002, 2.8232628E+002, 2.4076948E+002, 3.1195492E+002, 2.4287786E+002, 3.0861140E+002, 3.8412939E+002, 4.2120674E+002, 2.8712489E+002, 3.1491665E+002, 2.5645400E+002, 2.4867108E+002, 3.1256141E+002, 3.9648598E+002, 4.2787878E+002, 3.6592015E+002, 2.0464700E+002
 2.7600012E+003, 1.8083207E-002,-8.7486844E-003, 2.6831891E-002,-2.2479898E-006, 1.9435456E-002, 1.9435456E-002, 1.6507341E-005, 2.3704835E+002, 2.1807762E+002, 3.9225395E+002, 5.2515133E+002, 2.8298085E+002, 2.4142112E+002, 3.1261164E+002, 2.4348152E+002, 3.0929471E+002, 3.8461084E+002, 4.2198691E+002, 2.8773066E+002, 3.1548792E+002, 2.5708614E+002, 2.4923503E+002, 3.1320462E+002, 3.9652607E+002, 4.2815941E+002, 3.6666165E+002, 2.0466194E+002
 2.7700005E+003, 1.8186075E-002,-8.3443737E-003, 2.6530449E-002,-2.1837451E-006, 1.9417803E-002, 1.9417803E-002, 1.6799494E-005, 2.3438137E+002, 2.2535922E+002, 3.8297435E+002, 5.3129410E+002, 2.8365513E+002, 2.4203771E+002, 3.1331932E+002, 2.4408751E+002, 3.0998514E+002, 3.8482840E+002, 4.2227536E+002, 2.8840518E+002, 3.1617596E+002, 2.5775486E+002, 2.4985871E+002, 3.1389155E+002, 3.9649449E+002, 4.2858260E+002, 3.6734935E+002, 2.0450845E+002
 2.7800018E+003, 1.8067506E-002,-8.3407584E-003, 2.6408265E-002,-2.0765250E-006, 1.9366384E-002, 1.9366384E-002, 1.6835457E-005, 2.2435027E+002, 2.1638062E+002, 3.3772453E+002, 5.3219955E+002, 2.8433586E+002, 2.4264496E+002, 3.1405125E+002, 2.4473503E+002, 3.1065479E+002, 3.8519921E+002, 4.2246486E+002, 2.8906149E+002, 3.1686938E+002, 2.5838868E+002, 2.5046993E+002, 3.1454937E+002, 3.9673040E+002, 4.2873808E+002, 3.6794769E+002, 2.0455102E+002
 2.7900023E+003, 1.8053872E-002,-8.4753419E-003, 2.6529214E-002,-2.1387748E-006, 1.9412962E-002, 1.9412962E-002, 1.6689745E-005, 2.2228949E+002, 2.1514440E+002, 3.6715174E+002, 5.3233451E+002, 2.8496694E+002, 2.4324687E+002, 3.1473000E+002, 2.4532055E+002, 3.1131545E+002, 3.8547406E+002, 4.2224683E+002, 2.8978155E+002, 3.1758686E+002, 2.5904088E+002, 2.5112422E+002, 3.1529506E+002, 3.9684788E+002, 4.2872215E+002, 3.6860556E+002, 2.0466159E+002
 2.8000012E+003, 1.8036304E-002,-8.4926845E-003, 2.6528988E-002,-2.1728435E-006, 1.9391361E-002, 1.9391361E-002, 1.6642523E-005, 2.2248305E+002, 2.2272191E+002, 3.9577527E+002, 5.2750122E+002, 2.8561394E+002, 2.4388353E+002, 3.1534603E+002, 2.4591606E+002, 3.1197874E+002, 3.8553491E+002, 4.2260162E+002, 2.9039266E+002, 3.1821084E+002, 2.5967366E+002, 2.5167872E+002, 3.1595621E+002, 3.9665541E+002, 4.2870897E+002, 3.6928836E+002, 2.0469284E+002
 2.8100009E+003, 1.8014625E-002,-8.6540812E-003, 2.6668706E-002,-2.0857042E-006, 1.9356677E-002, 1.9356677E-002, 1.6690043E-005, 2.1702964E+002, 2.1515555E+002, 3.7089473E+002, 5.3003382E+002, 2.8625937E+002, 2.4446884E+002, 3.1602206E+002, 2.4654351E+002, 3.1260649E+002, 3.8587491E+002, 4.2279172E+002, 2.9112980E+002, 3.1900817E+002, 2.6034505E+002, 2.5235908E+002, 3.1669273E+002, 3.9690167E+002, 4.2890501E+002, 3.6981063E+002, 2.0483781E+002
 2.8200021E+003, 1.8039519E-002,-8.4000985E-003, 2.6439617E-002,-2.0065640E-006, 1.9350451E-002, 1.9350451E-002, 1.6978899E-005, 2.1392101E+002, 2.1420066E+002, 3.0676033E+002, 5.4020067E+002, 2.8691325E+002, 2.4508938E+002, 3.1673466E+002, 2.4715882E+002, 3.1325777E+002, 3.8599163E+002, 4.2243507E+002, 2.9169586E+002, 3.1965476E+002, 2.6087360E+002, 2.5291206E+002, 3.1724298E+002, 3.9687346E+002, 4.2843735E+002, 3.7049080E+002, 2.0505396E+002
 2.8300008E+003, 1.7949234E-002,-8.4600590E-003, 2.6409293E-002,-2.0493219E-006, 1.9375207E-002, 1.9375207E-002, 1.6697579E-005, 2.1768810E+002, 2.1500028E+002, 3.5088293E+002, 5.3125667E+002, 2.8756352E+002, 2.4570401E+002, 3.1740290E+002, 2.4775581E+002, 3.1391152E+002, 3.8601186E+002, 4.2224523E+002, 2.9235718E+002, 3.2036295E+002, 2.6151157E+002, 2.5352981E+002, 3.1790452E+002, 3.9693154E+002, 4.2804792E+002, 3.7110477E+002, 2.0514950E+002
 2.8400023E+003, 1.8140486E-002,-8.4345488E-003, 2.6575035E-002,-2.0664236E-006, 1.9343121E-002, 1.9343121E-002, 1.6813284E-005, 2.2664880E+002, 2.1550882E+002, 3.3458766E+002, 5.3406921E+002, 2.8820792E+002, 2.4628067E+002, 3.1808802E+002, 2.4836053E+002, 3.1455863E+002, 3.8625758E+002, 4.2218641E+002, 2.9305415E+002, 3.2107320E+002, 2.6219433E+002, 2.5417745E+002, 3.1860618E+002, 3.9716000E+002, 4.2822145E+002, 3.7165193E+002, 2.0532617E+002
 2.8500000E+003, 1.7963665E-002,-8.5208503E-003, 2.6484515E-002,-2.0801815E-006, 1.9383862E-002, 1.9383862E-002, 1.6691237E-005, 2.3088628E+002, 2.1491282E+002, 3.6550770E+002, 5.3369320E+002, 2.8890365E+002, 2.4695885E+002, 3.1879366E+002, 2.4899309E+002, 3.1528286E+002, 3.8655764E+002, 4.2245361E+002, 2.9369456E+002, 3.2175054E+002, 2.6278127E+002, 2.5479529E+002, 3.1922390E+002, 3.9763916E+002, 4.2815114E+002, 3.7239634E+002, 2.0551075E+002
 2.8600008E+003, 1.7960869E-002,-8.5965812E-003, 2.6557450E-002,-2.2089536E-006, 1.9374197E-002, 1.9374197E-002, 1.6591973E-005, 2.2874130E+002, 2.2226123E+002, 3.8668778E+002, 5.3023762E+002, 2.8955573E+002, 2.4756793E+002, 3.1943900E+002, 2.4958851E+002, 3.1595726E+002, 3.8684186E+002, 4.2272170E+002, 2.9438426E+002, 3.2241034E+002, 2.6346430E+002, 2.5541843E+002, 3.1995682E+002, 3.9811940E+002, 4.2866020E+002, 3.7308667E+002, 2.0544976E+002
 2.8700020E+003, 1.8026738E-002,-8.4773383E-003, 2.6504076E-002,-2.1745267E-006, 1.9373937E-002, 1.9373937E-002, 1.6687237E-005, 2.2807792E+002, 2.1730693E+002, 4.1723831E+002, 5.2903843E+002, 2.9017588E+002, 2.4815020E+002, 3.2003120E+002, 2.5017179E+002, 3.1658672E+002, 3.8712435E+002, 4.2322804E+002, 2.9513422E+002, 3.2314027E+002, 2.6417052E+002, 2.5610229E+002, 3.2072927E+002, 3.9864941E+002, 4.2971854E+002, 3.7366152E+002, 2.0551654E+002
 2.8800001E+003, 1.7979181E-002,-8.4315348E-003, 2.6410716E-002,-2.1102733E-006, 1.9351583E-002, 1.9351583E-002, 1.6745151E-005, 2.1674343E+002, 2.1413442E+002, 3.7427611E+002, 5.3348303E+002, 2.9083370E+002, 2.4876723E+002, 3.2075724E+002, 2.5079678E+002, 3.1723766E+002, 3.8728943E+002, 4.2351775E+002, 2.9578172E+002, 3.2380817E+002, 2.6478780E+002, 2.5671150E+002, 3.2137986E+002, 3.9912600E+002, 4.3014680E+002, 3.7422634E+002, 2.0568993E+002
 2.8900005E+003, 1.8005488E-002,-8.5282601E-003, 2.6533749E-002,-2.1296528E-006, 1.9376053E-002, 1.9376053E-002, 1.6719405E-005, 2.2567835E+002, 2.1443381E+002, 3.5485928E+002, 5.3508905E+002, 2.9151732E+002, 2.4943532E+002, 3.2147149E+002, 2.5143025E+002, 3.1793809E+002, 3.8768301E+002, 4.2406360E+002, 2.9633095E+002, 3.2441353E+002, 2.6529654E+002, 2.5725919E+002, 3.2190468E+002, 3.9957511E+002, 4.2973180E+002, 3.7494895E+002, 2.0592489E+002
 2.9000027E+003, 1.7987003E-002,-8.7162063E-003, 2.6703210E-002,-2.3289834E-006, 1.9442466E-002, 1.9442466E-002, 1.6317908E-005, 2.2812702E+002, 2.2981830E+002, 4.3275779E+002, 5.2223831E+002, 2.9214319E+002, 2.5010207E+002, 3.2204404E+002, 2.5201199E+002, 3.1859796E+002, 3.8818058E+002, 4.2452251E+002, 2.9686608E+002, 3.2489863E+002, 2.6593764E+002, 2.5773524E+002, 3.2251901E+002, 3.9918465E+002, 4.2959642E+002, 3.7570451E+002, 2.0581465E+002
 2.9100007E+003, 1.8193040E-002,-8.4277174E-003, 2.6620758E-002,-2.1763921E-006, 1.9378302E-002, 1.9378302E-002, 1.6864944E-005, 2.3852893E+002, 2.2285850E+002, 3.7751116E+002, 5.3151720E+002, 2.9289075E+002, 2.5080378E+002, 3.2275500E+002, 2.5269673E+002, 3.1936799E+002, 3.8904008E+002, 4.2594109E+002, 2.9745068E+002, 3.2546427E+002, 2.6649798E+002, 2.5829066E+002, 3.2310308E+002, 3.9896220E+002, 4.2993855E+002, 3.7645422E+002, 2.0571008E+002
 2.9200028E+003, 1.7988759E-002,-8.5027344E-003, 2.6491494E-002,-2.1058777E-006, 1.9367639E-002, 1.9367639E-002, 1.6695572E-005, 2.2848955E+002, 2.2076611E+002, 3.4559567E+002, 5.3183218E+002, 2.9345221E+002, 2.5133610E+002, 3.2334641E+002, 2.5322265E+002, 3.1992038E+002, 3.8919440E+002, 4.2597347E+002, 2.9809266E+002, 3.2617435E+002, 2.6709756E+002, 2.5890261E+002, 3.2373404E+002, 3.9889525E+002, 4.2951907E+002, 3.7700447E+002, 2.0576521E+002
 2.9300023E+003, 1.8017521E-002,-8.4187013E-003, 2.6436222E-002,-2.0598644E-006, 1.9348992E-002, 1.9348992E-002, 1.6815206E-005, 2.2364416E+002, 2.1287482E+002, 3.4722222E+002, 5.3393295E+002, 2.9407479E+002, 2.5190598E+002, 3.2402803E+002, 2.5381600E+002, 3.2053743E+002, 3.8925909E+002, 4.2586177E+002, 2.9879463E+002, 3.2693439E+002, 2.6776169E+002, 2.5957699E+002, 3.2442665E+002, 3.9935552E+002, 4.2949596E+002, 3.7755025E+002, 2.0590102E+002
 2.9400008E+003, 1.7907379E-002,-8.6206798E-003, 2.6528059E-002,-2.1100175E-006, 1.9386339E-002, 1.9386339E-002, 1.6585679E-005, 2.2942218E+002, 2.2227554E+002, 3.7916197E+002, 5.2964510E+002, 2.9468279E+002, 2.5250072E+002, 3.2465975E+002, 2.5438277E+002, 3.2116444E+002, 3.8927346E+002, 4.2584659E+002, 2.9944809E+002, 3.2756532E+002, 2.6838863E+002, 2.6018037E+002, 3.2511102E+002, 3.9999310E+002, 4.2981761E+002, 3.7814976E+002, 2.0601384E+002
 2.9500022E+003, 1.8059388E-002,-8.5328299E-003, 2.6592218E-002,-2.1500875E-006, 1.9386321E-002, 1.9386321E-002, 1.6720041E-005, 2.3024215E+002, 2.2003506E+002, 3.6639138E+002, 5.3297676E+002, 2.9542581E+002, 2.5320835E+002, 3.2541712E+002, 2.5506989E+002, 3.2191717E+002, 3.8992176E+002, 4.2681654E+002, 3.0004149E+002, 3.2817793E+002, 2.6898960E+002, 2.6073011E+002, 3.2572022E+002, 4.0001340E+002, 4.2973798E+002, 3.7881560E+002, 2.0591797E+002
 2.9600024E+003, 1.8023130E-002,-8.4640351E-003, 2.6487165E-002,-2.2666436E-006, 1.9391662E-002, 1.9391662E-002, 1.6556186E-005, 2.3595803E+002, 2.2106376E+002, 4.0447470E+002, 5.2630458E+002, 2.9614971E+002, 2.5391543E+002, 3.2601256E+002, 2.5572963E+002, 3.2266379E+002, 3.9083954E+002, 4.2818313E+002, 3.0064850E+002, 3.2872439E+002, 2.6959502E+002, 2.6130106E+002, 3.2633681E+002, 4.0022833E+002, 4.3031391E+002, 3.7960799E+002, 2.0585771E+002
 2.9700003E+003, 1.7989624E-002,-8.6568612E-003, 2.6646485E-002,-2.1061107E-006, 1.9354526E-002, 1.9354526E-002, 1.6668831E-005, 2.3536366E+002, 2.1929074E+002, 3.8561427E+002, 5.2916564E+002, 2.9660258E+002, 2.5435349E+002, 3.2651870E+002, 2.5617509E+002, 3.2310538E+002, 3.9083010E+002, 4.2804680E+002, 3.0128783E+002, 3.2941719E+002, 2.7028508E+002, 2.6188895E+002, 3.2698749E+002, 4.0033710E+002, 4.3053967E+002, 3.7999003E+002, 2.0595147E+002
 2.9800013E+003, 1.8009537E-002,-8.4755799E-003, 2.6485117E-002,-2.0678406E-006, 1.9332122E-002, 1.9332122E-002, 1.6872382E-005, 2.3223003E+002, 2.1780800E+002, 3.3181589E+002, 5.3695873E+002, 2.9719309E+002, 2.5492312E+002, 3.2722779E+002, 2.5674232E+002, 3.2369287E+002, 3.9083882E+002, 4.2750391E+002, 3.0188212E+002, 3.3004020E+002, 2.7085533E+002, 2.6244601E+002, 3.2760992E+002, 4.0025738E+002, 4.3042732E+002, 3.8051436E+002, 2.0598223E+002
 2.9900009E+003, 1.7995917E-002,-8.6103582E-003, 2.6606275E-002,-2.1516064E-006, 1.9400183E-002, 1.9400183E-002, 1.6657661E-005, 2.3002649E+002, 2.2119378E+002, 3.8067949E+002, 5.3768086E+002, 2.9786377E+002, 2.5556441E+002, 3.2785027E+002, 2.5736065E+002, 3.2438121E+002, 3.9123861E+002, 4.2783459E+002, 3.0251528E+002, 3.3066243E+002, 2.7145757E+002, 2.6302612E+002, 3.2824962E+002, 4.0043627E+002, 4.3097900E+002, 3.8120086E+002, 2.0599322E+002
 3.0000012E+003, 1.8052420E-002,-8.5472099E-003, 2.6599630E-002,-2.0959227E-006, 1.9360744E-002, 1.9360744E-002, 1.6737214E-005, 2.3448503E+002, 2.2274346E+002, 3.4122016E+002, 5.3449245E+002, 2.9851791E+002, 2.5619456E+002, 3.2853122E+002, 2.5796537E+002, 3.2504401E+002, 3.9152817E+002, 4.2806263E+002, 3.0305306E+002, 3.3124127E+002, 2.7200587E+002, 2.6355490E+002, 3.2878003E+002, 4.0032931E+002, 4.3064517E+002, 3.8185341E+002, 2.0601473E+002
 3.0100003E+003, 1.8019392E-002,-8.5440584E-003, 2.6563450E-002,-2.0908225E-006, 1.9350678E-002, 1.9350678E-002, 1.6745559E-005, 2.2379964E+002, 2.1776497E+002, 3.3210361E+002, 5.3462857E+002, 2.9905956E+002, 2.5671238E+002, 3.2911636E+002, 2.5851054E+002, 3.2554680E+002, 3.9174082E+002, 4.2785982E+002, 3.0374331E+002, 3.3192258E+002, 2.7265916E+002, 2.6419141E+002, 3.2947289E+002, 4.0053454E+002, 4.3079623E+002, 3.8224717E+002, 2.0621095E+002
 3.0200004E+003, 1.8089030E-002,-8.4511318E-003, 2.6540161E-002,-2.1009228E-006, 1.9321892E-002, 1.9321892E-002, 1.6807142E-005, 2.2645294E+002, 2.1516519E+002, 3.5330025E+002, 5.3404348E+002, 2.9961578E+002, 2.5726887E+002, 3.2970023E+002, 2.5905255E+002, 3.2609735E+002, 3.9192285E+002, 4.2770287E+002, 3.0443643E+002, 3.3262525E+002, 2.7332985E+002, 2.6484192E+002, 3.3017378E+002, 4.0107370E+002, 4.3149947E+002, 3.8274043E+002, 2.0630757E+002
 3.0300017E+003, 1.7881887E-002,-8.5270352E-003, 2.6408922E-002,-2.0806010E-006, 1.9356086E-002, 1.9356086E-002, 1.6729868E-005, 2.2361411E+002, 2.1353827E+002, 3.1805009E+002, 5.3543658E+002, 3.0023294E+002, 2.5785372E+002, 3.3037207E+002, 2.5963161E+002, 3.2672549E+002, 3.9203261E+002, 4.2772598E+002, 3.0494772E+002, 3.3318725E+002, 2.7382018E+002, 2.6533145E+002, 3.3068066E+002, 4.0104959E+002, 4.3124111E+002, 3.8336190E+002, 2.0642932E+002
 3.0400008E+003, 1.8056266E-002,-8.5161508E-003, 2.6572416E-002,-2.2100078E-006, 1.9395292E-002, 1.9395292E-002, 1.6565958E-005, 2.4186841E+002, 2.2561010E+002, 3.9774269E+002, 5.3044693E+002, 3.0084280E+002, 2.5847845E+002, 3.3093144E+002, 2.6019755E+002, 3.2735637E+002, 3.9205131E+002, 4.2782668E+002, 3.0555125E+002, 3.3373682E+002, 2.7446013E+002, 2.6588562E+002, 3.3131753E+002, 4.0095907E+002, 4.3170752E+002, 3.8404759E+002, 2.0640978E+002
 3.0500021E+003, 1.7959643E-002,-8.7068735E-003, 2.6666517E-002,-2.1876800E-006, 1.9362522E-002, 1.9362522E-002, 1.6644767E-005, 2.3271658E+002, 2.2247377E+002, 3.7246195E+002, 5.3326573E+002, 3.0149372E+002, 2.5910831E+002, 3.3150607E+002, 2.6080873E+002, 3.2800668E+002, 3.9235397E+002, 4.2855478E+002, 3.0618418E+002, 3.3433366E+002, 2.7508182E+002, 2.6648979E+002, 3.3194627E+002, 4.0120047E+002, 4.3218018E+002, 3.8463198E+002, 2.0642133E+002
 3.0600004E+003, 1.8057694E-002,-8.5887415E-003, 2.6646435E-002,-2.1007753E-006, 1.9348572E-002, 1.9348572E-002, 1.6802452E-005, 2.3235717E+002, 2.2447374E+002, 3.4171651E+002, 5.3866449E+002, 3.0203588E+002, 2.5960181E+002, 3.3209142E+002, 2.6133088E+002, 3.2853704E+002, 3.9255428E+002, 4.2860970E+002, 3.0683863E+002, 3.3503482E+002, 2.7570298E+002, 2.6709751E+002, 3.3260502E+002, 4.0158157E+002, 4.3263832E+002, 3.8511760E+002, 2.0655163E+002
 3.0700018E+003, 1.7964854E-002,-8.6792165E-003, 2.6644070E-002,-2.2160322E-006, 1.9395797E-002, 1.9395797E-002, 1.6438775E-005, 2.3316273E+002, 2.2497360E+002, 4.0034876E+002, 5.2948268E+002, 3.0265092E+002, 2.6023612E+002, 3.3266584E+002, 2.6190297E+002, 3.2917753E+002, 3.9272224E+002, 4.2877982E+002, 3.0741418E+002, 3.3557551E+002, 2.7628401E+002, 2.6765151E+002, 3.3318624E+002, 4.0209892E+002, 4.3301697E+002, 3.8577216E+002, 2.0658699E+002
 3.0800018E+003, 1.8147811E-002,-8.5769277E-003, 2.6724739E-002,-2.2251087E-006, 1.9368681E-002, 1.9368681E-002, 1.6770325E-005, 2.2572427E+002, 2.1985290E+002, 3.6945376E+002, 5.3786623E+002, 3.0326081E+002, 2.6082432E+002, 3.3324815E+002, 2.6247593E+002, 3.2979242E+002, 3.9310482E+002, 4.2960381E+002, 3.0808904E+002, 3.3617852E+002, 2.7696118E+002, 2.6826706E+002, 3.3390158E+002, 4.0258343E+002, 4.3434912E+002, 3.8633473E+002, 2.0655331E+002
 3.0900006E+003, 1.7892587E-002,-8.5579872E-003, 2.6450574E-002,-2.0892630E-006, 1.9356034E-002, 1.9356034E-002, 1.6700360E-005, 2.2616038E+002, 2.1685206E+002, 3.4692454E+002, 5.3546775E+002, 3.0378722E+002, 2.6133628E+002, 3.3382842E+002, 2.6298816E+002, 3.3029448E+002, 3.9327336E+002, 4.2933567E+002, 3.0867991E+002, 3.3681464E+002, 2.7753848E+002, 2.6884174E+002, 3.3447237E+002, 4.0296578E+002, 4.3478555E+002, 3.8674492E+002, 2.0672825E+002
 3.1000009E+003, 1.7952649E-002,-8.5638825E-003, 2.6516532E-002,-2.1011474E-006, 1.9336628E-002, 1.9336628E-002, 1.6753731E-005, 2.2296395E+002, 2.2277455E+002, 3.3077632E+002, 5.3469422E+002, 3.0432992E+002, 2.6184440E+002, 3.3440133E+002, 2.6352427E+002, 3.3081841E+002, 3.9341123E+002, 4.2894650E+002, 3.0939585E+002, 3.3752343E+002, 2.7822860E+002, 2.6951482E+002, 3.3518503E+002, 4.0378663E+002, 4.3541406E+002, 3.8720073E+002, 2.0694439E+002
 3.1100028E+003, 1.8103402E-002,-8.5054705E-003, 2.6608873E-002,-2.1182676E-006, 1.9371397E-002, 1.9371397E-002, 1.6725051E-005, 2.2786718E+002, 2.2539194E+002, 3.4540085E+002, 5.3833701E+002, 3.0502963E+002, 2.6251752E+002, 3.3511206E+002, 2.6415592E+002, 3.3155419E+002, 3.9389115E+002, 4.2958130E+002, 3.0985543E+002, 3.3802893E+002, 2.7866307E+002, 2.6997459E+002, 3.3564452E+002, 4.0393437E+002, 4.3507283E+002, 3.8794502E+002, 2.0699357E+002
 3.1200015E+003, 1.7931409E-002,-8.4226142E-003, 2.6354024E-002,-1.9889369E-006, 1.9309771E-002, 1.9309771E-002, 1.6872944E-005, 2.2011410E+002, 2.1603588E+002, 3.3125452E+002, 5.4272318E+002, 3.0553967E+002, 2.6302394E+002, 3.3565758E+002, 2.6465006E+002, 3.3204693E+002, 3.9363907E+002, 4.2925010E+002, 3.1046087E+002, 3.3872507E+002, 2.7919649E+002, 2.7055087E+002, 3.3621415E+002, 4.0392818E+002, 4.3456497E+002, 3.8837481E+002, 2.0711828E+002
 3.1300014E+003, 1.8015184E-002,-8.7014245E-003, 2.6716608E-002,-2.1673557E-006, 1.9376404E-002, 1.9376404E-002, 1.6596904E-005, 2.3669654E+002, 2.1594806E+002, 3.7649593E+002, 5.3799478E+002, 3.0618881E+002, 2.6363329E+002, 3.3628779E+002, 2.6525337E+002, 3.3270579E+002, 3.9373487E+002, 4.2950110E+002, 3.1103687E+002, 3.3923815E+002, 2.7976583E+002, 2.7108686E+002, 3.3680314E+002, 4.0409932E+002, 4.3473586E+002, 3.8902810E+002, 2.0714598E+002
 3.1400009E+003, 1.8051384E-002,-8.4984938E-003, 2.6549878E-002,-2.1563111E-006, 1.9368358E-002, 1.9368358E-002, 1.6711012E-005, 2.3229340E+002, 2.1658609E+002, 3.5600689E+002, 5.3920478E+002, 3.0675151E+002, 2.6418945E+002, 3.3687446E+002, 2.6579540E+002, 3.3326417E+002, 3.9424330E+002, 4.2996871E+002, 3.1161851E+002, 3.3980493E+002, 2.8037701E+002, 2.7163950E+002, 3.3738861E+002, 4.0424200E+002, 4.3506568E+002, 3.8957410E+002, 2.0715726E+002
 3.1500003E+003, 1.7976109E-002,-8.5055738E-003, 2.6481683E-002,-2.1700536E-006, 1.9386865E-002, 1.9386865E-002, 1.6562988E-005, 2.3876952E+002, 2.2430734E+002, 3.8443963E+002, 5.3387093E+002, 3.0729365E+002, 2.6473102E+002, 3.3734348E+002, 2.6630134E+002, 3.3382291E+002, 3.9431735E+002, 4.3005191E+002, 3.1220918E+002, 3.4034340E+002, 2.8097501E+002, 2.7218768E+002, 3.3800404E+002, 4.0449912E+002, 4.3557680E+002, 3.9015717E+002, 2.0712016E+002
 3.1600009E+003, 1.8060708E-002,-8.6412083E-003, 2.6701916E-002,-2.1526743E-006, 1.9351933E-002, 1.9351933E-002, 1.6753965E-005, 2.2716937E+002, 2.2148790E+002, 3.7188365E+002, 5.3631074E+002, 3.0783326E+002, 2.6527086E+002, 3.3791786E+002, 2.6682507E+002, 3.3436772E+002, 3.9440466E+002, 4.3042675E+002, 3.1282401E+002, 3.4093008E+002, 2.8160295E+002, 2.7275167E+002, 3.3865047E+002, 4.0498374E+002, 4.3643424E+002, 3.9063815E+002, 2.0708658E+002
 3.1700007E+003, 1.7944982E-002,-8.8325747E-003, 2.6777557E-002,-2.1787072E-006, 1.9341744E-002, 1.9341744E-002, 1.6614550E-005, 2.2802738E+002, 2.2049711E+002, 3.5262541E+002, 5.3120411E+002, 3.0831349E+002, 2.6576088E+002, 3.3843370E+002, 2.6729316E+002, 3.3484028E+002, 3.9435136E+002, 4.3039434E+002, 3.1352601E+002, 3.4155913E+002, 2.8228381E+002, 2.7339944E+002, 3.3938269E+002, 4.0560147E+002, 4.3721842E+002, 3.9108686E+002, 2.0710076E+002
 3.1800009E+003, 1.8007220E-002,-8.7112541E-003, 2.6718474E-002,-2.1048667E-006, 1.9366107E-002, 1.9366107E-002, 1.6732131E-005, 2.3272464E+002, 2.1720179E+002, 3.2609723E+002, 5.3931328E+002, 3.0887576E+002, 2.6632629E+002, 3.3901863E+002, 2.6782713E+002, 3.3539721E+002, 3.9426057E+002, 4.3010821E+002, 3.1397142E+002, 3.4204700E+002, 2.8272151E+002, 2.7384811E+002, 3.3980605E+002, 4.0545803E+002, 4.3683112E+002, 3.9165286E+002, 2.0720894E+002
 3.1900011E+003, 1.7958962E-002,-8.6112689E-003, 2.6570231E-002,-2.0729159E-006, 1.9345351E-002, 1.9345351E-002, 1.6781540E-005, 2.3575319E+002, 2.1974187E+002, 3.3368962E+002, 5.3880987E+002, 3.0942113E+002, 2.6688362E+002, 3.3959461E+002, 2.6833696E+002, 3.3594495E+002, 3.9401797E+002, 4.2985986E+002, 3.1455284E+002, 3.4265361E+002, 2.8330723E+002, 2.7440152E+002, 3.4036764E+002, 4.0561422E+002, 4.3705311E+002, 3.9218244E+002, 2.0727800E+002
 3.2000027E+003, 1.8033579E-002,-8.6152155E-003, 2.6648794E-002,-2.2264941E-006, 1.9364807E-002, 1.9364807E-002, 1.6611711E-005, 2.3215395E+002, 2.1970807E+002, 3.8439809E+002, 5.3830175E+002, 3.1014302E+002, 2.6757447E+002, 3.4026166E+002, 2.6899132E+002, 3.3668823E+002, 3.9443787E+002, 4.3063895E+002, 3.1509396E+002, 3.4318903E+002, 2.8381540E+002, 2.7493381E+002, 3.4090400E+002, 4.0607773E+002, 4.3717837E+002, 3.9292159E+002, 2.0729478E+002
 3.2100008E+003, 1.7995484E-002,-8.6422973E-003, 2.6637782E-002,-2.1602354E-006, 1.9345194E-002, 1.9345194E-002, 1.6583316E-005, 2.2808635E+002, 2.3247320E+002, 3.6262730E+002, 5.3770017E+002, 3.1083597E+002, 2.6820057E+002, 3.4094643E+002, 2.6962552E+002, 3.3739416E+002, 3.9484601E+002, 4.3178270E+002, 3.1557589E+002, 3.4369247E+002, 2.8429091E+002, 2.7540210E+002, 3.4139091E+002, 4.0583112E+002, 4.3681663E+002, 3.9355542E+002, 2.0723927E+002
 3.2200021E+003, 1.7974851E-002,-8.5693270E-003, 2.6544178E-002,-2.1063216E-006, 1.9331479E-002, 1.9331479E-002, 1.6817027E-005, 2.3026774E+002, 2.2384406E+002, 3.5299415E+002, 5.3920670E+002, 3.1133924E+002, 2.6870091E+002, 3.4147812E+002, 2.7013309E+002, 3.3788198E+002, 3.9518469E+002, 4.3217716E+002, 3.1623649E+002, 3.4433433E+002, 2.8495823E+002, 2.7603103E+002, 3.4204761E+002, 4.0635740E+002, 4.3717877E+002, 3.9391185E+002, 2.0724910E+002
 3.2300013E+003, 1.8019965E-002,-8.7779762E-003, 2.6797941E-002,-2.3210517E-006, 1.9371801E-002, 1.9371801E-002, 1.6461958E-005, 2.3851533E+002, 2.2612388E+002, 3.8149893E+002, 5.3097444E+002, 3.1190983E+002, 2.6929688E+002, 3.4200394E+002, 2.7066601E+002, 3.3847862E+002, 3.9570898E+002, 4.3271280E+002, 3.1680444E+002, 3.4484205E+002, 2.8556893E+002, 2.7657322E+002, 3.4262826E+002, 4.0671298E+002, 4.3815591E+002, 3.9455457E+002, 2.0722842E+002
 3.2400019E+003, 1.7929566E-002,-8.6866944E-003, 2.6616260E-002,-2.1251744E-006, 1.9354818E-002, 1.9354818E-002, 1.6670859E-005, 2.3141732E+002, 2.2860482E+002, 3.4197358E+002, 5.3780627E+002, 3.1240244E+002, 2.6977258E+002, 3.4257574E+002, 2.7115426E+002, 3.3894858E+002, 3.9591194E+002, 4.3278897E+002, 3.1740536E+002, 3.4548403E+002, 2.8617658E+002, 2.7715128E+002, 3.4321293E+002, 4.0701990E+002, 4.3867060E+002, 3.9490888E+002, 2.0738374E+002
 3.2500028E+003, 1.8081329E-002,-8.6822194E-003, 2.6763548E-002,-2.2115316E-006, 1.9370072E-002, 1.9370072E-002, 1.6603482E-005, 2.4219375E+002, 2.2531113E+002, 3.7318101E+002, 5.3502026E+002, 3.1304448E+002, 2.7039471E+002, 3.4317204E+002, 2.7175655E+002, 3.3959615E+002, 3.9641459E+002, 4.3344910E+002, 3.1791313E+002, 3.4595651E+002, 2.8670421E+002, 2.7763898E+002, 3.4372461E+002, 4.0716435E+002, 4.3866425E+002, 3.9554208E+002, 2.0739911E+002
 3.2600005E+003, 1.7968674E-002,-8.6990530E-003, 2.6667727E-002,-2.1288426E-006, 1.9336302E-002, 1.9336302E-002, 1.6795638E-005, 2.3040617E+002, 2.2202169E+002, 3.2716208E+002, 5.4202822E+002, 3.1357808E+002, 2.7091014E+002, 3.4374483E+002, 2.7229451E+002, 3.4009692E+002, 3.9689184E+002, 4.3362640E+002, 3.1856043E+002, 3.4658725E+002, 2.8729609E+002, 2.7825732E+002, 3.4436790E+002, 4.0761662E+002, 4.3910194E+002, 3.9595754E+002, 2.0746616E+002
 3.2700005E+003, 1.7975135E-002,-8.5551715E-003, 2.6530307E-002,-2.1407495E-006, 1.9362972E-002, 1.9362972E-002, 1.6589011E-005, 2.3316239E+002, 2.2160295E+002, 3.5282233E+002, 5.4059114E+002, 3.1411113E+002, 2.7149217E+002, 3.4423583E+002, 2.7280015E+002, 3.4063927E+002, 3.9708731E+002, 4.3343639E+002, 3.1904232E+002, 3.4707372E+002, 2.8777707E+002, 2.7873376E+002, 3.4483738E+002, 4.0800712E+002, 4.3936518E+002, 3.9654033E+002, 2.0751430E+002
 3.2800014E+003, 1.8072815E-002,-8.5175714E-003, 2.6590386E-002,-2.1645852E-006, 1.9341303E-002, 1.9341303E-002, 1.6757912E-005, 2.3177905E+002, 2.2722693E+002, 3.6142258E+002, 5.4104066E+002, 3.1466066E+002, 2.7205152E+002, 3.4476311E+002, 2.7332801E+002, 3.4119639E+002, 3.9735554E+002, 4.3352050E+002, 3.1959500E+002, 3.4763207E+002, 2.8835638E+002, 2.7926991E+002, 3.4539235E+002, 4.0825251E+002, 4.3949499E+002, 3.9706091E+002, 2.0756416E+002
 3.2900020E+003, 1.7785332E-002,-8.5549569E-003, 2.6340289E-002,-2.1148074E-006, 1.9324385E-002, 1.9324385E-002, 1.6574102E-005, 2.3357449E+002, 2.2127336E+002, 3.3804778E+002, 5.3717225E+002, 3.1513976E+002, 2.7252145E+002, 3.4528882E+002, 2.7379350E+002, 3.4167684E+002, 3.9732940E+002, 4.3310964E+002, 3.2023590E+002, 3.4832647E+002, 2.8899704E+002, 2.7986470E+002, 3.4604325E+002, 4.0863221E+002, 4.4002043E+002, 3.9748443E+002, 2.0778101E+002
 3.3000008E+003, 1.8172377E-002,-8.6526351E-003, 2.6825012E-002,-2.2209462E-006, 1.9346980E-002, 1.9346980E-002, 1.6763856E-005, 2.3218373E+002, 2.2733883E+002, 3.7810624E+002, 5.3993251E+002, 3.1571025E+002, 2.7308384E+002, 3.4580567E+002, 2.7433046E+002, 3.4225449E+002, 3.9754228E+002, 4.3348788E+002, 3.2082064E+002, 3.4887895E+002, 2.8956416E+002, 2.8040206E+002, 3.4664010E+002, 4.0903881E+002, 4.4057020E+002, 3.9807923E+002, 2.0787376E+002
 3.3100026E+003, 1.7913410E-002,-8.6743501E-003, 2.6587760E-002,-2.2044469E-006, 1.9340838E-002, 1.9340838E-002, 1.6628891E-005, 2.4181442E+002, 2.1706304E+002, 3.4861863E+002, 5.3745363E+002, 3.1626173E+002, 2.7364289E+002, 3.4634133E+002, 2.7486590E+002, 3.4280363E+002, 3.9788701E+002, 4.3417183E+002, 3.2136933E+002, 3.4938612E+002, 2.9012118E+002, 2.8093997E+002, 3.4718954E+002, 4.0946446E+002, 4.4110509E+002, 3.9859410E+002, 2.0791081E+002
 3.3200016E+003, 1.7952292E-002,-8.7013109E-003, 2.6653603E-002,-2.2660672E-006, 1.9336244E-002, 1.9336244E-002, 1.6508172E-005, 2.3126401E+002, 2.2439274E+002, 3.6395655E+002, 5.3328287E+002, 3.1677941E+002, 2.7412504E+002, 3.4686874E+002, 2.7538475E+002, 3.4329279E+002, 3.9834420E+002, 4.3436563E+002, 3.2203120E+002, 3.5004546E+002, 2.9078866E+002, 2.8158259E+002, 3.4782393E+002, 4.1002778E+002, 4.4176222E+002, 3.9896983E+002, 2.0804029E+002
 3.3300028E+003, 1.7975824E-002,-8.5380493E-003, 2.6513873E-002,-2.1383769E-006, 1.9336017E-002, 1.9336017E-002, 1.6723115E-005, 2.2416674E+002, 2.2564251E+002, 3.5323768E+002, 5.3746165E+002, 3.1728597E+002, 2.7466151E+002, 3.4740676E+002, 2.7588821E+002, 3.4378852E+002, 3.9855760E+002, 4.3465431E+002, 3.2259082E+002, 3.5058164E+002, 2.9136997E+002, 2.8210973E+002, 3.4839991E+002, 4.1050638E+002, 4.4265148E+002, 3.9942458E+002, 2.0806205E+002
 3.3400025E+003, 1.8031212E-002,-8.7697632E-003, 2.6800975E-002,-2.2451572E-006, 1.9353614E-002, 1.9353614E-002, 1.6620555E-005, 2.2804487E+002, 2.2565076E+002, 3.9686879E+002, 5.3705124E+002, 3.1786984E+002, 2.7522254E+002, 3.4796334E+002, 2.7643463E+002, 3.4438263E+002, 3.9893377E+002, 4.3512723E+002, 3.2314825E+002, 3.5107482E+002, 2.9188860E+002, 2.8263946E+002, 3.4896440E+002, 4.1091941E+002, 4.4290193E+002, 3.9999574E+002, 2.0817197E+002
 3.3500019E+003, 1.7881025E-002,-8.6204735E-003, 2.6501498E-002,-2.1312267E-006, 1.9322045E-002, 1.9322045E-002, 1.6665861E-005, 2.2462591E+002, 2.2140732E+002, 3.7520750E+002, 5.4015609E+002, 3.1834753E+002, 2.7571875E+002, 3.4844778E+002, 2.7691643E+002, 3.4482482E+002, 3.9916521E+002, 4.3516640E+002, 3.2373762E+002, 3.5168420E+002, 2.9242997E+002, 2.8319338E+002, 3.4954518E+002, 4.1123411E+002, 4.4312715E+002, 4.0038667E+002, 2.0835923E+002
 3.3600026E+003, 1.8029612E-002,-8.7602824E-003, 2.6789895E-002,-2.1117623E-006, 1.9315720E-002, 1.9315720E-002, 1.6825932E-005, 2.2817135E+002, 2.2059244E+002, 3.5419744E+002, 5.4156042E+002, 3.1885827E+002, 2.7624601E+002, 3.4895101E+002, 2.7740229E+002, 3.4535033E+002, 3.9922567E+002, 4.3521648E+002, 3.2416723E+002, 3.5212311E+002, 2.9291184E+002, 2.8363360E+002, 3.4996675E+002, 4.1122429E+002, 4.4278474E+002, 4.0094865E+002, 2.0848022E+002
 3.3700010E+003, 1.8060907E-002,-8.6124917E-003, 2.6673398E-002,-2.1564665E-006, 1.9324016E-002, 1.9324016E-002, 1.6638063E-005, 2.3051000E+002, 2.2476863E+002, 3.6520269E+002, 5.3920035E+002, 3.1937964E+002, 2.7674203E+002, 3.4948112E+002, 2.7789910E+002, 3.4586238E+002, 3.9925271E+002, 4.3505829E+002, 3.2470804E+002, 3.5268150E+002, 2.9349061E+002, 2.8415096E+002, 3.5050623E+002, 4.1111989E+002, 4.4241615E+002, 4.0136254E+002, 2.0859051E+002
 3.3800011E+003, 1.7900811E-002,-8.6254500E-003, 2.6526261E-002,-2.2075507E-006, 1.9338173E-002, 1.9338173E-002, 1.6588945E-005, 2.3260071E+002, 2.2511447E+002, 3.6903082E+002, 5.3974824E+002, 3.2004163E+002, 2.7738221E+002, 3.5004081E+002, 2.7851749E+002, 3.4653560E+002, 3.9985377E+002, 4.3566146E+002, 3.2521926E+002, 3.5319508E+002, 2.9395659E+002, 2.8465351E+002, 3.5100661E+002, 4.1126660E+002, 4.4252720E+002, 4.0196538E+002, 2.0870143E+002
 3.3900004E+003, 1.7951537E-002,-8.6303027E-003, 2.6581840E-002,-2.0948427E-006, 1.9306035E-002, 1.9306035E-002, 1.6845629E-005, 2.3904354E+002, 2.2459603E+002, 3.3865591E+002, 5.4462690E+002, 3.2057109E+002, 2.7789678E+002, 3.5061681E+002, 2.7902636E+002, 3.4705435E+002, 4.0025716E+002, 4.3595198E+002, 3.2574470E+002, 3.5374316E+002, 2.9447231E+002, 2.8516085E+002, 3.5152197E+002, 4.1145268E+002, 4.4234928E+002, 4.0243355E+002, 2.0878772E+002
 3.4000015E+003, 1.7884698E-002,-8.7555982E-003, 2.6640296E-002,-2.2200851E-006, 1.9342514E-002, 1.9342514E-002, 1.6494017E-005, 2.3580859E+002, 2.2500259E+002, 3.6802776E+002, 5.3668681E+002, 3.2116225E+002, 2.7852313E+002, 3.5114777E+002, 2.7958831E+002, 3.4765602E+002, 4.0081346E+002, 4.3670566E+002, 3.2622545E+002, 3.5422749E+002, 2.9496633E+002, 2.8564239E+002, 3.5198427E+002, 4.1157936E+002, 4.4187926E+002, 4.0305198E+002, 2.0888638E+002
 3.4100006E+003, 1.8057908E-002,-8.8298895E-003, 2.6887798E-002,-2.2479074E-006, 1.9337205E-002, 1.9337205E-002, 1.6666357E-005, 2.3419684E+002, 2.2591093E+002, 4.0822792E+002, 5.3871872E+002, 3.2174393E+002, 2.7909058E+002, 3.5174465E+002, 2.8012435E+002, 3.4823956E+002, 4.0133118E+002, 4.3766647E+002, 3.2678614E+002, 3.5476801E+002, 2.9553929E+002, 2.8617322E+002, 3.5255423E+002, 4.1190502E+002, 4.4229401E+002, 4.0358342E+002, 2.0886717E+002
 3.4200006E+003, 1.7935350E-002,-8.5526440E-003, 2.6487994E-002,-2.1126932E-006, 1.9363785E-002, 1.9363785E-002, 1.6590690E-005, 2.4048029E+002, 2.3142134E+002, 3.5721657E+002, 5.4109785E+002, 3.2229665E+002, 2.7963569E+002, 3.5229034E+002, 2.8064646E+002, 3.4879063E+002, 4.0160116E+002, 4.3784798E+002, 3.2724162E+002, 3.5525455E+002, 2.9600111E+002, 2.8662090E+002, 3.5299810E+002, 4.1179150E+002, 4.4218684E+002, 4.0409779E+002, 2.0886563E+002
 3.4300003E+003, 1.7943748E-002,-8.7848004E-003, 2.6728548E-002,-2.2635159E-006, 1.9359479E-002, 1.9359479E-002, 1.6526022E-005, 2.2494626E+002, 2.3020094E+002, 3.8222981E+002, 5.4186390E+002, 3.2294386E+002, 2.8025979E+002, 3.5286137E+002, 2.8124494E+002, 3.4945733E+002, 4.0217909E+002, 4.3884563E+002, 3.2774310E+002, 3.5571077E+002, 2.9651011E+002, 2.8711175E+002, 3.5350268E+002, 4.1187938E+002, 4.4234868E+002, 4.0474920E+002, 2.0877055E+002
 3.4400021E+003, 1.8115345E-002,-8.5289391E-003, 2.6644284E-002,-2.0577117E-006, 1.9318031E-002, 1.9318031E-002, 1.6967209E-005, 2.3113897E+002, 2.2187138E+002, 3.4262391E+002, 5.4865777E+002, 3.2339548E+002, 2.8075126E+002, 3.5330251E+002, 2.8169893E+002, 3.4989937E+002, 4.0236999E+002, 4.3918753E+002, 3.2827631E+002, 3.5623617E+002, 2.9703458E+002, 2.8760938E+002, 3.5401339E+002, 4.1200108E+002, 4.4251526E+002, 4.0515795E+002, 2.0876132E+002
 3.4500023E+003, 1.7854564E-002,-8.6544117E-003, 2.6508975E-002,-2.0414133E-006, 1.9285979E-002, 1.9285979E-002, 1.6743546E-005, 2.2293996E+002, 2.1563661E+002, 3.2276288E+002, 5.4179044E+002, 3.2379875E+002, 2.8112682E+002, 3.5383398E+002, 2.8213259E+002, 3.5023761E+002, 4.0214032E+002, 4.3845207E+002, 3.2891825E+002, 3.5693406E+002, 2.9765267E+002, 2.8822862E+002, 3.5464039E+002, 4.1220204E+002, 4.4267018E+002, 4.0532443E+002, 2.0902210E+002
 3.4600016E+003, 1.7931087E-002,-8.7502793E-003, 2.6681366E-002,-2.2929282E-006, 1.9386753E-002, 1.9386753E-002, 1.6404068E-005, 2.2919095E+002, 2.3021430E+002, 3.8847183E+002, 5.3749877E+002, 3.2430639E+002, 2.8166791E+002, 3.5428062E+002, 2.8261663E+002, 3.5076848E+002, 4.0197786E+002, 4.3820841E+002, 3.2950512E+002, 3.5731897E+002, 2.9824875E+002, 2.8878043E+002, 3.5526450E+002, 4.1295305E+002, 4.4388154E+002, 4.0594407E+002, 2.0913421E+002
 3.4700010E+003, 1.8063936E-002,-8.7901857E-003, 2.6854122E-002,-2.2106956E-006, 1.9339442E-002, 1.9339442E-002, 1.6697000E-005, 2.2828415E+002, 2.3359053E+002, 3.7151708E+002, 5.4103366E+002, 3.2471649E+002, 2.8215369E+002, 3.5468396E+002, 2.8303329E+002, 3.5116407E+002, 4.0196421E+002, 4.3846453E+002, 3.3000675E+002, 3.5780362E+002, 2.9881380E+002, 2.8926794E+002, 3.5578557E+002, 4.1317895E+002, 4.4444989E+002, 4.0633353E+002, 2.0910580E+002
 3.4800015E+003, 1.7947309E-002,-8.7296260E-003, 2.6676935E-002,-2.2023183E-006, 1.9341278E-002, 1.9341278E-002, 1.6584730E-005, 2.3115326E+002, 2.2957417E+002, 3.9017021E+002, 5.4548000E+002, 3.2527624E+002, 2.8271787E+002, 3.5524014E+002, 2.8356481E+002, 3.5173345E+002, 4.0198043E+002, 4.3873753E+002, 3.3046403E+002, 3.5828524E+002, 2.9928029E+002, 2.8971626E+002, 3.5622788E+002, 4.1332684E+002, 4.4474327E+002, 4.0685764E+002, 2.0911294E+002
 3.4900016E+003, 1.8000705E-002,-8.6966570E-003, 2.6697362E-002,-2.2198999E-006, 1.9315942E-002, 1.9315942E-002, 1.6687570E-005, 2.3224357E+002, 2.2917491E+002, 3.6050000E+002, 5.4175613E+002, 3.2583696E+002, 2.8322666E+002, 3.5572404E+002, 2.8408676E+002, 3.5229539E+002, 4.0247491E+002, 4.3932464E+002, 3.3096689E+002, 3.5877634E+002, 2.9979507E+002, 2.9019809E+002, 3.5672274E+002, 4.1338119E+002, 4.4467912E+002, 4.0730168E+002, 2.0906325E+002
 3.5000021E+003, 1.7883550E-002,-8.8233447E-003, 2.6706895E-002,-2.2639353E-006, 1.9350583E-002, 1.9350583E-002, 1.6468284E-005, 2.3432816E+002, 2.2902190E+002, 3.6752213E+002, 5.3440277E+002, 3.2621545E+002, 2.8364873E+002, 3.5611888E+002, 2.8447843E+002, 3.5266535E+002, 4.0236447E+002, 4.3900510E+002, 3.3155671E+002, 3.5930262E+002, 3.0041097E+002, 2.9075279E+002, 3.5732890E+002, 4.1383853E+002, 4.4552544E+002, 4.0769463E+002, 2.0901214E+002
 3.5100009E+003, 1.8112437E-002,-8.8192373E-003, 2.6931674E-002,-2.1910382E-006, 1.9346012E-002, 1.9346012E-002, 1.6780280E-005, 2.4028651E+002, 2.2806513E+002, 3.6912310E+002, 5.4263651E+002, 3.2669601E+002, 2.8421800E+002, 3.5662545E+002, 2.8494383E+002, 3.5315159E+002, 4.0220891E+002, 4.3890336E+002, 3.3203193E+002, 3.5972845E+002, 3.0091754E+002, 2.9120976E+002, 3.5783274E+002, 4.1373405E+002, 4.4603863E+002, 4.0820178E+002, 2.0894822E+002
 3.5200028E+003, 1.7942028E-002,-8.7348692E-003, 2.6676897E-002,-2.1438875E-006, 1.9330317E-002, 1.9330317E-002, 1.6669309E-005, 2.3100055E+002, 2.1609382E+002, 3.4796281E+002, 5.4387528E+002, 3.2733200E+002, 2.8480003E+002, 3.5720598E+002, 2.8555305E+002, 3.5376957E+002, 4.0292826E+002, 4.3898095E+002, 3.3246412E+002, 3.6021467E+002, 3.0130542E+002, 2.9167741E+002, 3.5818728E+002, 4.1384029E+002, 4.4550108E+002, 4.0877011E+002, 2.0905477E+002
 3.5300026E+003, 1.7918868E-002,-8.7041808E-003, 2.6623048E-002,-2.0944398E-006, 1.9287315E-002, 1.9287315E-002, 1.6691094E-005, 2.2713847E+002, 2.1619501E+002, 3.6541234E+002, 5.4653230E+002, 3.2782589E+002, 2.8524916E+002, 3.5771639E+002, 2.8604342E+002, 3.5423600E+002, 4.0316079E+002, 4.3900212E+002, 3.3305216E+002, 3.6087551E+002, 3.0190396E+002, 2.9223767E+002, 3.5875720E+002, 4.1444380E+002, 4.4587478E+002, 4.0908668E+002, 2.0918649E+002
 3.5400004E+003, 1.7952291E-002,-8.6125776E-003, 2.6564869E-002,-2.1232706E-006, 1.9325519E-002, 1.9325519E-002, 1.6723864E-005, 2.2669398E+002, 2.2620800E+002, 3.3694089E+002, 5.4542569E+002, 3.2831989E+002, 2.8574544E+002, 3.5825009E+002, 2.8652335E+002, 3.5472364E+002, 4.0333617E+002, 4.3905033E+002, 3.3356581E+002, 3.6136386E+002, 3.0240843E+002, 2.9272087E+002, 3.5928413E+002, 4.1476106E+002, 4.4598937E+002, 4.0951780E+002, 2.0931708E+002
 3.5500012E+003, 1.7897339E-002,-8.6565369E-003, 2.6553876E-002,-2.1138169E-006, 1.9319592E-002, 1.9319592E-002, 1.6635737E-005, 2.3574757E+002, 2.2237292E+002, 3.5187546E+002, 5.4377187E+002, 3.2886010E+002, 2.8627873E+002, 3.5881869E+002, 2.8704197E+002, 3.5524310E+002, 4.0360242E+002, 4.3916858E+002, 3.3412169E+002, 3.6190623E+002, 3.0294867E+002, 2.9327097E+002, 3.5980657E+002, 4.1525759E+002, 4.4623421E+002, 4.0990565E+002, 2.0943288E+002
 3.5600025E+003, 1.7974944E-002,-8.8671583E-003, 2.6842102E-002,-2.2322966E-006, 1.9329336E-002, 1.9329336E-002, 1.6641627E-005, 2.3539841E+002, 2.2673648E+002, 3.6400993E+002, 5.3930565E+002, 3.2932988E+002, 2.8679688E+002, 3.5926876E+002, 2.8751943E+002, 3.5569144E+002, 4.0387161E+002, 4.3948562E+002, 3.3468982E+002, 3.6238180E+002, 3.0352741E+002, 2.9380188E+002, 3.6038244E+002, 4.1567625E+002, 4.4695351E+002, 4.1030974E+002, 2.0940284E+002
 3.5700025E+003, 1.8077070E-002,-8.6021656E-003, 2.6679236E-002,-2.2150989E-006, 1.9367860E-002, 1.9367860E-002, 1.6672385E-005, 2.3016274E+002, 2.1665435E+002, 3.6748382E+002, 5.4656452E+002, 3.2989445E+002, 2.8738462E+002, 3.5973209E+002, 2.8804658E+002, 3.5628808E+002, 4.0434160E+002, 4.4018227E+002, 3.3513001E+002, 3.6276801E+002, 3.0395076E+002, 2.9425063E+002, 3.6080208E+002, 4.1597868E+002, 4.4730679E+002, 4.1096592E+002, 2.0944507E+002
 3.5800005E+003, 1.7992662E-002,-8.6450194E-003, 2.6637682E-002,-2.0619077E-006, 1.9309223E-002, 1.9309223E-002, 1.6785053E-005, 2.1938161E+002, 2.1925164E+002, 3.4887441E+002, 5.4748479E+002, 3.3035529E+002, 2.8782219E+002, 3.6021277E+002, 2.8850513E+002, 3.5671359E+002, 4.0459635E+002, 4.4015440E+002, 3.3555384E+002, 3.6325727E+002, 3.0434779E+002, 2.9467728E+002, 3.6120536E+002, 4.1589301E+002, 4.4664727E+002, 4.1137862E+002, 2.0945453E+002
 3.5900023E+003, 1.7865836E-002,-8.8120818E-003, 2.6677918E-002,-2.0997730E-006, 1.9289119E-002, 1.9289119E-002, 1.6759297E-005, 2.2722481E+002, 2.2247761E+002, 3.4182879E+002, 5.4516844E+002, 3.3079118E+002, 2.8823428E+002, 3.6071322E+002, 2.8893164E+002, 3.5713937E+002, 4.0436718E+002, 4.3965111E+002, 3.3613343E+002, 3.6388808E+002, 3.0490975E+002, 2.9521532E+002, 3.6178123E+002, 4.1601924E+002, 4.4673998E+002, 4.1173643E+002, 2.0965583E+002
 3.6000000E+003, 1.7941636E-002,-8.6836064E-003, 2.6625242E-002,-2.1427277E-006, 1.9319112E-002, 1.9319112E-002, 1.6618087E-005, 2.2647780E+002, 2.2624349E+002, 3.6391005E+002, 5.4571549E+002, 3.3132009E+002, 2.8875626E+002, 3.6124367E+002, 2.8945091E+002, 3.5766370E+002, 4.0452371E+002, 4.3983429E+002, 3.3659560E+002, 3.6436050E+002, 3.0540439E+002, 2.9564966E+002, 3.6226952E+002, 4.1589210E+002, 4.4698578E+002, 4.1222346E+002, 2.0970244E+002
